neo_id,name,discovery_date,potentially_hazardous
433,433 Eros (A898 PA),1893-10-29,0
719,719 Albert (A911 TB),1911-10-04,0
887,887 Alinda (A918 AA),1918-02-09,0
1036,1036 Ganymed (A924 UB),1924-10-23,0
1221,1221 Amor (1932 EA1),1932-03-12,0
1566,1566 Icarus (1949 MA),1949-07-01,1
1580,1580 Betulia (1950 KA),1952-10-27,0
1620,1620 Geographos (1951 RA),1951-09-14,1
1627,1627 Ivar (1929 SH),1929-09-25,0
1685,1685 Toro (1948 OA),1948-07-17,0
1862,1862 Apollo (1932 HA),1930-12-13,1
1863,1863 Antinous (1948 EA),1948-03-05,0
1864,1864 Daedalus (1971 FA),1971-03-24,0
1865,1865 Cerberus (1971 UA),1971-11-10,0
1866,1866 Sisyphus (1972 XA),1955-01-26,0
1915,1915 Quetzalcoatl (1953 EA),1953-03-09,0
1916,1916 Boreas (1953 RA),1953-09-01,0
1917,1917 Cuyo (1968 AA),1954-05-06,0
1943,1943 Anteros (1973 EC),1973-03-10,0
1980,1980 Tezcatlipoca (1950 LA),1950-06-19,0
1981,1981 Midas (1973 EA),1973-03-06,1
2059,2059 Baboquivari (1963 UA),1963-11-09,0
2061,2061 Anza (1960 UA),1960-10-22,0
2062,2062 Aten (1976 AA),1955-12-17,0
2063,2063 Bacchus (1977 HB),1977-04-24,0
2100,2100 Ra-Shalom (1978 RA),1975-10-03,0
2101,2101 Adonis (1936 CA),1936-02-21,1
2102,2102 Tantalus (1975 YA),1976-01-02,1
2135,2135 Aristaeus (1977 HA),1977-04-17,1
2201,2201 Oljato (1947 XC),1931-12-03,1
2202,2202 Pele (1972 RA),1972-09-07,0
2212,2212 Hephaistos (1978 SB),1978-09-27,0
2329,2329 Orthos (1976 WA),1976-05-31,0
2340,2340 Hathor (1976 UA),1976-10-25,1
2368,2368 Beltrovata (1977 RA),1977-09-04,0
2608,2608 Seneca (1978 DA),1978-02-17,0
3102,3102 Krok (1981 QA),1981-08-21,0
3103,3103 Eger (1982 BB),1982-01-21,0
3122,3122 Florence (1981 ET3),1979-03-09,1
3199,3199 Nefertiti (1982 RA),1982-09-13,0
3200,3200 Phaethon (1983 TB),1983-10-27,1
3271,3271 Ul (1982 RB),1982-09-14,0
3288,3288 Seleucus (1982 DV),1982-02-28,0
3352,3352 McAuliffe (1981 CW),1981-02-06,0
3360,3360 Syrinx (1981 VA),1981-11-04,0
3361,3361 Orpheus (1982 HR),1982-04-24,1
3362,3362 Khufu (1984 QA),1984-08-30,1
3551,3551 Verenia (1983 RD),1983-09-07,0
3552,3552 Don Quixote (1983 SA),1983-09-10,0
3553,3553 Mera (1985 JA),1985-05-11,0
3554,3554 Amun (1986 EB),1986-03-04,0
3671,3671 Dionysus (1984 KD),1984-05-27,1
3691,3691 Bede (1982 FT),1975-06-09,0
3752,3752 Camillo (1985 PA),1976-01-28,0
3753,3753 Cruithne (1986 TO),1973-10-17,0
3757,3757 Anagolay (1982 XB),1982-12-14,1
3838,3838 Epona (1986 WA),1986-11-30,0
3908,3908 Nyx (1980 PA),1980-08-06,0
3988,3988 Huma (1986 LA),1986-06-04,0
4015,4015 Wilson-Harrington (1979 VA),1949-11-19,1
4034,4034 Vishnu (1986 PA),1986-08-02,1
4055,4055 Magellan (1985 DO2),1985-01-21,0
4179,4179 Toutatis (1989 AC),1934-02-10,1
4183,4183 Cuno (1959 LM),1959-06-05,1
4197,4197 Morpheus (1982 TA),1954-09-03,0
4257,4257 Ubasti (1987 QA),1987-08-23,0
4341,4341 Poseidon (1987 KF),1987-05-29,0
4401,4401 Aditi (1985 TB),1985-10-14,0
4450,4450 Pan (1987 SY),1937-02-06,1
4486,4486 Mithra (1987 SB),1987-01-29,1
4487,4487 Pocahontas (1987 UA),1987-09-24,0
4503,4503 Cleobulus (1989 WM),1980-12-30,0
4544,4544 Xanthus (1989 FB),1989-03-30,0
4581,4581 Asclepius (1989 FC),1989-03-31,1
4596,4596 (1981 QB),1981-08-28,0
4660,4660 Nereus (1982 DB),1981-09-30,1
4688,4688 (1980 WF),1980-11-29,0
4769,4769 Castalia (1989 PB),1989-08-01,1
4947,4947 Ninkasi (1988 TJ1),1978-02-17,0
4953,4953 (1990 MU),1974-07-21,1
4954,4954 Eric (1990 SQ),1975-06-07,0
4957,4957 Brucemurray (1990 XJ),1976-03-11,0
5011,5011 Ptah (6743 P-L),1960-09-24,1
5131,5131 (1990 BG),1990-01-24,0
5143,5143 Heracles (1991 VL),1953-11-30,0
5189,5189 (1990 UQ),1990-10-20,1
5324,5324 Lyapunov (1987 SL),1987-09-19,0
5332,5332 Davidaguilar (1990 DA),1973-10-18,0
5370,5370 Taranis (1986 RA),1986-08-11,0
5381,5381 Sekhmet (1991 JY),1991-05-14,0
5496,5496 (1973 NA),1973-07-06,0
5587,5587 (1990 SB),1953-12-07,0
5590,5590 (1990 VA),1990-11-09,0
5604,5604 (1992 FE),1985-04-17,1
5620,5620 Jasonwheeler (1990 OA),1955-05-16,0
5626,5626 Melissabrucker (1991 FE),1970-09-08,0
5645,5645 (1990 SP),1974-08-13,0
5646,5646 (1990 TR),1990-05-03,0
5653,5653 Camarillo (1992 WD5),1974-03-24,0
5660,5660 (1974 MA),1974-06-26,0
5693,5693 (1993 EA),1984-01-10,1
5731,5731 Zeus (1988 VP4),1988-09-13,0
5751,5751 Zao (1992 AC),1989-03-10,0
5786,5786 Talos (1991 RC),1991-09-03,0
5797,5797 Bivoj (1980 AA),1980-01-16,0
5828,5828 (1991 AM),1991-01-14,0
5836,5836 (1993 MF),1981-04-26,0
5863,5863 Tara (1983 RB),1983-08-12,0
5869,5869 Tanith (1988 VN4),1977-02-16,0
5879,5879 Almeria (1992 CH1),1992-02-08,0
6037,6037 (1988 EG),1988-03-12,1
6047,6047 (1991 TB1),1985-03-20,0
6050,6050 Miwablock (1992 AE),1953-02-15,0
6053,6053 (1993 BW3),1976-06-04,0
6063,6063 Jason (1984 KB),1960-10-22,0
6178,6178 (1986 DA),1977-07-17,0
6239,6239 Minos (1989 QF),1983-01-09,1
6455,6455 (1992 HE),1989-09-29,0
6456,6456 Golombek (1992 OM),1979-08-22,0
6489,6489 Golevka (1991 JX),1991-04-15,1
6491,6491 (1991 OA),1991-03-18,1
6569,6569 Ondaatje (1993 MO),1983-12-29,0
6611,6611 (1993 VW),1982-11-15,0
7025,7025 (1993 QA),1993-08-16,0
7088,7088 Ishtar (1992 AA),1981-03-03,0
7092,7092 Cadmus (1992 LC),1980-06-02,0
7236,7236 (1987 PA),1987-08-01,0
7335,7335 (1989 JA),1989-04-06,1
7336,7336 Saunders (1989 RS1),1982-10-20,0
7341,7341 (1991 VK),1991-09-12,1
7350,7350 (1993 VA),1963-10-15,0
7358,7358 Oze (1995 YA3),1959-12-02,0
7474,7474 (1992 TC),1990-08-19,0
7480,7480 Norwan (1994 PC),1982-05-01,0
7482,7482 (1994 PC1),1974-09-22,1
7753,7753 (1988 XB),1988-12-05,1
7822,7822 (1991 CS),1991-01-19,1
7839,7839 (1994 ND),1994-07-03,0
7888,7888 (1993 UC),1989-10-28,0
7889,7889 (1994 LX),1977-08-10,0
7977,7977 (1977 QQ5),1955-03-23,0
8013,8013 Gordonmoore (1990 KA),1951-09-01,0
8014,8014 (1990 MF),1990-06-14,1
8034,8034 Akka (1992 LR),1992-05-21,0
8035,8035 (1992 TB),1992-10-02,0
8037,8037 (1993 HO1),1979-03-08,0
8176,8176 (1991 WA),1991-12-01,0
8201,8201 (1994 AH2),1981-12-16,0
8507,8507 (1991 CB1),1991-02-15,0
8566,8566 (1996 EN),1983-04-06,1
8567,8567 (1996 HW1),1955-05-23,0
8709,8709 Kadlu (1994 JF1),1990-09-23,0
9058,9058 (1992 JB),1992-01-09,0
9162,9162 Kwiila (1987 OA),1987-07-18,0
9172,9172 Abhramu (1989 OB),1989-07-07,0
9202,9202 (1993 PB),1993-08-13,0
9400,9400 (1994 TW1),1991-03-18,0
9856,9856 (1991 EE),1991-03-13,1
9950,9950 ESA (1990 VB),1990-11-08,0
10115,10115 (1992 SK),1953-10-12,1
10145,10145 (1994 CK1),1994-02-10,0
10150,10150 (1994 PN),1994-08-07,0
10165,10165 (1995 BL2),1991-02-22,0
10302,10302 (1989 ML),1989-06-06,0
10563,10563 Izhdubar (1993 WD),1991-11-13,0
10636,10636 (1998 QK56),1955-05-16,0
10860,10860 (1995 LE),1995-06-03,0
11054,11054 (1991 FA),1937-11-28,0
11066,11066 Sigurd (1992 CC1),1976-04-01,0
11284,11284 Belenus (1990 BA),1950-12-09,0
11311,11311 Peleus (1993 XN2),1993-12-10,0
11398,11398 (1998 YP11),1983-01-05,0
11405,11405 (1999 CV3),1978-10-25,0
11500,11500 Tomaiyowit (1989 UR),1989-10-25,1
11885,11885 Summanus (1990 SS),1990-09-25,0
12538,12538 (1998 OH),1987-08-22,1
12711,12711 Tukmit (1991 BB),1991-01-12,0
12923,12923 Zephyr (1999 GK4),1955-04-21,1
13553,13553 Masaakikoyama (1992 JE),1979-06-24,0
13651,13651 (1997 BR),1980-02-09,1
14402,14402 (1991 DB),1991-02-13,0
14827,14827 Hypnos (1986 JK),1986-05-04,1
15745,15745 Yuliya (1991 PM5),1982-07-27,0
15817,15817 Lucianotesi (1994 QC),1994-08-29,0
16064,16064 Davidharvey (1999 RH27),1994-09-01,0
16636,16636 (1993 QP),1993-08-23,0
16657,16657 (1993 UB),1993-10-23,0
16816,16816 (1997 UF9),1997-10-29,0
16834,16834 (1997 WU22),1988-10-08,0
16912,16912 Rhiannon (1998 EP8),1992-08-29,0
16960,16960 (1998 QS52),1983-06-14,1
17181,17181 (1999 UM3),1955-10-24,0
17182,17182 (1999 VU),1977-07-18,0
17188,17188 (1999 WC2),1990-07-27,0
17274,17274 (2000 LC16),1955-10-23,0
17511,17511 (1992 QN),1992-08-29,0
18106,18106 Blume (2000 NX3),1977-09-04,0
18109,18109 (2000 NG11),1951-11-08,0
18172,18172 (2000 QL7),1977-07-21,0
18736,18736 (1998 NU),1954-05-25,0
18882,18882 (1999 YN4),1954-01-04,0
19356,19356 (1997 GH3),1992-11-02,0
19764,19764 (2000 NF5),1990-08-28,0
20086,20086 (1994 LW),1994-06-03,0
20236,20236 (1998 BZ7),1998-01-24,1
20255,20255 (1998 FX2),1998-03-20,0
20425,20425 (1998 VD35),1998-11-15,1
20429,20429 (1998 YN1),1998-12-16,0
20460,20460 Robwhiteley (1999 LO28),1954-12-30,0
20790,20790 (2000 SE45),1992-03-09,0
20826,20826 (2000 UV13),1953-10-01,0
21088,21088 Chelyabinsk (1992 BL2),1990-01-30,0
21277,21277 (1996 TO5),1990-02-04,0
21374,21374 (1997 WS22),1974-09-22,0
22099,22099 (2000 EX106),1994-01-30,0
22753,22753 (1998 WT),1955-10-24,1
22771,22771 (1999 CU3),1999-02-10,0
23183,23183 (2000 OY21),1994-06-03,0
23187,23187 (2000 PN9),1990-08-02,1
23548,23548 (1994 EF2),1994-03-11,0
23606,23606 (1996 AS1),1985-07-18,0
23714,23714 (1998 EC3),1998-03-01,0
24443,24443 (2000 OG),1993-06-24,0
24445,24445 (2000 PM8),1991-04-10,0
24475,24475 (2000 VN2),2000-11-01,0
24761,24761 Ahau (1993 BW2),1993-01-28,0
25143,25143 Itokawa (1998 SF36),1998-09-19,1
25330,25330 (1999 KV4),1979-11-16,0
25916,25916 (2001 CP44),1998-11-13,0
26166,26166 (1995 QN3),1953-08-19,0
26310,26310 (1998 TX6),1951-07-08,0
26379,26379 (1999 HZ1),1992-08-27,0
26663,26663 (2000 XK47),1974-07-12,1
26760,26760 (2001 KP41),1996-03-25,0
26817,26817 (1987 QB),1987-05-31,0
27002,27002 (1998 DV9),1998-02-23,1
27031,27031 (1998 RO4),1951-08-26,0
27346,27346 (2000 DN8),1978-08-24,0
29075,29075 (1950 DA),1950-02-23,1
30825,30825 (1990 TG1),1990-09-16,0
30997,30997 (1995 UO5),1995-10-26,0
31210,31210 (1998 BX7),1955-11-23,0
31221,31221 (1998 BP26),1998-01-28,0
31345,31345 (1998 PG),1978-10-07,0
31346,31346 (1998 PB1),1998-07-14,0
31662,31662 (1999 HP11),1999-03-20,0
31669,31669 (1999 JT6),1996-06-12,1
32906,32906 (1994 RH),1984-09-21,0
33342,33342 (1998 WT24),1998-11-24,1
34613,34613 (2000 UR13),1934-03-16,0
35107,35107 (1991 VH),1991-11-09,1
35396,35396 (1997 XF11),1990-03-22,1
35432,35432 (1998 BG9),1998-01-24,0
35670,35670 (1998 SU27),1998-09-24,0
36017,36017 (1999 ND43),1999-07-14,0
36183,36183 (1999 TX16),1997-11-26,0
36236,36236 (1999 VV),1979-11-26,0
36284,36284 (2000 DM8),1999-12-30,0
37336,37336 (2001 RM),1977-07-13,0
37638,37638 (1993 VB),1993-11-06,1
37655,37655 Illapa (1994 PM),1994-08-01,1
38071,38071 (1999 GU3),1999-04-11,1
38086,38086 Beowulf (1999 JB),1992-05-01,0
38091,38091 (1999 JT3),1980-09-30,0
38239,38239 (1999 OR3),1999-07-27,0
39557,39557 Gielgud (1992 JG),1992-05-02,0
39565,39565 (1992 SL),1950-12-09,0
39572,39572 (1993 DQ1),1993-02-26,1
39796,39796 (1997 TD),1987-05-10,0
40263,40263 (1999 FQ5),1988-02-23,0
40267,40267 (1999 GJ4),1955-03-25,0
40329,40329 (1999 ML),1999-06-20,0
41429,41429 (2000 GE2),1998-03-25,1
41440,41440 (2000 HZ23),1998-04-26,0
42286,42286 (2001 TN41),1975-09-09,0
48603,48603 (1995 BC2),1986-09-10,0
52340,52340 (1992 SY),1980-03-19,0
52381,52381 (1993 HA),1993-04-17,0
52387,52387 Huitzilopochtli (1993 OM7),1993-07-20,0
52689,52689 (1998 FF2),1998-02-25,0
52750,52750 (1998 KK17),1992-08-29,0
52760,52760 (1998 ML14),1998-06-24,1
52761,52761 (1998 MN14),1998-06-25,0
52762,52762 (1998 MT24),1953-10-02,0
52768,52768 (1998 OR2),1987-06-30,1
53110,53110 (1999 AR7),1998-11-28,0
53319,53319 (1999 JM8),1999-04-10,1
53409,53409 (1999 LU7),1999-06-10,0
53426,53426 (1999 SL5),1999-09-28,1
53429,53429 (1999 TF5),1999-10-03,0
53430,53430 (1999 TY16),1999-10-13,0
53435,53435 Leonard (1999 VM40),1974-08-13,0
53550,53550 (2000 BF19),1991-10-04,1
53789,53789 (2000 ED104),1955-04-16,1
54071,54071 (2000 GQ146),1988-10-03,0
54401,54401 (2000 LM),1989-10-28,0
54509,54509 YORP (2000 PH5),2000-08-03,0
54660,54660 (2000 UJ1),2000-10-19,0
54686,54686 (2001 DU8),1988-12-03,0
54690,54690 (2001 EB),1952-12-14,0
54789,54789 (2001 MZ7),1978-10-25,0
55408,55408 (2001 TC2),1979-11-13,0
55532,55532 (2001 WG2),1953-12-07,0
65674,65674 (1988 SM),1988-09-29,0
65679,65679 (1989 UQ),1954-11-20,1
65690,65690 (1991 DG),1991-02-20,1
65706,65706 (1992 NA),1992-07-01,0
65717,65717 (1993 BX3),1992-10-03,1
65733,65733 (1993 PC),1992-10-01,0
65803,65803 Didymos (1996 GT),2022-09-27,1
65909,65909 (1998 FH12),1998-03-25,1
65996,65996 (1998 MX5),1993-07-14,0
66008,66008 (1998 QH2),1996-06-23,0
66063,66063 (1998 RO1),1996-09-12,0
66146,66146 (1998 TU3),1982-12-04,0
66251,66251 (1999 GJ2),1984-10-12,0
66253,66253 (1999 GT3),1999-04-09,0
66272,66272 (1999 JW6),1999-05-13,0
66391,66391 Moshup (1999 KW4),1998-05-29,1
66400,66400 (1999 LT7),1987-04-21,0
66407,66407 (1999 LQ28),1982-07-27,0
66959,66959 (1999 XO35),1999-12-06,0
67367,67367 (2000 LY27),1976-05-27,1
67381,67381 (2000 OL8),2000-07-30,1
67399,67399 (2000 PJ6),1951-09-09,0
68031,68031 (2000 YK29),1993-03-22,0
68063,68063 (2000 YJ66),1989-10-04,0
68216,68216 (2001 CV26),2001-02-01,1
68267,68267 (2001 EA16),2001-03-04,0
68278,68278 (2001 FC7),1996-06-13,0
68346,68346 (2001 KZ66),1979-12-28,1
68347,68347 (2001 KB67),2001-05-30,1
68348,68348 (2001 LO7),1954-06-02,0
68350,68350 (2001 MK3),1955-02-13,0
68359,68359 (2001 OZ13),1995-02-04,0
68372,68372 (2001 PM9),2001-06-28,1
68548,68548 (2001 XR31),1994-04-06,1
68950,68950 (2002 QF15),1955-07-23,1
69230,69230 Hermes (1937 UB),1937-10-25,1
85182,85182 (1991 AQ),1991-01-14,1
85184,85184 (1991 JG1),1978-01-09,0
85236,85236 (1993 KH),1993-05-24,1
85275,85275 (1994 LY),1994-06-05,0
85490,85490 (1997 SE5),1982-04-20,0
85585,85585 Mjolnir (1998 FG2),1998-03-21,1
85628,85628 (1998 KV2),1998-05-22,0
85640,85640 (1998 OX4),1998-07-26,1
85709,85709 (1998 SG36),1998-09-18,0
85713,85713 (1998 SS49),1998-09-29,1
85770,85770 (1998 UP1),1990-10-12,0
85774,85774 (1998 UT18),1989-04-30,1
85804,85804 (1998 WQ5),1989-11-25,0
85818,85818 (1998 XM4),1993-05-24,0
85839,85839 (1998 YO4),1993-04-25,0
85867,85867 (1999 BY9),1995-09-19,0
85938,85938 (1999 DJ4),1999-02-24,1
85953,85953 (1999 FK21),1971-03-26,0
85989,85989 (1999 JD6),1990-06-22,1
85990,85990 (1999 JV6),1999-05-13,1
86039,86039 (1999 NC43),1999-06-11,1
86067,86067 (1999 RM28),1989-07-07,0
86324,86324 (1999 WA2),1999-11-16,0
86326,86326 (1999 WK13),1979-11-18,0
86450,86450 (2000 CK33),2000-01-25,0
86666,86666 (2000 FL10),2000-03-30,0
86667,86667 (2000 FO10),1988-05-11,0
86819,86819 (2000 GK137),1994-04-03,1
86829,86829 (2000 GR146),1974-06-17,0
86878,86878 (2000 HD24),1983-05-12,0
87024,87024 (2000 JS66),1979-01-06,0
87025,87025 (2000 JT66),2000-05-07,0
87309,87309 (2000 QP),1975-07-08,0
87311,87311 (2000 QJ1),1982-08-16,0
87684,87684 (2000 SY2),1977-10-07,1
88188,88188 (2000 XH44),1991-12-07,0
88213,88213 (2001 AF2),2001-01-02,0
88254,88254 (2001 FM129),1978-05-08,1
88263,88263 (2001 KQ1),1998-05-05,0
88264,88264 (2001 KN20),1998-10-29,0
88710,88710 (2001 SL9),1954-11-27,0
88959,88959 (2001 TZ44),2001-09-26,0
89136,89136 (2001 US16),2001-10-18,1
89355,89355 (2001 VS78),1978-06-23,0
89830,89830 (2002 CE),1982-05-25,1
89958,89958 (2002 LY45),2000-06-14,1
89959,89959 (2002 NT7),1954-07-10,1
90075,90075 (2002 VU94),1955-10-25,1
90147,90147 (2002 YK14),1987-01-29,0
90367,90367 (2003 LC5),1983-07-01,0
90373,90373 (2003 SZ219),1998-02-23,0
90403,90403 (2003 YE45),1989-09-12,1
90416,90416 (2003 YK118),1993-08-13,1
96189,96189 Pygmalion (1991 NT3),1986-03-19,0
96315,96315 (1997 AP10),1997-01-09,0
96536,96536 (1998 SO10),1976-11-24,0
96590,96590 (1998 XB),1992-01-01,0
96631,96631 (1999 FP59),1986-09-30,0
96744,96744 (1999 OW3),1999-07-18,0
97725,97725 (2000 GB147),2000-04-02,0
98943,98943 Torifune (2001 CC21),1982-11-10,0
99248,99248 (2001 KY66),1991-06-08,1
99799,99799 (2002 LJ3),1989-01-10,0
99907,99907 (1989 VA),1989-11-02,0
99935,99935 (2002 AV4),1955-01-29,0
99942,99942 Apophis (2004 MN4),2004-03-15,1
100004,100004 (1983 VA),1983-10-27,0
100085,100085 (1992 UY4),1979-06-29,1
100756,100756 (1998 FM5),1988-04-20,0
100926,100926 (1998 MQ),1979-12-19,0
101869,101869 (1999 MM),1999-06-12,1
101873,101873 (1999 NC5),1983-01-16,0
101955,101955 Bennu (1999 RQ36),1999-09-11,1
102873,102873 (1999 WK11),1980-09-30,0
103067,103067 (1999 XA143),1994-12-02,1
105140,105140 (2000 NL10),1952-09-17,0
105141,105141 (2000 NF11),1978-08-27,0
106538,106538 (2000 WK63),2000-11-26,0
106589,106589 (2000 WN107),2000-11-20,0
108519,108519 (2001 LF),1989-09-08,0
108906,108906 (2001 PL9),2001-08-05,0
111253,111253 (2001 XU10),2000-02-08,1
112221,112221 (2002 KH4),1995-07-01,0
112985,112985 (2002 RS28),1985-05-10,0
115052,115052 (2003 RD6),1979-02-23,0
136564,136564 (1977 VA),1977-10-11,0
136582,136582 (1992 BA),1992-01-27,0
136617,136617 (1994 CC),1988-09-14,1
136618,136618 (1994 CN2),1994-02-15,1
136635,136635 (1994 VA1),1994-11-05,0
136745,136745 (1995 WL8),1995-10-25,0
136770,136770 (1996 PC1),1996-08-11,0
136773,136773 (1996 TR6),1996-10-09,0
136793,136793 (1997 AQ18),1997-01-15,0
136795,136795 Tatsunokingo (1997 BQ),1997-01-16,1
136818,136818 Selqet (1997 MW1),1997-06-29,0
136839,136839 (1997 WT22),1988-12-13,0
136849,136849 (1998 CS1),1998-02-09,1
136874,136874 (1998 FH74),1995-05-04,0
136897,136897 (1998 HJ41),1998-04-30,0
136900,136900 (1998 HL49),1998-04-30,0
136923,136923 (1998 JH2),1986-11-02,0
136993,136993 (1998 ST49),1998-09-29,0
137032,137032 (1998 UO1),1992-10-20,0
137044,137044 (1998 UC50),1998-10-29,0
137052,137052 Tjelvar (1998 VO33),1998-11-15,0
137062,137062 (1998 WM),1987-10-16,0
137064,137064 (1998 WP5),1998-11-19,0
137078,137078 (1998 XZ4),1998-12-13,0
137084,137084 (1998 XS16),1994-12-03,0
137099,137099 (1998 YW3),1998-12-17,0
137108,137108 (1999 AN10),1955-01-26,1
137120,137120 (1999 BJ8),1999-01-14,1
137125,137125 (1999 CT3),1999-02-10,0
137126,137126 (1999 CF9),1999-01-15,1
137158,137158 (1999 FB),1998-05-24,0
137170,137170 (1999 HF1),1999-04-20,0
137175,137175 (1999 JA11),1999-05-14,0
137199,137199 (1999 KX4),1978-08-10,0
137427,137427 (1999 TF211),1999-10-06,1
137671,137671 (1999 XP35),1976-05-02,0
137799,137799 (1999 YB),1991-03-20,0
137802,137802 (1999 YT),1954-12-21,0
137805,137805 (1999 YK5),1999-12-29,0
137911,137911 (2000 AB246),2000-01-08,0
137924,137924 (2000 BD19),1997-02-10,0
137925,137925 (2000 BJ19),1953-12-07,0
138013,138013 (2000 CN101),1984-03-07,0
138095,138095 (2000 DK79),1986-04-09,1
138127,138127 (2000 EE14),2000-03-04,1
138155,138155 (2000 ES70),1989-10-28,0
138175,138175 (2000 EE104),2000-03-11,1
138205,138205 (2000 EZ148),1983-04-13,0
138258,138258 (2000 GD2),1998-03-29,0
138325,138325 (2000 GO82),2000-04-03,0
138359,138359 (2000 GX127),2000-04-10,0
138404,138404 (2000 HA24),1982-07-20,1
138524,138524 (2000 OJ8),2000-07-30,1
138727,138727 (2000 SU180),2000-09-27,1
138815,138815 (2000 TQ64),2000-10-07,0
138846,138846 (2000 VJ61),1988-08-10,0
138847,138847 (2000 VE62),1983-03-05,0
138852,138852 (2000 WN10),2000-11-20,0
138859,138859 (2000 WN63),2000-11-27,0
138877,138877 (2000 XG47),2000-11-06,0
138883,138883 (2000 YL29),1984-03-05,0
138893,138893 (2000 YH66),2000-12-30,0
138911,138911 (2001 AE2),1984-08-02,0
138925,138925 (2001 AU43),1992-12-20,0
138937,138937 (2001 BK16),1998-01-27,0
138947,138947 (2001 BA40),2001-01-23,0
138971,138971 (2001 CB21),2001-02-02,1
139047,139047 (2001 EB16),2001-02-21,0
139056,139056 (2001 FY),2001-03-16,0
139211,139211 (2001 GN2),1999-09-07,1
139289,139289 (2001 KR1),2001-05-18,0
139345,139345 (2001 KA67),2001-05-30,0
139359,139359 (2001 ME1),2001-05-25,1
139622,139622 (2001 QQ142),2001-08-22,1
140039,140039 (2001 SO73),2001-09-19,1
140158,140158 (2001 SX169),2001-09-07,1
140288,140288 (2001 SN289),1996-08-14,1
140333,140333 (2001 TD2),2001-10-10,0
140928,140928 (2001 VG75),1976-03-07,0
141018,141018 (2001 WC47),1991-12-07,0
141052,141052 (2001 XR1),1987-11-27,0
141053,141053 (2001 XT1),2001-12-09,1
141056,141056 (2001 XV4),2001-12-09,0
141078,141078 (2001 XQ30),1997-06-03,0
141079,141079 (2001 XS30),1998-11-16,0
141354,141354 (2002 AJ29),1988-06-16,0
141424,141424 (2002 CD),2002-02-01,0
141432,141432 (2002 CQ11),2002-02-06,1
141447,141447 (2002 CW59),2002-02-13,0
141484,141484 (2002 DB4),2002-02-26,0
141495,141495 (2002 EZ11),2002-02-24,1
141498,141498 (2002 EZ16),1995-12-01,0
141525,141525 (2002 FV5),2002-03-21,1
141526,141526 (2002 FA6),2001-03-23,0
141527,141527 (2002 FG7),1990-07-23,1
141531,141531 (2002 GB),2002-04-01,0
141593,141593 (2002 HK12),1985-06-11,1
141614,141614 (2002 JV15),2002-04-26,1
141670,141670 (2002 JS100),2002-05-11,0
141761,141761 (2002 MC),2002-06-16,0
141765,141765 (2002 MP3),1988-05-22,0
141851,141851 (2002 PM6),2000-09-20,1
141874,141874 (2002 PO34),2001-03-05,0
142040,142040 (2002 QE15),1993-04-20,0
142348,142348 (2002 RX211),1999-09-11,0
142464,142464 (2002 TC9),1991-09-14,0
142555,142555 (2002 TB58),2002-09-05,0
142561,142561 (2002 TX68),2002-10-08,0
142563,142563 (2002 TR69),1997-01-31,0
142781,142781 (2002 UM11),2001-06-23,0
143381,143381 (2003 BC21),1982-04-13,0
143404,143404 (2003 BD44),1981-02-28,1
143409,143409 (2003 BQ46),2002-11-19,0
143487,143487 (2003 CR20),1975-10-06,1
143527,143527 (2003 EN16),2003-03-08,0
143624,143624 (2003 HM16),2003-04-27,0
143637,143637 (2003 LP6),2003-06-12,0
143643,143643 (2003 NP7),2000-08-05,0
143649,143649 (2003 QQ47),2003-08-24,1
143651,143651 (2003 QO104),1981-07-10,1
143678,143678 (2003 SA224),1979-10-09,0
143947,143947 (2003 YQ117),2002-03-15,0
143992,143992 (2004 AF),1985-01-21,1
144332,144332 (2004 DV24),1955-04-24,1
144411,144411 (2004 EW9),2001-03-14,0
144861,144861 (2004 LA12),2002-03-12,0
144898,144898 (2004 VD17),2002-02-16,1
144900,144900 (2004 VG64),2004-11-13,1
144901,144901 (2004 WG1),2004-09-22,0
144922,144922 (2005 CK38),1977-03-15,0
145656,145656 (4788 P-L),1960-09-24,0
152558,152558 (1990 SA),1990-09-14,0
152560,152560 (1991 BN),1991-01-19,1
152561,152561 (1991 RB),1977-08-19,1
152563,152563 (1992 BF),1953-01-10,0
152564,152564 (1992 HF),1992-04-24,0
152575,152575 (1994 GY),1994-04-14,0
152637,152637 (1997 NC1),1997-07-05,1
152664,152664 (1998 FW4),1994-03-09,1
152667,152667 (1998 FR11),1956-03-10,0
152671,152671 (1998 HL3),1998-04-21,1
152679,152679 (1998 KU2),1971-10-21,0
152680,152680 (1998 KJ9),1990-01-01,1
152685,152685 (1998 MZ),1998-06-18,1
152742,152742 (1998 XE12),1995-11-30,0
152754,152754 (1999 GS6),1999-04-15,1
152756,152756 (1999 JV3),1978-04-12,0
152770,152770 (1999 RR28),1987-04-20,1
152787,152787 (1999 TB10),1999-10-07,0
152828,152828 (1999 VT25),1999-11-12,1
152889,152889 (2000 CF59),1998-02-24,0
152895,152895 (2000 CQ101),1955-03-14,0
152931,152931 (2000 EA107),2000-03-15,0
152941,152941 (2000 FM10),2000-03-30,0
152942,152942 (2000 FN10),2000-03-30,0
152952,152952 (2000 GC2),1992-03-26,0
152964,152964 (2000 GP82),1995-04-23,0
152978,152978 (2000 GJ147),2000-04-13,1
153002,153002 (2000 JG5),2000-05-02,1
153195,153195 (2000 WB1),2000-11-16,0
153201,153201 (2000 WO107),2000-11-29,1
153219,153219 (2000 YM29),2000-12-24,0
153220,153220 (2000 YN29),1997-06-08,1
153243,153243 (2001 AU47),2001-01-15,0
153249,153249 (2001 BW15),1989-08-28,0
153267,153267 (2001 CB32),1994-01-16,0
153271,153271 (2001 CL42),2001-02-15,0
153306,153306 (2001 JL1),1993-06-13,0
153311,153311 (2001 MG1),1989-07-01,1
153315,153315 (2001 NH6),2001-07-10,0
153349,153349 (2001 PJ9),2001-08-05,0
153415,153415 (2001 QP153),1996-08-14,0
153460,153460 (2001 RN),2001-09-07,0
153591,153591 (2001 SN263),1990-09-25,1
153792,153792 (2001 VH75),2001-11-12,0
153814,153814 (2001 WN5),1996-02-10,1
153842,153842 (2001 XT30),2000-05-05,0
153951,153951 (2002 AC3),2001-12-23,0
153953,153953 (2002 AD9),1975-05-10,0
153957,153957 (2002 AB29),2002-01-13,0
153958,153958 (2002 AM31),1983-05-07,1
154007,154007 (2002 BY),1985-04-15,0
154019,154019 (2002 CZ9),2002-01-10,1
154020,154020 (2002 CA10),2001-05-24,0
154029,154029 (2002 CY46),2002-02-11,0
154035,154035 (2002 CV59),2002-02-12,0
154144,154144 (2002 FA5),2002-03-20,0
154229,154229 (2002 JN97),2000-05-03,0
154244,154244 (2002 KL6),1995-09-28,0
154268,154268 (2002 RM129),2002-08-16,0
154269,154269 (2002 SM),2002-09-13,1
154275,154275 (2002 SR41),2002-09-30,1
154276,154276 (2002 SY50),2002-08-25,1
154278,154278 (2002 TB9),1991-05-16,0
154300,154300 (2002 UO),2001-12-20,0
154302,154302 (2002 UQ3),2002-10-05,1
154330,154330 (2002 VX94),1986-11-27,1
154347,154347 (2002 XK4),1998-02-22,0
154453,154453 (2003 CJ11),2003-02-03,0
154555,154555 (2003 HA),2003-03-07,0
154589,154589 (2003 MX2),2001-01-05,0
154590,154590 (2003 MA3),1998-01-29,1
154631,154631 (2003 WO25),2001-10-13,0
154652,154652 (2004 EP20),2004-03-15,0
154656,154656 (2004 FE3),2004-03-16,0
154658,154658 (2004 FA18),1996-04-15,0
154715,154715 (2004 LB6),2002-12-31,0
154807,154807 (2004 PP97),1977-08-21,0
154988,154988 (2004 XN35),1998-01-26,0
154991,154991 Vinciguerra (2005 BX26),1987-05-30,0
154993,154993 (2005 EA94),2002-06-01,0
155110,155110 (2005 TB),1984-11-24,0
155140,155140 (2005 UD),1982-11-06,0
155334,155334 (2006 DZ169),1983-10-08,0
155336,155336 (2006 GA1),1999-07-14,0
155338,155338 (2006 MZ1),2002-06-16,1
155340,155340 (2006 SK198),2001-12-16,0
155341,155341 (2006 SA218),1980-01-17,0
159399,159399 (1998 UL1),1998-09-28,0
159402,159402 (1999 AP10),1999-01-15,0
159454,159454 (2000 DJ8),2000-02-26,0
159459,159459 (2000 KB),2000-05-22,0
159467,159467 (2000 QK25),2000-08-02,0
159495,159495 (2000 UV16),1989-06-28,0
159504,159504 (2000 WO67),2000-11-27,1
159518,159518 (2001 FF7),2001-03-19,0
159533,159533 (2001 HH31),1997-11-06,0
159555,159555 (2001 SJ276),2001-09-27,0
159560,159560 (2001 TO103),2001-09-15,0
159608,159608 (2002 AC2),2002-01-06,0
159609,159609 (2002 AQ3),2002-01-08,0
159635,159635 (2002 CZ46),2002-02-11,0
159677,159677 (2002 HQ11),2001-11-12,0
159686,159686 (2002 LB6),1997-06-02,0
159699,159699 (2002 PQ142),2002-08-11,0
159856,159856 (2004 JW6),1982-09-24,0
159857,159857 (2004 LJ1),1995-02-03,1
159923,159923 (2004 YJ32),1997-01-15,0
159928,159928 (2005 CV69),1988-03-20,0
159929,159929 (2005 UK),1976-03-30,0
161989,161989 Cacus (1978 CA),1978-02-08,1
161995,161995 (1983 LB),1983-06-13,0
161998,161998 (1988 PA),1988-05-22,0
161999,161999 (1989 RC),1989-08-09,0
162000,162000 (1990 OS),1990-07-21,1
162004,162004 (1991 VE),1954-11-24,0
162011,162011 Konnohmaru (1994 AB1),1993-12-22,0
162015,162015 (1994 TF2),1994-10-05,0
162038,162038 (1996 DH),1996-02-18,0
162039,162039 (1996 JG),1996-05-08,1
162058,162058 (1997 AE12),1992-07-28,0
162063,162063 (1997 EH29),1997-03-07,0
162080,162080 (1998 DG16),1981-03-02,0
162082,162082 (1998 HL1),1998-04-18,1
162116,162116 (1998 SA15),1998-09-21,1
162117,162117 (1998 SD15),1998-09-23,0
162120,162120 (1998 SH36),1998-09-26,1
162142,162142 (1998 VR),1998-11-10,0
162149,162149 (1998 YQ11),1998-12-07,0
162157,162157 (1999 CV8),1999-02-11,0
162161,162161 (1999 DK3),1999-02-18,0
162162,162162 (1999 DB7),1999-02-27,1
162168,162168 (1999 GT6),1999-04-15,0
162173,162173 Ryugu (1999 JU3),1986-04-14,1
162181,162181 (1999 LF6),1979-12-20,0
162183,162183 (1999 NB5),1999-07-13,1
162186,162186 (1999 OP3),1990-07-24,0
162195,162195 (1999 RK45),1999-09-13,0
162196,162196 (1999 RL45),1999-09-14,0
162210,162210 (1999 SM5),1999-09-28,0
162214,162214 (1999 TC10),1999-10-08,0
162215,162215 (1999 TL12),1998-10-29,0
162269,162269 (1999 VO6),1993-08-21,0
162273,162273 (1999 VL12),1993-10-20,0
162361,162361 (2000 AF6),1991-01-15,1
162385,162385 (2000 BM19),2000-01-31,0
162416,162416 (2000 EH26),2000-03-04,1
162421,162421 (2000 ET70),1977-02-18,1
162422,162422 (2000 EV70),2000-03-08,1
162433,162433 (2000 FK10),2000-03-26,0
162452,162452 (2000 HO14),1983-05-08,0
162463,162463 (2000 JH5),2000-04-16,0
162470,162470 (2000 KX43),2000-05-29,0
162472,162472 (2000 LL),2000-06-01,0
162474,162474 (2000 LB16),2000-06-07,1
162483,162483 (2000 PJ5),2000-08-04,0
162510,162510 (2000 QW69),2000-08-28,1
162566,162566 (2000 RJ34),2000-09-01,0
162567,162567 (2000 RW37),2000-09-03,1
162581,162581 (2000 SA10),1986-02-14,0
162635,162635 (2000 SS164),2000-09-27,0
162679,162679 (2000 TK1),1996-10-16,0
162687,162687 (2000 UH1),2000-10-18,1
162694,162694 (2000 UH11),2000-09-27,0
162695,162695 (2000 UL11),2000-10-25,1
162698,162698 (2000 UN30),2000-10-29,0
162723,162723 (2000 VM2),1993-10-23,0
162740,162740 (2000 WF6),2000-11-16,0
162741,162741 (2000 WG6),1993-12-08,0
162781,162781 (2000 XL44),1991-01-19,0
162783,162783 (2000 YJ11),2000-12-19,1
162825,162825 (2001 BO61),2000-12-03,1
162854,162854 (2001 DE47),2001-02-16,0
162873,162873 (2001 FB7),2001-03-18,0
162882,162882 (2001 FD58),2000-04-12,1
162900,162900 (2001 HG31),2001-02-22,0
162903,162903 (2001 JV2),2001-05-15,0
162911,162911 (2001 LL5),2001-06-06,0
162913,162913 (2001 MT18),1990-11-12,0
162922,162922 (2001 OY13),2001-07-19,1
162926,162926 (2001 OB36),2001-07-24,0
162979,162979 (2001 RA12),2001-02-17,1
162980,162980 (2001 RR17),1976-11-16,0
162998,162998 (2001 SK162),1993-10-09,1
163000,163000 (2001 SW169),1997-12-25,0
163001,163001 (2001 SE170),2001-09-20,0
163014,163014 (2001 UA5),1990-03-19,1
163015,163015 (2001 UX16),2001-10-13,0
163023,163023 (2001 XU1),2001-11-23,0
163026,163026 (2001 XR30),2001-12-11,1
163051,163051 (2001 YJ4),1978-02-05,1
163067,163067 (2002 AP3),2002-01-06,1
163070,163070 (2002 AO7),2002-01-08,0
163081,163081 (2002 AG29),1985-12-15,0
163132,163132 (2002 CU11),2002-02-07,1
163191,163191 (2002 EQ9),2002-01-12,0
163243,163243 (2002 FB3),2002-03-18,1
163249,163249 (2002 GT),2002-04-03,1
163250,163250 (2002 GH1),1989-05-03,0
163252,163252 (2002 GD11),1999-08-17,0
163295,163295 (2002 HW),2002-04-16,0
163335,163335 (2002 LJ),2002-06-01,0
163348,163348 (2002 NN4),2002-07-02,1
163364,163364 (2002 OD20),2001-11-22,1
163373,163373 (2002 PZ39),1995-10-23,1
163412,163412 (2002 RV25),1994-10-24,0
163454,163454 (2002 RN129),2002-09-11,0
163667,163667 (2002 WC1),1998-12-21,0
163679,163679 (2002 XG84),2002-06-18,0
163683,163683 (2002 YP2),2002-12-28,1
163691,163691 (2003 BB43),1988-06-21,0
163692,163692 (2003 CY18),2003-02-09,0
163693,163693 Atira (2003 CP20),2003-02-12,0
163694,163694 (2003 DP13),1986-05-09,0
163696,163696 (2003 EB50),2003-03-10,0
163697,163697 (2003 EF54),2003-03-12,1
163732,163732 (2003 KP2),1953-07-10,0
163758,163758 (2003 OS13),2003-07-29,0
163760,163760 (2003 OR14),1983-10-26,0
163818,163818 (2003 RX7),2003-09-06,1
163899,163899 (2003 SD220),2000-01-06,1
163902,163902 (2003 SW222),2003-09-30,0
164120,164120 (2003 YK),2001-10-13,0
164121,164121 (2003 YT1),1982-11-19,1
164184,164184 (2004 BF68),2004-01-27,0
164201,164201 (2004 EC),2004-03-10,0
164202,164202 (2004 EW),2004-03-13,1
164206,164206 (2004 FN18),1954-10-05,0
164207,164207 Cardea (2004 GU9),2001-05-11,1
164211,164211 (2004 JA27),2004-05-15,1
164214,164214 (2004 LZ11),2001-08-20,0
164215,164215 Doloreshill (2004 MF6),2001-10-20,0
164216,164216 (2004 OT11),2004-07-27,1
164217,164217 (2004 PT42),2000-02-08,0
164221,164221 (2004 QE20),2002-06-05,0
164222,164222 (2004 RN9),2001-09-11,0
164294,164294 (2004 XZ130),2004-12-13,0
164341,164341 (2005 CO),2003-04-29,0
164342,164342 (2005 CP),2003-01-14,0
164400,164400 (2005 GN59),1978-08-24,1
168044,168044 (2005 SG),2005-09-21,0
168318,168318 (1989 DA),1989-02-27,1
168378,168378 (1997 ET30),1988-09-14,0
168791,168791 (2000 SQ43),1979-06-16,0
169352,169352 (2001 UY16),2001-10-23,0
169675,169675 (2002 JM97),1975-05-18,0
170013,170013 (2002 UO3),2002-10-10,0
170086,170086 (2002 XR14),2002-12-05,1
170502,170502 (2003 WM7),2003-11-18,0
170891,170891 (2004 TY16),2001-09-09,0
170903,170903 (2004 WS2),2002-10-28,1
171486,171486 (1996 MO),1996-06-23,0
171576,171576 (1999 VP11),1999-11-07,1
171819,171819 (2001 FZ6),2001-03-15,0
171839,171839 (2001 JM1),2001-05-12,1
172034,172034 (2001 WR1),1953-02-14,0
172678,172678 (2003 YM137),2003-12-21,1
172718,172718 (2004 BD85),2001-12-15,0
172722,172722 (2004 BV102),2004-01-31,0
172974,172974 (2005 YW55),2002-06-04,0
173232,173232 (1998 XC9),1998-12-12,0
173561,173561 (2000 YV137),2000-12-01,1
173664,173664 (2001 JU2),2001-05-15,0
173689,173689 (2001 PK9),2001-08-10,0
174050,174050 (2002 CC19),1986-02-07,0
174806,174806 (2003 XL),2003-11-21,0
174881,174881 (2004 BU58),2000-12-30,0
175114,175114 (2004 QQ),1997-12-28,0
175189,175189 (2005 EC224),2002-02-05,0
175706,175706 (1996 FG3),1985-12-17,1
175729,175729 (1998 BB10),1998-01-25,1
175921,175921 (2000 DM1),2000-02-16,0
177016,177016 (2003 BM47),2003-01-28,0
177049,177049 (2003 EE16),2002-05-17,1
177255,177255 (2003 WC25),1989-10-06,0
177614,177614 (2004 HK33),2001-03-12,1
177651,177651 (2004 XM14),1997-12-26,0
178601,178601 (2000 CG59),1987-10-18,0
178871,178871 (2001 MA8),1979-07-21,0
179806,179806 (2002 TD66),2002-10-05,1
180186,180186 (2003 QZ30),1984-08-23,1
183548,183548 (2003 HU42),2003-04-29,0
184266,184266 (2004 VW14),2004-11-03,1
184990,184990 (2006 KE89),1994-06-06,0
185702,185702 (1998 HK3),1998-04-20,0
185716,185716 (1998 SF35),1998-09-24,0
185851,185851 (2000 DP107),2000-02-29,1
185853,185853 (2000 ER70),2000-03-04,0
186822,186822 (2004 FE31),2002-04-04,0
186823,186823 (2004 FN32),2000-04-06,0
186844,186844 (2004 GA1),2000-04-12,1
187026,187026 (2005 EK70),2005-03-08,0
187040,187040 (2005 JS108),2002-12-07,1
188174,188174 (2002 JC),1991-05-16,0
188452,188452 (2004 HE62),1975-06-08,0
189008,189008 (1996 FR3),1993-04-26,0
189011,189011 Ogmios (1997 NJ6),1997-07-11,0
189040,189040 (2000 MU1),2000-06-24,1
189058,189058 (2000 UT16),1996-11-19,0
189062,189062 (2000 VA45),2000-11-02,0
189173,189173 (2002 XY4),2002-12-05,0
189263,189263 (2005 CA),1978-01-06,0
189552,189552 (2000 RL77),2000-09-06,0
189630,189630 (2001 LE6),1997-06-09,0
189700,189700 (2001 TA45),2001-09-25,0
189865,189865 (2003 NC),2003-07-01,1
189973,189973 (2003 XE11),2003-12-13,0
190119,190119 (2004 VA64),2004-11-10,0
190135,190135 (2005 QE30),2002-08-17,0
190161,190161 (2005 TJ174),1968-08-23,0
190166,190166 (2005 UP156),2002-11-24,0
190208,190208 (2006 AQ),2006-01-02,0
190491,190491 (2000 FJ10),2000-03-25,0
190758,190758 (2001 QH96),1994-09-10,0
190788,190788 (2001 RT17),2001-09-07,0
191094,191094 (2002 EA3),2002-02-21,0
192559,192559 (1998 VO),1998-11-10,1
192563,192563 (1998 WZ6),1998-11-23,1
192642,192642 (1999 RD32),1995-01-02,0
193178,193178 (2000 PK5),2000-08-04,0
194006,194006 (2001 SG10),2001-02-20,1
194126,194126 (2001 SG276),2001-09-26,0
194268,194268 (2001 UY4),2001-10-16,1
194386,194386 (2001 VG5),1987-10-02,0
196068,196068 (2002 TW55),2002-10-02,1
196256,196256 (2003 EH1),2003-03-06,0
196625,196625 (2003 RM10),1998-09-19,1
197588,197588 (2004 HE12),2000-09-21,1
198752,198752 (2005 EA60),1997-02-03,0
198856,198856 (2005 LR3),2005-06-04,0
199003,199003 (2005 WJ56),2005-11-29,1
199145,199145 (2005 YY128),2005-11-30,1
199801,199801 (2007 AE12),1995-05-29,1
200754,200754 (2001 WA25),2001-11-27,0
200840,200840 (2001 XN254),1994-12-08,1
202411,202411 (2005 RC),1979-12-28,0
202435,202435 (2005 XH8),2005-12-01,0
202683,202683 (2006 US216),2005-11-06,1
203015,203015 (1999 YF3),1999-12-19,0
203217,203217 (2001 FX9),2000-12-04,0
203471,203471 (2002 AU4),1994-01-07,0
204131,204131 (2003 YL),2002-03-06,0
204232,204232 (2004 DG2),2002-01-06,0
205378,205378 (2001 BJ16),2001-01-01,0
205388,205388 (2001 DV8),2001-02-17,0
205744,205744 (2002 BK25),1995-02-04,0
206359,206359 (2003 QM47),2003-08-23,0
206378,206378 (2003 RB),2002-02-13,1
206910,206910 (2004 NL8),2001-05-24,1
207398,207398 (2006 AS2),2003-08-23,1
207945,207945 (1991 JW),1955-04-16,1
207970,207970 (1996 BZ3),1982-11-13,0
208023,208023 (1999 AQ10),1999-01-14,1
208115,208115 (2000 CT101),2000-02-04,1
208565,208565 (2002 CT11),2002-02-06,0
208617,208617 (2002 EB3),2002-02-20,0
209215,209215 (2003 WP25),2002-10-25,0
209924,209924 (2005 WS55),2002-07-26,0
210012,210012 (2006 KT1),2005-03-12,0
211871,211871 (2004 HO),1999-03-20,0
211914,211914 (2004 RM251),1987-09-29,0
212359,212359 (2006 EV52),2002-02-07,0
212546,212546 (2006 SV19),2003-12-21,1
213053,213053 (1998 WT30),1998-11-17,0
213869,213869 (2003 SG170),2003-09-20,0
214088,214088 (2004 JN13),1975-12-05,0
214869,214869 (2007 PA8),2002-07-13,1
215167,215167 (2000 EL26),2000-03-05,0
215188,215188 (2000 NM),2000-07-02,0
215442,215442 (2002 MQ3),2002-06-30,0
215588,215588 (2003 HF2),2002-05-10,1
215757,215757 (2004 FU64),1999-04-17,0
216115,216115 (2006 SU19),2006-09-18,1
216258,216258 (2006 WH1),2006-10-23,1
216523,216523 (2001 HY7),2001-04-15,1
216689,216689 (2004 HM1),1995-09-20,0
216707,216707 (2004 XP164),2003-06-28,0
216985,216985 (2000 QK130),2000-08-09,1
217013,217013 (2001 AA50),2001-01-04,0
217390,217390 (2005 CW25),2005-02-05,0
217430,217430 (2005 SN25),2001-10-26,1
217628,217628 Lugh (1990 HA),1960-09-24,1
217796,217796 (2000 TO64),2000-10-07,0
217807,217807 (2000 XK44),1975-07-16,0
217837,217837 (2001 LC),2001-06-01,0
218017,218017 (2001 XV266),2001-12-09,0
218863,218863 (2006 WO127),2002-08-16,0
219021,219021 (1991 LH),1991-06-14,0
219071,219071 (1997 US9),1997-10-19,0
219527,219527 (2001 QK142),1997-11-06,0
220124,220124 (2002 TE66),2002-10-05,0
220839,220839 (2004 VA),2003-07-27,1
220909,220909 (2005 EO1),2001-08-27,0
221455,221455 (2006 BC10),2006-01-23,1
221787,221787 (2007 VZ30),2000-02-27,0
221980,221980 (1996 EO),1996-03-15,1
222008,222008 (1998 QQ63),1987-10-20,0
222073,222073 (1999 HY1),1999-04-20,0
222165,222165 (2000 AX93),1999-12-10,0
222869,222869 (2002 FB6),2002-03-21,0
223456,223456 (2003 UB10),2001-09-26,0
224926,224926 (2007 DA41),2002-11-04,0
225312,225312 (1996 XB27),1996-12-12,0
225416,225416 (1999 YC),1999-11-27,0
225586,225586 (2000 WS67),2000-11-27,0
225900,225900 (2002 AF3),2001-12-23,0
226198,226198 (2002 UN3),1994-03-09,0
226219,226219 (2002 VT85),1988-09-17,0
226514,226514 (2003 UX34),1996-09-17,1
226554,226554 (2003 WR21),1990-10-24,1
228368,228368 (2000 WK10),2000-11-19,1
228502,228502 (2001 TE2),2000-12-24,0
228587,228587 (2002 AP7),2001-12-12,0
229007,229007 (2003 XF11),2003-12-13,0
229672,229672 (2006 WR1),2006-10-22,0
230089,230089 (2000 WP148),1997-12-24,0
230111,230111 (2001 BE10),2001-01-18,1
230118,230118 (2001 DB3),2001-02-16,0
230420,230420 (2002 PP6),2002-07-10,0
230549,230549 (2003 BH),2003-01-18,1
230599,230599 (2003 FJ1),2003-03-24,0
230979,230979 (2005 AT42),2004-12-20,0
231134,231134 (2005 TU45),2000-09-19,0
231792,231792 (2000 DH8),1995-02-26,0
231937,231937 (2001 FO32),2001-03-23,1
232368,232368 (2003 AZ2),2002-12-06,0
232382,232382 (2003 BT47),2003-01-31,0
232691,232691 (2004 AR1),2004-01-13,1
234061,234061 (1999 HE1),1999-04-18,0
234145,234145 (2000 EW70),2000-03-09,1
234341,234341 (2001 FZ57),1991-04-18,0
235086,235086 (2003 HW11),2003-04-03,0
235700,235700 (2004 TR13),2004-10-10,0
235756,235756 (2004 VC),1992-10-22,1
236716,236716 (2007 FV42),1991-09-05,0
237442,237442 (1999 TA10),1999-10-05,0
237551,237551 (2000 WQ19),2000-04-12,0
237805,237805 (2002 CF26),1998-02-24,0
238063,238063 (2003 EG),1996-03-17,0
238456,238456 (2004 RK),1986-10-02,0
239849,239849 (1999 VO11),1999-11-07,0
240320,240320 (2003 HS42),1998-09-22,0
241370,241370 (2008 LW8),1997-11-26,0
241596,241596 (1998 XM2),1952-08-20,0
241662,241662 (2000 KO44),2000-05-30,0
242147,242147 (2003 BH84),2003-01-25,0
242187,242187 (2003 KR18),1985-09-08,0
242191,242191 (2003 NZ6),2003-07-09,0
242211,242211 (2003 QB90),2003-08-26,0
242216,242216 (2003 RN10),2003-09-13,1
242450,242450 (2004 QY2),2004-08-20,1
242643,242643 (2005 NZ6),2005-07-03,1
242708,242708 (2005 UK1),2005-10-24,1
243025,243025 (2006 UM216),1954-01-31,0
243147,243147 (2007 TX18),1991-04-13,0
243298,243298 (2008 EN82),2000-03-06,0
243566,243566 (1995 SA),1991-03-07,1
244670,244670 (2003 KN18),2003-05-28,0
244977,244977 (2004 BE68),2004-01-27,1
246138,246138 (2007 OG3),1975-10-29,0
247156,247156 (2000 YH29),2000-12-23,0
247360,247360 (2001 XU),2001-12-07,1
247517,247517 (2002 QY6),2002-08-16,0
248083,248083 (2004 QU24),1993-04-18,0
248590,248590 (2006 CS),1996-06-20,0
248818,248818 (2006 SZ217),1997-08-03,0
248926,248926 (2006 WZ2),1998-03-20,0
249595,249595 (1997 GH28),1993-10-09,0
249615,249615 (1999 TB5),1999-10-02,0
249816,249816 (2001 FD90),2001-03-19,0
249886,249886 (2001 RY11),1992-08-03,0
250162,250162 (2002 TY57),2002-08-04,0
250458,250458 (2004 BO41),2004-01-19,0
250577,250577 (2005 AC),2004-12-15,0
250614,250614 (2005 GG),2005-04-01,0
250620,250620 (2005 GE59),2005-01-18,1
250680,250680 (2005 QC5),1978-09-24,1
250697,250697 (2005 QY151),2000-09-26,0
250706,250706 (2005 RR6),2005-09-04,1
251346,251346 (2007 SJ),1990-10-14,1
251722,251722 (1997 US2),1997-10-23,1
251732,251732 (1998 HG49),1998-04-27,0
252091,252091 (2000 UP30),2000-10-30,0
252373,252373 (2001 SA270),2001-09-26,0
252399,252399 (2001 TX44),2001-09-19,1
252558,252558 (2001 WT1),2001-11-15,0
252793,252793 (2002 FW5),2002-03-20,0
253062,253062 (2002 TC70),2002-10-02,0
253106,253106 (2002 UR3),2002-10-29,0
253586,253586 (2003 TX7),2003-10-14,0
253841,253841 (2003 YG118),2003-12-17,1
254417,254417 (2004 VV),2004-11-03,0
254419,254419 (2004 VT60),2001-11-12,0
255071,255071 (2005 UH6),2002-10-26,1
255501,255501 (2006 BG),2006-01-20,0
256004,256004 (2006 UP),2002-11-14,0
256412,256412 (2007 BT2),1993-10-09,0
256670,256670 (2007 XT58),1991-04-08,0
257744,257744 (2000 AD205),2000-01-08,0
257838,257838 (2000 JQ66),1984-03-29,0
258325,258325 (2001 VB2),2001-11-07,0
259221,259221 (2003 BA21),2002-02-06,0
259802,259802 (2004 BJ86),2004-01-29,0
260141,260141 (2004 QT24),1998-08-30,1
260277,260277 (2004 TR12),2004-10-07,0
261938,261938 (2006 OB5),2002-05-07,0
262623,262623 (2006 WY2),2006-11-17,0
263976,263976 (2009 KD5),1950-05-19,1
264308,264308 (1999 NA5),1999-06-22,0
264357,264357 (2000 AZ93),2000-01-07,1
264993,264993 (2003 DX10),2003-02-26,1
265032,265032 (2003 OU),2003-07-20,0
265187,265187 (2003 YS117),2003-12-27,0
265196,265196 (2004 BW58),2004-01-19,1
265482,265482 (2005 EE),2004-05-14,1
265661,265661 (2005 UB),2005-10-21,0
265962,265962 (2006 CG),2002-05-19,0
267131,267131 (2000 EK26),2000-03-04,1
267136,267136 (2000 EF104),2000-03-11,0
267221,267221 (2001 AD2),2001-01-02,1
267223,267223 (2001 DQ8),2001-02-16,0
267270,267270 (2001 RP17),1994-03-16,0
267337,267337 (2001 VK5),2001-11-11,1
267494,267494 (2002 JB9),2002-04-21,1
267720,267720 (2003 CA),2003-01-28,1
267729,267729 (2003 FC5),2002-08-16,1
267759,267759 (2003 MC7),1953-04-13,0
267940,267940 (2004 EM20),2004-02-19,0
269690,269690 (1996 RG3),1996-09-11,1
271480,271480 (2004 FX31),1990-06-22,0
274138,274138 (2008 FU6),2003-01-14,0
274855,274855 (2009 RB4),1990-07-27,0
275545,275545 (1998 UN1),1998-10-19,0
275558,275558 (1999 RH33),1985-02-28,0
275611,275611 (1999 XX262),1974-06-17,0
275677,275677 (2000 RS11),2000-09-02,1
275714,275714 (2000 YH4),2000-12-19,0
275792,275792 (2001 QH142),2001-08-22,0
275974,275974 (2001 XD),2001-12-02,0
275975,275975 (2001 XF1),2001-12-07,0
275976,275976 (2001 XV10),2001-11-11,0
276033,276033 (2002 AJ129),2002-01-15,1
276049,276049 (2002 CE26),2001-12-26,0
276111,276111 (2002 GM9),1997-05-01,0
276392,276392 (2002 XH4),2002-12-03,0
276397,276397 (2002 XA40),1995-10-15,0
276409,276409 (2002 YN2),2002-12-27,0
276468,276468 (2003 HQ32),2003-04-29,0
276660,276660 (2003 WB25),2003-11-05,0
276703,276703 (2004 BL11),2004-01-18,0
276732,276732 (2004 EV9),2003-06-24,0
276770,276770 (2004 HC),2004-04-16,0
276786,276786 (2004 KD1),2002-12-06,0
276891,276891 (2004 RH340),2004-09-15,0
277039,277039 (2005 CF41),2005-02-09,0
277127,277127 (2005 GW119),2001-05-24,0
277142,277142 (2005 LG8),2005-06-07,0
277279,277279 (2005 SA71),2005-09-30,0
277473,277473 (2005 WD1),2004-04-17,0
277475,277475 (2005 WK4),2005-11-27,1
277570,277570 (2005 YP180),2005-12-30,1
277616,277616 (2006 BN6),2002-09-27,0
277617,277617 (2006 BT7),2006-01-22,0
277810,277810 (2006 FV35),1995-04-01,0
277830,277830 (2006 HR29),2006-04-24,0
277958,277958 (2006 SP134),2003-09-26,0
278327,278327 (2007 HA59),2003-05-11,0
278381,278381 (2007 MR),2007-06-18,0
279744,279744 (1998 KM3),1998-05-24,1
279816,279816 (2000 JE5),2000-05-01,1
280136,280136 (2002 OM4),2002-07-17,0
280244,280244 Ati (2002 WP11),2002-11-24,0
280491,280491 (2004 MO7),2004-06-16,0
281070,281070 (2006 OY10),2006-07-21,0
281365,281365 (2008 CM116),2000-03-03,0
281375,281375 (2008 JV19),2008-05-08,1
283457,283457 (2001 MQ3),1951-11-05,0
283460,283460 (2001 PD1),2001-08-04,0
283729,283729 (2002 UX),2002-06-09,0
284114,284114 (2005 TZ51),2003-01-14,0
284422,284422 (2006 YD),2006-12-16,0
285110,285110 (1995 MA1),1953-12-06,0
285179,285179 (1996 TY11),1996-10-15,0
285263,285263 (1998 QE2),1998-08-19,1
285331,285331 (1999 FN53),1999-03-31,0
285339,285339 (1999 JR6),1999-05-10,0
285540,285540 (2000 GU127),2000-04-07,0
285567,285567 (2000 OM),1999-10-16,0
285571,285571 (2000 PQ9),2000-08-09,0
285625,285625 (2000 RD34),2000-09-01,0
285638,285638 (2000 SO10),2000-09-23,0
285818,285818 (2001 BZ39),2000-12-22,0
285838,285838 (2001 FA1),2001-03-17,0
285944,285944 (2001 RZ11),2001-09-10,0
285990,285990 (2001 SK9),2001-09-17,0
286079,286079 (2001 TW1),2001-10-09,0
286080,286080 (2001 TX1),2001-10-10,1
288592,288592 (2004 JW20),2004-05-15,0
288807,288807 (2004 RW164),2002-09-04,0
288914,288914 (2004 SX),2004-09-10,0
289227,289227 (2004 XY60),2004-12-14,0
289315,289315 (2005 AN26),2004-06-15,1
290772,290772 (2005 VC),2005-11-01,1
292165,292165 (2006 SC6),2002-09-17,0
292220,292220 (2006 SU49),2001-10-19,1
293054,293054 (2006 WP127),2002-12-03,0
293726,293726 (2007 RQ17),2007-09-09,0
294739,294739 (2008 CM),2008-02-02,1
296318,296318 (2009 EN2),2009-03-03,0
297274,297274 (1996 SK),1996-09-13,1
297300,297300 (1998 SC15),1998-09-23,1
297418,297418 (2000 SP43),2000-09-25,1
299582,299582 (2006 GQ2),2006-04-06,0
301011,301011 (2008 JO),2008-05-02,0
301844,301844 (1990 UA),1990-10-16,1
302010,302010 (2000 SH8),2000-09-21,0
302156,302156 (2001 SF286),2001-09-27,0
302169,302169 (2001 TD45),2001-10-14,1
302311,302311 (2002 AA),2002-01-03,0
302523,302523 (2002 KH3),2002-05-17,0
302591,302591 (2002 QE7),2002-08-18,0
302800,302800 (2003 AA),2003-01-01,0
302830,302830 (2003 FB),2002-11-30,0
302831,302831 (2003 FH),2003-03-23,1
302871,302871 (2003 HA22),2003-04-01,0
303174,303174 (2004 FH11),2001-09-23,0
303248,303248 (2004 QV16),2002-11-10,0
303250,303250 (2004 RU10),2004-09-07,0
303262,303262 (2004 RJ84),1997-09-01,0
303449,303449 (2005 BE2),2004-12-20,0
303450,303450 (2005 BY2),2004-12-10,1
303933,303933 (2005 VQ),1999-10-08,0
304088,304088 (2006 HX5),2006-04-20,0
304153,304153 (2006 OU10),2006-07-25,0
304293,304293 (2006 SQ78),2001-09-26,0
304330,304330 (2006 SX217),2001-10-19,1
304640,304640 (2006 WW1),2002-09-03,0
305090,305090 (2007 VQ4),1991-07-02,0
306367,306367 Nut (5025 P-L),1960-10-22,0
306383,306383 (1993 VD),1993-11-09,1
306431,306431 (1998 SR49),1998-09-29,0
306462,306462 (1999 RC32),1999-09-08,0
306523,306523 (1999 XR35),1999-12-07,0
306595,306595 (2000 GG147),2000-04-10,0
306918,306918 (2001 UQ11),2001-09-21,0
307005,307005 (2001 XP1),2001-12-08,1
307070,307070 (2002 AV31),2002-01-14,0
307161,307161 (2002 DY3),2001-11-27,0
307493,307493 (2002 XP90),2002-12-14,0
307564,307564 (2003 FQ6),2003-03-26,0
307918,307918 (2004 EU9),2004-03-06,0
308041,308041 (2004 TN),2004-10-04,0
308043,308043 (2004 TH10),2004-10-08,0
308127,308127 (2004 XM130),2004-12-14,0
308242,308242 (2005 GO21),2005-04-01,1
308635,308635 (2005 YU55),2005-12-24,1
308899,308899 (2006 SL198),2006-09-29,0
309203,309203 (2007 GG),2002-12-14,0
309214,309214 (2007 LL),2007-06-08,0
309662,309662 (2008 EE),2008-03-01,0
309728,309728 (2008 JF),2003-09-30,0
310402,310402 (1999 EE5),1999-03-15,0
310442,310442 (2000 CH59),2000-02-06,1
310560,310560 (2001 QL142),1974-10-14,1
310737,310737 (2002 QG24),2002-05-30,0
310842,310842 (2003 AK18),2003-01-07,0
311044,311044 (2004 BB103),2004-01-31,1
311066,311066 (2004 DC),2004-02-16,1
311321,311321 (2005 NP1),2005-07-03,0
311554,311554 (2006 BQ147),1992-02-01,0
311555,311555 (2006 BA148),2006-01-31,0
311925,311925 (2007 BF72),2002-04-02,0
312070,312070 (2007 TA19),2007-10-09,1
312473,312473 (2008 SX245),1998-06-23,0
312942,312942 (1995 EK1),1995-03-02,0
312956,312956 (1997 CZ3),1997-02-02,0
313276,313276 (2002 AX1),2002-01-06,0
313538,313538 (2002 YB12),2002-12-31,0
313548,313548 (2003 BL1),2003-01-23,0
313552,313552 (2003 BX33),2003-01-15,0
313809,313809 (2004 BH41),2004-01-22,0
314079,314079 (2005 CV25),2005-02-04,0
314082,314082 Dryope (2005 CZ36),2005-01-19,1
314212,314212 (2005 NJ1),2005-07-02,1
315020,315020 (2007 BG49),2002-01-12,0
315098,315098 (2007 EX),2007-03-10,0
315508,315508 (2008 AB31),2002-07-14,0
316695,316695 (1996 TE9),1996-10-13,0
317212,317212 (2002 CW46),2002-02-11,0
317255,317255 (2002 DJ5),2002-02-21,1
317643,317643 (2003 FH1),2003-03-24,0
317685,317685 (2003 NO4),2003-07-05,0
318050,318050 (2004 FC32),1996-03-16,0
318160,318160 (2004 QZ2),1954-02-26,0
318411,318411 (2005 AH14),2005-01-07,0
318450,318450 (2005 EJ),2005-03-01,0
319988,319988 (2007 DK),2002-01-27,0
320378,320378 (2007 UR3),2003-10-22,0
322652,322652 (1999 JO8),1999-05-13,0
322705,322705 (2000 DK8),2000-02-26,0
322756,322756 (2001 CK32),2001-02-13,0
322763,322763 (2001 FA7),1977-07-12,0
322775,322775 (2001 HA8),2001-02-04,0
322913,322913 (2002 CM1),2002-02-03,0
322966,322966 (2002 KF4),2002-05-08,0
323179,323179 (2003 HR32),2003-03-23,0
323300,323300 (2003 UD22),2003-10-23,0
325102,325102 (2008 EY5),2008-03-04,0
325395,325395 (2009 CQ5),2009-02-14,1
325769,325769 (2010 LY63),2002-11-30,0
326290,326290 Akhenaten (1998 HE3),1993-04-13,1
326291,326291 (1998 HM3),1998-04-21,0
326302,326302 (1998 VN),1998-10-16,0
326332,326332 (2000 GS146),2000-04-06,0
326354,326354 (2000 SJ344),2000-09-30,0
326386,326386 (2001 OA14),2001-07-01,0
326388,326388 (2001 QD96),2001-08-19,0
326683,326683 (2002 WP),2002-11-18,0
326732,326732 Nice (2003 HB6),2003-03-26,0
326742,326742 (2003 QN47),2003-08-21,0
326777,326777 (2003 SV222),2003-04-29,0
326946,326946 (2004 EN20),2004-03-15,0
327140,327140 (2005 EE224),2005-03-15,0
328059,328059 (2007 UB6),2005-03-10,0
329275,329275 (1999 VP6),1999-05-17,0
329291,329291 (2000 JB6),2000-04-29,0
329338,329338 (2001 JW2),2001-05-04,0
329340,329340 (2001 LM5),2001-06-13,0
329343,329343 (2001 QG96),2001-08-22,0
329390,329390 (2001 YP2),2001-11-25,0
329395,329395 (2002 AC),2001-11-12,0
329437,329437 (2002 OA22),2002-07-30,1
329520,329520 (2002 SV),2002-09-24,0
329571,329571 (2002 VC92),2002-11-13,0
329614,329614 (2003 KU2),2003-04-05,1
329669,329669 (2003 UD8),1976-06-29,0
329713,329713 (2003 WO7),2003-11-18,0
329770,329770 (2004 JA),2004-05-01,0
329774,329774 (2004 LE),2004-06-08,0
329915,329915 (2005 MB),2003-05-30,0
330233,330233 (2006 KV86),2006-05-26,1
330659,330659 (2008 GG2),2004-03-30,0
330809,330809 (2008 VK14),2008-11-08,0
330825,330825 (2008 XE3),2005-01-16,0
331471,331471 (1984 QY1),1984-08-27,0
331509,331509 (1999 YA),1999-12-16,0
331510,331510 (2000 AE6),1990-11-28,0
331769,331769 (2003 BQ35),2003-01-26,0
331792,331792 (2003 MT2),1998-01-28,0
331876,331876 (2004 CL),2004-02-07,1
331963,331963 (2004 XK35),2004-12-11,0
331990,331990 (2005 FD),2005-03-16,0
331999,331999 (2005 HA8),2005-04-17,0
332408,332408 (2007 MM13),2007-06-23,0
332446,332446 (2008 AF4),2002-06-01,1
332775,332775 (2009 VO24),2009-11-11,0
333284,333284 (1999 PJ1),1999-08-07,0
333311,333311 (2001 MR3),2001-06-21,0
333358,333358 (2001 WN1),2001-11-12,0
333478,333478 (2004 SD20),2004-09-21,0
333480,333480 (2004 TC10),2004-10-07,0
333510,333510 (2005 MD),2005-06-17,0
333521,333521 (2005 PO),2005-08-03,1
333555,333555 (2005 VY17),2002-11-03,0
333578,333578 (2006 KM103),2000-05-10,1
333707,333707 (2008 YT30),2001-12-24,0
333755,333755 (2010 VC1),2000-10-01,0
333888,333888 (1998 ST4),1998-08-18,0
333889,333889 (1998 SV4),1998-09-19,0
333908,333908 (1999 TN12),1999-10-10,0
334412,334412 (2002 EZ2),2002-03-09,0
334673,334673 (2003 AL18),2003-01-07,0
335746,335746 (2007 EJ26),2007-03-11,0
335758,335758 (2007 EM88),2007-03-15,0
337053,337053 (1996 XW1),1996-12-02,0
337069,337069 (1998 FX134),1998-03-20,0
337075,337075 (1998 QC1),1998-08-17,1
337084,337084 (1998 SE36),1998-09-26,0
337118,337118 (1999 TX2),1999-09-30,0
337119,337119 (1999 TK12),1999-10-10,0
337248,337248 (2000 RH60),2000-09-07,0
337252,337252 (2000 SD8),2000-09-20,0
337345,337345 (2001 KO20),2001-05-19,0
337557,337557 (2001 SF262),2001-09-21,0
337558,337558 (2001 SG262),2001-08-26,1
337866,337866 (2001 WL15),2000-07-31,0
338049,338049 (2002 NY31),2002-06-14,0
338172,338172 (2002 RV112),2002-09-07,0
338176,338176 (2002 RC118),2002-09-06,0
338292,338292 (2002 UA31),2002-10-31,0
338347,338347 (2002 XG4),2002-12-02,0
338567,338567 (2003 SJ84),2003-09-19,0
339492,339492 (2005 GQ21),1983-10-26,0
339714,339714 (2005 ST1),1991-10-02,0
339715,339715 (2005 SS4),1998-09-19,0
340048,340048 (2005 VT5),2005-11-06,0
340291,340291 (2006 CV),2006-02-03,0
340666,340666 (2006 RO36),2006-09-15,0
341050,341050 (2007 HZ),1984-04-05,0
341816,341816 (2007 YK),2002-12-14,0
341843,341843 (2008 EV5),2008-03-04,1
342866,342866 (2008 YU32),2008-12-31,1
343098,343098 (2009 DV42),1975-11-27,0
343158,343158 Marsyas (2009 HC82),2004-03-18,0
343166,343166 (2009 SO103),2000-09-27,0
344074,344074 (1997 UH9),1997-10-29,0
344076,344076 (1998 HJ3),1998-04-19,1
344133,344133 (2000 AD6),2000-01-04,0
344143,344143 (2000 JQ3),2000-03-29,0
344756,344756 (2003 VO2),2003-11-14,0
345646,345646 (2006 TN),2006-09-16,0
345705,345705 (2006 VB14),2006-11-15,0
345722,345722 (2007 BG29),2007-01-21,0
345813,345813 (2007 HX4),1998-04-22,0
345853,345853 (2007 PU11),1989-01-08,0
347634,347634 (2001 SW269),2001-09-21,0
347813,347813 (2002 NP1),2002-07-05,0
348304,348304 (2005 AN19),1997-01-10,0
348306,348306 (2005 AY28),2005-01-13,1
348314,348314 (2005 BC),2005-01-16,1
348400,348400 (2005 JF21),2002-11-19,1
348461,348461 (2005 SH19),2005-09-26,0
348595,348595 (2005 XE1),2005-12-04,0
348776,348776 (2006 KZ37),1993-12-10,0
349063,349063 (2006 XA),2006-12-01,0
349068,349068 (2006 YT13),2006-12-26,1
349074,349074 (2007 BM8),2002-12-05,0
349219,349219 (2007 SV11),2007-09-27,0
349507,349507 (2008 QY),1989-09-30,1
349925,349925 (2009 WC26),2007-09-22,0
349928,349928 (2009 WD106),2001-03-19,0
350462,350462 (1998 KG3),1998-05-22,0
350513,350513 (2000 BG19),2000-01-28,0
350523,350523 (2000 EA14),2000-03-03,1
350536,350536 (2000 QY69),2000-08-29,0
350713,350713 (2001 XP88),2001-12-14,0
350751,350751 (2002 AW),2001-12-17,1
350964,350964 (2003 BT35),2003-01-28,0
350988,350988 (2003 GW),2003-04-04,0
351278,351278 (2004 SB20),2004-09-21,0
351331,351331 (2004 XH29),2004-12-10,0
351340,351340 (2004 YC5),2004-12-20,0
351370,351370 (2005 EY),2005-03-01,0
351508,351508 (2005 RN33),2005-08-28,0
351545,351545 (2005 TE15),2005-10-04,0
351815,351815 (2006 OF15),2006-07-30,0
352102,352102 (2007 AG12),2007-01-13,1
352143,352143 (2007 LR32),2007-05-25,0
353190,353190 (2009 ST),1998-09-19,0
353938,353938 (1998 QR15),1998-08-17,0
353947,353947 (1999 CT8),1999-02-09,0
354030,354030 (2001 RB18),2001-07-13,0
354101,354101 (2001 YF1),2001-12-17,0
354127,354127 (2002 BP26),2001-11-19,0
354182,354182 (2002 DU3),2002-01-25,1
354332,354332 (2003 AD1),2003-01-02,0
354663,354663 (2005 LY19),2005-06-09,0
354713,354713 (2005 SG19),1996-04-17,0
354876,354876 (2006 BG55),2006-01-26,0
354952,354952 (2006 FJ9),1983-08-10,0
355046,355046 (2006 SO19),2002-12-08,0
355256,355256 Margarethekahn (2007 KN4),1995-11-23,0
355770,355770 (2008 RE80),1950-05-19,0
356285,356285 (2010 DE),2002-07-28,0
356394,356394 (2010 QD2),2007-02-19,0
356991,356991 (1998 QA1),1998-08-19,1
357005,357005 (1999 HA2),1999-04-20,0
357022,357022 (1999 YG3),1999-12-20,1
357024,357024 (1999 YR14),1999-12-31,1
357028,357028 (2000 EJ26),2000-03-04,1
357058,357058 (2001 OG25),2001-07-23,0
357311,357311 (2003 DC14),1953-12-07,0
357414,357414 (2003 XE),1976-10-23,0
357439,357439 (2004 BL86),2004-01-30,1
357594,357594 (2004 XL35),2002-06-10,1
357618,357618 (2005 EM30),2005-03-04,0
357621,357621 (2005 EG94),2005-03-08,0
357622,357622 (2005 EY95),2002-06-04,1
358453,358453 (2007 EH88),1994-03-06,0
358471,358471 (2007 NS4),2007-07-15,1
358744,358744 (2008 CR118),2003-03-07,1
359170,359170 (2009 CN5),2009-02-13,1
359242,359242 (2009 FT),2003-04-01,0
359369,359369 (2009 YG),2006-10-22,1
359592,359592 (2010 VA1),1999-10-08,0
360191,360191 (1988 TA),1988-10-05,1
360192,360192 (1991 FB),1991-03-12,0
360433,360433 (2002 JR9),2002-04-18,0
360502,360502 (2003 EO16),2003-03-09,0
361071,361071 (2006 AO4),1993-01-29,0
361123,361123 (2006 GW2),2001-09-19,0
361518,361518 (2007 FD),1982-08-13,0
361532,361532 (2007 HF44),2007-04-22,0
361538,361538 (2007 JZ20),2004-04-04,0
361611,361611 (2007 TY18),1997-04-08,0
361689,361689 (2007 VY7),2002-09-17,0
361754,361754 (2007 YV29),2002-04-11,1
361861,361861 (2008 ED69),2004-12-15,0
362310,362310 (2009 UM3),1956-03-10,0
363024,363024 (1998 OK1),1998-07-21,1
363027,363027 (1998 ST27),1998-09-24,1
363067,363067 (2000 CO101),2000-02-04,1
363069,363069 (2000 EV106),2000-03-11,0
363071,363071 (2000 GD147),2000-04-03,0
363075,363075 (2000 OG8),2000-07-23,0
363076,363076 (2000 PH6),2000-08-03,0
363084,363084 (2000 RD53),2000-09-06,1
363116,363116 (2001 GQ2),2001-04-14,1
363163,363163 (2001 SE286),2001-09-27,0
363267,363267 (2002 GS),2002-04-03,0
363298,363298 (2002 KL3),2002-05-18,0
363305,363305 (2002 NV16),2002-07-13,1
363344,363344 (2002 QC7),2002-08-19,0
363505,363505 (2003 UC20),1954-12-05,1
363599,363599 (2004 FG11),2004-03-23,1
363617,363617 (2004 KK17),2004-05-30,0
363626,363626 (2004 RA11),2004-09-08,0
363734,363734 (2004 XN50),2004-12-14,1
363790,363790 (2005 JE46),1984-06-22,1
363814,363814 (2005 ND7),2005-07-05,0
363831,363831 (2005 PY16),2005-08-01,1
364136,364136 (2006 CJ),2006-02-01,1
364762,364762 (2007 XC10),2007-12-05,0
364877,364877 (2008 EM9),2008-03-09,0
365014,365014 (2008 OX2),2008-06-11,1
365071,365071 (2009 AV),2009-01-02,1
365246,365246 (2009 NE),2000-08-04,0
365424,365424 (2010 KX7),2010-05-15,1
365449,365449 (2010 NJ1),2010-07-03,0
366470,366470 (2002 FD),2001-09-21,0
366615,366615 (2003 LO6),2003-06-10,0
366733,366733 (2004 BG121),2004-01-30,0
366746,366746 (2004 LJ),2004-06-09,1
366774,366774 (2004 TB18),2004-09-21,1
366833,366833 (2005 MC),2005-06-16,0
367248,367248 (2007 MK13),2007-06-21,1
367390,367390 (2008 MB5),2004-03-16,0
367525,367525 (2009 QZ6),2007-09-20,0
367638,367638 (2009 WR6),1997-02-03,0
367684,367684 (2010 OS22),2010-07-20,0
367789,367789 (2011 AG5),2008-10-03,1
367943,367943 Duende (2012 DA14),2012-02-23,0
368184,368184 (2000 RN77),2000-09-08,0
368203,368203 (2001 KO2),2001-05-21,1
368565,368565 (2004 FE5),2004-03-22,1
368664,368664 (2005 JA22),2005-05-06,0
368790,368790 (2005 XK8),2005-12-07,0
368949,368949 (2006 YN),2006-12-16,0
369057,369057 (2008 DK5),2008-02-28,1
369264,369264 (2009 MS),2009-06-19,1
369296,369296 (2009 SU19),2003-10-22,0
369452,369452 (2010 LG14),2010-06-04,0
369454,369454 (2010 NZ1),1997-09-02,0
369983,369983 (1998 QB28),1998-08-26,0
369984,369984 (1998 QR52),1998-08-28,0
369986,369986 (1998 SO),1998-09-16,0
370037,370037 (2000 SV20),2000-09-24,0
370061,370061 (2000 YO29),2000-12-28,0
370307,370307 (2002 RH52),2002-09-05,0
370688,370688 (2004 GD28),2004-04-13,0
370702,370702 (2004 NC9),2004-07-15,0
371336,371336 (2006 KD1),2006-05-20,0
371660,371660 (2007 CN26),2007-02-10,1
371973,371973 (2008 GE1),2008-04-04,0
373135,373135 (2011 SD173),1996-10-11,1
373393,373393 (1972 RB),1950-08-12,0
373428,373428 (1999 TC5),1999-10-04,0
373503,373503 (2001 CK42),2001-02-15,0
373579,373579 (2002 AW11),2002-01-09,0
374038,374038 (2004 HW),2004-04-18,1
374158,374158 (2004 UL),2001-09-18,1
374188,374188 (2005 AD3),2005-01-06,0
374267,374267 (2005 LW),2004-10-04,0
374449,374449 (2005 XD1),2005-12-04,0
374851,374851 (2006 VV2),2002-10-04,1
374855,374855 (2006 VQ13),1998-11-23,1
375054,375054 (2007 PF6),2007-08-08,1
375103,375103 (2007 TD71),2003-10-23,1
375505,375505 (2008 UN90),1998-11-17,0
375657,375657 (2009 CP5),2009-02-14,0
376707,376707 (1995 OO),1995-07-25,0
376729,376729 (1998 YB8),1984-01-03,0
376775,376775 (2000 HW23),1978-08-12,0
376778,376778 (2000 JY8),2000-05-04,0
376788,376788 (2000 RV37),2000-09-03,0
376848,376848 (2001 RY47),2001-09-15,0
376864,376864 (2001 TP103),2001-10-12,0
376879,376879 (2001 WW1),2001-11-18,0
376883,376883 (2001 XE1),2001-11-17,0
377097,377097 (2002 WQ4),1950-12-11,1
377732,377732 (2005 XJ8),2005-12-04,1
377972,377972 (2006 MF10),1996-04-18,0
378124,378124 (2006 VT2),2006-11-11,0
378160,378160 (2006 WX1),2006-11-19,1
378358,378358 (2007 LD),2007-06-07,1
378526,378526 (2007 VH186),2007-11-11,0
378610,378610 (2008 FT6),2008-01-20,0
378842,378842 (2008 TD4),2008-10-07,0
380128,380128 (1997 WB21),1997-11-26,0
380160,380160 (2000 JO78),1978-08-08,0
380188,380188 (2000 WC67),2000-11-21,0
380205,380205 (2001 CA32),2001-02-05,0
380321,380321 (2002 HF8),1995-05-29,0
380359,380359 (2002 TN30),1989-03-08,0
380455,380455 (2003 UL3),2003-10-16,0
380476,380476 (2003 YO1),1994-01-13,0
380524,380524 (2004 GY),2004-04-11,0
380636,380636 (2004 XN14),2004-12-10,1
380818,380818 (2005 YV128),2005-12-30,0
380929,380929 (2006 HU30),2006-04-25,0
380981,380981 (2006 SU131),2006-08-28,1
381181,381181 (2007 LV19),2007-06-15,0
381564,381564 (2008 UW5),2008-10-25,0
381677,381677 (2009 BJ81),2008-10-30,0
381906,381906 (2010 CL19),2001-01-25,1
381989,381989 (2010 HR80),2010-04-28,0
382395,382395 (1990 SM),1987-09-28,1
382406,382406 (1996 AJ1),1996-01-12,1
382459,382459 (2000 ST20),2000-09-23,0
382503,382503 (2001 RE8),2001-06-19,0
382625,382625 (2002 PC130),2002-07-15,0
382745,382745 (2003 CC),2003-02-01,1
382758,382758 (2003 GY),2003-04-05,1
382825,382825 (2003 XB22),2003-12-15,1
382875,382875 (2004 KE1),2004-04-21,0
383610,383610 (2007 JJ35),2007-05-14,0
385186,385186 (1994 AW1),1986-12-29,1
385252,385252 (2001 EB18),2001-03-01,1
385268,385268 (2001 RC12),2001-09-10,0
385343,385343 (2002 LV),2002-06-01,1
385402,385402 (2002 WZ2),2002-11-22,0
385423,385423 (2003 DE6),2003-02-06,0
385497,385497 (2004 DD),2003-12-25,0
385580,385580 (2004 XO14),1982-07-20,0
385605,385605 (2005 EJ225),2005-02-04,1
385843,385843 (2006 JY25),2006-05-06,0
386259,386259 (2008 EJ1),2008-03-02,0
386281,386281 (2008 RJ1),2008-09-04,0
386298,386298 (2008 SR7),2005-10-22,0
386454,386454 (2008 XM),2008-12-02,1
386504,386504 (2009 BP58),2002-11-07,0
386720,386720 (2009 XC2),1954-02-25,0
386847,386847 (2010 LR33),2001-03-26,1
387505,387505 (1998 KN3),1998-05-24,1
387648,387648 (2002 RT25),2002-08-14,0
387668,387668 (2002 SZ),2002-09-26,1
387717,387717 (2003 DN4),2003-02-06,0
387733,387733 (2003 GS),2003-04-04,0
387746,387746 (2003 MH4),2003-01-26,1
387793,387793 (2003 WL25),2003-11-20,0
387816,387816 (2004 FM17),2004-03-23,0
387871,387871 (2004 RD252),2004-09-15,0
388185,388185 (2006 CX10),2006-02-04,0
388188,388188 (2006 DP14),2006-02-23,1
388189,388189 (2006 DS14),2002-02-24,0
388468,388468 (2007 DB83),1996-10-09,0
388567,388567 (2007 QX14),1996-03-22,0
388798,388798 (2008 BU2),2008-01-19,0
388838,388838 (2008 EZ5),2005-08-27,0
388945,388945 (2008 TZ3),2008-10-06,1
389694,389694 (2011 QD48),2011-08-30,1
390522,390522 (1996 GD1),1996-04-15,0
390536,390536 (1999 KK1),1999-05-17,0
390725,390725 (2003 HB),2003-04-21,1
390929,390929 (2005 GP21),2005-04-04,1
391033,391033 (2005 TR15),2005-10-03,0
391151,391151 (2005 YY93),2005-12-22,0
391211,391211 (2006 HZ51),2001-10-14,1
391275,391275 (2006 SJ134),2004-04-13,0
391449,391449 (2007 FL1),2007-03-17,0
391451,391451 (2007 FE20),2007-03-23,0
391508,391508 (2007 RV17),2007-09-12,0
392211,392211 (2009 TG10),2000-02-26,0
392476,392476 (2011 GD3),2008-04-14,0
392704,392704 (2012 AE1),2003-03-31,0
393359,393359 (1998 ME3),1998-05-23,0
393569,393569 (2003 JC13),2003-05-07,0
393908,393908 (2005 UH3),2005-10-25,0
394130,394130 (2006 HY51),2006-04-26,0
394155,394155 (2006 QS),2002-10-31,0
394392,394392 (2007 EP88),2007-03-15,0
394783,394783 (2008 HD3),2008-04-28,0
395143,395143 (2010 CN1),2010-02-02,0
395207,395207 (2010 HQ80),2010-04-21,1
395289,395289 (2011 BJ2),2011-01-16,0
396593,396593 (2001 HC),2001-04-16,0
396730,396730 (2003 KX16),2003-05-29,0
396793,396793 (2004 JN2),2003-05-11,0
396794,396794 (2004 KT),2003-09-28,0
397237,397237 (2006 KZ112),2006-05-31,0
397326,397326 (2006 TC1),1953-03-09,0
397471,397471 (2007 LV),2002-04-10,0
397474,397474 (2007 PP6),2007-08-09,0
397847,397847 (2008 TA1),2003-08-21,0
398188,398188 Agni (2010 LE15),2001-07-02,1
399307,399307 (1991 RJ2),1991-09-08,0
399308,399308 (1993 GD),1993-04-15,0
399325,399325 (1999 GY5),1999-04-14,0
399433,399433 (2001 YK4),2001-12-23,0
399446,399446 (2002 GF1),2002-04-02,0
399457,399457 (2002 PD43),2002-08-07,1
399611,399611 (2004 BE11),2004-01-18,0
399774,399774 (2005 NB7),2001-12-18,1
401856,401856 (2000 KW43),2000-05-29,1
401857,401857 (2000 PG3),2000-08-01,0
401885,401885 (2001 RV17),2001-09-01,0
401925,401925 (2002 AT15),2002-01-12,0
401954,401954 (2002 RW25),2002-09-05,1
401998,401998 (2003 MO),2003-06-22,0
402267,402267 (2005 QE166),2002-04-03,0
403039,403039 (2008 AE),2001-08-22,0
403247,403247 (2008 XO2),2008-12-05,0
403775,403775 (2011 HS4),2002-06-01,1
404108,404108 (2012 SF51),1992-09-23,0
405189,405189 (2003 BO1),2003-01-14,0
405212,405212 (2003 QC10),2003-08-22,1
405427,405427 (2004 ST9),2004-09-17,0
405562,405562 (2005 OJ3),2002-03-12,0
405762,405762 (2005 YO180),2004-04-08,1
406213,406213 (2007 AB2),2007-01-10,1
406952,406952 (2009 KJ),2009-05-16,0
407324,407324 (2010 OB101),2010-07-18,0
407338,407338 (2010 RQ30),2002-09-14,0
407653,407653 (2011 QF3),1979-12-19,0
407656,407656 (2011 SL102),2001-10-15,0
408751,408751 (1987 SF3),1987-07-18,0
408752,408752 (1991 TB2),1991-09-15,0
408792,408792 (2000 GF2),2000-04-03,1
408869,408869 (2001 SD348),2001-07-10,0
408980,408980 (2002 RB126),2002-09-11,0
408982,408982 (2002 SP),2002-09-21,0
409204,409204 (2003 WX25),2003-11-21,0
409256,409256 (2004 HO1),2004-04-19,0
409266,409266 (2004 RK9),2004-09-07,0
409342,409342 (2004 XM35),2004-11-12,0
409836,409836 (2006 QY110),2006-08-30,1
409934,409934 (2006 UG64),2006-10-23,0
410088,410088 (2007 EJ),2007-03-09,0
410195,410195 (2007 RT147),2007-09-11,0
410622,410622 (2008 QF),2002-07-28,0
410627,410627 (2008 RG1),2008-09-04,1
410649,410649 (2008 SO),2008-09-21,0
410650,410650 (2008 SQ1),2004-01-18,0
410777,410777 (2009 FD),2009-02-24,0
410778,410778 (2009 FG19),2009-03-21,1
410832,410832 (2009 QO8),2009-08-18,0
411165,411165 (2010 DF1),2010-02-17,0
411201,411201 (2010 LJ14),2010-03-02,0
411280,411280 (2010 SL13),2004-08-13,0
411611,411611 (2011 QF14),1989-02-09,0
411655,411655 (2011 WW4),1995-08-01,0
412976,412976 (1987 WC),1987-11-21,0
412977,412977 (1990 UO),1990-10-22,0
412983,412983 (1996 FO3),1996-03-24,1
412995,412995 (1999 LP28),1999-06-14,0
413002,413002 (1999 VG22),1998-03-31,0
413021,413021 (2000 SY162),2000-09-28,0
413038,413038 (2001 MF1),1975-05-17,0
413091,413091 (2001 UV16),2001-10-23,0
413123,413123 (2001 XS1),2001-08-22,0
413192,413192 (2002 VY94),2002-11-14,0
413216,413216 (2003 MA),2001-05-26,0
413260,413260 (2003 TL4),2003-10-13,1
413421,413421 (2004 VA15),2004-11-05,0
413563,413563 (2005 TG45),2005-09-26,0
413577,413577 (2005 UL5),2005-10-27,1
413820,413820 (2006 QR89),2002-01-10,0
413989,413989 (2007 EL88),2007-03-14,1
414286,414286 (2008 OC6),2008-07-29,1
414287,414287 (2008 OB9),2008-07-29,1
414429,414429 (2009 DC43),1995-12-27,0
414532,414532 (2009 SM103),2009-09-25,0
414586,414586 (2009 UV18),2004-01-09,0
414746,414746 (2010 EH20),2010-03-06,0
414772,414772 (2010 OC103),2006-09-22,0
414800,414800 (2010 SV3),2010-08-13,0
414903,414903 (2010 XT45),1983-03-08,0
414960,414960 (2011 CS4),2011-01-16,0
414990,414990 (2011 EM51),2011-03-10,1
415027,415027 (2011 SG5),2011-09-18,0
415029,415029 (2011 UL21),1989-10-29,1
415267,415267 (2013 BQ45),2002-02-02,0
415710,415710 (1998 WC2),1998-10-29,0
415711,415711 (1998 WT7),1998-11-23,0
415713,415713 (1998 XX2),1998-12-08,1
415715,415715 (1999 AU23),1995-12-19,0
415745,415745 (2000 GV147),1993-04-15,1
415746,415746 (2000 JN10),1983-05-08,0
415949,415949 (2001 XY10),2001-12-11,0
415986,415986 (2002 AT5),2002-01-09,0
415987,415987 (2002 AE9),2001-12-28,0
416002,416002 (2002 BN),2002-01-19,0
416032,416032 (2002 EX11),2002-03-15,0
416071,416071 (2002 NV),2001-12-23,0
416151,416151 (2002 RQ25),2002-09-03,0
416186,416186 (2002 TD60),2002-10-05,0
416195,416195 (2002 TR190),2002-10-12,1
416217,416217 (2002 VD118),2002-11-14,0
416224,416224 (2002 XM90),2002-12-05,0
416231,416231 (2003 AJ73),2003-01-11,0
416283,416283 (2003 MM),2002-08-11,0
416567,416567 (2004 EB),1999-10-12,0
416584,416584 (2004 JB12),2004-04-16,0
416591,416591 (2004 LC2),2004-06-11,1
416675,416675 (2004 XJ3),2004-12-03,0
416680,416680 (2004 XD50),2004-12-12,0
416694,416694 (2004 YR32),2004-12-22,0
416801,416801 (2005 GC120),2005-04-12,1
416804,416804 (2005 GP128),2005-03-09,0
416851,416851 (2005 MM13),2004-01-13,0
417167,417167 (2005 WH57),2005-11-30,0
417201,417201 (2005 XM4),2005-12-04,0
417210,417210 (2005 XV77),2005-12-10,0
417211,417211 (2005 XL80),2005-12-08,1
417217,417217 (2005 YS),2005-12-21,1
417264,417264 (2006 AT2),2002-06-26,0
417419,417419 (2006 KL21),2006-05-23,1
417581,417581 (2006 VA3),2006-11-11,0
417612,417612 (2006 WQ29),2002-12-03,1
417634,417634 (2006 XG1),2006-12-11,1
417655,417655 (2006 YF13),2006-12-26,0
417816,417816 (2007 FA),2000-03-06,1
417871,417871 (2007 MB24),1989-07-01,1
417874,417874 (2007 NC5),2007-07-04,0
417949,417949 (2007 TB23),2007-10-03,1
418094,418094 (2007 WV4),2007-11-19,1
418135,418135 (2008 AG33),2003-09-27,1
418198,418198 (2008 CN70),2008-02-09,0
418233,418233 (2008 DV),2008-02-26,0
418265,418265 (2008 EA32),2008-03-10,0
418416,418416 (2008 LV16),2008-06-15,1
418797,418797 (2008 VF),2001-12-10,0
418846,418846 (2008 WJ60),2008-11-23,0
418849,418849 (2008 WM64),2008-11-24,1
418896,418896 (2009 AK15),2009-01-06,0
418900,418900 (2009 BE2),2009-01-16,0
418929,418929 (2009 DM1),2003-11-21,0
419022,419022 (2009 QF31),2009-08-26,0
419464,419464 (2010 CC180),2005-06-09,0
419472,419472 (2010 DW1),2002-08-29,1
419624,419624 (2010 SO16),2010-08-17,1
419829,419829 (2010 XK52),2010-12-10,0
419880,419880 (2011 AH37),2010-09-24,1
419922,419922 (2011 BJ24),2010-06-04,0
420048,420048 (2011 DL19),2010-12-06,0
420187,420187 (2011 GA55),2008-10-10,0
420210,420210 (2011 HF),2011-04-22,1
420262,420262 (2011 KD11),2011-05-25,0
420286,420286 (2011 RZ),2011-09-05,0
420302,420302 (2011 XZ1),1998-05-01,0
420591,420591 (2012 HF31),2000-02-12,0
420738,420738 (2012 TS),2010-09-15,0
422637,422637 (1985 WA),1985-10-14,0
422638,422638 (1994 CB),1994-02-03,0
422659,422659 (1998 LD),1998-06-03,0
422686,422686 (2000 AC6),2000-01-04,1
422699,422699 (2000 PD3),2000-08-01,1
422787,422787 (2001 WS1),1997-08-02,1
422977,422977 (2003 MV7),2003-06-29,0
423022,423022 (2003 TJ2),2003-10-06,0
423100,423100 (2004 BX1),2004-01-17,0
423210,423210 (2004 RD84),2004-09-10,0
423321,423321 (2005 ED318),2000-02-12,1
423709,423709 (2006 BQ6),2006-01-22,1
423747,423747 (2006 CX),2006-02-03,0
424089,424089 (2007 DU103),2007-02-25,0
424392,424392 (2007 YJ),2007-12-16,0
424482,424482 (2008 DG5),2001-03-28,1
424532,424532 (2008 EZ97),2008-03-15,0
424965,424965 (2009 AM15),2009-01-06,0
424969,424969 (2009 BT5),2006-01-06,0
425047,425047 (2009 QE8),2002-02-14,0
425250,425250 (2009 WG54),2009-11-23,0
425450,425450 (2010 EV45),2005-06-30,0
425713,425713 (2011 BK24),2011-01-28,0
425755,425755 (2011 CP4),2002-01-10,1
426071,426071 (2012 CD29),2012-02-13,0
426082,426082 (2012 DG31),1995-07-27,0
427499,427499 (2002 CZ58),2002-02-12,0
427621,427621 (2003 UN12),2003-10-21,0
427643,427643 (2003 VF1),2003-11-05,0
427684,427684 (2004 DH2),2004-02-17,0
427778,427778 (2005 BE),2005-01-16,0
428086,428086 (2006 NM),2006-07-03,0
428209,428209 (2006 VC),2006-11-01,1
428223,428223 (2006 WW),2006-11-17,0
428681,428681 (2008 JA8),2001-09-07,0
428694,428694 Saule (2008 OS9),2008-07-25,0
429073,429073 (2009 ND1),2005-11-12,0
429094,429094 (2009 SG2),2009-09-18,1
429382,429382 (2010 NW117),2004-01-18,0
429389,429389 (2010 PR10),2010-08-06,0
429584,429584 (2011 EU29),2011-03-08,1
429733,429733 Gilbertbaker (2011 LX10),2011-06-06,0
429736,429736 (2011 MB2),2000-04-04,0
429746,429746 (2011 SA16),2011-09-18,0
430439,430439 (2000 LF6),2000-06-03,0
430440,430440 (2000 OH),2000-07-21,1
430544,430544 (2002 GM2),2002-04-04,1
430552,430552 (2002 HU11),2002-04-22,0
430802,430802 (2004 XK4),2004-12-07,0
430804,430804 (2005 AD13),2005-01-09,1
431107,431107 (2006 GU),2006-01-31,0
431394,431394 (2007 FS35),1999-04-12,0
431698,431698 (2008 ES),2001-03-16,0
431760,431760 (2008 HE),2008-04-18,0
431775,431775 (2008 JO24),2003-03-24,0
431776,431776 (2008 JQ24),1998-10-29,0
432226,432226 (2009 HU2),2001-04-17,0
432509,432509 (2010 FF7),2010-02-28,0
432655,432655 (2010 XL69),2010-12-14,0
433303,433303 (2013 NX),2013-07-02,0
433939,433939 (1995 DW1),1995-02-25,0
433953,433953 (1997 XR2),1997-12-04,1
433960,433960 (1999 JU6),1999-05-12,0
433992,433992 (2000 HD74),2000-04-30,0
434007,434007 (2000 VH61),2000-11-01,0
434051,434051 (2001 UW16),2001-10-15,0
434053,434053 (2001 UP27),2001-10-28,0
434096,434096 (2002 GO5),2002-04-11,1
434154,434154 (2002 SL),2002-08-11,0
434188,434188 (2003 AD23),2002-12-14,1
434196,434196 (2003 HG2),2003-04-24,1
434313,434313 (2004 GP),2004-04-09,0
434326,434326 (2004 JG6),2004-05-11,1
434344,434344 (2004 RV10),2004-09-08,0
434500,434500 (2005 SB71),2005-09-30,0
434632,434632 (2005 WE),2005-11-20,0
434633,434633 (2005 WB1),2005-11-21,1
434677,434677 (2006 BZ7),2006-01-23,1
434734,434734 (2006 FX),2005-09-24,1
434740,434740 (2006 GZ),2006-04-02,0
434751,434751 (2006 HV57),2006-04-29,0
434786,434786 (2006 PW),2002-06-08,0
435058,435058 (2006 XG2),2006-12-12,0
435138,435138 (2007 GD49),2003-04-26,0
435159,435159 (2007 LQ19),2007-06-13,1
435302,435302 (2007 US6),1997-10-29,0
435404,435404 (2008 AT28),2008-01-10,0
435441,435441 (2008 DJ5),2005-01-17,0
435548,435548 (2008 QT3),2008-08-24,1
435730,435730 (2008 UK90),2007-08-15,0
436030,436030 (2009 JO2),2009-05-13,0
436035,436035 (2009 KJ22),2009-05-31,0
436037,436037 (2009 NJ),2009-07-11,0
436094,436094 (2009 SC229),2009-09-29,0
436116,436116 (2009 TB3),2009-10-12,0
436324,436324 (2010 GZ6),2002-11-02,0
436325,436325 (2010 GR7),2005-04-02,0
436329,436329 (2010 GX62),2010-01-16,1
436568,436568 (2011 HB53),2004-03-17,0
436654,436654 (2011 RR12),2003-01-15,0
436671,436671 (2011 SV71),2002-03-19,1
436724,436724 (2011 UW158),2011-10-25,1
436761,436761 (2012 DN),2012-02-16,0
436763,436763 (2012 FN52),2001-06-16,0
436764,436764 (2012 FB57),2002-10-10,0
436771,436771 (2012 JG11),2012-05-12,0
436774,436774 (2012 KY3),2012-05-16,1
436775,436775 (2012 LC1),2012-06-08,0
437316,437316 (2013 OS3),2013-07-16,0
437841,437841 (1998 HD14),1998-04-25,1
437844,437844 (1999 MN),1999-06-22,1
437846,437846 (1999 RJ27),1999-09-06,0
437879,437879 (2001 RX11),2001-09-08,0
437905,437905 (2001 XU30),2001-12-13,1
437908,437908 (2001 XW266),2001-12-09,0
437965,437965 (2003 AL73),2003-01-12,0
437994,437994 (2003 UL12),1998-04-23,0
438017,438017 (2003 YO3),2003-12-18,0
438105,438105 (2005 GO22),2005-04-05,1
438107,438107 (2005 GY110),2005-04-10,0
438116,438116 (2005 NX44),2005-07-10,0
438317,438317 (2006 JX),2006-05-04,0
438429,438429 (2006 WN1),2006-11-17,0
438430,438430 (2006 WL3),2006-11-19,0
438452,438452 (2007 AS12),2002-06-14,0
438661,438661 (2008 EP6),2008-03-05,1
438897,438897 (2009 WN),2002-06-21,0
438902,438902 (2009 WF104),2009-11-23,0
438908,438908 (2009 XO),2009-12-09,1
438955,438955 (2010 LN14),2010-06-06,1
438990,438990 (2010 SG13),2010-09-27,0
439313,439313 (2012 VE82),2012-11-12,1
439437,439437 (2013 NK4),2013-07-01,1
439854,439854 (1998 XA5),1997-01-13,0
439877,439877 (1999 XM141),1999-12-13,1
439889,439889 (2000 PG5),1994-07-04,0
439898,439898 (2000 TG2),2000-08-07,0
439908,439908 (2000 XH47),1998-07-03,0
440012,440012 (2002 LE27),2002-05-03,0
440212,440212 (2004 OB),2003-03-31,1
441058,441058 (2007 PH25),2007-08-12,0
441103,441103 (2007 SP6),1978-10-23,0
441304,441304 (2008 AU26),2007-12-30,0
441641,441641 (2008 WZ13),2008-11-20,1
441823,441823 (2009 QO5),2009-08-18,0
441825,441825 (2009 SK1),2009-09-17,0
441952,441952 (2010 LR68),2006-02-02,0
441987,441987 (2010 NY65),2010-07-14,1
442037,442037 (2010 PR66),2010-04-18,1
442177,442177 (2010 XC24),2010-12-07,0
442243,442243 (2011 MD11),2011-06-26,0
442523,442523 (2011 WU95),2011-11-30,1
442559,442559 (2012 AU10),2012-01-11,0
442605,442605 (2012 HY33),2001-12-15,0
442609,442609 (2012 KU42),2005-05-09,0
442742,442742 (2012 WP3),2010-03-22,0
443103,443103 (2013 WT67),2013-11-29,1
443104,443104 (2013 XK22),2013-12-14,0
443806,443806 (1998 FL3),1998-03-22,1
443837,443837 (2000 TJ1),2000-10-01,0
443880,443880 (2001 UZ16),2001-10-25,1
443923,443923 (2002 RU25),2002-09-05,0
443972,443972 (2003 TN1),2003-10-05,0
444004,444004 (2004 AS1),2004-01-13,1
444185,444185 (2005 SR1),2005-08-30,0
444193,444193 (2005 SE71),2005-09-30,1
444584,444584 (2006 UK),2006-10-17,1
444627,444627 (2006 WU),1981-03-01,0
444628,444628 (2006 WQ1),2006-11-18,0
444935,444935 (2008 CQ1),2005-05-19,0
445025,445025 (2008 NS1),2008-07-05,0
445267,445267 (2009 SD229),2009-09-29,0
445305,445305 (2010 DM56),2010-02-18,1
445775,445775 (2011 YA),2011-12-16,0
445830,445830 (2012 CL19),2012-02-11,0
445974,445974 (2013 BJ18),2013-01-16,1
446789,446789 (1998 FN9),1998-03-24,0
446791,446791 (1998 SJ70),1998-09-26,1
446804,446804 (1999 VN6),1999-10-16,0
446826,446826 (2001 PE1),2001-07-21,0
446833,446833 (2001 RB12),2001-09-10,0
446862,446862 (2001 VB76),2001-11-11,1
446924,446924 (2002 VV17),1992-10-02,0
446935,446935 (2002 XZ38),2002-12-06,0
446938,446938 (2002 YQ5),2002-12-15,0
446955,446955 (2003 SC11),2003-09-17,0
446963,446963 (2003 TK),2003-10-01,0
447221,447221 (2005 UO5),2005-10-27,0
447655,447655 (2006 WA),2006-11-16,0
447755,447755 (2007 JX2),2007-05-09,1
447795,447795 (2007 TH19),2007-10-08,0
447903,447903 (2007 XJ20),2005-10-28,0
447977,447977 (2008 CC119),2008-02-12,0
448003,448003 (2008 DE),2008-02-12,1
448628,448628 (2010 VF1),2010-11-02,0
448721,448721 (2011 BN24),2011-01-28,1
448724,448724 (2011 BB45),2011-01-30,0
448818,448818 (2011 UU20),2003-09-29,0
448972,448972 (2011 YV15),2001-12-10,0
449074,449074 (2012 FR62),2002-10-10,0
449089,449089 (2012 SC22),2012-09-19,0
449107,449107 (2012 VJ82),2002-07-08,0
450142,450142 (1998 XN2),1998-12-09,1
450143,450143 (1999 ED5),1999-03-13,0
450159,450159 (2000 JJ5),2000-05-01,0
450160,450160 (2000 RM12),2000-09-01,0
450185,450185 (2001 WJ2),2001-11-19,0
450203,450203 (2002 NA31),2002-06-21,0
450237,450237 (2002 XY38),2002-12-07,0
450238,450238 (2002 XN40),2002-12-10,0
450259,450259 (2003 WQ7),2003-10-23,0
450263,450263 (2003 WD158),2003-11-30,1
450270,450270 (2004 AE),2004-01-04,1
450293,450293 (2004 LV3),2004-06-12,1
450300,450300 (2004 QD14),2004-08-24,1
450648,450648 (2006 UC63),2006-10-21,0
450649,450649 (2006 UY64),2006-10-25,0
450779,450779 (2007 SE11),2007-09-20,0
450894,450894 (2008 BT18),1955-03-14,1
451003,451003 (2008 UD1),2008-10-03,0
451124,451124 (2009 KC3),2009-05-04,1
451157,451157 (2009 SQ104),2009-09-26,1
451217,451217 (2009 XE11),1997-12-26,0
451297,451297 (2010 TK54),2010-10-08,1
451370,451370 (2011 AK5),2011-01-08,1
451397,451397 (2011 EZ78),2011-03-15,0
452302,452302 (1995 YR1),1995-12-20,1
452307,452307 Manawydan (1997 XV11),1997-12-05,0
452313,452313 (1998 XR16),1998-12-15,0
452314,452314 (1999 LN28),1999-06-12,0
452334,452334 (2001 LB),2001-06-01,0
452376,452376 (2002 AC5),2002-01-08,1
452389,452389 (2002 NW16),2002-01-12,0
452397,452397 (2002 PD130),2002-07-20,0
452421,452421 (2002 VX99),2002-11-01,0
452474,452474 (2004 BG11),2004-01-18,0
452561,452561 (2005 AB),2005-01-01,0
452639,452639 (2005 UY6),2005-10-29,0
452807,452807 (2006 KV89),2006-05-28,1
453100,453100 (2007 WU4),2007-11-19,0
453309,453309 (2008 VQ4),2008-09-21,0
453563,453563 (2010 BB),2010-01-16,1
453687,453687 (2010 VY190),2010-05-17,0
453707,453707 (2010 XY72),2010-12-15,1
453729,453729 (2011 BO24),2008-04-25,1
453778,453778 (2011 JK),2011-05-01,1
454078,454078 (2012 VV93),2005-09-02,0
454094,454094 (2013 BZ45),2013-01-19,1
454100,454100 (2013 BO73),2013-01-22,1
454101,454101 (2013 BP73),2003-04-01,1
454177,454177 (2013 GJ35),2011-08-23,0
454266,454266 (2014 FM7),2008-10-01,0
455146,455146 (1993 FS),1993-03-19,0
455148,455148 (1994 UG),1994-10-28,1
455157,455157 (1997 YM3),1997-11-06,0
455176,455176 (1999 VF22),1999-11-10,1
455184,455184 (2000 ED14),2000-03-04,1
455185,455185 (2000 EB107),2000-03-09,0
455192,455192 (2000 QN130),2000-08-31,0
455193,455193 (2000 RJ60),2000-09-06,0
455199,455199 (2000 YK4),2000-12-19,0
455213,455213 (2001 OE84),2001-07-27,0
455299,455299 (2002 EL6),2002-03-10,1
455322,455322 (2002 NX18),2002-06-24,0
455407,455407 (2003 ER),2003-01-30,0
455415,455415 (2003 GA),2003-04-01,0
455426,455426 (2003 MT9),2003-06-30,0
455432,455432 (2003 RP8),2003-08-03,0
455550,455550 (2004 JO2),2004-05-12,0
455554,455554 (2004 MQ1),2004-06-17,0
455588,455588 (2004 RU331),2004-09-15,0
455591,455591 (2004 SV26),2004-09-22,0
455594,455594 (2004 SV55),2004-09-24,0
455659,455659 (2005 BO1),2005-01-17,0
455687,455687 (2005 EK94),2005-03-09,1
455736,455736 (2005 HC3),2005-04-16,0
455795,455795 (2005 SF),2005-09-21,0
455956,455956 (2005 VE),2005-11-01,0
456051,456051 (2006 AW),2006-01-05,0
456301,456301 (2006 SV134),2006-09-28,0
456536,456536 (2007 BA),2007-01-10,0
456537,456537 (2007 BG),2007-01-18,0
456618,456618 (2007 HB),2007-04-16,0
456651,456651 (2007 RT19),2002-10-09,0
456863,456863 (2007 VX7),2007-11-04,0
456898,456898 (2007 VG184),2007-11-11,0
456938,456938 (2007 YV56),2007-12-31,1
456946,456946 (2008 AF32),2008-01-13,0
456973,456973 (2008 BS2),2002-01-14,0
457059,457059 (2008 EG),2006-01-31,0
457212,457212 (2008 JR26),2008-05-13,0
457260,457260 (2008 RY24),1985-12-14,0
457647,457647 (2009 CZ),2009-02-03,0
457662,457662 (2009 DZ),2009-02-18,1
457663,457663 (2009 DN1),1990-08-20,0
457768,457768 (2009 KN4),2001-12-18,1
457912,457912 (2009 UW18),2006-11-19,0
458062,458062 (2009 YO),2009-12-18,0
458116,458116 (2010 DA),2010-02-16,1
458122,458122 (2010 EW45),1999-03-21,1
458135,458135 (2010 GE25),2010-04-01,0
458198,458198 (2010 RT11),2010-09-02,0
458368,458368 (2010 WJ),2010-11-17,0
458375,458375 (2010 WY8),2003-04-03,0
458418,458418 (2011 AM12),2011-01-08,1
458436,458436 (2011 AL52),2011-01-14,1
458452,458452 (2011 BR15),2002-02-06,0
458723,458723 (2011 KQ12),2011-05-22,1
458732,458732 (2011 MD5),2011-06-30,0
458745,458745 (2011 QY37),2007-08-08,0
458964,458964 (2011 WM2),2011-11-17,0
459046,459046 (2012 AS10),1980-10-05,0
459119,459119 (2012 BJ134),2012-01-19,0
459200,459200 (2012 DK61),2001-10-27,0
459386,459386 (2012 KJ11),2012-05-17,0
459451,459451 (2012 WG32),2002-11-17,0
459458,459458 (2012 XR134),1998-11-23,0
459462,459462 (2013 AY52),2006-04-21,0
459683,459683 (2013 MY5),2013-06-18,1
459872,459872 (2014 EK24),2014-03-04,0
461353,461353 (1999 LS7),1999-06-08,1
461365,461365 (2000 JF1),2000-04-27,0
461397,461397 (2001 SD170),2001-07-25,0
461501,461501 (2003 FT3),2003-03-25,0
461852,461852 (2006 GY2),2006-04-09,1
461912,461912 (2006 RG2),2006-09-14,0
462041,462041 (2007 DL8),2007-02-21,0
462238,462238 (2008 CN1),2008-02-02,1
462329,462329 (2008 JZ30),2008-05-14,0
462550,462550 (2009 CB3),2009-02-04,1
462559,462559 (2009 DD1),2009-02-19,0
462736,462736 (2010 BL2),2010-01-07,0
462775,462775 (2010 GY6),2010-04-06,0
462959,462959 (2011 DU),2011-02-22,1
463216,463216 (2012 DU30),2004-07-16,0
463257,463257 (2012 GG1),2002-03-15,0
463282,463282 (2012 HR15),2012-04-22,0
463360,463360 (2012 TU),2008-10-31,0
463380,463380 (2013 BY45),2010-04-06,0
463387,463387 (2013 CT82),2013-02-08,1
463664,463664 (2014 JY24),1991-05-14,0
464639,464639 (2000 PO30),2000-08-02,0
464797,464797 (2004 FZ1),2004-03-18,0
464798,464798 (2004 JX20),2004-05-15,0
464885,464885 (2005 LS3),1994-07-10,0
465098,465098 (2006 UQ217),2006-10-31,0
465166,465166 (2007 EL),1996-03-17,0
465402,465402 (2008 HW1),2008-03-30,0
465616,465616 (2009 EC),2009-03-01,0
465617,465617 (2009 EK1),2001-12-18,1
465633,465633 (2009 JR5),2005-08-03,1
465749,465749 (2009 WO6),2009-10-18,0
465824,465824 (2010 FR),2010-03-18,1
465826,465826 (2010 GA24),2010-04-04,1
465853,465853 (2010 RJ42),2010-09-05,0
465892,465892 (2010 UT7),2010-10-29,1
466053,466053 (2011 QF23),2011-08-26,0
466130,466130 (2012 FZ23),2012-03-23,1
466191,466191 (2012 KL45),2012-05-28,0
466507,466507 (2014 FK33),2014-03-25,0
466508,466508 (2014 GY48),2002-11-01,1
467309,467309 (1996 AW1),1996-01-14,1
467317,467317 (2000 QW7),2000-08-03,1
467335,467335 (2002 JA9),2002-05-05,0
467336,467336 (2002 LT38),2002-06-10,1
467347,467347 (2003 GR),2003-04-03,0
467351,467351 (2003 KO2),2003-05-22,1
467352,467352 (2003 KZ18),2003-05-31,0
467372,467372 (2004 LG),2004-06-09,0
467460,467460 (2006 JF42),2006-05-11,1
467475,467475 (2006 RG7),2006-09-15,0
467527,467527 (2007 LA15),2007-06-13,0
467609,467609 (2008 AV28),2007-12-19,0
467835,467835 (2010 SS3),2010-09-16,0
467917,467917 (2011 OP24),2011-07-28,0
467963,467963 (2012 JT17),2012-05-15,0
468004,468004 (2012 XD17),2012-12-05,0
468005,468005 (2012 XD112),2012-12-10,1
468117,468117 (2014 ED),2014-03-01,0
468446,468446 (2002 XX4),2002-12-05,0
468448,468448 (2003 LS3),2003-06-04,0
468452,468452 (2003 SD170),2003-09-22,0
468462,468462 (2004 BS102),2004-01-30,0
468468,468468 (2004 KH17),2004-05-29,1
468481,468481 (2004 TP20),2004-10-15,0
468540,468540 (2006 MD12),2006-06-20,0
468541,468541 (2006 QA31),2006-08-23,0
468583,468583 (2007 LS),2007-06-08,0
468681,468681 (2009 MZ6),2002-08-18,0
468684,468684 (2009 QY33),2003-03-24,0
468727,468727 (2010 JE87),2010-05-10,1
468730,468730 (2010 MN51),2010-06-23,0
468738,468738 (2010 TN54),2007-11-20,0
468741,468741 (2010 VM1),2010-11-02,0
468813,468813 (2012 OT5),2012-07-29,0
468837,468837 (2012 UP27),2012-09-23,0
468909,468909 (2014 KZ44),2014-05-24,0
468910,468910 (2014 KQ76),2002-07-18,1
469219,469219 Kamo`oalewa (2016 HO3),2004-03-17,0
469356,469356 (2001 DR8),2001-02-16,0
469373,469373 (2001 RQ3),2001-09-09,0
469445,469445 (2002 LT24),2002-06-09,0
469494,469494 (2002 XS40),2002-11-30,0
469513,469513 (2003 QR79),2003-08-28,0
469634,469634 (2004 SZ19),2004-09-21,0
469722,469722 (2005 LP40),2005-06-14,0
469727,469727 (2005 NK1),2005-07-03,0
469737,469737 (2005 NW44),2005-07-10,0
469896,469896 (2005 WC1),2005-11-21,1
469929,469929 (2006 AK8),2001-01-05,0
470004,470004 (2006 MJ10),2006-06-22,0
470310,470310 (2007 LB15),2007-06-13,1
470510,470510 (2008 CJ116),2008-02-10,0
470585,470585 (2008 JQ14),2008-05-05,0
470594,470594 (2008 MN1),2003-07-01,0
470678,470678 (2008 SS251),2008-09-26,0
470864,470864 (2008 YV148),2008-12-21,0
470909,470909 (2009 DK46),2009-02-28,0
470951,470951 (2009 LS),2009-06-12,0
470975,470975 (2009 SC15),2002-11-06,0
471034,471034 (2009 TG8),2004-10-10,0
471083,471083 (2009 XF2),2009-12-12,0
471108,471108 (2010 CL1),2010-02-09,0
471240,471240 (2011 BT15),2007-07-30,1
471241,471241 (2011 BX18),2011-01-26,1
471323,471323 (2011 KW15),2011-05-26,1
471487,471487 (2011 VS5),2011-10-05,0
471926,471926 Jormungandr (2013 KN6),2013-05-28,0
471956,471956 (2013 SC25),2013-09-29,0
471984,471984 (2013 UE3),2013-10-24,0
472263,472263 (2014 RP12),2014-09-06,0
474158,474158 (1999 FA),1978-10-10,1
474163,474163 (1999 SO5),1999-09-29,1
474179,474179 (1999 VS6),1999-11-06,0
474223,474223 (2001 CC32),2001-02-12,0
474231,474231 (2001 HZ7),2001-04-21,1
474238,474238 (2001 RU17),2001-08-22,0
474425,474425 (2002 YF4),2002-12-27,0
474451,474451 (2003 SR15),2003-09-18,0
474474,474474 (2003 SJ215),2001-03-19,0
474532,474532 (2003 VG1),2003-11-05,0
474549,474549 (2003 WX153),2003-11-26,0
474554,474554 (2003 YQ94),2003-10-24,0
474574,474574 (2004 FG1),2004-03-17,0
474585,474585 (2004 HC2),2004-04-16,0
474611,474611 (2004 SB56),2004-09-25,0
474613,474613 (2004 TL19),2004-09-12,0
474674,474674 (2005 CZ6),2005-02-01,0
474706,474706 (2005 GC141),2005-04-12,0
475016,475016 (2005 UO),2005-10-23,0
475354,475354 (2006 CE),2004-09-12,0
475462,475462 (2006 SW5),1996-09-11,0
475534,475534 (2006 TS7),2006-10-11,1
475665,475665 (2006 VY13),2006-11-11,0
475950,475950 (2007 FE1),2007-03-17,0
475967,475967 (2007 JF22),2007-01-08,0
476093,476093 (2007 TC66),2007-10-12,0
476187,476187 (2007 UQ13),2002-10-30,0
476438,476438 (2008 EB9),2008-03-08,0
476601,476601 (2008 SE85),2008-09-28,1
476904,476904 (2008 WK32),2008-11-21,0
477051,477051 (2009 BD2),2001-04-16,0
477162,477162 (2009 ES),2009-03-02,1
477248,477248 (2009 SV),2000-10-02,0
477327,477327 (2009 TB8),2009-09-26,0
477465,477465 (2009 XZ1),2001-12-10,1
477490,477490 (2010 CG18),2010-01-19,0
477491,477491 (2010 CD19),2009-07-30,0
477492,477492 (2010 CG19),2010-02-14,0
477519,477519 (2010 DJ56),2003-03-07,1
477524,477524 (2010 EH43),2010-01-23,0
477588,477588 (2010 JD87),2010-05-07,0
477719,477719 (2010 SG15),2010-09-29,0
477762,477762 (2010 XZ67),2010-12-06,0
477885,477885 (2011 JT9),2007-11-11,0
478574,478574 (2012 TS78),2012-10-08,1
478784,478784 (2012 UV136),2012-10-22,0
479325,479325 (2013 TV5),2011-01-28,0
479345,479345 (2013 WY67),2002-11-16,0
480004,480004 (2014 KD91),2010-04-15,0
480808,480808 (1994 XL1),1994-12-09,1
480817,480817 (1998 SJ2),1998-09-18,0
480820,480820 (1998 VF32),1998-11-14,1
480822,480822 (1998 YM4),1998-12-19,1
480823,480823 (1998 YW5),1998-12-19,0
480824,480824 (1999 JO6),1999-05-10,0
480854,480854 (2001 AO2),2000-12-03,0
480856,480856 (2001 NZ1),2001-07-11,0
480858,480858 (2001 PT9),2001-08-11,1
480883,480883 (2001 YE4),2001-12-21,1
480885,480885 (2002 AC29),2001-12-24,0
480922,480922 (2002 XP37),2002-12-07,0
480927,480927 (2002 YZ3),2002-12-28,0
480934,480934 (2003 LX5),2003-04-01,0
480936,480936 (2003 QH5),2003-08-21,1
480984,480984 (2003 YR70),2003-12-22,0
481025,481025 (2004 VA1),2004-11-03,0
481027,481027 (2004 XN44),2004-12-13,0
481032,481032 (2004 YZ23),1986-02-08,0
481052,481052 (2005 HD4),2005-04-30,0
481127,481127 (2005 UJ6),2005-09-30,0
481327,481327 (2006 BB27),2006-01-07,1
481381,481381 (2006 OS5),2006-07-22,0
481394,481394 (2006 SF6),2006-09-17,1
481442,481442 (2006 WO3),2001-11-12,0
481457,481457 (2006 XD2),2006-11-17,1
481482,481482 (2007 CA19),2007-02-10,1
481532,481532 (2007 LE),2001-12-20,1
481542,481542 (2007 RF5),2007-09-05,0
481543,481543 (2007 RN7),2007-08-23,0
481775,481775 (2008 SX7),2008-09-21,0
481790,481790 (2008 TF4),2008-10-06,0
481817,481817 (2008 UL90),2008-10-26,1
481904,481904 (2009 BB11),2009-01-25,0
481918,481918 (2009 BE77),2009-01-30,0
481965,481965 (2009 EB1),2001-05-22,0
481984,481984 Cernunnos (2009 KL2),1996-09-18,0
481985,481985 (2009 KM7),1982-04-22,0
481989,481989 (2009 QB35),2002-08-15,0
482049,482049 (2009 XG8),2009-12-15,0
482054,482054 (2010 AE),2003-09-27,0
482055,482055 (2010 AH30),2010-01-10,0
482111,482111 (2010 NT1),2010-07-01,0
482228,482228 (2011 BH10),2011-01-22,0
482234,482234 (2011 CG71),2011-01-28,0
482244,482244 (2011 HR),2008-02-09,0
482250,482250 (2011 LL2),2011-06-05,1
482344,482344 (2011 WL15),2000-10-01,1
482391,482391 (2012 AN23),2012-01-01,0
482467,482467 (2012 LK9),2012-06-12,1
482488,482488 (2012 SW20),2012-09-18,1
482505,482505 (2012 TQ78),2012-10-06,0
482533,482533 (2012 UA34),2012-10-17,0
482562,482562 (2012 VN82),2006-10-21,0
482566,482566 (2012 WK4),2012-11-19,0
482650,482650 (2013 BK18),2013-01-16,1
482718,482718 (2013 ET9),2002-10-15,0
482766,482766 (2013 GF69),2013-04-10,1
482796,482796 (2013 QJ10),2002-11-07,1
482798,482798 (2013 QK48),2001-08-24,1
483408,483408 (1999 TZ4),1999-10-02,0
483422,483422 (2000 CE59),2000-02-04,1
483423,483423 (2000 DO1),2000-02-16,1
483432,483432 (2001 DF47),2001-02-17,1
483453,483453 (2002 AN11),2002-01-08,0
483459,483459 (2002 EM6),2002-03-12,0
483468,483468 (2002 JY8),2002-05-04,0
483471,483471 (2002 LS32),2002-06-10,0
483472,483472 (2002 NX),2002-07-05,0
483504,483504 (2002 XN14),2002-11-18,0
483506,483506 (2002 XU66),2002-12-12,0
483508,483508 (2003 CR1),2003-02-02,1
483509,483509 (2003 CH11),2003-02-04,0
483531,483531 (2003 UF22),2003-10-23,0
483547,483547 (2003 WM25),2003-10-22,0
483560,483560 (2004 BV1),2004-01-16,1
483563,483563 (2004 BD68),2004-01-26,0
483566,483566 (2004 BE85),2003-12-22,0
483656,483656 (2005 ES70),2005-03-09,0
483662,483662 (2005 EY223),2005-03-13,0
483856,483856 (2005 YV55),2005-12-28,0
483878,483878 (2005 YS165),2005-12-31,0
483989,483989 (2006 CY10),2006-02-09,1
484199,484199 (2006 WS1),2006-11-19,0
484402,484402 (2007 XH16),2007-12-08,1
484403,484403 (2007 XF25),2007-12-15,0
484462,484462 (2008 CM20),2008-02-08,0
484506,484506 (2008 ER7),2008-03-06,1
484517,484517 (2008 EC69),1994-05-04,1
484725,484725 (2008 XP2),2008-12-05,0
484757,484757 (2009 BL2),2009-01-18,0
484795,484795 (2009 DE47),2009-02-28,0
484850,484850 (2009 HF88),2009-04-30,0
484976,484976 (2009 UN3),2003-03-07,1
485051,485051 (2010 CM44),2010-02-13,0
485110,485110 (2010 HZ108),2010-04-25,0
485652,485652 (2011 WO41),2011-11-23,1
485823,485823 (2012 DF61),2010-07-26,0
485882,485882 (2012 FK35),2012-03-22,0
486001,486001 (2012 MR7),2012-06-23,0
486607,486607 (2013 KY1),1979-08-19,0
486692,486692 (2013 VC13),2002-02-09,0
486739,486739 (2014 EW24),2009-02-05,0
487577,487577 (2014 YQ15),2014-12-07,1
487580,487580 (2015 BA92),2003-02-01,0
487583,487583 (2015 FJ36),2010-06-26,0
488450,488450 (1994 JX),1994-05-03,0
488453,488453 (1994 XD),1994-12-01,1
488461,488461 (1996 FS1),1996-03-17,0
488465,488465 (1998 HK1),1998-04-01,0
488474,488474 (1999 HD1),1999-04-16,0
488486,488486 (1999 VQ6),1999-10-10,0
488490,488490 (2000 AF205),2000-01-08,1
488494,488494 (2000 JA3),2000-04-29,0
488509,488509 (2000 UW13),2000-10-27,0
488515,488515 (2001 FE90),2001-03-26,1
488579,488579 (2002 FQ4),2002-03-14,0
488580,488580 (2002 GK8),2002-04-13,0
488615,488615 (2002 SR),2002-09-14,0
488636,488636 (2002 WY12),2002-11-30,0
488640,488640 (2003 FR6),2003-03-28,0
488645,488645 (2003 OV),2003-07-21,0
488693,488693 (2003 WW87),1999-10-15,0
488698,488698 (2003 XV10),2003-12-11,0
488789,488789 (2004 XK50),2004-12-14,1
488803,488803 (2005 GB120),2005-04-12,0
489203,489203 (2006 JT),2006-05-03,0
489235,489235 (2006 QA58),2006-08-28,0
489337,489337 (2006 UM),2006-08-28,0
489453,489453 (2007 BX48),2007-01-24,0
489486,489486 (2007 GS3),2007-04-11,1
489885,489885 (2008 HY37),2008-04-29,0
489900,489900 (2008 KP),2008-05-27,0
490354,490354 (2009 FF19),2005-04-12,1
490581,490581 (2009 WZ104),2005-11-19,1
490636,490636 (2010 DP),2010-01-31,0
490684,490684 (2010 LL34),2004-05-13,0
490791,490791 (2010 VE1),2000-05-05,0
491007,491007 (2011 GL62),2000-04-28,0
491424,491424 (2012 ET14),2012-03-15,0
491565,491565 (2012 QF49),2003-03-22,0
491567,491567 (2012 RG3),2012-09-06,0
491842,491842 (2013 AB53),2002-02-13,0
492143,492143 (2013 OE),1990-09-15,0
492478,492478 (2014 NB39),2014-07-02,0
494658,494658 (2000 UG11),2000-10-21,1
494689,494689 (2004 JR),2004-05-09,0
494690,494690 (2004 JQ1),2004-05-11,1
494696,494696 (2004 RN335),2004-09-13,0
494697,494697 (2004 SW55),2004-09-24,1
494706,494706 (2005 GL9),2001-05-24,0
494710,494710 (2005 MO13),2001-06-30,1
494713,494713 (2005 OU2),2005-07-29,0
494880,494880 (2008 SQ7),2008-09-23,0
494975,494975 (2009 WO106),2009-11-26,0
494999,494999 (2010 JU39),2003-06-07,1
495021,495021 (2010 SH15),2010-09-29,0
495102,495102 (2011 UU106),2001-10-06,0
495168,495168 (2012 HC34),2002-10-19,0
495187,495187 (2012 VO76),2009-06-01,1
495222,495222 (2013 GU38),2013-04-07,0
495278,495278 (2013 RD32),2004-08-25,0
495316,495316 (2014 GD45),2011-09-21,0
495323,495323 (2014 JG78),2014-05-08,0
495331,495331 (2014 KF91),2011-10-21,0
495417,495417 (2014 SO143),2001-04-30,0
495511,495511 (2014 UD206),2014-10-31,0
495615,495615 (2015 PQ291),2015-07-13,0
495829,495829 (1995 LG),1995-06-06,0
495833,495833 (2000 SB8),2000-09-20,0
495848,495848 (2002 QD7),2002-08-20,0
495857,495857 (2003 MT),2003-06-23,0
495858,495858 (2003 MJ4),2003-06-27,0
495891,495891 (2004 VS60),2004-11-10,0
495930,495930 (2006 AR2),2006-01-05,0
495959,495959 (2007 ML6),2007-06-21,0
495960,495960 (2007 MT20),2007-06-24,0
496001,496001 (2007 VR183),2007-09-14,0
496005,496005 (2007 XJ16),2007-12-05,1
496013,496013 (2008 EL6),2008-03-05,1
496018,496018 (2008 NU),2008-07-01,0
496124,496124 (2010 EK12),2000-07-29,0
496174,496174 (2011 CQ4),2011-02-01,0
496230,496230 (2012 CL2),2012-02-01,0
496326,496326 (2013 LB1),1996-07-23,0
496327,496327 (2013 MY6),2002-07-17,0
496816,496816 (1989 UP),1989-10-27,1
496817,496817 (1989 VB),1989-11-01,1
496818,496818 (1993 RA),1993-09-10,0
496837,496837 (1998 SB15),1998-09-21,0
496860,496860 (1999 XL136),1999-12-12,1
496861,496861 (2000 BE19),2000-01-27,0
496869,496869 (2000 QU7),1994-04-02,0
496901,496901 (2001 HB),1998-04-19,1
496962,496962 (2002 GP186),2002-04-03,0
496981,496981 (2002 RP28),2002-09-05,0
497025,497025 (2003 QW30),2003-08-24,0
497094,497094 (2004 AH),2004-01-10,0
497096,497096 (2004 BW1),2004-01-16,0
497113,497113 (2004 EK1),2004-03-14,0
497117,497117 (2004 FU4),2004-03-19,1
497135,497135 (2004 QD20),2004-08-26,0
497174,497174 (2004 TK10),2004-10-08,0
497176,497176 (2004 TQ13),2004-10-09,0
497230,497230 (2005 CU25),2005-02-04,0
497232,497232 (2005 EF),2005-03-01,0
497236,497236 (2005 EJ94),2005-03-09,0
497245,497245 (2005 FH),2005-03-16,0
497626,497626 (2006 QT89),2006-08-29,0
498066,498066 (2007 RM133),2007-09-06,0
498068,498068 (2007 RT146),2002-10-31,0
498125,498125 (2007 TG15),2007-10-08,0
498143,498143 (2007 TR65),2007-10-12,0
498441,498441 (2008 AZ110),2004-06-10,0
498548,498548 (2008 GH110),2008-04-14,0
498550,498550 (2008 HV4),2008-04-30,0
498918,498918 (2009 BF),2009-01-16,0
499307,499307 (2009 WC52),2009-11-22,0
499490,499490 (2010 MW),2010-06-18,0
499496,499496 (2010 MR87),2003-04-27,0
499582,499582 (2010 TH19),2010-10-07,1
499672,499672 (2010 VK188),1981-10-25,0
499986,499986 (2011 NP),2011-07-03,0
499998,499998 (2011 PT),2011-08-01,0
500080,500080 (2011 WV134),2006-11-23,1
500094,500094 (2012 BC20),2012-01-21,0
500136,500136 (2012 CO46),2012-02-15,0
500749,500749 (2013 AP60),2013-01-09,0
500922,500922 (2013 PE26),2013-08-08,0
501243,501243 (2013 VG13),2000-09-03,0
501567,501567 (2014 NF63),2011-03-30,0
501647,501647 (2014 SD224),2014-08-15,0
501878,501878 (2014 WF365),2007-10-11,0
501934,501934 (2014 XT3),2002-02-06,0
503274,503274 (2015 QE9),2011-08-24,0
503277,503277 (2015 RT83),2002-07-29,0
503293,503293 (2016 AA9),2006-11-21,0
503861,503861 (1998 WZ1),1998-11-16,1
503865,503865 (1999 VM11),1999-11-06,0
503871,503871 (2000 SL),2000-05-04,0
503880,503880 (2000 YJ29),2000-12-23,0
503892,503892 (2001 UF18),2001-10-26,0
503911,503911 (2002 FD6),2002-03-21,0
503941,503941 (2003 UV11),1996-10-12,1
503960,503960 (2004 QF1),2004-08-19,0
503966,503966 (2004 RX109),2004-08-27,0
504025,504025 (2005 RQ6),2005-08-28,0
504033,504033 (2005 UN157),2005-10-29,0
504034,504034 (2005 UJ159),2005-10-30,1
504074,504074 (2006 AD),2006-01-01,0
504181,504181 (2006 TC),2006-10-01,0
504256,504256 (2006 VD13),2000-07-29,1
504392,504392 (2007 VO243),2007-11-15,0
504505,504505 (2008 MH1),2008-06-28,0
504680,504680 (2009 EO2),2009-03-05,1
504711,504711 (2009 SP171),2007-05-29,0
504800,504800 (2010 CO1),2010-01-07,1
504827,504827 (2010 KZ117),2010-05-18,0
504887,504887 (2010 WL),2003-12-19,0
504928,504928 (2011 CO2),2011-02-01,0
504994,504994 (2011 JU2),2011-05-03,0
505019,505019 (2011 QH21),2011-08-23,0
505093,505093 (2011 VQ5),2008-10-03,0
505169,505169 (2012 SQ56),2012-09-22,0
505178,505178 (2012 TV78),2002-10-11,1
505657,505657 (2014 SR339),2014-09-30,1
505667,505667 (2014 UV33),1998-02-23,0
506074,506074 Svarog (2015 UM67),2015-10-24,1
506425,506425 (2000 DQ110),2000-02-26,0
506437,506437 (2000 WL10),1983-11-06,0
506459,506459 (2002 AL14),1985-02-13,0
506491,506491 (2003 UW29),2000-12-29,1
506590,506590 (2005 XB1),2005-12-04,0
506732,506732 (2006 VW2),2006-11-11,1
506779,506779 (2006 YY2),2006-12-22,0
506859,506859 (2007 VW137),2007-11-08,1
506951,506951 (2008 KV28),2008-05-31,0
507355,507355 (2011 VV5),2011-11-03,0
507366,507366 (2011 XO3),2011-12-01,0
507422,507422 (2012 QB17),2012-08-23,0
507716,507716 (2013 UP8),2013-10-25,1
507847,507847 (2014 GM1),2002-05-30,0
508767,508767 (1993 BD2),1993-01-22,0
508772,508772 (1998 WP7),1998-11-23,0
508774,508774 (1999 JE1),1999-05-07,1
508786,508786 (2000 BL19),2000-01-30,0
508796,508796 (2000 KN44),2000-05-30,0
508861,508861 (2002 RN38),2002-08-18,0
508871,508871 (2003 CN17),2003-02-08,0
508905,508905 (2003 WX87),2003-11-21,0
508908,508908 (2003 YX1),2003-12-19,1
508912,508912 (2004 BB),2004-01-16,0
508918,508918 (2004 BG86),2004-01-28,0
508967,508967 (2004 VC17),2004-11-07,1
508997,508997 (2005 FL4),2005-03-30,0
509073,509073 (2005 UM5),2005-10-27,0
509102,509102 (2005 VB7),2005-11-12,0
509191,509191 (2006 OC5),2006-07-21,1
509192,509192 (2006 OD7),2006-07-24,0
509352,509352 (2007 AG),2007-01-08,1
509353,509353 (2007 AT2),2006-12-10,0
509456,509456 (2007 LF),2007-06-07,1
509505,509505 (2007 VL8),2007-11-05,0
509520,509520 (2007 WB),2005-01-19,0
509523,509523 (2007 XP3),2007-12-04,0
509569,509569 (2008 CJ70),2003-03-07,0
509821,509821 (2008 WQ63),2002-07-18,1
509935,509935 (2009 QL8),2009-08-20,1
510055,510055 (2010 FH81),2010-03-30,1
510073,510073 (2010 JF88),2010-05-14,0
510160,510160 (2010 XO56),2010-12-11,0
510190,510190 (2011 CX7),2002-01-09,0
510238,510238 (2011 FC29),2010-07-05,0
510262,510262 (2011 HJ61),2006-06-17,0
510529,510529 (2012 EY11),2001-03-19,1
511002,511002 (2013 MZ5),2013-06-18,0
511008,511008 (2013 PX6),2010-01-12,1
511064,511064 (2013 TH5),1997-01-10,0
511137,511137 (2013 XM24),2013-12-13,0
511243,511243 (2014 BS32),2010-03-20,0
511520,511520 (2014 QW296),1980-07-11,0
511523,511523 (2014 QS439),2014-08-31,0
511600,511600 (2015 AZ245),2014-11-26,0
511684,511684 (2015 BN509),2005-12-03,1
511777,511777 (2015 EZ),2004-10-20,0
511808,511808 (2015 FH120),2015-03-26,0
512234,512234 (2015 VO66),2014-12-09,1
512242,512242 (2015 XZ261),2001-12-19,0
512244,512244 (2015 YE18),2015-12-31,0
512245,512245 (2016 AU8),2013-01-03,0
513125,513125 (1997 GC32),1997-04-14,0
513126,513126 (1998 QP),1998-08-17,1
513138,513138 (2002 CY58),2002-02-03,0
513163,513163 (2003 YT124),2003-12-28,0
513165,513165 (2004 CK39),2004-02-14,0
513170,513170 (2004 KH15),2004-05-24,0
513171,513171 (2004 MD6),2004-06-23,1
513181,513181 (2005 BS27),2005-01-31,0
513182,513182 (2005 CV38),2005-02-09,0
513312,513312 (2007 DM41),2007-02-23,1
513358,513358 (2008 CA5),2008-02-06,0
513472,513472 (2009 CS5),2009-02-14,0
513489,513489 (2009 EV),2008-08-03,1
513497,513497 (2009 HB82),2009-04-23,0
513529,513529 (2010 CR1),2002-02-11,0
513550,513550 (2010 NG3),1976-08-27,0
513572,513572 (2010 VX39),2010-11-05,0
513711,513711 (2012 PC20),2009-11-18,0
513776,513776 (2013 AA2),2007-08-23,0
513916,513916 (2014 AR46),2013-12-11,0
514041,514041 (2014 MQ18),2004-03-28,0
514150,514150 (2015 KJ57),2015-05-18,1
514568,514568 (1994 RC),1994-04-07,1
514571,514571 (1996 RY3),1996-09-15,0
514596,514596 (2003 FG),2001-01-26,1
514597,514597 (2003 MD7),2003-06-29,0
514652,514652 (2005 SC71),2005-09-30,0
514846,514846 (2008 EQ7),2008-03-06,0
514914,514914 (2008 TN26),2008-10-09,0
515010,515010 (2009 SK2),2009-09-18,0
515049,515049 (2010 FL),2002-10-30,0
515082,515082 (2010 TM3),1981-10-25,0
515335,515335 (2013 AW60),2013-01-09,0
515446,515446 (2013 UG5),2013-10-25,0
515639,515639 (2014 MK27),2014-06-27,0
515742,515742 (2015 CU),2015-02-08,0
515767,515767 (2015 JA2),2015-05-13,1
516154,516154 (2016 CL32),2003-04-28,1
516155,516155 (2016 DP),2016-02-18,1
516396,516396 (2000 WY28),2000-11-20,0
516398,516398 (2001 HW15),2001-04-18,0
516420,516420 (2003 FS2),2003-03-25,0
516423,516423 (2003 JC11),2003-05-01,0
516428,516428 (2003 UR12),2003-10-21,0
516435,516435 (2004 FJ29),2004-03-29,0
516454,516454 (2005 FN4),2005-03-31,0
516457,516457 (2005 HM3),2005-04-20,0
516641,516641 (2008 GB110),2008-04-14,0
516734,516734 (2009 FG1),2009-03-17,0
516803,516803 (2010 JG88),2010-05-14,0
516868,516868 (2011 GC60),2011-04-08,0
516976,516976 (2012 HM1),2012-04-16,0
516984,516984 (2012 PN28),2010-07-07,0
516986,516986 (2012 QP10),2005-07-28,0
517046,517046 (2013 AA53),2002-02-13,0
517103,517103 (2013 EM20),1997-04-07,1
517681,517681 (2015 DE198),1953-03-08,1
517829,517829 (2015 RL82),2015-02-26,0
518424,518424 (2000 WK107),2000-11-28,0
518426,518426 (2002 ON4),2002-07-09,0
518440,518440 (2004 CL1),2004-02-11,0
518463,518463 (2005 JY80),2005-05-11,0
518469,518469 (2005 LH8),1979-05-28,0
518507,518507 (2006 EE1),2006-03-05,0
518635,518635 (2008 HO3),2008-04-29,0
518638,518638 (2008 JP14),2008-05-01,0
518640,518640 (2008 KZ5),2008-05-29,1
518646,518646 (2008 QD1),2005-09-04,0
518678,518678 (2008 UZ94),2008-10-28,1
518735,518735 (2009 JL1),2009-04-17,0
518737,518737 (2009 OO9),2009-07-30,0
518771,518771 (2009 WL1),2009-11-17,0
518810,518810 (2010 CF19),2010-02-14,1
518847,518847 (2010 DM),2000-05-03,1
519307,519307 (2011 EF15),2011-02-25,0
519354,519354 (2011 KR12),2010-06-13,0
519504,519504 (2012 EU14),2012-03-15,0
519824,519824 (2013 JY35),2013-05-13,0
520585,520585 Saci (2014 OA2),2014-07-23,0
520808,520808 (2014 TF64),2010-03-21,0
520862,520862 (2014 WG7),2014-10-03,0
522684,522684 (2016 JP),2016-05-02,1
523585,523585 (1998 MW5),1998-06-24,0
523586,523586 (1999 LK1),1999-06-04,0
523587,523587 (1999 VQ11),1999-11-08,0
523589,523589 (2001 HA4),2001-04-16,1
523590,523590 (2001 QC96),2001-07-27,0
523592,523592 (2001 SK276),2001-09-27,0
523593,523593 (2001 TZ1),2001-09-02,0
523594,523594 (2001 YO3),2001-12-18,0
523595,523595 (2002 OS4),2002-06-25,0
523596,523596 (2002 PH80),2002-08-12,0
523598,523598 (2003 ED50),2003-03-11,1
523599,523599 (2003 RM),2003-09-02,0
523600,523600 (2003 RC2),2003-09-02,0
523602,523602 (2004 LH),2004-06-09,0
523603,523603 (2004 QJ7),2004-08-23,0
523604,523604 (2004 QB17),2004-08-25,0
523605,523605 (2004 RX10),2004-09-08,0
523606,523606 (2005 CJ),2004-08-19,1
523607,523607 (2005 CS6),2005-02-02,0
523608,523608 (2005 EZ29),2005-03-04,0
523609,523609 (2005 PJ2),2005-07-27,1
523610,523610 (2005 TG),2005-10-01,0
523611,523611 (2005 UY5),2005-10-27,0
523612,523612 (2006 BH),2005-12-29,0
523613,523613 (2006 SJ198),2006-08-29,0
523614,523614 (2006 TH7),2006-09-21,0
523616,523616 (2007 LC15),2007-06-11,0
523619,523619 (2007 RX19),2007-09-14,0
523621,523621 (2007 TK8),2007-10-07,0
523623,523623 (2008 CB22),2008-02-08,1
523625,523625 (2008 DG17),2008-02-29,0
523626,523626 (2008 PH9),2008-08-06,0
523628,523628 (2008 RT26),2008-09-07,0
523630,523630 (2009 OG),2009-07-17,1
523631,523631 (2009 SX1),2002-08-11,0
523632,523632 (2009 UX17),2009-10-22,0
523633,523633 (2009 XR2),2000-11-30,0
523636,523636 (2010 EX119),2010-03-13,0
523637,523637 (2010 LT108),2010-06-13,0
523638,523638 (2010 MQ1),2010-02-19,0
523641,523641 (2010 RO82),2010-09-10,0
523648,523648 (2010 WP8),2007-12-20,0
523650,523650 (2011 GQ61),2011-04-04,1
523651,523651 (2011 GA62),2011-04-11,0
523654,523654 (2011 SR5),2011-09-19,1
523656,523656 (2011 WO4),2011-11-17,1
523657,523657 (2012 DJ4),2012-01-19,0
523660,523660 (2012 KY41),2012-05-21,0
523661,523661 (2012 LF11),2012-06-14,0
523662,523662 (2012 MU2),2012-06-18,1
523663,523663 (2012 OZ),2012-07-18,0
523664,523664 (2012 OD1),2012-07-19,1
523665,523665 (2012 RF15),2012-09-13,0
523666,523666 (2012 RS16),2012-09-14,0
523667,523667 (2012 TM139),2012-10-10,0
523668,523668 (2012 UV27),2012-10-16,0
523669,523669 (2012 XS134),2012-12-10,0
523670,523670 (2013 EP41),2013-03-08,0
523679,523679 (2013 YB38),1994-01-19,0
523685,523685 (2014 DN112),2014-02-28,1
523694,523694 (2014 GF50),2014-04-08,0
523707,523707 (2014 JM25),2014-05-04,0
523728,523728 (2014 ON344),2014-07-28,0
523732,523732 (2014 PG51),2010-09-15,1
523737,523737 (2014 RC11),2014-09-01,0
523747,523747 (2014 US192),2004-09-24,0
523775,523775 (2014 YB35),2014-12-27,1
523779,523779 (2015 AX16),2000-02-12,0
523781,523781 (2015 BV92),2015-01-17,0
523786,523786 (2015 DP),2015-01-24,0
523788,523788 (2015 FP118),2015-03-21,1
523792,523792 (2015 MR101),2015-06-17,0
523795,523795 (2015 TQ178),1993-07-24,0
523796,523796 (2016 LE51),2016-06-11,0
523799,523799 (2017 DO36),1996-01-24,0
523801,523801 (1993 TQ2),1993-10-11,0
523802,523802 (1998 KH9),1998-05-22,0
523803,523803 (1999 RV2),1999-08-12,0
523804,523804 (2000 YF29),2000-11-25,1
523805,523805 (2001 QA143),2001-08-11,0
523806,523806 (2002 WW17),2002-11-18,0
523807,523807 (2003 LG),2003-06-02,0
523808,523808 (2007 ML24),2007-06-21,1
523809,523809 (2007 TV18),2007-10-09,0
523810,523810 (2008 RG98),2004-09-15,0
523811,523811 (2008 TQ2),2008-10-03,0
523812,523812 (2008 TY3),2008-10-06,0
523813,523813 (2008 VB1),2005-09-26,1
523814,523814 (2008 WN2),2008-10-24,1
523815,523815 (2009 HW44),2009-04-22,0
523816,523816 (2009 ST103),2000-09-27,1
523817,523817 (2009 TK),2009-10-08,0
523818,523818 (2010 SH13),2010-09-27,1
523819,523819 (2010 VB72),2010-11-08,0
523820,523820 (2011 GN44),2011-04-03,1
523821,523821 (2011 RF),2011-09-01,0
523822,523822 (2012 DG61),2012-02-28,0
523823,523823 (2015 BG311),2001-05-22,0
523824,523824 (2016 RO1),2015-01-17,0
523826,523826 (1990 UP),1990-10-24,0
523828,523828 (1992 BC),1992-01-24,0
523915,523915 (1997 VM4),1997-11-06,0
523934,523934 (1998 FF14),1998-03-20,1
523941,523941 (1998 HK49),1998-04-29,0
523945,523945 (1998 RN1),1998-09-14,0
523950,523950 (1998 SZ27),1998-09-21,1
523966,523966 (1998 YF10),1998-12-22,0
523967,523967 (1998 YR11),1998-12-23,0
523971,523971 (1999 AJ39),1999-01-15,0
523972,523972 (1999 CW8),1999-02-12,0
524150,524150 (2000 WJ10),2000-11-19,0
524196,524196 (2001 QP181),2001-08-31,0
524268,524268 (2001 TO48),2001-10-15,0
524391,524391 (2002 AD2),2002-01-07,0
524392,524392 (2002 AU5),2001-06-16,0
524459,524459 (2002 GA),2002-04-01,0
524471,524471 (2002 JW15),1996-05-07,0
524474,524474 (2002 KJ3),2002-04-13,0
524475,524475 (2002 KJ4),2002-05-22,1
524516,524516 (2002 UN),2002-10-22,0
524522,524522 Zoozve (2002 VE68),2002-11-11,1
524530,524530 (2002 XC91),2002-12-13,0
524536,524536 (2003 AO4),2003-01-05,0
524594,524594 (2003 NW1),2003-07-03,1
524597,524597 (2003 OQ13),2003-07-25,0
524599,524599 (2003 PC11),2003-08-05,0
524603,524603 (2003 QA31),2003-02-19,0
524974,524974 (2004 PX27),2004-08-10,0
525229,525229 (2004 UU1),2004-10-23,1
525231,525231 (2004 VB),2004-11-01,1
525234,525234 (2004 VB17),2004-11-07,0
525268,525268 (2004 XL14),2004-12-10,1
525319,525319 (2004 YU5),2004-12-20,0
525356,525356 (2005 BG14),2005-01-20,1
525364,525364 (2005 CL7),2005-02-03,0
525477,525477 (2005 FC3),2005-02-04,0
525484,525484 (2005 GL),2005-04-01,1
525498,525498 (2005 GE60),2003-01-24,0
525552,525552 (2005 JB),2005-05-03,0
526238,526238 (2005 YY36),2005-12-25,0
526449,526449 (2006 OH15),2006-07-31,0
526587,526587 (2006 TB),2006-10-01,1
526670,526670 (2006 UL217),2006-10-31,1
526742,526742 (2006 WR127),1993-12-11,0
526798,526798 (2007 AA9),2007-01-13,0
526825,526825 (2007 CK26),1995-08-29,0
526826,526826 (2007 CA27),2007-02-13,0
526878,526878 (2007 FE),2002-02-04,1
526898,526898 (2007 HR),2007-04-16,0
527115,527115 (2007 TD14),1996-10-08,0
527671,527671 (2007 WF55),2007-11-29,0
527715,527715 (2007 YQ56),2007-12-31,1
527841,527841 (2008 CR1),2008-02-03,0
527959,527959 (2008 EB32),2008-03-10,0
527977,527977 (2008 EY68),2008-03-11,0
528159,528159 (2008 HS3),2008-04-30,1
528284,528284 (2008 SW11),2008-09-25,0
528507,528507 (2008 UC95),2008-10-29,0
528609,528609 (2008 VU4),2008-11-07,0
528650,528650 (2008 WX32),2008-11-02,0
528756,528756 (2009 AS),2002-06-02,0
528804,528804 (2009 BJ58),2009-01-29,1
528807,528807 (2009 BL71),2009-01-30,0
528857,528857 (2009 CT),2009-02-02,0
528859,528859 (2009 CR5),2009-02-14,0
529032,529032 (2009 NA),2000-07-04,0
529366,529366 (2009 WM1),2009-11-17,1
529450,529450 (2010 AK),2010-01-06,0
529668,529668 (2010 JL33),1997-06-04,1
529670,529670 (2010 JT34),2010-05-07,0
529718,529718 (2010 KY127),2010-05-31,0
529720,529720 (2010 LM14),2010-06-02,0
529752,529752 (2010 MR),2010-06-16,0
529753,529753 (2010 MF1),2010-06-18,1
529819,529819 (2010 PM58),2010-08-01,0
529920,529920 (2010 TL117),2010-10-09,0
529951,529951 (2010 UD),2010-10-04,1
530085,530085 (2010 XC11),2010-12-03,1
530151,530151 (2011 AW55),2002-12-31,0
530520,530520 (2011 LT17),2011-06-09,1
530531,530531 (2011 OL5),2010-12-15,0
530743,530743 (2011 UA131),2011-10-23,0
530871,530871 (2011 WS2),2010-01-07,0
530938,530938 (2011 XE),2004-12-14,0
530940,530940 (2011 XE1),2011-12-03,0
530974,530974 (2012 BN11),2012-01-19,1
531060,531060 (2012 DJ61),2012-02-28,1
531277,531277 (2012 MM11),2012-06-24,1
531898,531898 (2013 BE18),2013-01-16,0
531899,531899 (2013 BE19),2013-01-18,1
531914,531914 (2013 BW76),2013-01-22,1
531944,531944 (2013 CU83),2013-02-10,1
532058,532058 (2013 GU68),2007-04-23,0
532874,532874 (2013 YZ13),2001-06-23,0
533011,533011 (2014 AY28),2014-01-04,1
533372,533372 (2014 GG17),2014-04-04,1
533541,533541 (2014 JU54),2014-05-07,0
533638,533638 (2014 KT86),2001-05-24,0
533671,533671 (2014 LJ21),2005-05-12,1
533722,533722 (2014 NE52),2014-05-06,1
533990,533990 (2014 QX266),2004-10-15,0
534676,534676 (2014 VK2),2014-10-26,0
535148,535148 (2014 XR6),2011-06-07,0
535221,535221 (2014 YN44),2014-12-29,0
535844,535844 (2015 BY310),2015-01-18,1
536531,536531 (2015 DV215),2014-10-07,1
537098,537098 (2015 GZ45),2015-04-13,0
537342,537342 (2015 KN120),2015-05-22,0
537395,537395 (2015 LG2),2002-01-10,1
537467,537467 (2015 ME54),2015-06-20,0
537686,537686 (2015 SA17),2015-09-25,0
537829,537829 (2015 XY378),2015-12-01,0
538085,538085 (2016 BO1),2016-01-08,0
538212,538212 (2016 CA136),2015-04-18,1
538644,538644 (2016 FA4),2016-03-18,0
538648,538648 (2016 FS6),2016-03-17,0
538979,538979 (2016 KE),2005-12-25,0
539063,539063 (2016 MK1),2004-04-05,1
539694,539694 (2016 TE93),2016-10-13,0
539856,539856 (2017 EV2),2017-03-05,0
539940,539940 (2017 HW1),2012-10-22,0
543319,543319 (2013 YE38),2013-12-28,0
545274,545274 (2011 FZ2),2011-03-25,0
549328,549328 (2011 GO27),2011-04-03,0
549459,549459 (2011 JX1),2011-05-02,0
549948,549948 (2011 WL2),2010-04-14,1
550271,550271 (2012 DP8),1998-02-23,0
551685,551685 (2013 HT15),2006-03-26,1
554126,554126 (2012 NP),2003-10-23,0
555122,555122 (2013 RF36),2013-09-05,0
558307,558307 (2015 AS45),2010-07-20,0
560563,560563 (2015 HH10),2013-04-09,0
564883,564883 (2016 TZ56),2016-10-10,0
564934,564934 (2016 WE1),2002-11-23,0
566540,566540 (2018 RW7),2013-05-12,0
567077,567077 (2019 LW1),2008-12-02,0
567092,567092 (2019 SJ10),2009-04-18,0
572822,572822 (2008 UC),2008-10-19,0
574660,574660 (2010 TM167),2010-10-14,0
576330,576330 (2012 PW),2012-08-06,0
576763,576763 (2012 UR136),2012-10-20,1
577723,577723 (2013 PF10),2010-08-20,0
580109,580109 (2015 BF4),2002-10-31,0
584604,584604 (2017 OD20),2013-08-26,0
584693,584693 (2017 QF17),2015-07-23,0
585185,585185 (2017 VT12),2015-07-24,0
585310,585310 (2017 YZ1),2012-10-17,1
585428,585428 (2018 NP1),2017-06-10,0
585734,585734 (2019 BA1),2013-07-18,0
591179,591179 (2013 EU9),2004-12-20,0
592968,592968 (2015 FV118),2003-03-24,0
594769,594769 (2017 XD62),2012-01-26,0
594913,594913 'Aylo'chaxnim (2020 AV2),2020-01-04,0
594936,594936 (2021 EX2),2002-03-12,0
594938,594938 (2021 GE13),2011-03-09,0
595116,595116 (2001 QE96),2001-08-21,0
597171,597171 (2006 UD63),2002-03-12,0
598001,598001 (2008 CZ21),2008-02-08,0
601696,601696 (2013 LV28),2013-06-10,0
601798,601798 (2013 RX80),1993-04-18,0
604197,604197 (2015 MO66),2015-06-21,0
605070,605070 (2016 BT39),2008-02-13,1
605489,605489 (2016 NW22),2010-11-01,0
605911,605911 Cecily (2016 XD1),2011-09-20,0
606367,606367 (2017 VB),2011-09-10,0
606438,606438 (2017 XK61),1976-05-29,0
606441,606441 (2017 YT5),2011-01-30,1
606605,606605 (2018 KV),2011-01-25,0
606702,606702 (2018 TO2),2011-09-23,0
606900,606900 (2019 JC47),2000-05-28,0
606908,606908 (2019 KB2),2002-09-15,0
606939,606939 (2019 SD3),2011-04-21,0
608017,608017 (2002 UZ30),2002-10-29,0
612012,612012 (1983 LC),1983-06-13,1
612013,612013 (1991 TF3),1991-10-02,0
612027,612027 (1995 FJ),1995-03-29,0
612050,612050 (1997 GL3),1997-04-07,1
612057,612057 (1998 FJ74),1998-03-31,0
612058,612058 (1998 HN3),1998-04-19,0
612061,612061 (1998 MR24),1987-05-30,0
612064,612064 (1998 QQ52),1998-08-18,0
612089,612089 (1999 FJ21),1999-03-22,0
612091,612091 (1999 HV1),1991-09-04,0
612094,612094 (1999 NW2),1999-07-13,0
612098,612098 (1999 RM45),1999-09-14,1
612103,612103 (1999 SK10),1999-09-30,0
612143,612143 (2000 BO28),1989-02-15,1
612152,612152 (2000 DV110),1982-04-20,0
612162,612162 (2000 LK),2000-06-01,0
612171,612171 (2000 QT7),2000-08-24,0
612197,612197 (2000 WP19),2000-11-21,0
612199,612199 (2000 WL63),2000-11-26,0
612202,612202 (2000 WO148),2000-11-29,0
612210,612210 (2001 BP61),2001-01-03,0
612227,612227 (2001 QC34),2001-08-17,1
612267,612267 (2001 SG286),2001-09-27,1
612324,612324 (2002 AR129),2002-01-12,0
612326,612326 (2002 CD14),2002-02-07,1
612337,612337 (2002 EY2),2002-02-24,1
612342,612342 (2002 FC),2002-03-16,1
612343,612343 (2002 FT6),2002-03-23,0
612346,612346 (2002 GQ5),2002-04-11,0
612348,612348 (2002 GZ8),2001-10-13,1
612356,612356 (2002 JX8),2002-05-04,1
612357,612357 (2002 JC9),2002-05-06,0
612358,612358 (2002 JE9),2001-05-30,1
612362,612362 (2002 JQ100),2002-05-12,0
612363,612363 (2002 KK3),2002-05-18,0
612364,612364 (2002 LE31),2002-01-12,0
612380,612380 (2002 PF43),2002-08-10,1
612383,612383 (2002 PO75),2002-07-22,0
612443,612443 (2002 RR25),2002-09-04,0
612472,612472 (2002 SQ),2002-09-21,0
612484,612484 (2002 TS67),2002-10-07,0
612509,612509 (2002 UK11),2002-10-28,1
612522,612522 (2002 VP69),2002-10-06,1
612529,612529 (2002 XP40),2002-12-06,0
612536,612536 (2003 AA3),2003-01-03,1
612541,612541 (2003 DA16),2002-08-23,0
612552,612552 (2003 KW16),2003-05-29,0
612556,612556 (2003 OA3),2003-07-20,0
612558,612558 (2003 OB4),2003-06-01,0
612563,612563 (2003 QA),2003-08-16,0
612589,612589 (2003 RW10),2003-09-14,0
612593,612593 (2003 SQ15),2003-09-18,0
612600,612600 (2003 SM84),2003-09-20,0
612608,612608 (2003 SD201),2003-09-26,0
612723,612723 (2003 YP17),2003-12-20,0
612750,612750 (2004 CP49),2004-02-14,0
612760,612760 (2004 EO20),2004-03-15,0
612777,612777 (2004 LU3),2004-06-12,0
612780,612780 (2004 MD),2004-01-16,1
612781,612781 (2004 MW2),2004-06-20,0
612786,612786 (2004 PJ2),1999-02-19,1
612800,612800 (2004 QC17),2001-12-15,0
612801,612801 (2004 QD17),2004-08-25,0
612813,612813 (2004 RF84),2004-09-10,1
612856,612856 (2004 TP1),2004-10-05,1
612901,612901 (2004 XP14),2004-12-10,1
612922,612922 (2005 BY1),2004-12-19,0
612924,612924 (2005 CL),2005-01-16,1
612929,612929 (2005 CR37),2005-02-08,0
612955,612955 (2005 GK),2005-04-01,0
612970,612970 (2005 HN3),2005-04-21,0
612982,612982 (2005 JU108),2002-10-15,0
612989,612989 (2005 LW39),2005-06-15,1
612991,612991 (2005 MX1),2005-06-21,0
613010,613010 (2005 OU1),2005-07-27,0
613014,613014 (2005 QS10),2005-07-03,0
613096,613096 (2005 TR45),2002-10-31,0
613217,613217 (2005 VC2),2005-06-08,0
613234,613234 (2005 VP118),2005-11-01,0
613286,613286 (2005 YQ96),2005-12-30,1
613291,613291 (2005 YX128),2005-12-30,0
613315,613315 (2006 AL3),2005-12-30,0
613397,613397 (2006 FE),2006-03-22,0
613398,613398 (2006 FK),2006-03-23,0
613400,613400 (2006 FH36),2006-03-31,0
613401,613401 (2006 FD51),2006-03-25,0
613403,613403 (2006 GB),2006-04-02,1
613420,613420 (2006 KR1),2006-05-20,0
613422,613422 (2006 KQ21),2006-05-23,0
613433,613433 (2006 KZ86),2006-05-27,0
613434,613434 (2006 KF89),2006-05-28,0
613439,613439 (2006 OZ),1993-10-20,0
613440,613440 (2006 OA5),1974-06-20,0
613450,613450 (2006 PY17),2006-08-15,1
613471,613471 (2006 RJ1),2006-09-12,0
613496,613496 (2006 SD6),2006-09-17,0
613512,613512 (2006 SK134),2001-09-27,0
613527,613527 (2006 SV189),2006-09-26,0
613569,613569 (2006 TU7),2002-09-09,1
613626,613626 (2006 UR216),2006-10-30,0
613676,613676 (2006 WE4),2006-11-21,0
613714,613714 (2007 DL41),2007-02-23,1
613726,613726 (2007 EF),2007-03-09,1
613763,613763 (2007 ML13),2007-06-22,0
613775,613775 (2007 RU12),2007-09-12,0
613814,613814 (2007 SR1),2007-09-18,0
613829,613829 (2007 TE66),2007-10-12,0
613862,613862 (2007 UY1),2007-10-18,0
613910,613910 (2007 WB5),2007-11-20,0
613913,613913 (2007 XB10),2007-12-05,0
613939,613939 (2008 CH116),2008-02-09,0
613940,613940 (2008 CZ118),1997-10-29,0
613949,613949 (2008 CC175),2007-01-27,0
613959,613959 (2008 EE68),2008-03-11,0
613964,613964 (2008 FN),1995-05-03,0
613985,613985 (2008 HA38),2003-10-29,0
613986,613986 (2008 JG),2008-05-01,1
613995,613995 (2008 NP3),2008-07-14,0
614088,614088 (2008 SW150),2008-09-29,0
614134,614134 (2008 TC4),2008-10-06,1
614266,614266 (2008 VN),1992-11-19,0
614313,614313 (2008 YR27),2008-12-07,0
614316,614316 (2008 YZ32),2008-12-31,0
614374,614374 (2009 CR2),1993-03-19,0
614406,614406 (2009 FV4),2002-03-12,0
614417,614417 (2009 HB),1994-11-10,0
614427,614427 (2009 JK1),2001-09-14,0
614433,614433 (2009 KK),2009-05-17,1
614449,614449 (2009 QB36),2002-10-11,0
614470,614470 Flordeneu (2009 ST19),1998-11-19,1
614478,614478 (2009 SN98),1999-02-18,0
614521,614521 (2009 UK),1984-12-22,0
614599,614599 (2010 AB78),2003-01-27,0
614603,614603 (2010 CM),2002-08-18,0
614643,614643 (2010 GH65),2001-09-15,0
614689,614689 (2020 XL5),2012-12-23,0
618348,618348 (2016 PN),2012-08-05,0
618350,618350 (2021 PS2),2012-12-09,1
619034,619034 (2005 JT108),2005-05-14,0
619106,619106 (2005 SQ),2005-09-22,1
619492,619492 (2004 KZ14),2001-11-12,0
619920,619920 (2006 KY86),2006-05-26,1
619926,619926 (2006 MA),2006-06-18,0
620000,620000 (2019 YS4),2010-02-16,0
620055,620055 (2003 BK47),2003-01-30,1
620056,620056 (2004 UR1),2004-10-23,1
620058,620058 (2006 GV2),2006-04-07,0
620059,620059 (2006 QS23),2002-08-23,0
620061,620061 (2006 UB64),2006-10-22,0
620062,620062 (2008 KD6),2008-05-29,0
620063,620063 (2009 DH39),2009-02-25,1
620064,620064 (2009 QD34),2009-08-26,0
620066,620066 (2010 SC41),2010-09-17,1
620067,620067 (2010 UE7),2010-10-27,0
620068,620068 (2010 VE),2010-10-01,0
620069,620069 (2011 FY2),2002-02-14,0
620070,620070 (2011 UA),2004-04-23,0
620071,620071 (2011 WN15),2011-11-22,1
620072,620072 (2012 BD124),2011-06-26,0
620073,620073 (2012 HO2),2012-04-19,0
620076,620076 (2013 UR3),1997-01-11,0
620077,620077 (2013 WR44),2013-11-26,0
620078,620078 (2014 HO4),2002-06-03,0
620079,620079 (2014 HO129),2014-04-25,0
620080,620080 (2014 HM178),2014-04-28,0
620082,620082 (2014 QL433),2014-08-29,1
620083,620083 (2014 SZ303),2014-09-19,0
620084,620084 (2014 WD201),2014-11-21,1
620085,620085 (2014 WG365),2014-11-25,1
620089,620089 (2015 FF120),2015-03-25,0
620090,620090 (2015 FP332),2013-01-17,0
620091,620091 (2015 FD341),2013-06-08,0
620092,620092 (2015 HB10),2015-01-23,1
620093,620093 (2015 YP10),2001-07-27,0
620094,620094 (2016 AJ193),2010-02-05,1
620095,620095 (2016 CB194),2004-01-31,1
620096,620096 Curupira (2016 HL),2011-05-30,1
620097,620097 (2016 HD19),2016-04-29,0
620098,620098 (2016 JG18),2016-05-01,0
620099,620099 (2016 OP5),2016-06-01,1
620100,620100 (2016 WJ1),2003-07-04,1
620101,620101 (2017 MW7),2011-07-25,0
620102,620102 (2017 QM18),2012-12-12,0
620103,620103 (2018 LC3),2014-11-09,1
620104,620104 (2018 LG5),2011-07-28,0
620105,620105 (2018 YS),2012-02-14,0
620106,620106 (2020 HP8),2012-02-24,0
620107,620107 (2020 XK7),2014-12-12,1
620108,620108 (2021 AX7),2010-11-11,0
620844,620844 (2006 SA7),2006-09-17,0
621890,621890 (2011 PO1),2011-08-04,1
621911,621911 (2011 SB16),2011-09-19,0
622484,622484 (2014 BY32),2014-01-25,0
622577,622577 Miorita (2014 LU14),2014-06-02,0
622591,622591 (2014 MM55),2011-01-29,0
623769,623769 (2018 RA5),2009-09-17,0
625646,625646 (2006 GX2),2006-04-09,0
625788,625788 (2006 SA6),2006-09-16,0
625991,625991 (2006 UL185),2006-10-28,0
627157,627157 (2008 OX1),2008-07-26,1
627523,627523 (2008 XE2),2008-12-04,0
628250,628250 (2014 QL390),2005-10-07,0
651565,651565 (2013 CL89),2006-01-06,0
654647,654647 (2015 CN62),2005-12-30,0
657084,657084 (2016 GT220),1992-08-21,1
658883,658883 (2017 XD),2005-03-11,0
659609,659609 (2019 SZ2),2008-12-30,0
659952,659952 (2021 US11),2007-09-04,0
659955,659955 (2022 AC30),2005-01-18,0
660096,660096 (1998 SL36),1998-09-24,1
660483,660483 (2001 VC76),2001-11-14,0
660599,660599 (2002 JD109),2002-05-15,0
661492,661492 (2004 TX37),2003-09-29,0
662203,662203 (2005 WR2),2005-11-23,0
662390,662390 (2006 BN55),2005-07-12,0
662564,662564 (2006 JF),2005-05-13,0
663005,663005 (2006 WU29),2006-11-22,0
663216,663216 (2007 DK8),2007-02-17,0
663491,663491 (2007 RT9),2007-09-10,0
663927,663927 (2007 YO56),2007-12-30,0
664078,664078 (2008 DL5),2008-02-28,0
664220,664220 (2008 GV3),2008-04-07,0
665151,665151 (2009 AH16),2009-01-15,0
665250,665250 (2009 CA2),2009-02-03,0
665326,665326 (2009 EF3),2009-03-15,0
665382,665382 (2009 HV44),2009-04-22,0
665390,665390 (2009 HD82),2009-04-24,0
665429,665429 (2009 KT21),2009-05-29,0
666220,666220 (2010 AO60),2010-01-15,0
666241,666241 (2010 BK2),2010-01-19,0
666332,666332 (2010 ED43),2010-03-13,0
666360,666360 (2010 FC6),1999-03-21,0
666673,666673 (2010 TJ7),2010-10-05,0
666729,666729 (2010 TV149),2002-06-15,1
666966,666966 (2010 XD11),2010-12-03,0
667255,667255 (2011 EG17),2011-03-06,1
667303,667303 (2011 FR29),2011-03-30,0
668499,668499 (2012 AB11),2012-01-14,0
668727,668727 (2012 FS62),2012-03-29,0
668779,668779 (2012 HO1),2012-04-18,0
668935,668935 (2012 OC1),2003-07-11,0
668949,668949 (2012 PP28),2012-08-14,1
669051,669051 (2012 SD22),2001-08-26,1
669555,669555 (2012 YQ1),2010-05-31,1
669608,669608 (2013 AW52),2013-01-06,0
670011,670011 (2013 EH89),2010-01-27,0
670246,670246 (2013 JE1),2000-04-10,0
670295,670295 (2013 LH16),2013-06-07,0
670610,670610 (2013 VK5),2013-11-04,0
670931,670931 (2014 DJ112),2014-02-28,0
671076,671076 (2014 FP47),2014-03-30,0
671243,671243 (2014 HR184),2001-06-15,0
671294,671294 (2014 JO25),2011-05-16,1
671970,671970 (2014 QO296),2014-08-20,1
672457,672457 (2014 UR116),2008-12-01,1
672531,672531 (2014 VU1),2014-11-09,0
672745,672745 (2014 WV363),2011-01-30,1
672881,672881 (2014 XG8),2014-12-12,0
673011,673011 (2015 AR45),2010-02-09,1
673566,673566 (2015 DE200),2015-02-23,0
673675,673675 (2015 FM34),2015-03-18,0
673677,673677 (2015 FF37),2002-04-09,0
673713,673713 (2015 FQ117),2015-03-22,1
674207,674207 (2015 MN66),2000-05-04,0
674590,674590 (2015 RH2),2015-08-21,1
674942,674942 (2015 TX143),2015-10-08,0
675214,675214 (2015 VR1),2015-11-02,0
675481,675481 (2015 XL128),1995-07-07,0
675603,675603 (2015 XE352),2015-12-06,1
675689,675689 (2015 YA10),2015-12-30,0
675797,675797 (2016 AX147),2001-08-23,0
676261,676261 (2016 EE156),2016-02-28,0
676362,676362 (2016 FG15),2016-02-06,0
676480,676480 (2016 GZ215),2016-02-11,0
677578,677578 (2017 AV3),2014-12-20,0
677579,677579 (2017 AF5),2016-01-18,0
677600,677600 (2017 BM6),2014-06-26,0
677781,677781 (2017 DV34),2014-07-31,0
678010,678010 (2017 FE101),2017-03-25,0
678263,678263 (2017 QP17),2017-08-20,0
678413,678413 (2017 SV20),2011-11-22,1
678715,678715 (2017 VV14),2017-01-31,1
678861,678861 (2017 YH),2016-12-05,0
678899,678899 (2018 AG2),2013-07-17,0
678927,678927 (2018 BP),2017-05-21,1
678964,678964 (2018 CC14),2012-01-03,0
678976,678976 (2018 EH4),2015-04-10,1
678989,678989 (2018 GY4),2010-02-17,0
679164,679164 (2018 VG8),2001-04-16,0
679337,679337 (2019 AQ4),2014-12-26,0
679420,679420 (2019 EV2),2011-03-26,0
679440,679440 (2019 GT2),2014-01-04,1
679648,679648 (2019 XS),2000-04-04,0
679655,679655 (2020 BS12),2010-06-07,1
679656,679656 (2020 BP13),2015-12-18,1
679657,679657 (2020 BE15),2016-02-10,0
679756,679756 (2020 KP1),2014-05-24,0
679757,679757 (2020 KW7),2015-02-23,0
679786,679786 (2020 QG3),2012-02-27,1
679814,679814 (2020 TH5),2013-09-03,1
679829,679829 Sucellos (2021 EC5),2008-10-25,0
679885,679885 (2021 NQ5),2014-04-25,1
679969,679969 (2022 PQ),2011-08-21,0
686964,686964 (2011 GM44),2006-05-28,1
688126,688126 (2012 JS17),2012-05-15,0
688841,688841 (2013 AV60),2013-01-09,0
690253,690253 (2014 DE80),2014-02-24,0
693691,693691 (2015 KJ157),2003-06-23,0
696314,696314 (2016 GN206),2012-03-27,0
696513,696513 (2016 NL56),2001-08-11,1
699726,699726 (2021 GR12),2012-05-18,0
706765,706765 (2010 TK7),2010-10-01,0
707657,707657 (2011 OV4),2011-07-25,0
709992,709992 (2013 LW28),2013-06-12,0
710271,710271 (2013 RK96),2011-09-07,0
712200,712200 (2014 SM143),2010-10-26,1
719002,719002 (2018 BN3),2009-12-16,0
719194,719194 (2018 PL23),2011-06-02,1
719979,719979 (2022 QK204),2009-09-24,0
723136,723136 (2006 NL),2006-07-02,0
723661,723661 (2007 ES),2007-03-09,0
726196,726196 (2009 UP1),2009-10-18,0
738442,738442 (2016 SG1),2009-09-28,0
741081,741081 (2005 LW3),2005-06-05,1
741126,741126 (2005 QN11),2005-07-03,0
741232,741232 (2005 TU50),2005-10-12,1
741491,741491 (2006 DU62),2006-02-25,1
741537,741537 (2006 HV5),2006-04-19,1
741640,741640 (2006 QE),2006-08-17,0
742415,742415 (2007 TS19),2007-10-10,1
742677,742677 (2007 VX137),2007-11-08,0
743213,743213 (2008 MR1),2001-11-18,0
743995,743995 (2009 BB),2009-01-16,0
744103,744103 (2009 CC3),2009-02-04,1
744281,744281 (2009 HD21),2009-03-24,1
744852,744852 (2010 BB3),2010-01-16,0
745227,745227 (2010 VG1),2010-11-03,1
745311,745311 (2010 XC15),2010-12-05,1
746190,746190 (2011 TG2),2011-10-03,0
746192,746192 (2011 TC4),2011-10-03,1
746333,746333 (2011 UC292),2002-10-30,0
746849,746849 (2012 HJ1),2012-04-16,1
747011,747011 (2012 PG6),2002-07-28,0
747127,747127 (2012 SN30),2008-10-03,0
747164,747164 (2012 TT),2012-10-04,0
748147,748147 (2013 GG69),2013-04-10,1
748258,748258 (2013 LL31),2000-04-11,0
748283,748283 (2013 NV6),2013-07-01,0
748318,748318 (2013 PV6),1951-08-10,0
748611,748611 (2013 TB80),2001-05-23,0
748940,748940 (2014 BD33),2013-06-25,0
749081,749081 (2014 EZ48),2014-03-12,0
749593,749593 (2014 NE3),2010-07-31,0
749629,749629 (2014 NF64),1980-07-12,0
749995,749995 (2014 QR295),2014-08-22,0
749996,749996 (2014 QK296),2014-08-22,0
750500,750500 (2014 VL6),2003-04-26,1
751530,751530 (2015 DV315),2012-04-14,0
751784,751784 (2015 GF27),2008-10-10,0
752033,752033 (2015 KQ154),2012-10-10,0
752296,752296 (2015 OX78),2015-06-28,0
752877,752877 (2015 TO237),2009-11-18,0
753099,753099 (2015 VL142),2006-02-28,0
753131,753131 (2015 WH13),2015-02-20,0
754217,754217 (2016 LS9),1998-11-15,0
755140,755140 (2017 AE5),2011-01-11,0
755902,755902 (2017 TV4),2004-04-24,1
755919,755919 (2017 UY5),2000-04-13,1
755963,755963 (2017 WH14),2002-10-01,0
756064,756064 (2018 DA1),2007-04-08,1
756065,756065 (2018 DH1),2015-01-23,1
756170,756170 (2018 PP10),2014-08-22,0
756248,756248 (2018 VV1),1996-01-25,0
756316,756316 (2018 XV5),1993-06-15,1
756327,756327 (2019 AN5),2013-02-15,1
756476,756476 (2019 NC1),2014-07-27,0
756519,756519 (2019 PG3),2010-10-16,0
756710,756710 (2020 GN3),2014-04-23,0
756769,756769 (2020 OG4),1974-06-22,0
756876,756876 (2020 VU6),2005-09-06,0
756880,756880 (2020 XD5),2011-09-25,1
756955,756955 (2021 MG1),2013-01-21,1
756956,756956 (2021 MP1),2010-11-15,0
756957,756957 (2021 NF1),2008-06-04,0
756958,756958 (2021 NS5),2012-05-19,0
756994,756994 (2023 PB),2010-05-14,0
756995,756995 (2023 QN),2012-07-30,0
756998,756998 (2024 CR9),2013-02-21,1
761121,761121 (2009 KK8),2009-05-28,1
762379,762379 (2011 CG2),2011-01-11,1
771893,771893 (2016 XO23),2011-07-25,1
775475,775475 (2006 UA),2006-10-16,0
776617,776617 (2008 CL1),2008-02-02,0
778852,778852 (2011 AM24),2010-11-05,1
779817,779817 (2012 AD3),2012-01-02,1
780896,780896 (2013 AU27),2013-01-07,0
781912,781912 (2013 UX14),2013-10-22,0
783796,783796 (2014 UU192),2014-10-30,0
784199,784199 (2015 AQ45),2015-01-14,0
784815,784815 (2015 FT118),2011-05-30,1
785648,785648 Likho (2015 RG36),2015-09-11,0
786229,786229 (2015 XD130),2006-11-18,0
786479,786479 (2015 YU7),2015-12-15,1
786484,786484 (2015 YE21),2015-12-17,0
787933,787933 (2016 NF),2016-07-01,0
788042,788042 (2016 PX66),2013-07-16,0
788283,788283 (2016 TF93),2002-04-21,0
789058,789058 (2017 MB1),2006-07-29,1
789529,789529 (2017 SN14),2017-09-24,0
789530,789530 (2017 SE19),2014-10-27,1
790012,790012 (2018 EJ4),2011-11-30,1
790039,790039 (2018 GX4),2018-04-12,0
790064,790064 (2018 LM4),2018-06-11,0
790747,790747 (2018 XR),2014-09-28,1
790748,790748 (2018 XY3),2015-10-24,1
790911,790911 (2019 BO1),2019-01-23,0
791223,791223 (2019 SV4),2018-11-08,0
791587,791587 (2020 AD3),2020-01-07,1
791942,791942 (2020 OQ7),2016-07-12,0
791983,791983 (2020 QP6),2012-08-09,0
792104,792104 (2020 UJ6),2015-03-22,0
792156,792156 (2020 XR),2013-03-03,1
793297,793297 (2002 RD27),2002-09-05,0
793349,793349 (2003 AY2),2002-12-10,1
793384,793384 (2003 JN14),2003-05-08,0
793531,793531 (2004 CO49),2004-02-14,1
793565,793565 (2004 HH33),2004-04-23,0
793578,793578 (2004 MP3),2000-09-27,0
793950,793950 (2005 UW64),1998-10-14,0
793962,793962 (2005 UO157),2005-10-30,0
794283,794283 (2006 JU),2006-04-28,0
794730,794730 (2007 EY),2007-03-10,0
794904,794904 (2007 SQ6),2007-09-22,0
795322,795322 (2008 DH23),2008-02-29,0
795378,795378 (2008 EM85),2008-03-14,0
795661,795661 (2008 RS26),2008-09-02,0
795994,795994 (2008 YS27),2008-12-29,1
795995,795995 (2008 YX32),2005-10-30,0
796068,796068 (2009 CT5),2009-02-14,0
796120,796120 (2009 EM1),2009-03-03,0
796132,796132 (2009 FR30),2009-03-26,0
796478,796478 (2009 WF),2009-11-16,0
796585,796585 (2010 CH55),2010-02-15,0
796734,796734 (2010 RP45),2010-09-06,0
797155,797155 (2011 BM24),2011-01-28,0
797455,797455 (2011 HJ7),2011-04-26,0
797489,797489 (2011 MU),2011-06-23,1
797490,797490 (2011 MV1),1980-08-10,0
797508,797508 (2011 PT1),2011-08-04,0
797571,797571 (2011 SP68),2011-09-24,0
797684,797684 (2011 UT20),2011-10-19,1
797937,797937 (2011 XM1),2011-12-04,0
797988,797988 (2012 BB2),2012-01-17,0
798099,798099 (2012 DV32),2012-02-25,0
798171,798171 (2012 EA2),2012-03-01,0
798412,798412 (2012 ML6),2007-11-16,0
798730,798730 (2012 VL94),2012-11-07,0
798790,798790 (2012 XE17),2012-12-05,0
799061,799061 (2013 CL118),2013-02-12,0
799164,799164 (2013 EW27),2013-03-06,0
800056,800056 (2014 AB55),2014-01-02,0
800599,800599 (2014 HD124),2014-04-24,0
801525,801525 (2014 UV),2014-10-16,0
801944,801944 (2014 YU43),2014-12-30,0
802885,802885 (2015 HY116),2007-03-11,1
803308,803308 (2015 MT96),1998-05-30,1
803401,803401 (2015 NS13),2015-06-25,0
804323,804323 (2015 XK351),2015-12-08,1
804325,804325 (2015 XF352),2015-01-16,0
804841,804841 (2016 BX80),2016-01-08,0
805071,805071 (2016 CX264),2016-02-11,0
805737,805737 (2016 GW216),2016-04-11,0
805893,805893 (2016 JQ17),2002-04-08,0
805936,805936 (2016 KA1),2016-05-20,0
806009,806009 (2016 NH15),2016-07-05,0
806713,806713 (2016 UD101),2016-06-16,0
806899,806899 (2017 BO31),2012-12-22,0
807393,807393 (2017 MX4),2012-06-09,0
808521,808521 (2018 CX13),2013-02-28,0
808588,808588 (2018 JD5),2014-02-28,1
808862,808862 (2018 UY),2007-11-11,1
809043,809043 (2018 XZ1),2016-10-30,0
809561,809561 (2019 QE6),2015-03-21,0
809699,809699 (2019 UH4),2012-04-14,0
809757,809757 (2019 VN6),2013-11-05,0
809875,809875 (2020 BX12),2014-01-05,1
810074,810074 (2020 HF1),2015-04-01,0
811221,811221 (2022 FR3),2016-02-02,0
812544,812544 (2005 QC),2005-08-22,0
812769,812769 (2005 VO5),2005-11-09,1
813064,813064 (2006 JX25),2003-09-28,0
813247,813247 (2006 TK),2006-10-01,0
813475,813475 (2007 DB56),2000-11-30,0
813870,813870 (2007 UB66),2007-10-30,0
813899,813899 (2007 VD12),2007-11-05,1
815335,815335 (2009 VA26),2009-11-11,1
816502,816502 (2011 LD19),2011-06-07,0
817368,817368 (2012 KF47),2004-04-25,0
817851,817851 (2012 VF80),2012-06-10,0
817966,817966 (2013 AX52),2013-01-06,1
818015,818015 (2013 BG27),2011-01-29,0
818155,818155 (2013 GS38),2013-04-06,0
818298,818298 (2013 NZ23),2002-03-12,0
819229,819229 (2014 GL49),2014-04-09,0
819287,819287 (2014 HR4),2014-04-22,0
819795,819795 (2014 NF3),2014-07-01,0
820090,820090 (2014 QX33),2014-08-22,0
821523,821523 (2015 GJ46),2010-05-21,0
824839,824839 (2017 KT4),2003-03-24,0
825328,825328 (2017 XN61),2003-05-31,0
825486,825486 (2018 EE4),2005-04-02,0
825909,825909 (2019 BR1),2011-10-17,0
826212,826212 (2019 TE8),2013-12-25,0
826387,826387 (2020 KO3),2012-04-02,1
826640,826640 (2021 LC7),2012-11-02,0
826663,826663 (2021 PT),2014-04-20,1
826726,826726 (2021 UY9),2013-01-27,0
826749,826749 (2022 GM5),2002-04-24,0
826775,826775 (2022 SZ28),2011-08-29,0
826799,826799 (2023 OE6),2012-01-20,1
826847,826847 (2024 YK11),2013-02-14,0
826869,826869 (1989 AZ),1989-01-08,0
826914,826914 (1996 FQ3),1996-03-26,0
826936,826936 (1998 HH49),1998-04-28,1
826941,826941 (1998 QK28),1998-08-25,1
826946,826946 (1998 SG2),1998-08-17,0
827103,827103 (2000 CR101),2000-02-11,0
827121,827121 (2000 JZ8),2000-05-04,0
827146,827146 (2000 PP9),2000-06-08,1
827552,827552 (2002 JS2),2002-04-22,0
827574,827574 (2002 PG80),2002-06-26,0
827991,827991 (2002 XQ40),2002-12-11,0
828093,828093 (2003 SJ154),2003-09-19,0
828399,828399 (2004 FF29),2004-03-28,0
828465,828465 (2004 QG20),1986-08-26,0
828534,828534 (2004 TG10),2004-10-05,1
829223,829223 (2006 CT),1991-01-15,0
829386,829386 (2006 QS89),2006-08-29,0
830406,830406 (2008 EO6),2008-03-05,0
830529,830529 (2008 MZ),2008-06-15,0
831325,831325 (2009 NH),2009-07-11,0
831340,831340 (2009 QK2),2009-08-18,0
831781,831781 (2009 WF106),2009-11-25,0
832667,832667 (2010 EQ43),2010-03-12,0
832994,832994 (2010 GW62),2010-04-09,0
833009,833009 (2010 GR75),2010-04-13,0
833459,833459 (2010 JM151),2010-05-14,0
835475,835475 (2011 PW6),2011-08-08,0
835579,835579 (2011 SM68),2010-06-19,1
835889,835889 (2011 WM46),2011-11-26,0
836356,836356 (2012 OQ),2012-07-16,1
836372,836372 (2012 PQ28),2012-08-15,0
836411,836411 (2012 QO10),2012-08-17,0
836755,836755 (2012 UM68),2008-09-21,0
837134,837134 (2013 CQ35),2013-02-05,0
837253,837253 (2013 FW13),2013-03-23,1
837449,837449 (2013 NJ10),2013-07-04,1
837610,837610 (2013 RE6),2001-10-17,0
837683,837683 (2013 SS19),2013-09-24,0
838181,838181 (2014 CF14),2014-02-07,0
838545,838545 (2014 JH78),1996-04-20,0
839444,839444 (2014 QX432),2014-07-07,1
839546,839546 (2014 RC12),2014-09-03,0
839556,839556 (2014 RX30),2014-09-15,0
841508,841508 (2015 MU59),2015-06-17,0
841631,841631 (2015 OS35),2015-07-22,0
841645,841645 (2015 OB79),2015-07-26,0
841703,841703 (2015 PD),2010-08-28,0
841704,841704 (2015 PL),2014-12-29,0
841851,841851 (2015 RV1),2013-02-15,0
842474,842474 (2015 VK142),2004-07-15,0
842527,842527 (2015 WA1),2015-11-15,0
842528,842528 (2015 WV1),2004-08-22,0
843003,843003 (2016 BX14),2016-01-07,0
843079,843079 (2016 CB32),2011-03-12,0
843295,843295 (2016 ED85),1989-10-08,0
843651,843651 (2016 LE9),2014-04-05,0
843691,843691 (2016 NF22),2011-01-07,0
844394,844394 (2016 WZ7),2016-08-08,0
844507,844507 (2017 BL6),2011-09-20,0
844707,844707 (2017 ER22),2017-03-13,0
845303,845303 (2017 TX3),2012-03-16,0
845838,845838 (2018 JC3),2004-04-23,0
846080,846080 (2018 YZ2),2015-12-30,0
846169,846169 (2019 GY19),2002-10-04,0
846374,846374 (2019 NN36),2015-06-13,0
846509,846509 (2019 TH6),2009-10-17,0
846584,846584 (2020 BQ13),2016-04-11,0
846655,846655 (2020 HW9),2011-06-26,0
847034,847034 (2021 GE59),2010-06-08,0
847260,847260 (2021 VS7),2006-09-28,0
847304,847304 (2022 OP),2012-04-16,0
847328,847328 (2022 TV2),1998-07-27,0
847344,847344 (2023 CA4),2014-08-03,0
847349,847349 (2023 HU7),2014-05-08,0
847353,847353 (2023 OV),2011-02-14,0
847364,847364 (2023 VX6),2010-06-04,0
847431,847431 (1994 CJ1),1994-02-10,1
847517,847517 (1999 SJ10),1999-09-30,0
847576,847576 (2000 EY106),2000-03-14,0
847906,847906 (2002 QG46),2002-02-14,0
848125,848125 (2003 SF),2003-09-16,0
848953,848953 (2005 JT81),2005-05-11,0
848974,848974 (2005 LV7),2005-06-05,0
849066,849066 (2005 RD1),2005-09-01,0
849426,849426 (2005 XY7),1996-12-08,0
849725,849725 (2006 FG36),2006-01-21,0
849742,849742 (2006 HB),2006-04-18,0
849775,849775 (2006 JZ25),2006-05-06,0
849800,849800 (2006 KA40),1999-11-15,0
849833,849833 (2006 MW1),2006-06-19,0
849835,849835 (2006 MX13),2006-06-27,0
849877,849877 (2006 QU89),2006-08-29,0
849935,849935 (2006 RA55),2006-09-14,0
850338,850338 (2006 WJ3),2006-11-19,1
850450,850450 (2007 BB49),2007-01-27,0
850536,850536 (2007 EZ),2007-03-10,0
850956,850956 (2007 TG25),2007-10-08,0
850976,850976 (2007 TW68),1999-03-22,0
851470,851470 (2007 WV3),2007-11-18,0
851471,851471 (2007 WY3),2007-11-18,0
851534,851534 (2007 YX1),2002-09-03,0
851933,851933 (2008 JT19),2001-11-12,0
853110,853110 (2008 YK2),2008-12-20,0
853358,853358 (2009 DL46),2009-02-28,0
853424,853424 (2009 FU4),2002-11-04,1
853531,853531 (2009 KE3),2009-05-23,1
853873,853873 (2009 TK12),2009-10-14,1
854275,854275 (2010 CL18),2010-02-13,0
855077,855077 (2010 WQ7),2010-11-27,0
855197,855197 (2011 AO52),2011-01-14,0
855525,855525 (2011 ET29),2011-02-10,0
856574,856574 (2011 UG256),2011-10-31,0
856903,856903 (2011 YS62),2011-11-23,0
856955,856955 (2012 BT23),1998-07-19,1
856979,856979 (2012 BB77),2012-01-25,0
857380,857380 (2012 JR17),2012-04-17,0
857421,857421 (2012 KL18),2009-09-27,0
857478,857478 (2012 MK6),2003-01-28,0
857494,857494 (2012 OP4),2012-07-28,1
857541,857541 (2012 QG8),2012-08-17,0
857652,857652 (2012 SA22),2012-09-18,0
857653,857653 (2012 SB22),2001-10-08,0
858130,858130 (2012 US136),2002-12-13,0
858610,858610 (2013 AP27),2012-10-18,0
858620,858620 (2013 AQ60),2010-01-19,0
859061,859061 (2013 GY73),2003-04-27,0
859365,859365 (2013 MX5),2006-05-25,0
859487,859487 (2013 ON5),1995-05-06,0
859506,859506 (2013 PV2),2013-07-14,0
859524,859524 (2013 PD21),2013-08-08,0
859642,859642 (2013 QH48),2013-08-29,0
859716,859716 (2013 RZ73),2013-09-14,1
859815,859815 (2013 SK19),2013-09-21,0
860019,860019 (2013 UV10),2013-10-31,0
860288,860288 (2013 YB48),2011-05-09,0
860375,860375 (2014 AD17),2014-01-03,0
860519,860519 (2014 CJ14),2014-02-10,0
860591,860591 (2014 DT110),2014-02-26,0
861115,861115 (2014 JC31),2014-05-05,0
861128,861128 (2014 JH57),2009-04-27,0
861366,861366 (2014 MC6),2004-05-14,0
862524,862524 (2014 QK434),2014-07-01,1
863777,863777 (2014 VM),2014-11-01,0
863778,863778 (2014 VQ),2014-10-04,0
864101,864101 (2014 WL368),2001-12-16,0
864393,864393 (2014 YC15),2014-04-26,0
864405,864405 (2014 YV43),2014-12-30,0
865465,865465 (2015 HU116),2002-03-16,0
866329,866329 (2015 RE36),2012-09-19,0
866580,866580 (2015 SY2),2012-03-29,0
866876,866876 (2015 TE323),2002-11-06,1
867840,867840 (2016 AO131),2012-09-26,0
868894,868894 (2016 HM2),2004-05-22,0
868895,868895 (2016 HV3),2004-06-14,1
869228,869228 (2016 ON),2012-04-16,0
869521,869521 (2016 QJ44),2008-10-31,1
869522,869522 (2016 QE45),2002-09-05,1
869984,869984 (2016 UJ31),2012-03-13,1
870028,870028 (2016 UT80),2013-10-04,0
870296,870296 (2016 XU17),2012-01-06,0
870462,870462 (2017 BU31),2011-06-07,0
871181,871181 (2017 OR18),2012-09-26,0
871271,871271 (2017 PJ26),2013-10-23,0
871399,871399 (2017 RD15),2014-08-28,0
871972,871972 (2017 XB2),2010-12-25,0
872436,872436 (2018 KM2),2002-01-08,0
872502,872502 (2018 MS6),2012-10-18,0
872737,872737 (2018 TS5),2012-12-22,0
872894,872894 (2018 XH),2011-08-29,0
872932,872932 (2019 AF12),2002-08-11,0
872992,872992 (2019 BC1),2010-09-16,1
873204,873204 (2019 HH4),2004-05-14,1
873893,873893 (2020 DB5),2014-10-29,1
874272,874272 (2020 RU),2004-12-21,0
874493,874493 (2020 XJ15),2011-11-25,0
874728,874728 (2021 NZ1),2005-09-13,0
874868,874868 (2021 TE14),1998-12-11,0
874981,874981 (2022 BZ5),2010-05-06,0
875006,875006 (2022 MS1),2011-09-21,0
875047,875047 (2022 UZ3),2009-10-16,0
875056,875056 (2022 WY5),2008-10-22,0
875163,875163 (1998 SH2),1998-09-17,1
875181,875181 (1999 VR6),1999-11-05,0
875182,875182 (1999 VX15),1999-11-02,0
875188,875188 (2000 DL8),2000-02-26,0
875192,875192 (2000 LK10),2000-06-06,0
875207,875207 (2000 WM63),2000-11-26,0
875236,875236 (2001 SQ263),2001-09-23,0
875249,875249 (2001 UE5),2001-06-16,0
875272,875272 (2002 LX),2002-06-02,1
875461,875461 (2003 YJ),2003-12-17,0
875493,875493 (2004 ME6),2004-06-25,0
875496,875496 (2004 PS42),2004-08-09,1
875565,875565 (2004 XL29),2004-12-11,0
875754,875754 (2005 XW4),2005-12-06,0
875759,875759 (2005 XT77),2005-12-06,1
875786,875786 (2006 BC),2006-01-19,0
875832,875832 (2006 FJ),2006-03-23,0
875863,875863 (2006 OT9),2006-07-25,0
875904,875904 (2006 SR78),2006-09-25,0
875992,875992 (2006 UK217),2004-12-13,0
876021,876021 (2006 WT29),2006-10-22,0
876034,876034 (2006 XF1),2006-12-10,0
876049,876049 (2007 DZ40),2001-12-18,0
876091,876091 (2007 RV19),2007-06-12,0
876174,876174 (2007 TR24),2007-09-16,1
876393,876393 (2008 BP16),2008-01-30,0
876446,876446 (2008 KQ),2008-05-27,0
876453,876453 (2008 LQ16),2005-09-26,0
876588,876588 (2008 TD2),2008-09-25,0
876653,876653 (2008 UX),2008-10-21,0
876813,876813 (2008 WZ94),1993-12-16,1
876841,876841 (2008 XB1),2008-12-03,1
876912,876912 (2009 BE58),2009-01-27,1
876954,876954 (2009 FF),1984-04-05,1
876982,876982 (2009 MX6),2009-06-24,0
876995,876995 (2009 RZ3),2009-09-14,1
877413,877413 (2010 GO33),2010-04-11,0
877458,877458 (2010 JF),2010-05-04,0
877685,877685 (2010 VD72),2010-11-09,1
877717,877717 (2010 WT8),2010-11-27,0
877718,877718 (2010 WZ8),2010-11-29,1
877756,877756 (2011 BF59),2010-12-26,0
877808,877808 (2011 EL11),2008-02-28,1
877855,877855 (2011 GZ54),2011-04-05,0
877877,877877 (2011 HS60),2011-04-30,0
877915,877915 (2011 ME),2010-03-26,0
877916,877916 (2011 MV),2011-06-02,0
878008,878008 (2011 SJ16),2011-09-20,0
878228,878228 (2011 VR5),2011-11-03,0
878285,878285 (2011 XC),1998-06-02,0
878293,878293 (2011 YX10),2011-12-25,0
878300,878300 (2011 YU62),2011-12-29,0
878384,878384 (2012 HG31),2012-04-15,1
878420,878420 (2012 LR1),2012-06-09,1
878421,878421 (2012 LK2),2012-06-10,0
878692,878692 (2012 VZ25),2012-11-05,0
878706,878706 (2012 VF82),2012-11-13,0
878758,878758 (2012 XS93),2001-12-19,0
878899,878899 (2013 CX129),2013-02-07,0
879232,879232 (2013 SL30),2013-09-29,0
879426,879426 (2013 WW44),2012-11-28,0
879537,879537 (2014 AF51),2014-01-10,1
879598,879598 (2014 DM22),2002-01-08,1
879864,879864 (2014 KE91),1982-07-10,0
879908,879908 (2014 NW64),2014-07-01,0
880019,880019 (2014 PL51),2014-08-04,0
880080,880080 (2014 QS296),2014-08-23,0
880116,880116 (2014 QJ433),2014-08-25,0
880302,880302 (2014 TL17),2014-10-02,0
880750,880750 (2014 YK9),2014-12-21,0
881303,881303 (2015 FS332),2015-03-28,1
881898,881898 (2015 RB82),2015-07-23,0
882173,882173 (2015 VL105),2005-10-07,0
882273,882273 (2015 XJ261),2011-01-26,0
882782,882782 (2016 EN1),2016-03-01,0
882844,882844 (2016 ED157),2016-03-10,0
882845,882845 (2016 EZ157),2012-11-01,1
883024,883024 (2016 GU221),1996-03-19,0
883073,883073 (2016 HX3),2007-04-25,0
883081,883081 (2016 JE),2013-04-13,0
883088,883088 (2016 JU33),2015-11-01,1
883378,883378 (2016 QM11),2011-08-31,0
883465,883465 (2016 RQ41),2016-09-12,0
883607,883607 (2016 TA56),2007-09-14,0
883801,883801 (2016 UJ101),2016-10-31,0
884011,884011 (2016 XA24),2002-11-01,0
884090,884090 (2017 BL3),2015-01-26,1
884186,884186 (2017 DT37),2011-09-04,0
884385,884385 (2017 ME),2017-06-16,0
884403,884403 (2017 NQ6),2010-11-17,0
884785,884785 (2017 VW1),2017-11-09,0
884793,884793 (2017 VR12),2010-01-23,1
884829,884829 (2017 WK13),2017-11-19,0
884842,884842 (2017 WC29),2017-11-21,0
884903,884903 (2017 XO60),2013-04-11,0
884904,884904 (2017 XH62),2015-01-28,0
884943,884943 (2017 YC8),1997-08-01,0
885020,885020 (2018 BK1),2011-01-14,0
885021,885021 (2018 BY2),2014-07-03,1
885067,885067 (2018 FS3),2018-03-20,1
885120,885120 (2018 JA),2013-10-20,1
885268,885268 (2018 RP8),2011-11-12,0
885322,885322 (2018 TY2),2005-07-11,1
885347,885347 (2018 VB4),2018-11-02,0
885376,885376 (2018 YJ),2014-11-17,0
885377,885377 (2018 YU),2012-08-11,0
885551,885551 (2019 KH2),2015-05-13,0
885552,885552 (2019 KB4),2011-04-03,1
885617,885617 (2019 NJ7),2012-05-14,0
885677,885677 (2019 OH1),2015-07-22,0
885992,885992 (2019 TP1),2016-09-06,1
886039,886039 (2019 UJ13),2002-10-10,0
886097,886097 (2019 VO1),2016-06-05,0
886138,886138 (2019 YR4),2005-12-30,0
886139,886139 (2019 YY5),2010-06-04,0
886181,886181 (2020 EM),2010-04-10,0
886275,886275 (2020 LD3),2017-10-30,0
886345,886345 (2020 PY1),2016-07-28,0
886371,886371 (2020 QP5),2016-07-07,0
886456,886456 (2020 SG1),2001-05-15,0
886505,886505 (2020 TP7),2018-11-27,0
886605,886605 (2021 CY6),2016-06-05,0
886606,886606 (2021 CM9),2014-07-25,0
886662,886662 (2021 JY),2016-09-27,1
886663,886663 (2021 JW1),2014-06-30,0
886700,886700 (2021 OC5),2019-08-07,0
886709,886709 (2021 PQ26),2017-08-17,0
886732,886732 (2021 RM12),2017-10-29,0
886819,886819 (2021 TA15),2015-01-21,0
886832,886832 (2021 TJ57),2018-09-11,0
886858,886858 (2021 UO),2016-12-05,0
886859,886859 (2021 UN7),2014-11-11,0
886889,886889 (2021 VP6),2003-10-22,0
886890,886890 (2021 VQ11),2016-06-05,0
886933,886933 (2022 CN1),2004-07-24,1
886985,886985 (2022 UY21),2015-03-30,0
886986,886986 (2022 UZ21),2016-11-07,0
887017,887017 (2023 LM2),2004-05-12,0
887030,887030 (2023 QF5),2014-07-18,1
1979 XB,(1979 XB),1979-12-11,1
1982 YA,(1982 YA),1982-12-21,0
1986 NA,(1986 NA),1986-07-08,0
1988 NE,(1988 NE),1988-07-09,0
1990 UN,(1990 UN),1990-10-22,0
1991 BA,(1991 BA),1991-01-18,0
1991 GO,(1991 GO),1991-04-11,1
1991 JR,(1991 JR),1991-05-08,0
1991 TT,(1991 TT),1991-10-06,0
1991 TU,(1991 TU),1991-10-07,0
1991 VA,(1991 VA),1991-11-01,0
1991 VG,(1991 VG),1991-11-06,0
1991 XA,(1991 XA),1991-12-04,0
1991 XB,(1991 XB),1991-10-05,0
1992 DU,(1992 DU),1992-02-26,0
1992 JD,(1992 JD),1992-05-03,0
1992 SZ,(1992 SZ),1992-08-22,0
1992 YD3,(1992 YD3),1992-12-27,0
1993 BD3,(1993 BD3),1993-01-26,0
1993 BU3,(1993 BU3),1993-01-29,0
1993 DA,(1993 DA),1993-02-17,0
1993 FA1,(1993 FA1),1993-03-28,0
1993 HC,(1993 HC),1993-04-19,0
1993 HP1,(1993 HP1),1993-04-27,0
1993 KA,(1993 KA),1993-05-17,0
1993 KA2,(1993 KA2),1993-05-21,0
1993 TZ,(1993 TZ),1993-10-15,0
1993 UA,(1993 UA),1993-10-21,0
1993 UD,(1993 UD),1993-10-16,0
1994 BB,(1994 BB),1994-01-18,0
1994 EK,(1994 EK),1994-03-07,1
1994 EU,(1994 EU),1994-03-10,0
1994 ES1,(1994 ES1),1994-03-14,0
1994 FA,(1994 FA),1994-03-16,0
1994 GK,(1994 GK),1994-04-07,0
1994 GL,(1994 GL),1994-04-07,0
1994 GV,(1994 GV),1994-04-13,0
1994 NE,(1994 NE),1994-06-12,1
1994 NK,(1994 NK),1994-07-08,0
1994 RB,(1994 RB),1994-09-01,0
1994 TA2,(1994 TA2),1994-10-09,0
1994 TE2,(1994 TE2),1994-10-11,0
1994 US,(1994 US),1994-10-29,0
1994 VH8,(1994 VH8),1994-11-01,0
1994 WR12,(1994 WR12),1994-11-26,0
1994 XG,(1994 XG),1994-12-02,0
1994 XM1,(1994 XM1),1994-12-09,0
1995 BK2,(1995 BK2),1995-01-31,0
1995 CR,(1995 CR),1995-02-03,1
1995 CS,(1995 CS),1995-02-04,0
1995 DV1,(1995 DV1),1995-02-25,0
1995 FF,(1995 FF),1995-03-28,0
1995 FG,(1995 FG),1995-03-27,0
1995 FO,(1995 FO),1995-03-28,0
1995 FX,(1995 FX),1995-03-30,0
1995 HM,(1995 HM),1995-04-26,0
1995 LA,(1995 LA),1995-06-01,0
1995 NA,(1995 NA),1995-07-05,0
1995 SB,(1995 SB),1995-09-18,0
1995 SC1,(1995 SC1),1995-09-23,0
1995 SD1,(1995 SD1),1995-09-23,0
1995 SA4,(1995 SA4),1995-09-27,0
1995 UB,(1995 UB),1995-10-18,0
1995 UC2,(1995 UC2),1995-10-21,0
1996 AP1,(1996 AP1),1996-01-14,0
1996 AE2,(1996 AE2),1996-01-15,0
1996 BT,(1996 BT),1996-01-19,0
1996 BA1,(1996 BA1),1996-01-21,0
1996 BG1,(1996 BG1),1996-01-21,0
1996 FT1,(1996 FT1),1996-03-19,0
1996 GQ,(1996 GQ),1996-04-09,0
1996 HN,(1996 HN),1996-04-19,0
1996 JA1,(1996 JA1),1996-05-14,1
1996 KE,(1996 KE),1996-05-13,0
1996 MQ,(1996 MQ),1996-06-24,0
1996 TC1,(1996 TC1),1996-10-04,0
1996 TP6,(1996 TP6),1996-10-09,0
1996 TD9,(1996 TD9),1996-10-12,0
1996 VB3,(1996 VB3),1996-11-09,0
1996 VZ4,(1996 VZ4),1996-11-13,0
1996 XZ12,(1996 XZ12),1996-12-08,0
1996 XX14,(1996 XX14),1996-12-10,0
1997 AC11,(1997 AC11),1997-01-10,0
1997 CD17,(1997 CD17),1997-02-09,0
1997 EN23,(1997 EN23),1997-03-08,0
1997 GK3,(1997 GK3),1997-04-07,0
1997 GD32,(1997 GD32),1997-04-14,1
1997 MS,(1997 MS),1997-06-25,0
1997 PN,(1997 PN),1997-08-01,0
1997 QK1,(1997 QK1),1997-08-27,1
1997 RT,(1997 RT),1997-09-02,0
1997 TZ16,(1997 TZ16),1997-10-09,0
1997 TC25,(1997 TC25),1997-09-30,0
1997 TT25,(1997 TT25),1997-10-12,0
1997 UR,(1997 UR),1997-10-22,0
1997 UZ10,(1997 UZ10),1997-10-29,0
1997 UA11,(1997 UA11),1997-10-26,0
1997 VG,(1997 VG),1997-10-30,0
1997 VN4,(1997 VN4),1997-11-06,0
1997 VG6,(1997 VG6),1997-11-08,1
1997 WQ23,(1997 WQ23),1997-11-29,1
1997 XS2,(1997 XS2),1997-11-30,0
1997 XE10,(1997 XE10),1997-12-04,0
1997 YM9,(1997 YM9),1997-12-28,0
1997 YR10,(1997 YR10),1997-12-29,0
1998 BY7,(1998 BY7),1998-01-22,1
1998 BT13,(1998 BT13),1998-01-24,0
1998 BR26,(1998 BR26),1998-01-30,0
1998 DX11,(1998 DX11),1998-02-23,0
1998 DV20,(1998 DV20),1998-02-24,0
1998 DK36,(1998 DK36),1998-02-23,0
1998 EE3,(1998 EE3),1998-03-01,0
1998 EP4,(1998 EP4),1996-09-20,0
1998 FL5,(1998 FL5),1998-03-22,0
1998 FM9,(1998 FM9),1998-03-03,0
1998 FG12,(1998 FG12),1998-03-24,0
1998 GC1,(1998 GC1),1998-04-02,0
1998 GL10,(1998 GL10),1998-03-25,0
1998 HH1,(1998 HH1),1998-04-17,0
1998 HM1,(1998 HM1),1998-04-18,0
1998 HT31,(1998 HT31),1998-04-21,1
1998 HP126,(1998 HP126),1998-04-24,0
1998 KH,(1998 KH),1998-05-16,0
1998 KD3,(1998 KD3),1998-05-24,1
1998 KF3,(1998 KF3),1998-05-23,0
1998 KO3,(1998 KO3),1998-05-24,0
1998 KJ17,(1998 KJ17),1998-05-28,0
1998 KY26,(1998 KY26),1998-05-31,0
1998 LE,(1998 LE),1998-06-04,0
1998 MS2,(1998 MS2),1998-06-20,0
1998 MV5,(1998 MV5),1998-06-23,0
1998 OP4,(1998 OP4),1998-07-27,0
1998 QQ,(1998 QQ),1998-08-17,0
1998 QH1,(1998 QH1),1998-08-17,0
1998 QV3,(1998 QV3),1998-08-17,0
1998 QH28,(1998 QH28),1998-08-23,0
1998 QA62,(1998 QA62),1998-08-29,1
1998 QA105,(1998 QA105),1998-08-30,0
1998 SS4,(1998 SS4),1998-09-19,0
1998 SU4,(1998 SU4),1998-09-19,1
1998 SD9,(1998 SD9),1998-09-18,0
1998 SY14,(1998 SY14),1998-09-21,1
1998 SZ14,(1998 SZ14),1998-09-21,0
1998 SE35,(1998 SE35),1998-08-27,0
1998 TT3,(1998 TT3),1998-10-14,0
1998 UR,(1998 UR),1998-10-16,0
1998 UM1,(1998 UM1),1998-10-19,0
1998 US18,(1998 US18),1998-10-25,1
1998 UY24,(1998 UY24),1998-10-29,0
1998 VP,(1998 VP),1998-11-10,0
1998 VS,(1998 VS),1998-11-10,0
1998 VE31,(1998 VE31),1998-11-13,0
1998 VD32,(1998 VD32),1998-11-14,0
1998 WY1,(1998 WY1),1998-11-16,0
1998 WA2,(1998 WA2),1998-11-16,0
1998 WB2,(1998 WB2),1998-11-18,1
1998 WL4,(1998 WL4),1998-11-16,0
1998 WR5,(1998 WR5),1998-11-19,0
1998 XD12,(1998 XD12),1998-12-14,1
1998 XN17,(1998 XN17),1998-12-15,0
1999 AF4,(1999 AF4),1998-10-19,0
1999 AM10,(1999 AM10),1999-01-13,0
1999 AO10,(1999 AO10),1999-01-13,0
1999 BO,(1999 BO),1999-01-16,0
1999 BL33,(1999 BL33),1999-01-17,0
1999 CQ2,(1999 CQ2),1999-02-07,0
1999 CG9,(1999 CG9),1999-02-10,0
1999 DB2,(1999 DB2),1999-02-16,0
1999 DY2,(1999 DY2),1999-02-18,0
1999 DJ3,(1999 DJ3),1999-02-18,0
1999 EO3,(1999 EO3),1999-03-13,0
1999 EF5,(1999 EF5),1999-03-15,0
1999 FR5,(1999 FR5),1999-03-19,0
1999 FQ10,(1999 FQ10),1999-03-20,0
1999 FN19,(1999 FN19),1999-03-20,0
1999 FP19,(1999 FP19),1999-03-22,0
1999 FR19,(1999 FR19),1999-03-23,1
1999 GL4,(1999 GL4),1998-09-25,1
1999 GR6,(1999 GR6),1999-03-20,0
1999 HC1,(1999 HC1),1999-04-16,0
1999 HX1,(1999 HX1),1999-04-19,0
1999 JZ10,(1999 JZ10),1999-05-14,1
1999 KL1,(1999 KL1),1999-05-17,0
1999 LJ1,(1999 LJ1),1999-06-04,0
1999 LT1,(1999 LT1),1999-06-04,0
1999 LW1,(1999 LW1),1999-06-07,0
1999 LX1,(1999 LX1),1999-06-08,1
1999 LD6,(1999 LD6),1999-06-10,0
1999 LE6,(1999 LE6),1999-06-10,0
1999 LV7,(1999 LV7),1999-06-11,0
1999 LD30,(1999 LD30),1999-06-15,0
1999 OQ3,(1999 OQ3),1999-07-22,0
1999 PS3,(1999 PS3),1999-08-11,0
1999 RU2,(1999 RU2),1999-09-04,0
1999 RN28,(1999 RN28),1999-09-07,0
1999 RP28,(1999 RP28),1999-09-07,0
1999 RQ28,(1999 RQ28),1999-09-07,0
1999 RZ31,(1999 RZ31),1999-09-07,0
1999 RA32,(1999 RA32),1999-09-08,0
1999 RB32,(1999 RB32),1999-09-08,0
1999 RJ33,(1999 RJ33),1999-09-09,0
1999 RK33,(1999 RK33),1999-09-09,0
1999 RO36,(1999 RO36),1999-09-06,0
1999 SE10,(1999 SE10),1999-09-30,0
1999 SF10,(1999 SF10),1999-09-30,0
1999 SG10,(1999 SG10),1999-09-30,1
1999 SH10,(1999 SH10),1999-09-30,0
1999 TY2,(1999 TY2),1999-10-03,0
1999 TA5,(1999 TA5),1999-10-03,0
1999 TD5,(1999 TD5),1999-10-02,0
1999 TE5,(1999 TE5),1999-10-03,0
1999 TJ10,(1999 TJ10),1999-10-11,0
1999 TM12,(1999 TM12),1999-10-10,0
1999 TM13,(1999 TM13),1999-10-05,0
1999 TN13,(1999 TN13),1999-10-12,0
1999 TO13,(1999 TO13),1999-10-12,1
1999 TT16,(1999 TT16),1999-10-09,1
1999 TU16,(1999 TU16),1999-10-11,0
1999 TV16,(1999 TV16),1999-10-12,0
1999 TW16,(1999 TW16),1999-10-13,0
1999 UQ,(1999 UQ),1999-10-16,0
1999 UR,(1999 UR),1999-10-16,1
1999 UZ5,(1999 UZ5),1999-10-31,0
1999 VT,(1999 VT),1999-11-01,0
1999 VN11,(1999 VN11),1999-11-06,0
1999 VK12,(1999 VK12),1999-11-09,0
1999 VU25,(1999 VU25),1999-11-12,0
1999 VV25,(1999 VV25),1999-11-14,0
1999 VW25,(1999 VW25),1999-11-14,0
1999 VX25,(1999 VX25),1999-11-15,0
1999 XS35,(1999 XS35),1999-12-02,1
1999 XK136,(1999 XK136),1999-12-10,1
1999 XN141,(1999 XN141),1999-12-14,0
1999 YD,(1999 YD),1999-12-17,1
2000 AA6,(2000 AA6),2000-01-03,1
2000 AB6,(2000 AB6),2000-01-03,0
2000 AG6,(2000 AG6),2000-01-03,0
2000 AE205,(2000 AE205),2000-01-08,0
2000 AG205,(2000 AG205),2000-01-09,0
2000 AH205,(2000 AH205),2000-01-09,0
2000 BH19,(2000 BH19),1996-10-07,0
2000 BK19,(2000 BK19),2000-01-30,0
2000 BO19,(2000 BO19),2000-01-30,0
2000 CL33,(2000 CL33),1995-09-28,0
2000 CM33,(2000 CM33),2000-01-10,1
2000 CN33,(2000 CN33),2000-02-03,0
2000 CO33,(2000 CO33),2000-02-03,1
2000 CK59,(2000 CK59),2000-02-06,0
2000 CP101,(2000 CP101),2000-02-10,1
2000 DN1,(2000 DN1),2000-02-24,1
2000 DO8,(2000 DO8),2000-02-28,0
2000 EB14,(2000 EB14),2000-03-03,0
2000 EM26,(2000 EM26),2000-03-05,0
2000 EU70,(2000 EU70),2000-03-08,1
2000 EC104,(2000 EC104),2000-03-10,0
2000 EZ106,(2000 EZ106),2000-03-12,0
2000 EA116,(2000 EA116),2000-03-10,0
2000 FP10,(2000 FP10),2000-03-31,0
2000 FX13,(2000 FX13),2000-03-04,0
2000 GB2,(2000 GB2),2000-04-01,0
2000 GT127,(2000 GT127),2000-04-06,0
2000 GV127,(2000 GV127),2000-04-10,0
2000 GW127,(2000 GW127),2000-04-10,0
2000 GC147,(2000 GC147),2000-04-02,0
2000 HB24,(2000 HB24),2000-04-28,0
2000 HO40,(2000 HO40),2000-04-25,0
2000 HP40,(2000 HP40),2000-04-29,0
2000 JF5,(2000 JF5),2000-05-01,1
2000 JX8,(2000 JX8),2000-05-02,0
2000 KA,(2000 KA),2000-05-22,1
2000 KC,(2000 KC),2000-05-09,0
2000 KL33,(2000 KL33),2000-05-28,0
2000 KE41,(2000 KE41),2000-05-28,0
2000 KP44,(2000 KP44),2000-05-31,0
2000 LD3,(2000 LD3),2000-06-03,0
2000 LF3,(2000 LF3),2000-06-04,1
2000 LG6,(2000 LG6),2000-06-04,0
2000 NQ11,(2000 NQ11),2000-07-08,0
2000 OH8,(2000 OH8),2000-07-07,0
2000 OK8,(2000 OK8),2000-07-30,0
2000 PN,(2000 PN),2000-08-01,0
2000 PE3,(2000 PE3),2000-08-01,0
2000 PF5,(2000 PF5),2000-08-01,0
2000 PY5,(2000 PY5),2000-08-02,1
2000 PH8,(2000 PH8),2000-08-03,0
2000 PN8,(2000 PN8),2000-08-07,0
2000 PQ27,(2000 PQ27),2000-07-29,0
2000 QS7,(2000 QS7),2000-08-24,1
2000 QV7,(2000 QV7),2000-08-25,1
2000 QX69,(2000 QX69),2000-08-28,0
2000 QJ130,(2000 QJ130),2000-08-29,0
2000 QL130,(2000 QL130),2000-08-31,0
2000 QO130,(2000 QO130),2000-08-31,0
2000 RJ12,(2000 RJ12),2000-09-01,0
2000 RK12,(2000 RK12),2000-09-01,0
2000 RN12,(2000 RN12),2000-09-02,0
2000 RD52,(2000 RD52),2000-09-02,0
2000 RE52,(2000 RE52),2000-09-05,0
2000 RF52,(2000 RF52),2000-09-05,0
2000 RK60,(2000 RK60),2000-09-06,0
2000 SE8,(2000 SE8),2000-09-20,0
2000 SF8,(2000 SF8),2000-09-21,0
2000 SG8,(2000 SG8),2000-09-21,0
2000 SJ8,(2000 SJ8),2000-09-22,0
2000 SL10,(2000 SL10),2000-09-23,1
2000 SM10,(2000 SM10),2000-09-23,0
2000 SN10,(2000 SN10),2000-09-23,0
2000 SU20,(2000 SU20),2000-09-23,0
2000 SB25,(2000 SB25),2000-09-22,0
2000 SR43,(2000 SR43),2000-09-26,0
2000 SS43,(2000 SS43),2000-09-26,0
2000 SZ44,(2000 SZ44),2000-09-26,0
2000 SB45,(2000 SB45),2000-09-27,0
2000 SZ162,(2000 SZ162),2000-09-29,0
2000 SC241,(2000 SC241),2000-09-30,0
2000 SG344,(2000 SG344),1999-05-15,0
2000 TH1,(2000 TH1),2000-09-30,0
2000 TL1,(2000 TL1),2000-04-02,0
2000 TE2,(2000 TE2),2000-09-25,0
2000 TU28,(2000 TU28),2000-10-03,1
2000 TV28,(2000 TV28),2000-10-04,0
2000 UK11,(2000 UK11),2000-10-25,0
2000 UR16,(2000 UR16),2000-10-29,0
2000 UO30,(2000 UO30),2000-10-30,0
2000 UQ30,(2000 UQ30),2000-10-31,1
2000 UY33,(2000 UY33),2000-10-31,0
2000 VZ44,(2000 VZ44),2000-11-01,0
2000 WC1,(2000 WC1),2000-11-16,1
2000 WG10,(2000 WG10),2000-11-19,0
2000 WH10,(2000 WH10),2000-11-19,1
2000 WM10,(2000 WM10),2000-11-20,0
2000 WS28,(2000 WS28),2000-11-20,0
2000 WT28,(2000 WT28),2000-11-20,0
2000 WX28,(2000 WX28),2000-11-23,0
2000 WG63,(2000 WG63),2000-11-26,0
2000 WH63,(2000 WH63),2000-11-26,0
2000 WJ63,(2000 WJ63),2000-11-26,0
2000 WJ107,(2000 WJ107),2000-11-26,0
2000 WL107,(2000 WL107),2000-11-29,0
2000 WM107,(2000 WM107),2000-11-29,0
2000 WN148,(2000 WN148),2000-11-29,0
2000 WQ148,(2000 WQ148),2000-11-30,0
2000 XF44,(2000 XF44),2000-12-04,0
2000 XJ44,(2000 XJ44),2000-12-05,0
2000 YA,(2000 YA),2000-12-16,0
2000 YG4,(2000 YG4),2000-12-17,0
2000 YG29,(2000 YG29),2000-12-22,1
2000 YS134,(2000 YS134),2000-12-30,0
2000 YT134,(2000 YT134),2000-12-31,0
2001 AV43,(2001 AV43),2000-08-30,0
2001 BF10,(2001 BF10),2001-01-17,0
2001 BX15,(2001 BX15),2001-01-18,0
2001 BY15,(2001 BY15),2000-12-30,0
2001 BA16,(2001 BA16),2001-01-19,0
2001 BB16,(2001 BB16),2001-01-20,0
2001 BC16,(2001 BC16),2001-01-20,0
2001 BD16,(2001 BD16),1999-01-13,0
2001 BE16,(2001 BE16),2001-01-21,0
2001 BB40,(2001 BB40),2001-01-24,0
2001 BO60,(2001 BO60),2001-01-21,0
2001 BM61,(2001 BM61),2001-01-19,0
2001 BN61,(2001 BN61),2001-01-19,0
2001 CA21,(2001 CA21),2001-02-02,1
2001 CP36,(2001 CP36),2001-02-15,0
2001 CQ36,(2001 CQ36),2001-02-13,0
2001 DS8,(2001 DS8),2001-02-17,0
2001 DT8,(2001 DT8),2001-02-17,0
2001 DG47,(2001 DG47),2001-02-19,0
2001 DZ76,(2001 DZ76),2001-02-20,0
2001 EC,(2001 EC),2001-03-03,1
2001 EC16,(2001 EC16),2001-01-28,0
2001 ED18,(2001 ED18),2001-03-15,0
2001 FZ,(2001 FZ),2001-02-22,0
2001 FE7,(2001 FE7),2001-03-19,0
2001 FP32,(2001 FP32),2001-03-20,0
2001 FA58,(2001 FA58),2001-02-20,1
2001 FB58,(2001 FB58),2001-03-23,0
2001 FC58,(2001 FC58),2000-06-01,1
2001 FR85,(2001 FR85),2001-03-26,0
2001 FB90,(2001 FB90),2001-03-17,1
2001 FC90,(2001 FC90),2001-03-26,0
2001 FF90,(2001 FF90),2001-03-16,0
2001 FN91,(2001 FN91),2001-03-19,0
2001 FO127,(2001 FO127),2001-03-30,0
2001 FR128,(2001 FR128),2001-03-24,0
2001 GL2,(2001 GL2),2001-04-03,0
2001 GM2,(2001 GM2),2001-04-12,0
2001 GO2,(2001 GO2),2001-04-13,0
2001 GP2,(2001 GP2),2001-04-13,0
2001 GR2,(2001 GR2),2001-04-05,1
2001 GS2,(2001 GS2),2001-04-14,0
2001 GT2,(2001 GT2),2001-04-15,1
2001 HW7,(2001 HW7),2001-04-18,0
2001 HX7,(2001 HX7),2001-04-14,0
2001 HJ31,(2001 HJ31),2001-04-26,0
2001 HK31,(2001 HK31),2001-04-21,0
2001 HL31,(2001 HL31),2001-04-29,0
2001 JV1,(2001 JV1),2001-05-14,1
2001 JW1,(2001 JW1),2001-05-11,0
2001 KW18,(2001 KW18),2001-05-18,0
2001 KY18,(2001 KY18),2001-05-18,0
2001 KM20,(2001 KM20),2001-05-21,0
2001 KO41,(2001 KO41),2001-05-24,0
2001 KF54,(2001 KF54),2001-05-26,1
2001 KD55,(2001 KD55),2001-05-26,0
2001 KU66,(2001 KU66),2001-05-30,0
2001 KD68,(2001 KD68),2001-05-31,0
2001 LD,(2001 LD),2001-06-02,1
2001 LD6,(2001 LD6),2001-06-13,0
2001 MD1,(2001 MD1),2001-06-16,0
2001 MS3,(2001 MS3),2001-06-15,0
2001 MY7,(2001 MY7),2001-06-21,0
2001 NY1,(2001 NY1),2001-07-10,0
2001 NJ6,(2001 NJ6),2001-07-13,0
2001 ND13,(2001 ND13),2001-07-13,0
2001 NE13,(2001 NE13),1998-07-31,0
2001 OT,(2001 OT),2001-07-16,0
2001 OD3,(2001 OD3),2001-07-16,0
2001 OE3,(2001 OE3),2001-07-12,0
2001 OV13,(2001 OV13),2001-07-16,0
2001 OX13,(2001 OX13),2001-07-18,0
2001 OF25,(2001 OF25),2001-07-22,0
2001 OC36,(2001 OC36),2001-07-25,0
2001 PJ,(2001 PJ),2001-08-04,0
2001 PH9,(2001 PH9),2001-08-10,0
2001 PU9,(2001 PU9),2001-08-12,0
2001 PF14,(2001 PF14),2001-08-12,0
2001 PG14,(2001 PG14),2001-08-14,0
2001 PJ29,(2001 PJ29),2001-08-15,0
2001 QJ,(2001 QJ),2001-08-16,0
2001 QB34,(2001 QB34),2001-08-16,0
2001 QD34,(2001 QD34),2001-08-17,0
2001 QE34,(2001 QE34),2001-08-18,0
2001 QE71,(2001 QE71),2001-08-19,0
2001 QF96,(2001 QF96),2001-08-18,0
2001 QJ96,(2001 QJ96),2001-08-23,0
2001 QG142,(2001 QG142),2001-08-23,0
2001 QJ142,(2001 QJ142),2001-08-23,0
2001 QM142,(2001 QM142),2001-08-25,0
2001 QN142,(2001 QN142),2001-08-25,0
2001 QO142,(2001 QO142),2001-08-25,0
2001 QP142,(2001 QP142),2001-08-25,0
2001 QK153,(2001 QK153),2001-08-27,0
2001 QL153,(2001 QL153),2001-08-26,0
2001 QL163,(2001 QL163),2001-08-25,0
2001 QM163,(2001 QM163),2001-08-26,0
2001 RO3,(2001 RO3),2001-09-07,0
2001 RP3,(2001 RP3),2001-09-08,0
2001 RQ17,(2001 RQ17),2001-09-11,0
2001 RW17,(2001 RW17),2001-09-11,0
2001 RX17,(2001 RX17),2001-09-11,0
2001 RA18,(2001 RA18),2001-06-15,0
2001 RX47,(2001 RX47),2001-09-11,0
2001 SQ3,(2001 SQ3),2001-09-17,1
2001 SJ9,(2001 SJ9),1998-09-19,0
2001 SY169,(2001 SY169),2001-09-19,0
2001 SZ169,(2001 SZ169),2001-09-19,0
2001 SA170,(2001 SA170),2001-09-20,0
2001 SB170,(2001 SB170),2001-09-20,0
2001 SC170,(2001 SC170),2001-09-20,0
2001 SJ262,(2001 SJ262),2001-08-20,0
2001 SO263,(2001 SO263),2001-09-19,0
2001 SP263,(2001 SP263),2001-09-21,0
2001 SR263,(2001 SR263),2001-09-19,0
2001 SL264,(2001 SL264),2001-09-11,0
2001 SX269,(2001 SX269),2001-09-23,0
2001 SY269,(2001 SY269),2001-09-25,1
2001 SZ269,(2001 SZ269),2001-02-20,1
2001 SD270,(2001 SD270),2001-09-26,0
2001 SE270,(2001 SE270),2001-09-25,0
2001 SH276,(2001 SH276),2001-09-26,0
2001 SD286,(2001 SD286),2001-09-24,0
2001 SP287,(2001 SP287),2001-09-25,0
2001 SQ287,(2001 SQ287),2001-09-25,0
2001 SS287,(2001 SS287),2001-09-27,0
2001 TB,(2001 TB),2001-10-05,0
2001 TC,(2001 TC),2001-10-06,0
2001 TD,(2001 TD),2001-10-08,0
2001 TY1,(2001 TY1),2001-10-06,0
2001 TA2,(2001 TA2),2001-10-11,1
2001 TB2,(2001 TB2),2001-10-11,0
2001 TY44,(2001 TY44),2001-10-12,0
2001 TB45,(2001 TB45),2001-09-23,0
2001 TC45,(2001 TC45),2001-10-15,1
2001 TE45,(2001 TE45),2001-10-15,0
2001 UO,(2001 UO),2001-10-16,0
2001 UP,(2001 UP),2001-10-16,0
2001 UX4,(2001 UX4),2001-10-16,0
2001 UZ4,(2001 UZ4),2001-10-08,0
2001 UB5,(2001 UB5),2001-10-18,0
2001 UC5,(2001 UC5),2001-10-20,0
2001 UD5,(2001 UD5),2001-10-19,0
2001 UF5,(2001 UF5),2001-10-07,0
2001 UN16,(2001 UN16),2001-10-21,0
2001 UP16,(2001 UP16),2001-10-07,0
2001 UQ16,(2001 UQ16),2001-10-15,0
2001 UT16,(2001 UT16),2001-10-24,0
2001 UU16,(2001 UU16),2001-10-24,0
2001 UW17,(2001 UW17),2001-10-26,0
2001 UD18,(2001 UD18),2001-10-26,0
2001 UE18,(2001 UE18),2001-10-26,0
2001 UG18,(2001 UG18),2001-10-27,0
2001 UO27,(2001 UO27),2001-10-27,0
2001 UU92,(2001 UU92),2001-10-07,0
2001 UQ163,(2001 UQ163),2001-10-26,0
2001 VB,(2001 VB),2001-11-04,1
2001 VC2,(2001 VC2),2001-11-07,1
2001 VD2,(2001 VD2),2001-11-09,0
2001 VE2,(2001 VE2),2001-11-09,0
2001 VF2,(2001 VF2),2001-11-09,0
2001 VH5,(2001 VH5),2001-11-11,0
2001 VJ5,(2001 VJ5),2001-10-25,1
2001 VM5,(2001 VM5),2001-11-11,0
2001 VG16,(2001 VG16),2001-11-12,0
2001 VF75,(2001 VF75),2001-11-11,0
2001 VJ75,(2001 VJ75),2001-11-12,0
2001 VE76,(2001 VE76),2001-11-15,0
2001 WH1,(2001 WH1),2001-11-17,1
2001 WV1,(2001 WV1),2001-11-18,0
2001 WH2,(2001 WH2),2001-10-23,0
2001 WJ4,(2001 WJ4),2001-11-20,0
2001 WR5,(2001 WR5),2001-11-15,0
2001 WJ15,(2001 WJ15),2001-11-21,0
2001 WK15,(2001 WK15),2001-11-21,0
2001 WM15,(2001 WM15),2001-11-24,0
2001 WN15,(2001 WN15),2001-11-24,0
2001 WO15,(2001 WO15),2001-11-24,0
2001 WP15,(2001 WP15),2001-11-12,0
2001 WF49,(2001 WF49),2001-11-24,0
2001 WH49,(2001 WH49),2001-11-24,0
2001 XP,(2001 XP),2001-11-17,0
2001 XQ,(2001 XQ),2001-12-06,1
2001 XG1,(2001 XG1),2001-11-19,0
2001 XU4,(2001 XU4),2001-12-09,0
2001 XX4,(2001 XX4),2001-12-11,1
2001 XW10,(2001 XW10),2001-12-11,0
2001 XH16,(2001 XH16),2001-12-09,0
2001 XP31,(2001 XP31),2001-12-11,1
2001 XQ31,(2001 XQ31),2001-11-18,0
2001 XO88,(2001 XO88),2001-12-14,0
2001 XX103,(2001 XX103),2001-12-15,0
2001 XG105,(2001 XG105),2001-12-15,0
2001 XK105,(2001 XK105),2001-12-05,0
2001 YA1,(2001 YA1),2001-12-17,0
2001 YB1,(2001 YB1),2001-12-17,0
2001 YC1,(2001 YC1),2001-12-17,0
2001 YD1,(2001 YD1),2001-12-17,0
2001 YE1,(2001 YE1),2001-12-17,0
2001 YM2,(2001 YM2),2001-12-18,0
2001 YN2,(2001 YN2),2001-12-18,0
2001 YO2,(2001 YO2),2001-12-18,0
2001 YP3,(2001 YP3),2001-12-16,1
2001 YR3,(2001 YR3),2001-12-19,0
2001 YT3,(2001 YT3),1991-01-12,0
2001 YU3,(2001 YU3),2001-12-12,0
2001 YV3,(2001 YV3),2001-12-22,1
2001 YM4,(2001 YM4),2001-12-22,0
2001 YB5,(2001 YB5),2001-12-26,1
2001 YX11,(2001 YX11),2001-12-13,0
2002 AV,(2002 AV),2002-01-05,1
2002 AY1,(2002 AY1),2002-01-07,1
2002 AZ1,(2002 AZ1),2002-01-07,1
2002 AA2,(2002 AA2),2002-01-07,0
2002 AB2,(2002 AB2),2002-01-07,0
2002 AQ2,(2002 AQ2),2001-12-23,0
2002 AY3,(2002 AY3),2002-01-08,0
2002 AR4,(2002 AR4),2001-12-17,0
2002 AS4,(2002 AS4),2002-01-08,1
2002 AT4,(2002 AT4),2001-12-18,1
2002 AC9,(2002 AC9),2002-01-09,1
2002 AO11,(2002 AO11),2002-01-09,0
2002 AK14,(2002 AK14),2000-04-04,0
2002 AA29,(2002 AA29),2002-01-09,0
2002 AD29,(2002 AD29),2002-01-08,0
2002 AE29,(2002 AE29),2002-01-13,0
2002 AF29,(2002 AF29),2001-12-13,0
2002 AH29,(2002 AH29),2002-01-14,0
2002 AL31,(2002 AL31),2002-01-14,0
2002 AJ69,(2002 AJ69),2002-01-14,0
2002 AN129,(2002 AN129),2002-01-14,0
2002 BG,(2002 BG),2002-01-19,0
2002 BM,(2002 BM),2002-01-19,0
2002 BA1,(2002 BA1),2002-01-12,0
2002 BJ2,(2002 BJ2),1996-03-12,0
2002 BM5,(2002 BM5),2002-01-23,0
2002 BF25,(2002 BF25),2002-01-25,0
2002 BG25,(2002 BG25),2002-01-25,0
2002 BM26,(2002 BM26),2002-01-26,1
2002 CP4,(2002 CP4),2002-02-04,0
2002 CY9,(2002 CY9),2002-02-06,1
2002 CR11,(2002 CR11),2002-02-06,0
2002 CS11,(2002 CS11),2002-02-06,0
2002 CV11,(2002 CV11),2002-02-07,0
2002 CW11,(2002 CW11),2002-02-07,0
2002 CC14,(2002 CC14),2002-02-07,0
2002 CN15,(2002 CN15),2002-01-27,0
2002 CB19,(2002 CB19),2002-02-07,0
2002 CA26,(2002 CA26),2002-02-08,0
2002 CB26,(2002 CB26),2002-02-10,0
2002 CC26,(2002 CC26),2002-02-10,0
2002 CT46,(2002 CT46),2002-02-11,0
2002 CU46,(2002 CU46),2002-02-11,0
2002 CV46,(2002 CV46),2002-02-11,0
2002 CX58,(2002 CX58),2002-01-14,0
2002 DH2,(2002 DH2),2002-02-20,0
2002 DC3,(2002 DC3),2002-02-20,0
2002 DO3,(2002 DO3),2002-02-21,1
2002 DQ3,(2002 DQ3),2002-02-22,0
2002 EA,(2002 EA),2002-03-02,0
2002 EC,(2002 EC),2002-03-04,0
2002 EV,(2002 EV),2002-03-05,0
2002 EW,(2002 EW),2002-03-05,0
2002 EY,(2002 EY),2002-03-05,0
2002 EC3,(2002 EC3),2002-03-09,0
2002 EM7,(2002 EM7),2002-03-12,0
2002 EN7,(2002 EN7),2002-03-12,0
2002 EW8,(2002 EW8),2002-03-13,0
2002 EX8,(2002 EX8),2002-03-13,0
2002 ES11,(2002 ES11),2002-03-13,0
2002 ET11,(2002 ET11),2002-03-13,0
2002 EU11,(2002 EU11),2002-03-13,1
2002 EV11,(2002 EV11),2002-03-13,1
2002 EW11,(2002 EW11),2002-03-12,0
2002 EY11,(2002 EY11),2002-03-15,0
2002 EG116,(2002 EG116),2002-03-05,0
2002 FB,(2002 FB),2002-03-16,0
2002 FW1,(2002 FW1),2002-03-19,0
2002 FP5,(2002 FP5),2002-03-19,0
2002 FQ5,(2002 FQ5),2002-03-14,1
2002 FT5,(2002 FT5),2002-03-20,0
2002 FU5,(2002 FU5),2002-03-11,0
2002 FS6,(2002 FS6),2002-03-21,0
2002 FO7,(2002 FO7),2002-03-20,0
2002 GQ,(2002 GQ),2002-04-01,0
2002 GR,(2002 GR),2002-04-03,0
2002 GG1,(2002 GG1),2002-04-04,0
2002 GJ1,(2002 GJ1),2002-04-04,0
2002 GK1,(2002 GK1),2002-04-04,0
2002 GM5,(2002 GM5),2002-04-10,1
2002 GN5,(2002 GN5),2002-03-19,0
2002 GP5,(2002 GP5),2002-04-11,0
2002 GF8,(2002 GF8),2002-04-09,0
2002 GG8,(2002 GG8),2002-04-11,0
2002 GJ8,(2002 GJ8),2002-03-23,1
2002 GD10,(2002 GD10),2002-04-15,0
2002 HE8,(2002 HE8),2002-04-18,0
2002 HP11,(2002 HP11),2002-04-21,1
2002 JZ8,(2002 JZ8),2002-05-01,1
2002 JD9,(2002 JD9),2002-05-05,0
2002 JQ9,(2002 JQ9),2002-05-06,1
2002 JU15,(2002 JU15),2002-05-08,0
2002 JQ97,(2002 JQ97),2002-05-09,0
2002 JR100,(2002 JR100),2002-05-14,0
2002 KM3,(2002 KM3),2002-05-10,0
2002 KG4,(2002 KG4),2002-05-22,1
2002 KK8,(2002 KK8),2002-05-30,1
2002 LK,(2002 LK),2002-06-01,0
2002 LW,(2002 LW),2002-06-02,0
2002 LY1,(2002 LY1),2002-06-03,0
2002 LG3,(2002 LG3),2002-06-05,0
2002 LH3,(2002 LH3),2002-06-05,0
2002 LR24,(2002 LR24),2002-06-08,0
2002 LS24,(2002 LS24),2002-06-08,0
2002 LD31,(2002 LD31),2002-06-08,0
2002 LZ45,(2002 LZ45),2002-06-14,0
2002 LX64,(2002 LX64),2002-06-13,1
2002 MN,(2002 MN),2002-06-17,0
2002 MX,(2002 MX),2002-06-17,1
2002 MY,(2002 MY),2002-05-30,0
2002 MT1,(2002 MT1),2002-06-21,0
2002 MR3,(2002 MR3),2002-06-30,1
2002 MS3,(2002 MS3),2002-06-15,0
2002 MT3,(2002 MT3),2002-06-30,1
2002 NW,(2002 NW),2002-07-05,0
2002 NY40,(2002 NY40),2002-07-12,1
2002 NE71,(2002 NE71),2002-06-24,0
2002 OY21,(2002 OY21),2002-07-29,0
2002 PB,(2002 PB),2002-08-01,0
2002 PN,(2002 PN),2002-08-02,0
2002 PR1,(2002 PR1),2002-08-04,1
2002 PN6,(2002 PN6),2002-07-12,0
2002 PO6,(2002 PO6),2002-07-22,0
2002 PQ6,(2002 PQ6),2002-07-10,0
2002 PC11,(2002 PC11),2002-08-04,0
2002 PD11,(2002 PD11),2002-07-22,0
2002 PW39,(2002 PW39),2002-08-06,0
2002 PX39,(2002 PX39),2002-07-26,0
2002 PY39,(2002 PY39),2002-08-08,0
2002 PE43,(2002 PE43),2002-08-10,0
2002 PE130,(2002 PE130),2002-08-14,1
2002 PM203,(2002 PM203),2002-08-04,0
2002 QZ6,(2002 QZ6),2002-08-16,0
2002 QH10,(2002 QH10),2002-08-20,1
2002 QQ40,(2002 QQ40),2002-08-20,1
2002 QE47,(2002 QE47),2002-08-30,0
2002 QW47,(2002 QW47),2002-02-22,1
2002 RB,(2002 RB),2002-09-01,0
2002 RT,(2002 RT),2002-08-28,0
2002 RO28,(2002 RO28),2002-09-05,0
2002 RC117,(2002 RC117),2002-08-26,0
2002 RZ125,(2002 RZ125),2002-09-10,0
2002 RA126,(2002 RA126),2002-09-11,0
2002 RS129,(2002 RS129),2002-08-26,0
2002 RT129,(2002 RT129),2002-09-12,0
2002 RO137,(2002 RO137),2002-08-12,0
2002 RP137,(2002 RP137),2002-09-12,0
2002 RA182,(2002 RA182),2002-09-05,0
2002 RB182,(2002 RB182),2002-09-14,0
2002 SF,(2002 SF),2002-09-16,0
2002 SN,(2002 SN),2002-09-10,0
2002 SQ41,(2002 SQ41),2002-09-29,1
2002 TV55,(2002 TV55),2002-09-14,0
2002 TX55,(2002 TX55),2002-10-03,0
2002 TZ57,(2002 TZ57),2002-10-03,0
2002 TA58,(2002 TA58),2002-10-03,0
2002 TD58,(2002 TD58),2002-09-30,0
2002 TX59,(2002 TX59),2002-10-03,0
2002 TY59,(2002 TY59),2002-10-04,0
2002 TZ59,(2002 TZ59),2002-10-04,0
2002 TA60,(2002 TA60),2002-10-05,0
2002 TC60,(2002 TC60),2002-10-05,0
2002 TG66,(2002 TG66),2002-10-05,0
2002 TZ66,(2002 TZ66),2002-10-07,0
2002 TA67,(2002 TA67),2002-10-07,0
2002 TR67,(2002 TR67),2002-09-19,0
2002 TH68,(2002 TH68),2002-10-04,0
2002 TY68,(2002 TY68),2002-10-09,0
2002 TZ68,(2002 TZ68),2002-10-09,0
2002 TA69,(2002 TA69),2002-10-09,0
2002 TB69,(2002 TB69),2002-10-09,0
2002 TP69,(2002 TP69),2002-08-31,1
2002 TS69,(2002 TS69),2002-10-10,0
2002 TB70,(2002 TB70),2002-09-21,1
2002 UL11,(2002 UL11),2002-10-05,0
2002 UQ12,(2002 UQ12),2002-10-29,0
2002 UV36,(2002 UV36),2002-10-31,0
2002 VQ14,(2002 VQ14),2002-11-05,0
2002 VR14,(2002 VR14),2002-10-04,0
2002 VS14,(2002 VS14),2002-11-06,0
2002 VU17,(2002 VU17),2002-11-07,0
2002 VX17,(2002 VX17),2002-10-04,0
2002 VO69,(2002 VO69),2002-11-05,0
2002 VO85,(2002 VO85),2002-11-11,0
2002 VP85,(2002 VP85),2002-11-12,0
2002 VR85,(2002 VR85),2002-10-30,1
2002 VS85,(2002 VS85),2002-11-12,0
2002 VX91,(2002 VX91),2002-11-04,0
2002 VY91,(2002 VY91),2002-11-12,0
2002 VZ91,(2002 VZ91),2002-11-12,0
2002 VR94,(2002 VR94),2002-07-06,0
2002 VT94,(2002 VT94),2002-11-13,0
2002 VU114,(2002 VU114),2002-11-15,0
2002 WQ,(2002 WQ),2002-11-17,0
2002 WX12,(2002 WX12),2002-11-30,0
2002 XA,(2002 XA),2002-10-30,0
2002 XB,(2002 XB),2002-12-01,0
2002 XO1,(2002 XO1),2002-10-06,0
2002 XT4,(2002 XT4),2002-11-30,0
2002 XU4,(2002 XU4),2002-11-24,0
2002 XW4,(2002 XW4),2002-11-28,0
2002 XM14,(2002 XM14),2002-12-05,0
2002 XO14,(2002 XO14),2002-11-14,1
2002 XS14,(2002 XS14),2002-12-06,0
2002 XM35,(2002 XM35),2002-12-01,0
2002 XY39,(2002 XY39),2002-12-11,0
2002 XB40,(2002 XB40),2002-12-10,0
2002 XF40,(2002 XF40),2002-12-10,0
2002 XO40,(2002 XO40),2002-12-11,0
2002 XE84,(2002 XE84),2002-12-13,0
2002 XQ90,(2002 XQ90),2002-12-15,0
2002 XS90,(2002 XS90),2002-12-15,0
2002 XT90,(2002 XT90),2001-12-23,0
2002 XV90,(2002 XV90),2002-12-13,0
2002 YO2,(2002 YO2),2002-12-28,0
2002 YG4,(2002 YG4),2002-12-28,0
2002 YR5,(2002 YR5),2002-12-31,0
2002 YC12,(2002 YC12),2002-12-31,0
2002 YD12,(2002 YD12),2002-12-31,0
2003 AC1,(2003 AC1),2003-01-01,0
2003 AM4,(2003 AM4),2002-10-08,0
2003 AB23,(2003 AB23),2002-07-22,0
2003 AC23,(2003 AC23),2003-01-07,1
2003 AF23,(2003 AF23),2003-01-08,1
2003 AS42,(2003 AS42),2003-01-08,0
2003 AJ69,(2003 AJ69),2003-01-10,0
2003 AK73,(2003 AK73),2003-01-11,0
2003 AA83,(2003 AA83),2003-01-13,0
2003 BN1,(2003 BN1),2003-01-25,0
2003 BM4,(2003 BM4),2003-01-26,0
2003 BN4,(2003 BN4),2002-12-31,0
2003 BB21,(2003 BB21),2003-01-27,1
2003 BW33,(2003 BW33),2003-01-27,0
2003 BS35,(2003 BS35),2003-01-27,0
2003 BV35,(2003 BV35),2003-01-29,0
2003 BC44,(2003 BC44),2003-01-29,0
2003 BC46,(2003 BC46),2003-01-25,0
2003 BR47,(2003 BR47),2000-08-28,1
2003 BS47,(2003 BS47),2003-01-31,0
2003 CA4,(2003 CA4),2003-02-04,0
2003 CC11,(2003 CC11),2003-01-02,0
2003 CG11,(2003 CG11),2003-01-27,1
2003 CL18,(2003 CL18),2002-08-15,0
2003 CO20,(2003 CO20),2003-02-11,0
2003 CQ20,(2003 CQ20),2003-02-10,0
2003 DF6,(2003 DF6),2003-02-23,0
2003 DG6,(2003 DG6),2003-02-23,0
2003 DH6,(2003 DH6),2003-02-23,0
2003 DW10,(2003 DW10),2003-02-26,0
2003 DY15,(2003 DY15),2003-02-28,0
2003 DZ15,(2003 DZ15),2003-02-28,0
2003 DF16,(2003 DF16),2003-02-28,0
2003 DU25,(2003 DU25),2003-02-24,0
2003 EM1,(2003 EM1),2003-03-05,0
2003 EP4,(2003 EP4),2003-03-07,0
2003 EG16,(2003 EG16),2003-03-08,1
2003 EH16,(2003 EH16),2003-03-08,0
2003 EP16,(2003 EP16),2003-03-09,0
2003 EZ16,(2003 EZ16),2003-03-09,0
2003 EC50,(2003 EC50),2003-03-10,0
2003 EJ59,(2003 EJ59),2003-03-12,0
2003 EW59,(2003 EW59),2003-03-13,0
2003 FK1,(2003 FK1),2003-03-24,0
2003 FU3,(2003 FU3),2003-03-26,0
2003 FV3,(2003 FV3),2003-03-26,0
2003 FB5,(2003 FB5),2003-03-26,0
2003 FF5,(2003 FF5),2003-03-27,0
2003 FY6,(2003 FY6),2003-03-29,0
2003 FJ8,(2003 FJ8),2003-03-30,0
2003 GD,(2003 GD),2003-04-02,0
2003 GJ,(2003 GJ),2003-03-23,0
2003 GX,(2003 GX),2003-04-05,0
2003 GF21,(2003 GF21),2003-04-07,0
2003 GG21,(2003 GG21),2003-04-07,1
2003 GH21,(2003 GH21),2003-04-07,0
2003 GJ21,(2003 GJ21),2003-04-01,0
2003 GQ22,(2003 GQ22),2003-04-07,1
2003 GR22,(2003 GR22),2003-04-07,1
2003 GS22,(2003 GS22),2003-04-07,0
2003 GV29,(2003 GV29),2003-04-08,0
2003 GB34,(2003 GB34),2002-09-19,0
2003 GU41,(2003 GU41),2003-04-09,0
2003 GD42,(2003 GD42),2003-04-09,0
2003 GP51,(2003 GP51),2003-04-14,1
2003 HM,(2003 HM),2003-04-23,0
2003 HN,(2003 HN),2003-03-23,0
2003 HW10,(2003 HW10),2003-04-25,0
2003 HN16,(2003 HN16),2003-04-27,0
2003 HP32,(2003 HP32),2003-04-26,0
2003 HT42,(2003 HT42),2003-04-29,0
2003 JX2,(2003 JX2),2003-05-01,0
2003 JY2,(2003 JY2),2003-05-02,0
2003 JG4,(2003 JG4),2003-05-03,0
2003 JD11,(2003 JD11),2003-05-05,0
2003 JD13,(2003 JD13),2003-05-08,0
2003 JO14,(2003 JO14),2003-05-09,0
2003 JP14,(2003 JP14),2003-05-09,0
2003 JV14,(2003 JV14),2003-05-10,0
2003 JC17,(2003 JC17),2003-05-11,0
2003 JD17,(2003 JD17),2003-05-12,0
2003 KF4,(2003 KF4),2003-05-25,0
2003 KQ18,(2003 KQ18),2003-05-30,0
2003 LH,(2003 LH),2003-06-02,0
2003 LW1,(2003 LW1),2003-06-03,0
2003 LW2,(2003 LW2),2003-06-04,0
2003 LN6,(2003 LN6),2003-06-09,0
2003 MN,(2003 MN),2003-06-22,0
2003 MU,(2003 MU),2003-05-01,1
2003 ME1,(2003 ME1),2003-06-23,0
2003 MS2,(2003 MS2),2003-03-07,1
2003 MK4,(2003 MK4),2003-06-27,1
2003 ME7,(2003 ME7),2003-06-29,0
2003 MW7,(2003 MW7),2003-06-30,0
2003 NB,(2003 NB),2003-07-01,0
2003 ND,(2003 ND),2003-07-01,0
2003 NL7,(2003 NL7),2003-07-08,0
2003 OC3,(2003 OC3),2003-07-21,1
2003 OT13,(2003 OT13),2003-07-29,0
2003 PN5,(2003 PN5),2003-08-04,0
2003 QC,(2003 QC),2003-08-18,0
2003 QK5,(2003 QK5),2003-08-21,0
2003 QU5,(2003 QU5),2003-08-21,0
2003 QQ10,(2003 QQ10),2003-08-22,0
2003 QY29,(2003 QY29),2003-08-24,0
2003 QZ29,(2003 QZ29),2003-08-24,0
2003 QA30,(2003 QA30),2003-08-24,0
2003 QB30,(2003 QB30),2003-08-24,0
2003 QB31,(2003 QB31),2003-08-25,0
2003 QF70,(2003 QF70),2003-08-27,0
2003 QL96,(2003 QL96),2003-08-31,0
2003 RS1,(2003 RS1),2003-07-31,1
2003 RE2,(2003 RE2),2003-09-03,0
2003 RB5,(2003 RB5),2003-09-04,1
2003 RD5,(2003 RD5),2003-09-01,0
2003 RL10,(2003 RL10),2003-09-13,0
2003 RU11,(2003 RU11),2003-09-14,0
2003 RW11,(2003 RW11),2003-09-15,0
2003 SY4,(2003 SY4),2003-09-17,0
2003 SK5,(2003 SK5),2003-09-16,0
2003 SL5,(2003 SL5),2003-09-17,0
2003 SY17,(2003 SY17),2000-09-03,0
2003 SK36,(2003 SK36),2003-09-19,0
2003 SL36,(2003 SL36),2003-09-19,0
2003 SH84,(2003 SH84),2003-09-19,0
2003 SK84,(2003 SK84),2003-09-19,1
2003 SR84,(2003 SR84),2003-09-20,0
2003 SS84,(2003 SS84),2003-09-20,1
2003 SU84,(2003 SU84),2003-09-20,0
2003 SA85,(2003 SA85),2003-09-21,0
2003 SW130,(2003 SW130),2003-09-20,0
2003 SV159,(2003 SV159),2003-09-22,0
2003 SF170,(2003 SF170),2003-09-23,0
2003 SJ170,(2003 SJ170),2003-09-24,0
2003 SN214,(2003 SN214),2003-09-21,0
2003 SS214,(2003 SS214),2003-09-26,0
2003 SU214,(2003 SU214),2003-09-27,0
2003 SH215,(2003 SH215),2003-09-24,0
2003 SK215,(2003 SK215),2003-09-28,0
2003 SL215,(2003 SL215),2003-09-28,0
2003 SM215,(2003 SM215),2003-09-28,0
2003 SN215,(2003 SN215),2003-09-28,0
2003 SQ222,(2003 SQ222),2003-09-28,0
2003 TK1,(2003 TK1),2003-10-04,0
2003 TL1,(2003 TL1),2003-09-21,0
2003 TM1,(2003 TM1),2003-10-05,0
2003 TG2,(2003 TG2),2003-10-05,0
2003 TH2,(2003 TH2),2003-10-05,0
2003 TK2,(2003 TK2),2003-10-06,1
2003 TO9,(2003 TO9),2003-09-18,1
2003 TR9,(2003 TR9),2003-10-09,1
2003 TT9,(2003 TT9),2003-10-15,0
2003 TX9,(2003 TX9),2003-10-01,0
2003 UE,(2003 UE),2003-10-16,0
2003 UM3,(2003 UM3),2003-10-17,0
2003 UQ3,(2003 UQ3),2003-10-17,0
2003 UB5,(2003 UB5),2003-10-17,1
2003 UC5,(2003 UC5),2003-10-17,0
2003 UD5,(2003 UD5),2003-10-18,0
2003 UW5,(2003 UW5),2003-10-18,0
2003 UX5,(2003 UX5),2003-10-18,1
2003 UE8,(2003 UE8),2003-10-18,0
2003 UL9,(2003 UL9),2003-10-19,0
2003 UC10,(2003 UC10),2003-10-20,0
2003 UO12,(2003 UO12),2003-10-21,0
2003 UP12,(2003 UP12),2003-10-21,0
2003 UQ12,(2003 UQ12),2003-10-21,0
2003 UY12,(2003 UY12),2003-10-17,0
2003 UY19,(2003 UY19),2003-10-21,0
2003 UB22,(2003 UB22),2003-10-22,0
2003 UC22,(2003 UC22),2003-10-22,0
2003 UE22,(2003 UE22),2003-10-23,0
2003 UG22,(2003 UG22),2003-10-22,0
2003 UP24,(2003 UP24),2003-10-23,0
2003 UO25,(2003 UO25),2003-10-24,0
2003 UP25,(2003 UP25),2003-10-24,0
2003 UQ25,(2003 UQ25),2003-10-24,0
2003 UR25,(2003 UR25),2003-10-25,0
2003 UW26,(2003 UW26),2003-10-24,0
2003 UX26,(2003 UX26),2003-10-25,0
2003 UT55,(2003 UT55),2003-10-26,0
2003 VE1,(2003 VE1),2003-11-05,1
2003 WE,(2003 WE),2003-11-17,0
2003 WG,(2003 WG),2003-11-18,1
2003 WP7,(2003 WP7),2003-11-19,0
2003 WP21,(2003 WP21),2003-11-20,1
2003 WQ21,(2003 WQ21),2003-11-20,0
2003 WU21,(2003 WU21),2003-11-20,0
2003 WR25,(2003 WR25),2003-11-21,0
2003 WW26,(2003 WW26),2003-11-21,0
2003 WY87,(2003 WY87),2003-11-24,0
2003 WH98,(2003 WH98),2003-11-26,0
2003 WJ98,(2003 WJ98),2003-11-26,0
2003 WO151,(2003 WO151),2003-10-03,0
2003 WT153,(2003 WT153),2003-11-29,0
2003 WU153,(2003 WU153),2003-11-26,0
2003 WY153,(2003 WY153),2003-11-29,0
2003 WE157,(2003 WE157),2003-11-29,0
2003 WC158,(2003 WC158),2003-08-22,1
2003 WH166,(2003 WH166),2003-11-19,1
2003 XK,(2003 XK),2003-12-01,0
2003 XM,(2003 XM),2003-12-03,1
2003 XV,(2003 XV),2003-12-01,0
2003 XJ7,(2003 XJ7),2003-12-05,0
2003 XH10,(2003 XH10),2003-12-04,0
2003 XZ12,(2003 XZ12),2003-12-15,0
2003 YM1,(2003 YM1),2003-12-17,0
2003 YN1,(2003 YN1),2003-12-15,0
2003 YP1,(2003 YP1),2003-12-05,1
2003 YQ1,(2003 YQ1),2003-12-18,0
2003 YR1,(2003 YR1),2003-12-18,0
2003 YS1,(2003 YS1),2003-12-17,0
2003 YW1,(2003 YW1),2003-11-30,0
2003 YP3,(2003 YP3),2003-12-19,0
2003 YN7,(2003 YN7),2003-12-19,0
2003 YS17,(2003 YS17),2003-12-21,1
2003 YD45,(2003 YD45),2003-12-20,1
2003 YS70,(2003 YS70),2003-12-22,0
2003 YT70,(2003 YT70),2003-12-22,0
2003 YP94,(2003 YP94),2003-12-22,0
2003 YN107,(2003 YN107),2003-12-20,0
2003 YH111,(2003 YH111),2003-12-27,0
2003 YR117,(2003 YR117),2003-12-28,0
2003 YL118,(2003 YL118),2003-12-28,1
2003 YG136,(2003 YG136),2003-12-28,0
2003 YH136,(2003 YH136),2003-12-28,1
2003 YJ136,(2003 YJ136),2003-12-29,0
2004 AC,(2004 AC),2004-01-04,0
2004 AD,(2004 AD),2004-01-04,0
2004 AM,(2004 AM),2004-01-12,0
2004 AD1,(2004 AD1),2004-01-13,0
2004 AY1,(2004 AY1),2004-01-13,0
2004 AE6,(2004 AE6),2004-01-15,0
2004 BY1,(2004 BY1),2004-01-17,0
2004 BF11,(2004 BF11),2004-01-18,0
2004 BH11,(2004 BH11),2004-01-18,0
2004 BJ11,(2004 BJ11),2004-01-18,0
2004 BK11,(2004 BK11),2004-01-18,0
2004 BM11,(2004 BM11),2004-01-18,0
2004 BV18,(2004 BV18),2004-01-19,0
2004 BW18,(2004 BW18),2003-12-30,0
2004 BZ18,(2004 BZ18),2004-01-19,0
2004 BY21,(2004 BY21),2004-01-19,0
2004 BG41,(2004 BG41),2004-01-22,0
2004 BN41,(2004 BN41),2004-01-23,0
2004 BT58,(2004 BT58),2004-01-23,0
2004 BX58,(2004 BX58),2004-01-23,0
2004 BZ74,(2004 BZ74),2004-01-27,0
2004 BA75,(2004 BA75),2004-01-27,0
2004 BB75,(2004 BB75),2004-01-28,0
2004 BF85,(2004 BF85),2004-01-06,0
2004 BE86,(2004 BE86),2003-12-27,0
2004 BK86,(2004 BK86),2004-01-30,0
2004 BP160,(2004 BP160),2004-01-22,0
2004 CC,(2004 CC),2004-02-02,0
2004 CQ,(2004 CQ),2004-02-10,0
2004 CS,(2004 CS),2004-02-10,0
2004 CZ1,(2004 CZ1),2004-02-12,0
2004 CA2,(2004 CA2),2004-02-12,0
2004 CR2,(2004 CR2),2004-02-12,0
2004 CD39,(2004 CD39),2004-02-14,0
2004 CE39,(2004 CE39),2004-02-14,0
2004 DK1,(2004 DK1),2004-02-17,0
2004 DL1,(2004 DL1),2004-02-18,0
2004 DF2,(2004 DF2),2004-02-19,0
2004 DM44,(2004 DM44),2004-02-25,1
2004 DA53,(2004 DA53),2004-02-26,0
2004 EH1,(2004 EH1),2004-03-14,1
2004 EJ1,(2004 EJ1),2004-02-17,0
2004 EL20,(2004 EL20),2004-03-14,0
2004 ER21,(2004 ER21),2004-03-15,0
2004 ET21,(2004 ET21),2004-03-15,0
2004 EU22,(2004 EU22),2004-03-15,0
2004 FA,(2004 FA),2004-03-16,0
2004 FD,(2004 FD),2004-03-16,0
2004 FE,(2004 FE),2004-02-12,0
2004 FH,(2004 FH),2004-03-16,0
2004 FW1,(2004 FW1),2004-03-10,1
2004 FX1,(2004 FX1),2004-03-17,0
2004 FY1,(2004 FY1),2004-03-17,0
2004 FK2,(2004 FK2),2004-03-18,0
2004 FY3,(2004 FY3),2004-03-19,0
2004 FD4,(2004 FD4),2004-03-18,0
2004 FE4,(2004 FE4),2004-03-19,0
2004 FM4,(2004 FM4),2004-03-19,0
2004 FP4,(2004 FP4),2004-03-20,0
2004 FA5,(2004 FA5),2004-03-20,0
2004 FK5,(2004 FK5),2004-03-22,0
2004 FZ5,(2004 FZ5),2004-03-19,0
2004 FN8,(2004 FN8),2004-03-23,0
2004 FJ11,(2004 FJ11),2004-03-15,1
2004 FY15,(2004 FY15),2004-03-26,0
2004 FB16,(2004 FB16),2004-03-23,0
2004 FN17,(2004 FN17),2004-03-27,0
2004 FB18,(2004 FB18),2004-03-28,0
2004 FC18,(2004 FC18),2004-03-27,0
2004 FG29,(2004 FG29),2004-03-29,0
2004 FH29,(2004 FH29),2004-03-29,0
2004 FJ31,(2004 FJ31),2004-03-29,0
2004 FY31,(2004 FY31),2004-02-17,1
2004 FM32,(2004 FM32),2004-03-30,0
2004 FU162,(2004 FU162),2004-03-31,0
2004 GA,(2004 GA),2004-04-07,0
2004 GD,(2004 GD),2004-04-09,0
2004 GB2,(2004 GB2),2004-04-08,1
2004 GD2,(2004 GD2),2004-04-12,0
2004 GE2,(2004 GE2),2004-04-12,1
2004 GZ14,(2004 GZ14),2004-04-14,0
2004 GB19,(2004 GB19),2004-04-15,0
2004 GC19,(2004 GC19),2004-04-15,0
2004 HB,(2004 HB),2004-04-16,0
2004 HD,(2004 HD),2004-04-16,0
2004 HE,(2004 HE),2004-04-16,0
2004 HL,(2004 HL),2004-04-16,0
2004 HM,(2004 HM),2004-04-16,0
2004 HZ,(2004 HZ),2004-04-19,0
2004 HA1,(2004 HA1),2004-04-19,0
2004 HQ1,(2004 HQ1),2004-04-19,0
2004 HD2,(2004 HD2),2004-04-20,1
2004 HF12,(2004 HF12),2004-04-20,1
2004 HG12,(2004 HG12),2004-04-21,1
2004 HH20,(2004 HH20),2004-04-21,0
2004 HC33,(2004 HC33),2004-04-23,0
2004 HT38,(2004 HT38),2004-04-24,0
2004 HA39,(2004 HA39),2004-04-25,0
2004 HB39,(2004 HB39),2004-04-25,0
2004 HC39,(2004 HC39),2004-04-22,1
2004 HW53,(2004 HW53),2004-04-26,0
2004 HX53,(2004 HX53),2004-04-26,0
2004 HR56,(2004 HR56),2004-04-25,0
2004 HS56,(2004 HS56),2004-04-27,0
2004 HT59,(2004 HT59),2004-04-24,0
2004 JB,(2004 JB),2004-05-01,0
2004 JC,(2004 JC),2004-05-08,0
2004 JN1,(2004 JN1),2004-05-11,0
2004 JO1,(2004 JO1),2004-05-11,0
2004 JP1,(2004 JP1),2004-05-11,0
2004 JR1,(2004 JR1),1999-06-10,0
2004 JO12,(2004 JO12),2004-05-14,0
2004 JP12,(2004 JP12),2004-05-13,0
2004 JO20,(2004 JO20),2004-05-15,0
2004 JU20,(2004 JU20),2004-05-13,0
2004 JV20,(2004 JV20),2004-05-15,0
2004 KA,(2004 KA),2004-05-10,0
2004 KB,(2004 KB),2004-05-16,1
2004 KZ,(2004 KZ),2004-05-18,0
2004 KF1,(2004 KF1),2004-05-19,0
2004 KG1,(2004 KG1),2004-05-19,0
2004 KN10,(2004 KN10),2004-05-21,0
2004 KF15,(2004 KF15),2004-05-10,0
2004 KE17,(2004 KE17),2004-05-28,1
2004 KF17,(2004 KF17),2004-05-28,0
2004 KG17,(2004 KG17),2004-05-28,0
2004 LB,(2004 LB),2004-06-07,1
2004 LC,(2004 LC),2004-06-08,0
2004 LK,(2004 LK),2004-06-09,0
2004 LV,(2004 LV),2004-06-09,0
2004 LB1,(2004 LB1),2004-06-10,0
2004 LB2,(2004 LB2),2004-06-11,0
2004 LD2,(2004 LD2),2004-06-11,0
2004 LO2,(2004 LO2),2004-06-11,0
2004 LX5,(2004 LX5),2004-06-12,0
2004 LY5,(2004 LY5),2004-06-12,1
2004 LZ5,(2004 LZ5),2004-06-13,0
2004 LA6,(2004 LA6),2004-06-13,0
2004 LA10,(2004 LA10),2004-06-14,0
2004 MC,(2004 MC),2004-06-15,0
2004 MN1,(2004 MN1),2004-06-16,0
2004 MO1,(2004 MO1),2004-06-17,0
2004 MP1,(2004 MP1),2004-06-17,0
2004 MR1,(2004 MR1),2004-06-18,0
2004 MS1,(2004 MS1),2004-06-18,0
2004 MV2,(2004 MV2),2004-06-19,0
2004 MX2,(2004 MX2),2004-06-20,1
2004 MO3,(2004 MO3),2004-06-21,0
2004 MO4,(2004 MO4),2004-06-22,0
2004 MB6,(2004 MB6),2004-06-22,0
2004 MQ6,(2004 MQ6),2004-06-26,0
2004 MP7,(2004 MP7),2004-06-26,1
2004 NF3,(2004 NF3),2004-07-11,0
2004 NU7,(2004 NU7),2004-07-14,0
2004 NK8,(2004 NK8),2004-07-15,0
2004 NM8,(2004 NM8),2004-07-15,0
2004 OD4,(2004 OD4),2004-07-17,0
2004 OF6,(2004 OF6),2004-07-20,0
2004 OW10,(2004 OW10),2004-07-25,0
2004 PJ,(2004 PJ),2004-06-14,0
2004 PM2,(2004 PM2),2004-08-08,0
2004 PZ19,(2004 PZ19),2004-08-09,0
2004 PE20,(2004 PE20),2004-06-27,0
2004 PF20,(2004 PF20),2004-08-09,0
2004 PG20,(2004 PG20),2004-08-09,0
2004 PY27,(2004 PY27),2004-08-09,0
2004 PU42,(2004 PU42),2004-08-11,0
2004 PR92,(2004 PR92),2004-08-12,0
2004 PS92,(2004 PS92),2004-08-12,0
2004 PB97,(2004 PB97),2004-08-11,0
2004 PD97,(2004 PD97),2004-08-12,0
2004 QB,(2004 QB),2004-08-16,1
2004 QZ1,(2004 QZ1),2004-08-20,0
2004 QA2,(2004 QA2),2004-08-20,0
2004 QX2,(2004 QX2),2004-08-20,1
2004 QB3,(2004 QB3),2004-08-21,0
2004 QD3,(2004 QD3),2004-08-21,0
2004 QR4,(2004 QR4),2004-08-20,0
2004 QN5,(2004 QN5),2004-08-22,0
2004 QO5,(2004 QO5),2004-08-20,0
2004 QG13,(2004 QG13),2004-08-24,0
2004 QJ13,(2004 QJ13),2004-08-23,0
2004 QF14,(2004 QF14),2004-08-25,0
2004 QA22,(2004 QA22),2004-08-25,0
2004 QN22,(2004 QN22),2004-08-25,0
2004 RV2,(2004 RV2),2004-09-06,0
2004 RW2,(2004 RW2),2004-09-06,0
2004 RJ9,(2004 RJ9),2004-09-06,0
2004 RQ10,(2004 RQ10),2004-09-08,1
2004 RW10,(2004 RW10),2004-03-23,1
2004 RY10,(2004 RY10),2004-09-08,1
2004 RB11,(2004 RB11),2004-09-08,0
2004 RC11,(2004 RC11),2004-09-08,0
2004 RS25,(2004 RS25),2004-09-09,0
2004 RC80,(2004 RC80),2004-09-09,0
2004 RE84,(2004 RE84),2004-09-10,1
2004 RQ109,(2004 RQ109),2004-09-09,0
2004 RS109,(2004 RS109),2004-09-10,0
2004 RU109,(2004 RU109),2004-09-11,0
2004 RY109,(2004 RY109),2004-09-11,1
2004 RN111,(2004 RN111),2004-09-12,0
2004 RO111,(2004 RO111),2004-09-12,0
2004 RG164,(2004 RG164),2004-09-10,0
2004 RU164,(2004 RU164),2004-09-10,0
2004 RV164,(2004 RV164),2004-09-13,0
2004 RX164,(2004 RX164),2004-09-13,0
2004 RY164,(2004 RY164),2004-09-13,0
2004 RZ164,(2004 RZ164),2004-08-23,1
2004 RX165,(2004 RX165),2004-09-13,0
2004 RL251,(2004 RL251),2004-09-14,0
2004 RN251,(2004 RN251),2004-09-15,0
2004 RC252,(2004 RC252),2004-09-15,0
2004 RQ252,(2004 RQ252),2004-09-15,0
2004 RH357,(2004 RH357),2004-09-11,0
2004 SA,(2004 SA),2004-09-16,0
2004 SR,(2004 SR),2004-09-14,0
2004 SS,(2004 SS),2004-09-14,1
2004 SA1,(2004 SA1),2004-09-17,0
2004 SB1,(2004 SB1),1995-09-20,0
2004 ST2,(2004 ST2),2004-09-18,0
2004 SY4,(2004 SY4),2004-09-19,0
2004 SA20,(2004 SA20),2004-09-21,0
2004 SD26,(2004 SD26),2004-09-21,0
2004 SE26,(2004 SE26),2004-09-21,0
2004 SR26,(2004 SR26),2004-09-22,0
2004 SS26,(2004 SS26),2004-09-22,0
2004 ST26,(2004 ST26),2004-09-23,0
2004 SU26,(2004 SU26),2004-09-23,0
2004 SW26,(2004 SW26),2004-09-23,0
2004 SU55,(2004 SU55),2004-09-22,0
2004 SC56,(2004 SC56),2004-09-25,0
2004 TA1,(2004 TA1),2004-10-05,0
2004 TN1,(2004 TN1),2004-10-05,1
2004 TE8,(2004 TE8),2004-10-05,0
2004 TB10,(2004 TB10),2004-10-07,1
2004 TD10,(2004 TD10),2004-10-07,0
2004 TE10,(2004 TE10),2004-10-07,0
2004 TF10,(2004 TF10),2004-10-08,0
2004 TJ10,(2004 TJ10),2004-10-08,0
2004 TL10,(2004 TL10),2004-10-08,1
2004 TU11,(2004 TU11),2004-10-08,0
2004 TV11,(2004 TV11),2004-10-09,0
2004 TW11,(2004 TW11),2004-10-09,0
2004 TT12,(2004 TT12),2004-10-04,0
2004 TP13,(2004 TP13),2004-10-08,0
2004 TK14,(2004 TK14),2004-10-09,0
2004 TC18,(2004 TC18),2004-10-12,0
2004 TD18,(2004 TD18),2004-10-07,0
2004 TE18,(2004 TE18),2004-10-14,0
2004 TN20,(2004 TN20),2004-10-15,0
2004 TO20,(2004 TO20),2004-10-15,0
2004 UB,(2004 UB),2004-10-16,0
2004 UE,(2004 UE),2004-09-12,1
2004 UR,(2004 UR),2004-09-22,0
2004 UH1,(2004 UH1),2004-10-23,0
2004 US1,(2004 US1),2004-10-18,0
2004 UT1,(2004 UT1),2004-10-23,0
2004 UV1,(2004 UV1),2004-09-18,1
2004 VP,(2004 VP),2004-11-03,0
2004 VW,(2004 VW),2004-11-04,0
2004 VZ,(2004 VZ),2004-11-03,0
2004 VH1,(2004 VH1),2004-11-04,0
2004 VJ1,(2004 VJ1),2004-11-04,0
2004 VY14,(2004 VY14),2004-11-04,0
2004 VZ14,(2004 VZ14),2004-11-04,0
2004 VM24,(2004 VM24),2004-11-09,0
2004 VZ60,(2004 VZ60),2004-11-04,0
2004 VB61,(2004 VB61),2004-11-10,0
2004 VQ65,(2004 VQ65),2004-11-14,0
2004 WC1,(2004 WC1),2004-11-19,0
2004 WH1,(2004 WH1),2004-11-18,0
2004 WK1,(2004 WK1),2004-11-19,1
2004 XG,(2004 XG),2004-12-02,0
2004 XJ,(2004 XJ),2004-12-02,0
2004 XK,(2004 XK),2004-12-02,0
2004 XO,(2004 XO),2004-12-02,1
2004 XH3,(2004 XH3),2004-12-01,0
2004 XK3,(2004 XK3),2004-12-03,0
2004 XL4,(2004 XL4),2004-12-07,0
2004 XD6,(2004 XD6),2004-12-09,0
2004 XE6,(2004 XE6),2004-12-09,0
2004 XK14,(2004 XK14),2004-12-10,0
2004 XG29,(2004 XG29),2004-08-11,0
2004 XJ29,(2004 XJ29),2004-12-11,0
2004 XK29,(2004 XK29),2004-12-11,0
2004 XM29,(2004 XM29),2004-12-11,0
2004 XN29,(2004 XN29),2004-12-11,1
2004 XO29,(2004 XO29),2004-12-11,0
2004 XJ35,(2004 XJ35),2004-12-10,0
2004 XO35,(2004 XO35),2004-12-12,0
2004 XP35,(2004 XP35),2004-12-12,0
2004 XA45,(2004 XA45),2004-12-12,0
2004 XB45,(2004 XB45),2004-12-13,0
2004 XJ50,(2004 XJ50),2004-12-14,0
2004 XC51,(2004 XC51),2004-12-14,0
2004 XD51,(2004 XD51),2004-12-14,0
2004 XO63,(2004 XO63),2004-12-15,0
2004 YA,(2004 YA),2004-12-16,0
2004 YC,(2004 YC),2004-12-15,0
2004 YD,(2004 YD),2004-12-17,0
2004 YE,(2004 YE),2004-12-15,0
2004 YQ,(2004 YQ),2004-12-18,0
2004 YR,(2004 YR),2004-12-18,0
2004 YG1,(2004 YG1),2004-12-18,0
2004 YJ1,(2004 YJ1),2004-12-19,0
2004 YK1,(2004 YK1),2004-12-18,0
2004 YA5,(2004 YA5),2004-12-18,0
2004 YD5,(2004 YD5),2004-12-20,0
2004 YY23,(2004 YY23),2004-12-22,0
2005 AJ3,(2005 AJ3),2005-01-06,0
2005 AK3,(2005 AK3),2005-01-06,0
2005 AU3,(2005 AU3),2005-01-07,0
2005 AV3,(2005 AV3),2005-01-07,0
2005 AO19,(2005 AO19),2005-01-13,0
2005 AQ19,(2005 AQ19),2005-01-13,0
2005 AV27,(2005 AV27),2005-01-15,1
2005 AX28,(2005 AX28),2005-01-15,0
2005 AZ28,(2005 AZ28),2005-01-15,0
2005 BD,(2005 BD),2005-01-16,0
2005 BU,(2005 BU),2005-01-16,0
2005 BL1,(2005 BL1),2005-01-16,0
2005 BM1,(2005 BM1),2005-01-16,0
2005 BN1,(2005 BN1),2005-01-16,0
2005 BS1,(2005 BS1),2005-01-16,0
2005 BT1,(2005 BT1),2002-01-07,0
2005 BU1,(2005 BU1),2005-01-17,0
2005 BW1,(2005 BW1),2005-01-16,0
2005 BU6,(2005 BU6),2004-12-21,0
2005 BH14,(2005 BH14),2005-01-20,0
2005 BG28,(2005 BG28),2005-01-31,0
2005 CK,(2005 CK),2005-02-02,0
2005 CM,(2005 CM),2005-02-02,0
2005 CN,(2005 CN),2005-02-02,0
2005 CA7,(2005 CA7),2005-02-02,0
2005 CM7,(2005 CM7),2005-02-04,0
2005 CP7,(2005 CP7),2005-02-03,0
2005 CQ7,(2005 CQ7),2005-02-04,0
2005 CC37,(2005 CC37),2005-01-13,0
2005 CP38,(2005 CP38),2005-02-09,0
2005 CU38,(2005 CU38),2005-02-09,0
2005 CE41,(2005 CE41),2005-02-09,0
2005 CG41,(2005 CG41),2005-02-10,0
2005 CN61,(2005 CN61),2005-02-14,0
2005 CU61,(2005 CU61),2005-02-14,0
2005 DD,(2005 DD),2005-02-16,1
2005 DO,(2005 DO),2005-02-28,0
2005 EA,(2005 EA),2005-03-01,1
2005 EZ,(2005 EZ),2005-03-02,0
2005 EP1,(2005 EP1),2005-03-03,0
2005 ES1,(2005 ES1),2005-03-03,0
2005 ET2,(2005 ET2),2005-03-04,0
2005 EU2,(2005 EU2),2005-03-04,0
2005 EB30,(2005 EB30),2005-03-04,0
2005 EN30,(2005 EN30),2005-03-04,0
2005 EO30,(2005 EO30),2005-03-04,0
2005 EO33,(2005 EO33),2005-03-07,1
2005 EL70,(2005 EL70),2005-03-08,0
2005 EM70,(2005 EM70),2005-03-08,0
2005 EN70,(2005 EN70),2005-03-08,0
2005 EO70,(2005 EO70),2005-03-08,0
2005 EQ70,(2005 EQ70),2005-03-08,0
2005 ER70,(2005 ER70),2005-03-09,0
2005 ET70,(2005 ET70),2005-03-09,0
2005 EC71,(2005 EC71),2005-03-10,0
2005 EH94,(2005 EH94),2005-03-09,0
2005 EQ95,(2005 EQ95),2005-03-10,0
2005 ER95,(2005 ER95),2005-03-10,0
2005 ES95,(2005 ES95),2005-03-10,0
2005 ET95,(2005 ET95),2005-03-10,0
2005 EU95,(2005 EU95),2005-03-10,0
2005 EV95,(2005 EV95),2005-03-10,0
2005 EE169,(2005 EE169),2005-03-10,0
2005 EG169,(2005 EG169),2005-03-10,0
2005 EJ169,(2005 EJ169),2005-03-11,0
2005 EL169,(2005 EL169),2005-03-11,0
2005 EM169,(2005 EM169),2005-03-11,0
2005 EW169,(2005 EW169),2005-03-11,1
2005 EX169,(2005 EX169),2005-03-13,0
2005 EY169,(2005 EY169),2005-03-13,0
2005 EZ169,(2005 EZ169),2005-03-10,0
2005 EZ223,(2005 EZ223),2005-03-14,0
2005 ED224,(2005 ED224),2005-03-13,0
2005 EY289,(2005 EY289),2005-03-09,0
2005 FA,(2005 FA),2005-03-16,0
2005 FC,(2005 FC),2005-03-10,0
2005 FE,(2005 FE),2005-03-16,0
2005 FG,(2005 FG),2005-03-11,0
2005 FJ,(2005 FJ),2005-03-16,0
2005 FK,(2005 FK),2005-03-16,0
2005 FN,(2005 FN),2005-03-17,0
2005 FV2,(2005 FV2),2005-03-18,0
2005 FE3,(2005 FE3),2005-01-19,1
2005 GH,(2005 GH),2005-04-01,0
2005 GJ,(2005 GJ),2005-04-01,0
2005 GT,(2005 GT),2005-04-01,0
2005 GU,(2005 GU),2003-04-02,1
2005 GL1,(2005 GL1),2005-04-02,0
2005 GJ8,(2005 GJ8),2005-04-03,1
2005 GY8,(2005 GY8),2005-04-02,1
2005 GM22,(2005 GM22),2005-04-04,0
2005 GN22,(2005 GN22),2005-04-05,0
2005 GP33,(2005 GP33),2005-04-06,0
2005 GQ33,(2005 GQ33),2005-04-06,0
2005 GR33,(2005 GR33),2005-04-06,0
2005 GB34,(2005 GB34),2005-04-06,0
2005 GO59,(2005 GO59),2005-04-08,0
2005 GD60,(2005 GD60),2005-04-09,1
2005 GF81,(2005 GF81),2005-04-09,0
2005 GG81,(2005 GG81),2005-04-09,0
2005 GH81,(2005 GH81),2005-04-10,1
2005 GX110,(2005 GX110),2005-04-10,0
2005 GZ110,(2005 GZ110),2005-04-11,0
2005 GX119,(2005 GX119),2005-04-10,0
2005 GA120,(2005 GA120),2005-04-11,0
2005 GZ128,(2005 GZ128),2005-04-13,0
2005 GK141,(2005 GK141),2005-04-13,0
2005 GM162,(2005 GM162),2005-04-15,0
2005 HB,(2005 HB),2005-02-04,0
2005 HF,(2005 HF),2005-04-17,0
2005 HB4,(2005 HB4),2005-04-02,0
2005 HC4,(2005 HC4),2005-04-30,0
2005 JS1,(2005 JS1),2005-05-02,0
2005 JT1,(2005 JT1),2005-05-04,0
2005 JU1,(2005 JU1),2005-04-16,1
2005 JV1,(2005 JV1),2005-05-04,0
2005 JN3,(2005 JN3),2005-05-04,0
2005 JO3,(2005 JO3),2005-05-04,0
2005 JR5,(2005 JR5),2005-05-06,0
2005 JB22,(2005 JB22),2005-05-07,0
2005 JA45,(2005 JA45),2005-05-09,0
2005 JB46,(2005 JB46),2005-05-08,0
2005 JD46,(2005 JD46),2005-05-10,0
2005 JF46,(2005 JF46),2005-05-10,0
2005 JQ81,(2005 JQ81),2005-05-10,0
2005 JU81,(2005 JU81),2005-05-12,1
2005 JJ91,(2005 JJ91),2005-05-12,0
2005 JZ93,(2005 JZ93),2005-05-13,0
2005 JF108,(2005 JF108),2005-05-13,0
2005 KA,(2005 KA),2005-05-12,0
2005 KR,(2005 KR),2005-05-17,0
2005 KD7,(2005 KD7),2005-05-20,0
2005 KP9,(2005 KP9),2005-05-30,0
2005 KJ10,(2005 KJ10),2005-05-31,1
2005 LC,(2005 LC),2005-06-01,0
2005 LD,(2005 LD),2005-05-11,0
2005 LM3,(2005 LM3),2005-06-01,0
2005 LO3,(2005 LO3),2005-06-04,0
2005 LU3,(2005 LU3),2005-06-05,0
2005 LV3,(2005 LV3),2005-06-05,0
2005 LW19,(2005 LW19),2005-06-09,0
2005 LV30,(2005 LV30),2005-06-13,0
2005 LX36,(2005 LX36),2005-06-14,1
2005 LA37,(2005 LA37),2005-06-13,0
2005 LQ40,(2005 LQ40),2005-06-14,0
2005 LZ42,(2005 LZ42),2005-06-09,0
2005 MA,(2005 MA),2005-06-16,0
2005 MR1,(2005 MR1),2005-06-18,0
2005 MW1,(2005 MW1),2005-06-17,0
2005 ME5,(2005 ME5),2005-06-27,0
2005 MF5,(2005 MF5),2005-06-27,0
2005 MG5,(2005 MG5),2005-06-16,0
2005 MR5,(2005 MR5),2005-06-26,0
2005 MW9,(2005 MW9),2005-06-18,0
2005 ML13,(2005 ML13),2005-06-28,0
2005 MN13,(2005 MN13),2005-06-01,0
2005 MP13,(2005 MP13),2005-06-09,0
2005 NG,(2005 NG),2005-07-02,0
2005 NL1,(2005 NL1),2005-07-03,0
2005 NQ1,(2005 NQ1),2005-07-04,0
2005 NE7,(2005 NE7),2002-12-11,1
2005 NE21,(2005 NE21),2005-07-07,0
2005 NX39,(2005 NX39),2005-07-09,0
2005 NY39,(2005 NY39),2005-07-09,0
2005 NX55,(2005 NX55),2005-07-11,0
2005 NB56,(2005 NB56),2005-07-11,0
2005 NG56,(2005 NG56),2005-07-11,0
2005 ND63,(2005 ND63),2005-07-12,0
2005 NJ63,(2005 NJ63),2005-07-12,0
2005 OW,(2005 OW),2005-06-12,0
2005 OX,(2005 OX),2005-07-25,1
2005 OV1,(2005 OV1),2005-07-28,0
2005 OX1,(2005 OX1),2005-07-27,0
2005 OR2,(2005 OR2),2005-07-29,0
2005 OT2,(2005 OT2),2005-07-29,0
2005 OD3,(2005 OD3),2005-07-28,1
2005 OE3,(2005 OE3),2005-07-29,1
2005 OF3,(2005 OF3),2005-07-30,0
2005 OG3,(2005 OG3),2005-07-24,0
2005 OH3,(2005 OH3),2005-07-30,0
2005 OK3,(2005 OK3),2005-07-31,0
2005 PP,(2005 PP),2005-08-03,0
2005 PH2,(2005 PH2),2005-08-04,0
2005 PA5,(2005 PA5),2005-06-07,1
2005 PX16,(2005 PX16),2005-08-10,0
2005 PA17,(2005 PA17),2005-08-12,0
2005 QL,(2005 QL),2005-08-24,0
2005 QA5,(2005 QA5),2005-07-27,0
2005 QB5,(2005 QB5),2005-08-26,0
2005 QO11,(2005 QO11),2005-08-28,0
2005 QP11,(2005 QP11),2005-08-28,0
2005 QQ11,(2005 QQ11),2005-08-10,0
2005 QG30,(2005 QG30),2005-08-29,0
2005 QQ30,(2005 QQ30),2005-08-29,0
2005 QK76,(2005 QK76),2005-08-30,0
2005 QL76,(2005 QL76),2005-08-30,0
2005 QP87,(2005 QP87),2005-08-31,0
2005 QQ87,(2005 QQ87),2005-08-31,0
2005 QR87,(2005 QR87),2005-08-31,0
2005 QF88,(2005 QF88),2005-08-31,0
2005 QG88,(2005 QG88),2005-08-27,0
2005 QX151,(2005 QX151),2005-08-31,0
2005 QZ151,(2005 QZ151),2005-08-31,1
2005 QR173,(2005 QR173),2005-07-25,0
2005 QS176,(2005 QS176),2005-08-29,0
2005 RA,(2005 RA),2005-09-01,0
2005 RB,(2005 RB),2005-08-31,0
2005 RJ,(2005 RJ),2005-09-01,0
2005 RZ2,(2005 RZ2),2005-09-01,0
2005 RA3,(2005 RA3),2005-09-02,0
2005 RB3,(2005 RB3),2005-09-03,0
2005 RJ3,(2005 RJ3),2005-09-05,0
2005 RK3,(2005 RK3),2005-09-06,0
2005 RW3,(2005 RW3),2005-09-06,0
2005 RX3,(2005 RX3),2005-09-06,0
2005 RP6,(2005 RP6),2005-09-08,0
2005 RV24,(2005 RV24),2005-09-09,0
2005 RO33,(2005 RO33),2005-09-13,0
2005 RC34,(2005 RC34),2005-06-09,1
2005 RD34,(2005 RD34),2005-09-15,0
2005 SC,(2005 SC),2005-09-15,0
2005 SL,(2005 SL),2005-09-22,0
2005 SO1,(2005 SO1),2005-09-23,0
2005 SP1,(2005 SP1),2005-09-23,0
2005 SQ1,(2005 SQ1),2005-09-23,0
2005 SS1,(2005 SS1),2005-09-23,0
2005 SR4,(2005 SR4),2005-09-24,0
2005 ST4,(2005 ST4),2005-09-25,0
2005 SV4,(2005 SV4),2005-09-25,0
2005 SW4,(2005 SW4),2005-09-25,0
2005 SX4,(2005 SX4),2005-09-25,0
2005 SP9,(2005 SP9),2005-09-25,0
2005 SQ9,(2005 SQ9),2005-09-26,0
2005 SW9,(2005 SW9),2005-09-25,0
2005 SJ19,(2005 SJ19),2005-09-27,0
2005 SM25,(2005 SM25),2005-07-29,0
2005 SG26,(2005 SG26),2005-09-29,0
2005 SH26,(2005 SH26),2005-09-29,0
2005 SJ26,(2005 SJ26),2005-09-29,0
2005 SK26,(2005 SK26),2005-09-29,0
2005 SY70,(2005 SY70),2005-09-30,0
2005 SZ70,(2005 SZ70),2005-09-30,0
2005 SD71,(2005 SD71),2005-09-30,0
2005 TA,(2005 TA),2005-10-01,0
2005 TC,(2005 TC),2005-10-01,0
2005 TD,(2005 TD),2005-10-01,0
2005 TE,(2005 TE),2005-10-01,0
2005 TF,(2005 TF),2005-10-01,0
2005 TL,(2005 TL),2005-09-03,0
2005 TM,(2005 TM),2005-10-01,0
2005 TN,(2005 TN),2005-10-01,0
2005 TP,(2005 TP),2005-10-02,1
2005 TR,(2005 TR),2005-10-03,0
2005 TB15,(2005 TB15),2005-09-24,0
2005 TF15,(2005 TF15),2005-10-04,0
2005 TP15,(2005 TP15),2005-10-01,0
2005 TS15,(2005 TS15),2005-10-05,1
2005 TE45,(2005 TE45),2005-10-01,0
2005 TF45,(2005 TF45),2005-10-03,0
2005 TH45,(2005 TH45),2005-10-05,0
2005 TO45,(2005 TO45),2005-10-07,0
2005 TP45,(2005 TP45),2005-10-07,0
2005 TQ45,(2005 TQ45),2005-10-07,0
2005 TS45,(2005 TS45),2005-10-07,0
2005 TD49,(2005 TD49),2005-10-01,0
2005 TE49,(2005 TE49),2005-10-07,0
2005 TF49,(2005 TF49),1989-10-21,1
2005 TF50,(2005 TF50),2005-10-10,0
2005 TG50,(2005 TG50),2005-10-11,0
2005 TH50,(2005 TH50),2005-10-09,0
2005 TK50,(2005 TK50),2005-10-09,0
2005 TR50,(2005 TR50),2005-10-10,1
2005 TC51,(2005 TC51),2005-10-12,0
2005 TV51,(2005 TV51),2005-10-13,0
2005 TY51,(2005 TY51),2005-10-11,0
2005 TM173,(2005 TM173),2005-10-09,0
2005 UC,(2005 UC),2005-10-22,0
2005 UE,(2005 UE),2005-10-22,0
2005 UF,(2005 UF),2005-10-22,0
2005 UG,(2005 UG),2005-10-11,0
2005 UH,(2005 UH),2005-10-22,0
2005 UL,(2005 UL),2005-10-23,0
2005 UN,(2005 UN),2005-10-23,0
2005 UQ,(2005 UQ),2005-10-23,0
2005 UR,(2005 UR),2005-10-23,1
2005 UA1,(2005 UA1),2005-10-23,0
2005 UC1,(2005 UC1),2005-10-23,0
2005 UE1,(2005 UE1),2005-10-24,0
2005 UF1,(2005 UF1),2005-10-24,0
2005 UG1,(2005 UG1),2005-10-24,0
2005 UJ1,(2005 UJ1),2005-10-24,0
2005 UL1,(2005 UL1),2005-10-24,0
2005 UC3,(2005 UC3),2005-10-24,0
2005 UE3,(2005 UE3),2005-10-25,0
2005 UF3,(2005 UF3),2005-10-25,0
2005 UG3,(2005 UG3),2005-10-25,0
2005 UU3,(2005 UU3),2005-10-25,0
2005 UW3,(2005 UW3),2005-10-26,0
2005 UF5,(2005 UF5),2005-10-26,0
2005 UG5,(2005 UG5),2005-10-27,0
2005 UH5,(2005 UH5),2005-10-27,0
2005 UN5,(2005 UN5),2005-10-27,0
2005 UW5,(2005 UW5),2005-10-27,0
2005 UX5,(2005 UX5),2005-10-28,0
2005 UZ5,(2005 UZ5),2005-10-28,0
2005 UA6,(2005 UA6),2005-10-28,0
2005 UL6,(2005 UL6),2005-10-29,0
2005 US6,(2005 US6),2005-10-28,0
2005 UU6,(2005 UU6),2005-10-29,0
2005 UV6,(2005 UV6),2005-10-29,0
2005 UW6,(2005 UW6),2005-10-29,1
2005 UF7,(2005 UF7),2005-10-29,0
2005 UP64,(2005 UP64),2005-10-29,0
2005 UQ64,(2005 UQ64),2005-10-30,0
2005 UR64,(2005 UR64),2005-10-31,0
2005 US64,(2005 US64),2005-10-31,0
2005 UT64,(2005 UT64),2005-10-31,1
2005 UV64,(2005 UV64),2005-10-31,0
2005 UF150,(2005 UF150),2005-10-26,0
2005 UW393,(2005 UW393),2005-10-28,0
2005 VA,(2005 VA),2005-11-01,0
2005 VF,(2005 VF),2005-11-01,0
2005 VN,(2005 VN),2005-11-02,0
2005 VO,(2005 VO),2005-11-03,0
2005 VP,(2005 VP),2005-11-03,0
2005 VR,(2005 VR),2005-11-03,0
2005 VS,(2005 VS),2005-11-03,0
2005 VH1,(2005 VH1),2005-11-03,0
2005 VJ1,(2005 VJ1),2005-09-12,0
2005 VK1,(2005 VK1),2005-11-04,0
2005 VL1,(2005 VL1),2005-11-04,0
2005 VM1,(2005 VM1),2005-11-04,0
2005 VN1,(2005 VN1),2005-11-04,0
2005 VY1,(2005 VY1),2005-11-05,0
2005 VA2,(2005 VA2),2005-11-03,0
2005 VT2,(2005 VT2),2005-11-04,0
2005 VY3,(2005 VY3),2005-11-06,0
2005 VZ3,(2005 VZ3),2005-11-06,0
2005 VN5,(2005 VN5),2005-11-10,0
2005 VS5,(2005 VS5),2005-11-06,0
2005 VD7,(2005 VD7),2005-11-12,0
2005 VE7,(2005 VE7),2005-11-12,0
2005 VG7,(2005 VG7),2005-11-13,0
2005 VR7,(2005 VR7),2005-11-07,1
2005 VT7,(2005 VT7),2005-11-14,0
2005 VO118,(2005 VO118),2005-11-03,0
2005 WA,(2005 WA),2005-11-16,0
2005 WC,(2005 WC),2005-11-20,0
2005 WD,(2005 WD),2005-11-19,1
2005 WF,(2005 WF),2005-11-20,0
2005 WX,(2005 WX),2005-11-21,0
2005 WY,(2005 WY),2005-11-21,0
2005 WZ,(2005 WZ),2005-11-21,0
2005 WA1,(2005 WA1),2005-11-12,1
2005 WY1,(2005 WY1),2005-11-22,0
2005 WC2,(2005 WC2),2005-11-22,0
2005 WM3,(2005 WM3),2005-11-25,0
2005 WN3,(2005 WN3),2005-11-25,0
2005 WO3,(2005 WO3),2005-11-25,0
2005 WP3,(2005 WP3),2005-11-25,0
2005 WQ3,(2005 WQ3),2005-11-25,0
2005 WR3,(2005 WR3),2005-11-25,0
2005 WS3,(2005 WS3),2005-11-25,0
2005 WF4,(2005 WF4),2005-11-25,0
2005 WG4,(2005 WG4),2005-11-25,0
2005 WH4,(2005 WH4),2005-11-26,0
2005 WR54,(2005 WR54),2005-11-26,0
2005 WE55,(2005 WE55),2005-11-26,0
2005 WF55,(2005 WF55),2005-11-29,0
2005 WY55,(2005 WY55),2005-11-26,1
2005 WZ55,(2005 WZ55),2005-11-28,0
2005 WK56,(2005 WK56),2005-11-30,0
2005 WF57,(2005 WF57),2005-11-30,0
2005 WG57,(2005 WG57),2005-11-25,0
2005 WP57,(2005 WP57),2005-11-30,0
2005 XA,(2005 XA),2005-11-30,0
2005 XC,(2005 XC),2005-12-01,0
2005 XN,(2005 XN),2005-12-02,0
2005 XX,(2005 XX),2005-12-01,0
2005 XY,(2005 XY),2005-12-02,0
2005 XC1,(2005 XC1),2005-12-04,0
2005 XQ1,(2005 XQ1),2005-12-04,0
2005 XK4,(2005 XK4),2005-12-04,0
2005 XL4,(2005 XL4),2005-12-04,0
2005 XN4,(2005 XN4),2005-12-05,0
2005 XO4,(2005 XO4),2005-12-05,0
2005 XX4,(2005 XX4),2005-12-06,0
2005 XY4,(2005 XY4),2005-12-06,0
2005 XZ7,(2005 XZ7),2005-12-07,0
2005 XA8,(2005 XA8),2005-12-06,0
2005 XN27,(2005 XN27),2005-12-07,0
2005 XO66,(2005 XO66),2005-12-10,0
2005 XP66,(2005 XP66),2005-12-07,0
2005 XW77,(2005 XW77),2005-12-10,0
2005 XX77,(2005 XX77),2005-12-10,0
2005 YC,(2005 YC),2005-12-20,0
2005 YD,(2005 YD),2005-12-21,0
2005 YK,(2005 YK),2005-12-21,0
2005 YY1,(2005 YY1),2005-12-22,0
2005 YN3,(2005 YN3),2005-12-22,0
2005 YO3,(2005 YO3),2005-12-23,0
2005 YR3,(2005 YR3),2005-12-22,0
2005 YU3,(2005 YU3),2005-12-22,1
2005 YS8,(2005 YS8),2005-12-24,1
2005 YT8,(2005 YT8),2005-12-24,0
2005 YU8,(2005 YU8),2005-12-24,0
2005 YA37,(2005 YA37),2005-12-26,0
2005 YP55,(2005 YP55),1998-09-25,0
2005 YT55,(2005 YT55),2005-12-27,0
2005 YW93,(2005 YW93),2005-12-28,0
2005 YL128,(2005 YL128),2005-12-29,0
2005 YN128,(2005 YN128),2005-12-30,0
2005 YO128,(2005 YO128),2005-12-30,0
2005 YT128,(2005 YT128),2005-12-30,0
2005 YU128,(2005 YU128),2005-12-30,0
2006 AN,(2006 AN),2006-01-03,0
2006 AX,(2006 AX),2006-01-02,0
2006 AV2,(2006 AV2),2006-01-05,0
2006 AB3,(2006 AB3),2006-01-04,0
2006 AC3,(2006 AC3),2006-01-06,0
2006 AP3,(2006 AP3),2006-01-06,0
2006 AQ3,(2006 AQ3),2006-01-06,0
2006 AR3,(2006 AR3),2006-01-06,1
2006 AS3,(2006 AS3),2006-01-07,0
2006 AT3,(2006 AT3),2006-01-07,0
2006 AU3,(2006 AU3),2006-01-07,0
2006 AF4,(2006 AF4),2006-01-07,0
2006 AG4,(2006 AG4),2006-01-07,0
2006 AH4,(2006 AH4),2006-01-07,0
2006 AJ4,(2006 AJ4),2006-01-07,0
2006 AK4,(2006 AK4),2006-01-07,0
2006 AL4,(2006 AL4),2006-01-08,0
2006 AM4,(2006 AM4),2006-01-08,1
2006 AN4,(2006 AN4),2003-02-24,0
2006 AL8,(2006 AL8),2006-01-08,1
2006 AM8,(2006 AM8),2006-01-09,0
2006 AN8,(2006 AN8),2006-01-09,0
2006 AW44,(2006 AW44),2006-01-10,0
2006 AX44,(2006 AX44),2006-01-10,0
2006 AC76,(2006 AC76),2006-01-05,0
2006 BA,(2006 BA),2006-01-18,0
2006 BF,(2006 BF),2006-01-20,0
2006 BO6,(2006 BO6),2006-01-22,0
2006 BP6,(2006 BP6),2006-01-04,0
2006 BO7,(2006 BO7),2006-01-22,0
2006 BP7,(2006 BP7),2006-01-22,0
2006 BQ7,(2006 BQ7),2006-01-22,0
2006 BU7,(2006 BU7),2006-01-22,0
2006 BW7,(2006 BW7),2006-01-22,0
2006 BX7,(2006 BX7),2006-01-22,0
2006 BY7,(2006 BY7),2006-01-22,0
2006 BA8,(2006 BA8),2006-01-23,0
2006 BB8,(2006 BB8),2006-01-23,0
2006 BC8,(2006 BC8),2006-01-23,0
2006 BL8,(2006 BL8),2006-01-24,0
2006 BM8,(2006 BM8),2006-01-24,0
2006 BY8,(2006 BY8),2006-01-23,0
2006 BA9,(2006 BA9),2006-01-24,0
2006 BB9,(2006 BB9),2006-01-24,0
2006 BN26,(2006 BN26),2006-01-25,0
2006 BX26,(2006 BX26),2006-01-25,0
2006 BV39,(2006 BV39),2006-01-26,0
2006 BW39,(2006 BW39),2006-01-26,0
2006 BX39,(2006 BX39),2006-01-26,1
2006 BD55,(2006 BD55),2006-01-25,0
2006 BE55,(2006 BE55),2006-01-26,1
2006 BF55,(2006 BF55),2006-01-26,0
2006 BJ55,(2006 BJ55),2006-01-26,0
2006 BL55,(2006 BL55),2006-01-26,0
2006 BM55,(2006 BM55),2006-01-27,0
2006 BO55,(2006 BO55),2006-01-27,0
2006 BF56,(2006 BF56),2006-01-28,0
2006 BR98,(2006 BR98),2006-01-29,0
2006 BF99,(2006 BF99),2006-01-28,0
2006 BG99,(2006 BG99),2006-01-28,0
2006 BH99,(2006 BH99),2006-01-30,0
2006 BX139,(2006 BX139),2006-01-30,0
2006 BP147,(2006 BP147),2006-01-28,0
2006 BZ147,(2006 BZ147),2006-01-31,0
2006 CD,(2006 CD),2006-02-01,0
2006 CF,(2006 CF),1999-02-06,1
2006 CK,(2006 CK),2006-02-02,0
2006 CL,(2006 CL),2006-02-02,0
2006 CU,(2006 CU),2006-02-03,1
2006 CW,(2006 CW),2006-02-03,0
2006 CL9,(2006 CL9),2006-02-04,0
2006 CT9,(2006 CT9),2006-02-04,0
2006 CW9,(2006 CW9),2006-02-05,0
2006 CF10,(2006 CF10),2006-02-05,0
2006 CL10,(2006 CL10),2006-02-06,0
2006 CM10,(2006 CM10),2006-02-07,1
2006 CN10,(2006 CN10),2006-01-06,0
2006 CT10,(2006 CT10),2006-02-07,1
2006 CU10,(2006 CU10),2006-02-07,0
2006 DL,(2006 DL),2006-02-20,0
2006 DM,(2006 DM),2006-02-20,0
2006 DN,(2006 DN),2006-02-20,0
2006 DU,(2006 DU),2006-02-20,0
2006 DV,(2006 DV),2006-02-20,0
2006 DX,(2006 DX),2006-02-20,0
2006 DY,(2006 DY),2006-02-20,0
2006 DZ,(2006 DZ),2006-02-21,0
2006 DA1,(2006 DA1),2006-02-21,0
2006 DB1,(2006 DB1),2006-02-21,0
2006 DD1,(2006 DD1),2006-02-22,0
2006 DP11,(2006 DP11),2006-02-22,0
2006 DQ14,(2006 DQ14),2006-02-23,0
2006 DR14,(2006 DR14),2006-02-24,0
2006 DT14,(2006 DT14),2006-02-24,0
2006 DD42,(2006 DD42),2006-02-24,0
2006 DO62,(2006 DO62),2006-02-24,0
2006 DP62,(2006 DP62),2006-02-24,0
2006 DQ62,(2006 DQ62),2006-02-25,0
2006 DR62,(2006 DR62),2006-02-25,0
2006 DS62,(2006 DS62),2006-02-25,0
2006 DV62,(2006 DV62),2006-02-25,0
2006 DW62,(2006 DW62),2006-02-26,0
2006 DM63,(2006 DM63),2006-02-27,0
2006 DO63,(2006 DO63),2006-02-27,0
2006 DT63,(2006 DT63),2006-02-27,0
2006 DU63,(2006 DU63),2006-02-28,0
2006 EA,(2006 EA),2006-03-03,0
2006 EB,(2006 EB),2006-03-03,0
2006 EC,(2006 EC),2006-03-03,0
2006 EE,(2006 EE),2006-03-03,0
2006 EH,(2006 EH),2006-03-02,0
2006 EW,(2006 EW),2006-03-04,0
2006 EX,(2006 EX),2006-03-04,0
2006 EY,(2006 EY),2006-03-04,0
2006 EB1,(2006 EB1),2006-03-04,0
2006 EC1,(2006 EC1),2006-03-04,0
2006 EF1,(2006 EF1),2006-03-05,0
2006 EH1,(2006 EH1),2006-03-05,0
2006 EW52,(2006 EW52),2006-03-05,0
2006 EJ53,(2006 EJ53),2006-03-06,0
2006 EK53,(2006 EK53),2006-03-09,0
2006 EF71,(2006 EF71),2006-03-02,0
2006 FH,(2006 FH),2006-03-23,0
2006 FU,(2006 FU),2006-03-24,0
2006 FV,(2006 FV),2006-03-23,0
2006 FW,(2006 FW),2006-03-24,0
2006 FK9,(2006 FK9),2006-03-25,0
2006 FL10,(2006 FL10),2006-03-24,0
2006 FV33,(2006 FV33),2006-03-25,0
2006 FC35,(2006 FC35),2006-03-29,0
2006 FY35,(2006 FY35),2006-03-25,0
2006 GA,(2006 GA),2006-04-02,0
2006 GC,(2006 GC),2006-04-02,0
2006 GB1,(2006 GB1),2006-04-02,0
2006 GC1,(2006 GC1),2006-04-02,1
2006 GU2,(2006 GU2),2006-04-07,0
2006 GT3,(2006 GT3),2006-04-07,0
2006 HC,(2006 HC),2006-04-18,0
2006 HC2,(2006 HC2),2006-04-19,1
2006 HD2,(2006 HD2),2005-10-20,1
2006 HE2,(2006 HE2),2006-04-19,0
2006 HW5,(2006 HW5),2006-04-20,0
2006 HY5,(2006 HY5),2006-04-20,0
2006 HZ5,(2006 HZ5),2006-04-20,0
2006 HA6,(2006 HA6),2006-04-20,0
2006 HF6,(2006 HF6),2006-04-21,0
2006 HJ18,(2006 HJ18),2006-04-23,0
2006 HQ30,(2006 HQ30),2006-04-20,1
2006 HS30,(2006 HS30),2006-04-24,0
2006 HT30,(2006 HT30),2002-05-09,1
2006 HV30,(2006 HV30),2006-04-25,0
2006 HX30,(2006 HX30),2006-04-25,0
2006 HU50,(2006 HU50),2006-04-26,0
2006 HV50,(2006 HV50),2006-04-26,0
2006 HW50,(2006 HW50),2006-04-23,0
2006 HY50,(2006 HY50),2005-11-06,0
2006 HH56,(2006 HH56),2006-04-29,0
2006 HW57,(2006 HW57),2006-04-29,1
2006 HX57,(2006 HX57),2006-04-30,0
2006 HY57,(2006 HY57),2006-04-30,0
2006 JE,(2006 JE),2006-05-01,0
2006 JO,(2006 JO),2006-05-02,0
2006 JP,(2006 JP),2006-05-02,0
2006 JM6,(2006 JM6),2006-05-05,0
2006 JN6,(2006 JN6),2006-05-05,0
2006 JV26,(2006 JV26),2006-05-08,0
2006 JY26,(2006 JY26),2006-05-06,0
2006 JT41,(2006 JT41),2006-05-06,0
2006 JU41,(2006 JU41),2006-05-07,0
2006 JE42,(2006 JE42),2006-05-10,0
2006 JA91,(2006 JA91),2003-09-21,0
2006 KA,(2006 KA),2002-05-30,0
2006 KC,(2006 KC),2006-05-19,0
2006 KE,(2006 KE),2006-05-18,0
2006 KB1,(2006 KB1),2006-05-20,0
2006 KP1,(2006 KP1),2006-05-19,0
2006 KQ1,(2006 KQ1),2006-05-20,1
2006 KS1,(2006 KS1),2006-05-21,0
2006 KK21,(2006 KK21),2006-05-23,1
2006 KP21,(2006 KP21),2006-05-23,0
2006 KS38,(2006 KS38),2006-05-23,0
2006 KC40,(2006 KC40),2006-05-25,0
2006 KD40,(2006 KD40),2003-03-22,1
2006 KY67,(2006 KY67),2006-05-26,0
2006 KJ89,(2006 KJ89),2006-05-26,0
2006 KK89,(2006 KK89),2006-05-28,0
2006 KL89,(2006 KL89),2006-05-28,0
2006 KM89,(2006 KM89),2006-05-29,0
2006 KN89,(2006 KN89),2006-05-29,1
2006 KF100,(2006 KF100),2006-05-30,0
2006 KK103,(2006 KK103),2006-05-26,0
2006 KL103,(2006 KL103),2006-05-31,0
2006 KY112,(2006 KY112),2006-05-31,0
2006 LA,(2006 LA),2006-06-01,0
2006 LB,(2006 LB),2006-06-01,0
2006 LC,(2006 LC),2006-06-01,0
2006 LD,(2006 LD),2006-06-01,0
2006 LF,(2006 LF),2002-12-19,0
2006 LH,(2006 LH),2006-06-01,0
2006 LK,(2006 LK),2006-06-01,1
2006 LM,(2006 LM),2006-06-03,0
2006 LD1,(2006 LD1),2006-06-03,1
2006 MB,(2006 MB),2006-06-18,0
2006 MV1,(2006 MV1),2006-06-19,0
2006 MY1,(2006 MY1),2006-04-07,0
2006 MS6,(2006 MS6),2006-06-20,0
2006 MT6,(2006 MT6),2006-06-21,0
2006 MH10,(2006 MH10),2006-06-22,0
2006 MY13,(2006 MY13),2006-06-27,0
2006 MA14,(2006 MA14),2006-06-28,0
2006 MB14,(2006 MB14),2006-06-30,0
2006 OA1,(2006 OA1),2006-07-18,0
2006 OM1,(2006 OM1),2006-07-18,0
2006 ON1,(2006 ON1),2006-07-19,1
2006 OK3,(2006 OK3),2006-07-22,0
2006 OX4,(2006 OX4),2006-07-19,0
2006 OY4,(2006 OY4),2006-07-20,0
2006 OZ4,(2006 OZ4),2006-07-21,0
2006 OD5,(2006 OD5),2006-07-21,0
2006 OF5,(2006 OF5),2006-07-21,0
2006 OV5,(2006 OV5),2006-07-21,0
2006 OB7,(2006 OB7),2006-07-24,0
2006 OC7,(2006 OC7),2006-07-24,0
2006 OE7,(2006 OE7),2006-07-24,0
2006 OS9,(2006 OS9),1997-08-01,0
2006 OE10,(2006 OE10),2006-07-26,0
2006 OG15,(2006 OG15),2006-07-30,0
2006 PA1,(2006 PA1),2006-07-20,1
2006 PB1,(2006 PB1),2002-01-09,0
2006 PF1,(2006 PF1),2006-08-15,0
2006 QA,(2006 QA),2006-08-16,0
2006 QX5,(2006 QX5),2006-08-19,0
2006 QY5,(2006 QY5),2002-01-10,0
2006 QQ23,(2006 QQ23),2006-08-21,1
2006 QB31,(2006 QB31),2006-08-23,0
2006 QK33,(2006 QK33),2006-08-23,0
2006 QM33,(2006 QM33),2006-08-24,0
2006 QK40,(2006 QK40),2006-08-25,0
2006 QQ56,(2006 QQ56),2006-08-25,0
2006 QZ57,(2006 QZ57),2006-08-27,0
2006 QB58,(2006 QB58),2006-08-28,0
2006 QJ65,(2006 QJ65),2006-08-27,0
2006 QE89,(2006 QE89),2006-08-14,0
2006 QV89,(2006 QV89),2006-08-29,0
2006 QW89,(2006 QW89),2006-08-29,0
2006 QM111,(2006 QM111),2006-08-31,0
2006 QN111,(2006 QN111),2006-08-27,0
2006 RZ,(2006 RZ),2006-09-01,1
2006 RK1,(2006 RK1),2006-09-12,1
2006 RH2,(2006 RH2),2006-09-14,0
2006 RH7,(2006 RH7),2006-09-15,0
2006 RJ7,(2006 RJ7),2006-09-15,0
2006 RH120,(2006 RH120),2006-09-14,0
2006 SB,(2006 SB),2006-09-16,0
2006 SC,(2006 SC),2006-09-16,0
2006 SV5,(2006 SV5),2006-09-16,0
2006 SY5,(2006 SY5),2006-09-16,0
2006 SE6,(2006 SE6),2006-08-28,0
2006 SF7,(2006 SF7),2006-09-17,0
2006 SG7,(2006 SG7),2006-09-18,0
2006 SH7,(2006 SH7),2002-08-19,0
2006 SP19,(2006 SP19),2006-09-19,0
2006 SQ19,(2006 SQ19),2006-09-19,0
2006 SR19,(2006 SR19),2006-09-19,0
2006 SS19,(2006 SS19),2006-09-18,0
2006 SD25,(2006 SD25),2006-09-20,0
2006 SK61,(2006 SK61),2006-09-22,0
2006 SF77,(2006 SF77),2006-09-23,0
2006 SG77,(2006 SG77),2006-09-24,0
2006 SO77,(2006 SO77),2006-09-25,0
2006 SO78,(2006 SO78),2006-09-24,0
2006 SU114,(2006 SU114),2006-08-24,0
2006 SN131,(2006 SN131),2006-09-26,0
2006 SP131,(2006 SP131),2006-09-26,0
2006 SQ131,(2006 SQ131),2006-09-26,0
2006 SR131,(2006 SR131),2006-09-26,0
2006 SS131,(2006 SS131),2006-09-26,0
2006 ST131,(2006 ST131),2006-09-26,0
2006 SQ134,(2006 SQ134),2006-09-27,0
2006 SR134,(2006 SR134),2006-09-11,0
2006 SS134,(2006 SS134),2006-09-28,1
2006 SB142,(2006 SB142),2006-09-28,0
2006 SM198,(2006 SM198),2006-09-29,0
2006 SN198,(2006 SN198),2006-09-29,0
2006 SO198,(2006 SO198),2006-09-29,0
2006 SP198,(2006 SP198),2001-10-29,0
2006 SU217,(2006 SU217),2006-09-30,0
2006 SV217,(2006 SV217),2006-09-30,0
2006 SY217,(2006 SY217),2006-09-30,0
2006 SF281,(2006 SF281),2006-09-30,0
2006 SK450,(2006 SK450),2006-09-18,0
2006 TD,(2006 TD),2006-10-01,0
2006 TF,(2006 TF),2006-10-01,0
2006 TL,(2006 TL),2006-10-01,0
2006 TO,(2006 TO),2006-10-02,0
2006 TD1,(2006 TD1),2006-10-03,0
2006 TF1,(2006 TF1),2006-10-03,0
2006 TB7,(2006 TB7),2006-09-19,0
2006 TJ7,(2006 TJ7),2006-10-12,0
2006 TR7,(2006 TR7),2006-10-10,0
2006 TT7,(2006 TT7),2006-10-11,0
2006 TA8,(2006 TA8),2006-10-12,1
2006 TC8,(2006 TC8),2006-10-12,0
2006 TQ147,(2006 TQ147),2006-10-13,0
2006 TX147,(2006 TX147),2006-10-02,0
2006 UE,(2006 UE),2006-10-16,0
2006 UF,(2006 UF),2006-10-16,0
2006 UJ,(2006 UJ),2006-10-16,0
2006 UL,(2006 UL),2006-10-17,0
2006 UN,(2006 UN),2006-09-27,0
2006 UO,(2006 UO),2006-10-17,1
2006 UR,(2006 UR),2006-10-17,0
2006 UX1,(2006 UX1),2006-10-17,0
2006 UY16,(2006 UY16),2006-10-19,0
2006 UA17,(2006 UA17),2006-10-19,0
2006 UB17,(2006 UB17),2006-10-19,0
2006 UD17,(2006 UD17),2005-05-14,0
2006 UE17,(2006 UE17),2006-10-19,0
2006 UF17,(2006 UF17),2006-10-19,1
2006 UQ17,(2006 UQ17),2006-09-28,1
2006 UT17,(2006 UT17),2006-10-20,0
2006 UU17,(2006 UU17),2006-10-20,0
2006 UF63,(2006 UF63),2006-10-21,0
2006 UC64,(2006 UC64),2006-10-23,0
2006 UD64,(2006 UD64),2006-10-23,0
2006 UE64,(2006 UE64),2006-10-23,0
2006 UC185,(2006 UC185),2006-10-28,0
2006 UE185,(2006 UE185),2006-10-27,0
2006 UF185,(2006 UF185),2006-10-27,0
2006 UH185,(2006 UH185),2006-10-28,0
2006 UJ185,(2006 UJ185),2006-10-28,0
2006 UY215,(2006 UY215),2006-10-28,0
2006 UZ215,(2006 UZ215),2006-10-29,0
2006 UA216,(2006 UA216),2006-10-29,0
2006 UN216,(2006 UN216),2006-09-11,0
2006 UQ216,(2006 UQ216),2006-10-29,0
2006 UP217,(2006 UP217),2006-10-31,0
2006 UR217,(2006 UR217),2006-10-31,0
2006 VB,(2006 VB),2006-11-01,0
2006 VJ,(2006 VJ),2006-11-02,0
2006 VA2,(2006 VA2),2006-10-27,0
2006 VB2,(2006 VB2),2006-11-09,0
2006 VC2,(2006 VC2),2006-11-09,0
2006 VD2,(2006 VD2),2006-11-09,0
2006 VU2,(2006 VU2),2006-11-11,0
2006 VX2,(2006 VX2),2006-11-11,0
2006 VY2,(2006 VY2),2006-11-11,0
2006 VZ2,(2006 VZ2),2006-11-11,0
2006 VE13,(2006 VE13),2006-11-13,0
2006 VF13,(2006 VF13),2006-11-13,0
2006 VG13,(2006 VG13),2006-11-13,1
2006 VP13,(2006 VP13),2006-11-14,0
2006 VT13,(2006 VT13),2006-11-15,1
2006 VB45,(2006 VB45),2006-11-11,0
2006 WB,(2006 WB),2006-11-16,0
2006 WV,(2006 WV),2006-11-17,0
2006 WX,(2006 WX),2006-11-18,0
2006 WP1,(2006 WP1),2006-11-18,0
2006 WT1,(2006 WT1),2006-10-01,1
2006 WU1,(2006 WU1),2006-11-19,0
2006 WV1,(2006 WV1),2006-11-19,0
2006 WA3,(2006 WA3),2006-11-18,0
2006 WB3,(2006 WB3),2006-11-19,0
2006 WK3,(2006 WK3),2006-11-19,0
2006 WM3,(2006 WM3),2006-10-20,0
2006 WN3,(2006 WN3),2006-11-20,0
2006 WP3,(2006 WP3),2006-11-20,0
2006 WX3,(2006 WX3),2006-11-21,0
2006 WY3,(2006 WY3),2006-11-21,0
2006 WZ3,(2006 WZ3),2006-11-21,0
2006 WR29,(2006 WR29),2006-11-22,0
2006 WS29,(2006 WS29),2006-11-22,0
2006 WV29,(2006 WV29),2006-11-23,0
2006 WX29,(2006 WX29),2006-11-23,0
2006 WZ29,(2006 WZ29),2006-11-23,0
2006 WA30,(2006 WA30),2006-11-20,0
2006 WB30,(2006 WB30),2006-11-24,0
2006 WC30,(2006 WC30),2006-11-25,0
2006 WQ127,(2006 WQ127),2006-11-25,0
2006 WD129,(2006 WD129),2006-11-25,0
2006 WE129,(2006 WE129),2006-11-27,0
2006 WF129,(2006 WF129),2006-11-27,0
2006 WG129,(2006 WG129),2006-11-27,0
2006 WG130,(2006 WG130),2006-11-27,0
2006 WH130,(2006 WH130),2006-11-28,0
2006 WJ130,(2006 WJ130),2006-11-28,0
2006 WK130,(2006 WK130),2006-11-28,0
2006 WO130,(2006 WO130),2006-11-27,0
2006 WZ184,(2006 WZ184),2006-11-28,0
2006 XB,(2006 XB),2006-12-06,0
2006 XW,(2006 XW),2006-12-10,0
2006 XX,(2006 XX),2006-12-10,0
2006 XY,(2006 XY),2006-12-11,0
2006 XH1,(2006 XH1),2006-11-18,0
2006 XJ1,(2006 XJ1),2006-12-11,0
2006 XK1,(2006 XK1),2006-12-11,0
2006 XE2,(2006 XE2),2006-12-12,0
2006 XF2,(2006 XF2),2006-11-23,0
2006 XH2,(2006 XH2),2006-12-12,0
2006 XJ2,(2006 XJ2),2006-12-12,0
2006 XK2,(2006 XK2),2006-12-12,0
2006 XX2,(2006 XX2),2006-12-12,0
2006 XY2,(2006 XY2),2006-12-13,0
2006 XA3,(2006 XA3),2006-12-13,0
2006 XN4,(2006 XN4),2006-12-14,0
2006 XO4,(2006 XO4),2006-12-14,0
2006 XP4,(2006 XP4),2006-12-14,0
2006 XQ4,(2006 XQ4),2006-12-15,0
2006 XR4,(2006 XR4),2006-12-15,0
2006 XV4,(2006 XV4),2006-12-13,0
2006 XW4,(2006 XW4),2006-12-15,0
2006 XD27,(2006 XD27),2006-12-12,0
2006 YA,(2006 YA),2006-12-16,0
2006 YB,(2006 YB),2006-12-16,0
2006 YE,(2006 YE),2006-12-16,0
2006 YF,(2006 YF),2006-11-21,0
2006 YM,(2006 YM),2006-12-18,0
2006 YP,(2006 YP),2006-12-17,0
2006 YU1,(2006 YU1),2006-12-20,0
2006 YV1,(2006 YV1),2006-12-20,0
2006 YH2,(2006 YH2),2006-12-21,0
2006 YJ2,(2006 YJ2),2006-12-21,0
2006 YR2,(2006 YR2),2006-12-22,0
2006 YX2,(2006 YX2),2006-12-22,0
2006 YD12,(2006 YD12),2006-12-23,0
2006 YC13,(2006 YC13),2006-12-24,0
2006 YH14,(2006 YH14),2006-12-27,0
2006 YP44,(2006 YP44),2006-12-25,0
2007 AM,(2007 AM),2007-01-08,0
2007 AA2,(2007 AA2),2007-01-09,0
2007 AC2,(2007 AC2),2007-01-10,1
2007 AF2,(2007 AF2),2007-01-09,0
2007 AS2,(2007 AS2),2006-11-16,0
2007 AU2,(2007 AU2),2007-01-10,0
2007 AV2,(2007 AV2),2007-01-10,1
2007 AB12,(2007 AB12),2007-01-10,1
2007 AC12,(2007 AC12),2007-01-10,0
2007 AH12,(2007 AH12),2007-01-15,0
2007 BB,(2007 BB),2007-01-17,0
2007 BD,(2007 BD),2007-01-16,0
2007 BJ,(2007 BJ),2007-01-19,0
2007 BS2,(2007 BS2),2007-01-17,0
2007 BD7,(2007 BD7),2007-01-23,1
2007 BT7,(2007 BT7),2007-01-09,0
2007 BU7,(2007 BU7),2007-01-24,0
2007 BC8,(2007 BC8),2007-01-23,0
2007 BD8,(2007 BD8),2007-01-24,0
2007 BJ29,(2007 BJ29),2007-01-25,1
2007 BY48,(2007 BY48),2007-01-26,0
2007 BZ48,(2007 BZ48),2007-01-27,0
2007 BA49,(2007 BA49),2007-01-27,0
2007 BE49,(2007 BE49),2007-01-27,0
2007 CO5,(2007 CO5),2007-02-07,0
2007 CQ5,(2007 CQ5),2007-02-07,0
2007 CR5,(2007 CR5),2007-02-08,0
2007 CS5,(2007 CS5),2007-02-07,0
2007 CH15,(2007 CH15),2007-02-08,0
2007 CJ15,(2007 CJ15),2007-02-09,0
2007 CU18,(2007 CU18),2007-02-09,0
2007 CB19,(2007 CB19),2007-02-10,0
2007 CC19,(2007 CC19),2007-02-10,0
2007 CF19,(2007 CF19),2002-07-16,0
2007 CL26,(2007 CL26),2007-02-10,0
2007 CM26,(2007 CM26),2007-02-10,0
2007 CO26,(2007 CO26),2007-02-13,0
2007 CS26,(2007 CS26),2007-02-14,0
2007 CT26,(2007 CT26),2007-02-13,0
2007 CB27,(2007 CB27),2007-02-13,0
2007 CC27,(2007 CC27),2007-02-13,0
2007 CZ49,(2007 CZ49),2007-02-13,0
2007 CX50,(2007 CX50),2007-02-15,0
2007 DA,(2007 DA),2007-02-16,0
2007 DC,(2007 DC),2007-02-16,0
2007 DD,(2007 DD),2007-02-17,0
2007 DJ,(2007 DJ),2007-02-17,0
2007 DW,(2007 DW),2007-02-17,0
2007 DX,(2007 DX),2007-02-17,0
2007 DY,(2007 DY),2007-02-18,0
2007 DS7,(2007 DS7),2007-02-21,0
2007 DE8,(2007 DE8),2007-02-21,0
2007 DF8,(2007 DF8),2007-02-21,0
2007 DG8,(2007 DG8),2007-02-21,0
2007 DH8,(2007 DH8),2007-02-21,0
2007 DJ8,(2007 DJ8),2007-02-21,0
2007 DM8,(2007 DM8),2007-02-21,0
2007 DQ40,(2007 DQ40),2007-02-22,0
2007 DX40,(2007 DX40),2007-02-21,0
2007 DY40,(2007 DY40),2007-02-21,1
2007 DN41,(2007 DN41),2007-02-22,0
2007 DD49,(2007 DD49),2007-02-22,0
2007 DX60,(2007 DX60),2007-02-21,0
2007 DB61,(2007 DB61),1999-03-21,0
2007 DS84,(2007 DS84),2007-02-27,1
2007 DT103,(2007 DT103),2007-02-26,1
2007 EC,(2007 EC),2007-03-02,0
2007 EG,(2007 EG),2007-03-09,0
2007 EH,(2007 EH),2007-03-09,0
2007 EK,(2007 EK),2007-03-09,0
2007 EM,(2007 EM),2007-03-09,0
2007 EN,(2007 EN),2007-03-09,0
2007 EO,(2007 EO),2007-03-09,0
2007 EQ,(2007 EQ),2007-03-10,0
2007 EU,(2007 EU),2007-03-10,0
2007 EV,(2007 EV),2007-03-10,0
2007 EW,(2007 EW),2006-09-27,0
2007 EY25,(2007 EY25),2007-03-09,0
2007 EZ25,(2007 EZ25),2007-03-09,0
2007 EA26,(2007 EA26),2007-03-09,0
2007 EE26,(2007 EE26),2007-03-10,0
2007 EG26,(2007 EG26),2007-03-10,0
2007 EH26,(2007 EH26),2007-03-10,0
2007 EK26,(2007 EK26),2007-03-12,0
2007 EL26,(2007 EL26),2007-03-10,0
2007 EM26,(2007 EM26),2007-03-12,0
2007 EN26,(2007 EN26),2007-03-12,0
2007 EF88,(2007 EF88),2007-03-13,0
2007 EG88,(2007 EG88),2007-03-14,0
2007 EJ88,(2007 EJ88),2007-03-14,0
2007 EK88,(2007 EK88),2007-03-14,0
2007 EN88,(2007 EN88),2007-03-15,0
2007 EO88,(2007 EO88),2007-03-15,0
2007 ED125,(2007 ED125),2007-03-14,1
2007 EE126,(2007 EE126),2007-03-15,0
2007 EF126,(2007 EF126),2007-03-15,0
2007 FB,(2007 FB),2007-03-16,0
2007 FC,(2007 FC),2007-03-16,0
2007 FF1,(2007 FF1),2007-03-17,1
2007 FG1,(2007 FG1),2007-03-17,0
2007 FH1,(2007 FH1),2007-03-17,0
2007 FJ1,(2007 FJ1),2007-03-17,0
2007 FK1,(2007 FK1),2007-03-17,0
2007 FC3,(2007 FC3),2007-03-18,0
2007 FD3,(2007 FD3),2007-03-19,0
2007 FK3,(2007 FK3),2007-01-16,0
2007 FN3,(2007 FN3),2007-03-20,0
2007 FO3,(2007 FO3),2007-03-20,0
2007 FP3,(2007 FP3),2007-03-20,0
2007 FQ3,(2007 FQ3),2007-03-20,0
2007 FR3,(2007 FR3),2007-03-20,0
2007 FS3,(2007 FS3),2007-03-20,0
2007 FT3,(2007 FT3),2007-03-20,1
2007 FL18,(2007 FL18),2007-03-21,0
2007 FY20,(2007 FY20),2007-03-26,0
2007 GC,(2007 GC),2007-04-07,0
2007 GF,(2007 GF),2007-04-07,0
2007 GU1,(2007 GU1),2007-04-11,0
2007 GY1,(2007 GY1),2007-04-11,0
2007 GQ3,(2007 GQ3),2007-04-11,1
2007 GT3,(2007 GT3),2007-04-11,0
2007 GS4,(2007 GS4),2007-04-11,0
2007 GU4,(2007 GU4),2007-04-14,0
2007 GW4,(2007 GW4),2007-04-14,0
2007 GV5,(2007 GV5),2007-04-14,0
2007 GW5,(2007 GW5),2007-04-14,0
2007 GX5,(2007 GX5),2007-04-15,0
2007 GY5,(2007 GY5),2007-04-15,0
2007 GZ5,(2007 GZ5),2007-04-15,0
2007 HA,(2007 HA),2007-04-16,1
2007 HC,(2007 HC),2007-04-16,0
2007 HP,(2007 HP),2007-04-18,0
2007 HW3,(2007 HW3),2007-04-18,0
2007 HY3,(2007 HY3),2007-04-18,0
2007 HL4,(2007 HL4),2007-04-19,0
2007 HV4,(2007 HV4),2007-04-20,0
2007 HW4,(2007 HW4),2007-04-20,0
2007 HB15,(2007 HB15),2007-04-13,0
2007 HD15,(2007 HD15),2007-04-22,0
2007 HE15,(2007 HE15),2007-04-22,1
2007 HF15,(2007 HF15),2007-04-23,0
2007 HY15,(2007 HY15),2007-04-23,0
2007 HG44,(2007 HG44),2007-04-24,0
2007 HH44,(2007 HH44),2007-04-24,0
2007 HZ58,(2007 HZ58),2007-04-24,0
2007 HD70,(2007 HD70),2007-04-25,0
2007 HT81,(2007 HT81),2007-04-25,0
2007 HX82,(2007 HX82),2007-04-26,0
2007 HD84,(2007 HD84),2007-04-26,0
2007 JD,(2007 JD),2007-05-07,0
2007 JY2,(2007 JY2),2007-05-09,1
2007 JZ2,(2007 JZ2),2007-05-09,0
2007 JW9,(2007 JW9),2007-05-10,0
2007 JF16,(2007 JF16),2007-05-10,0
2007 JG16,(2007 JG16),2007-05-11,0
2007 JB21,(2007 JB21),2007-05-12,0
2007 JH22,(2007 JH22),2007-05-12,1
2007 JE40,(2007 JE40),2007-05-15,0
2007 KD,(2007 KD),2007-04-15,0
2007 KE,(2007 KE),2007-05-16,0
2007 KJ,(2007 KJ),1996-06-17,0
2007 KK,(2007 KK),2007-05-16,0
2007 KD2,(2007 KD2),2007-05-18,0
2007 KV2,(2007 KV2),2007-05-21,0
2007 KW2,(2007 KW2),2007-05-21,0
2007 KE4,(2007 KE4),2007-05-24,0
2007 KO4,(2007 KO4),2007-05-22,0
2007 KF7,(2007 KF7),2007-05-25,0
2007 KG7,(2007 KG7),2007-05-11,1
2007 LA,(2007 LA),2007-06-06,0
2007 LT,(2007 LT),2007-06-09,0
2007 LU,(2007 LU),2007-04-23,0
2007 LV8,(2007 LV8),2007-06-12,0
2007 LT19,(2007 LT19),2007-06-15,0
2007 LU19,(2007 LU19),2007-06-15,1
2007 LW19,(2007 LW19),2007-05-11,0
2007 MF,(2007 MF),2007-06-16,0
2007 MG,(2007 MG),2007-06-17,0
2007 MH,(2007 MH),2007-06-17,0
2007 MQ,(2007 MQ),2007-06-18,0
2007 MB4,(2007 MB4),2007-06-15,0
2007 MC4,(2007 MC4),2007-06-19,0
2007 MK6,(2007 MK6),2006-05-26,0
2007 MJ13,(2007 MJ13),2007-06-20,0
2007 MC24,(2007 MC24),2007-06-24,0
2007 MK24,(2007 MK24),2007-06-21,0
2007 NQ,(2007 NQ),2007-07-10,0
2007 NL1,(2007 NL1),2007-07-11,0
2007 NT4,(2007 NT4),2007-07-15,0
2007 OV,(2007 OV),2007-07-16,0
2007 OX,(2007 OX),2007-07-18,0
2007 OY,(2007 OY),2007-07-18,0
2007 OH3,(2007 OH3),2007-07-20,0
2007 OR9,(2007 OR9),2007-07-23,0
2007 PQ,(2007 PQ),2007-08-04,0
2007 PF2,(2007 PF2),2007-08-07,0
2007 PB8,(2007 PB8),2002-08-11,0
2007 PD8,(2007 PD8),2007-08-10,0
2007 PE8,(2007 PE8),2007-05-14,0
2007 PP9,(2007 PP9),2007-08-11,0
2007 PQ9,(2007 PQ9),2007-08-11,0
2007 PR9,(2007 PR9),2007-08-11,0
2007 PS9,(2007 PS9),2007-08-12,0
2007 PR10,(2007 PR10),2007-08-12,0
2007 PR25,(2007 PR25),2007-08-13,1
2007 PS25,(2007 PS25),2007-08-13,0
2007 PV27,(2007 PV27),2007-08-14,1
2007 PF28,(2007 PF28),2007-08-15,1
2007 QA2,(2007 QA2),2007-08-16,0
2007 QK2,(2007 QK2),2007-08-21,0
2007 QE3,(2007 QE3),2007-08-22,0
2007 RD1,(2007 RD1),2007-09-02,0
2007 RE1,(2007 RE1),2007-09-02,0
2007 RF1,(2007 RF1),2007-09-03,0
2007 RG1,(2007 RG1),2007-09-03,0
2007 RH1,(2007 RH1),2007-09-03,0
2007 RJ1,(2007 RJ1),2007-09-03,0
2007 RO1,(2007 RO1),2007-09-04,0
2007 RS1,(2007 RS1),2007-09-04,0
2007 RT1,(2007 RT1),2007-09-04,0
2007 RE2,(2007 RE2),2007-09-05,0
2007 RF2,(2007 RF2),2007-09-05,1
2007 RG2,(2007 RG2),2007-09-05,0
2007 RX8,(2007 RX8),2007-09-08,0
2007 RY8,(2007 RY8),2007-09-09,0
2007 RZ8,(2007 RZ8),2007-09-09,0
2007 RA9,(2007 RA9),2007-09-09,0
2007 RP9,(2007 RP9),2007-09-10,0
2007 RS9,(2007 RS9),2007-09-10,0
2007 RU9,(2007 RU9),2007-08-24,1
2007 RV9,(2007 RV9),2007-09-10,1
2007 RY9,(2007 RY9),2007-09-11,0
2007 RU10,(2007 RU10),2007-09-11,0
2007 RP12,(2007 RP12),2007-09-11,0
2007 RQ12,(2007 RQ12),2007-09-11,0
2007 RR12,(2007 RR12),2004-07-16,0
2007 RS12,(2007 RS12),2007-09-12,0
2007 RT12,(2007 RT12),2007-09-12,0
2007 RV12,(2007 RV12),2007-09-12,0
2007 RP15,(2007 RP15),2007-09-13,0
2007 RO17,(2007 RO17),2007-09-12,0
2007 RP17,(2007 RP17),2007-09-13,0
2007 RR17,(2007 RR17),2007-09-13,0
2007 RS17,(2007 RS17),2007-09-13,0
2007 RT17,(2007 RT17),2007-09-13,0
2007 RU17,(2007 RU17),2007-09-13,1
2007 RW17,(2007 RW17),2007-09-13,0
2007 RU19,(2007 RU19),2007-09-13,0
2007 RW19,(2007 RW19),2007-09-14,0
2007 RY19,(2007 RY19),2007-09-14,0
2007 RZ19,(2007 RZ19),2007-09-14,0
2007 RA20,(2007 RA20),2007-09-14,0
2007 RC20,(2007 RC20),2007-09-14,0
2007 RD20,(2007 RD20),2007-09-14,0
2007 RL133,(2007 RL133),2007-09-14,0
2007 RN133,(2007 RN133),2007-09-15,0
2007 RO133,(2007 RO133),2007-09-15,0
2007 RP133,(2007 RP133),2007-09-15,0
2007 RQ133,(2007 RQ133),2007-09-15,0
2007 RS146,(2007 RS146),2007-09-15,0
2007 SH,(2007 SH),2007-09-17,0
2007 SR,(2007 SR),2007-09-18,0
2007 SS1,(2007 SS1),2007-09-19,0
2007 SU1,(2007 SU1),2007-09-19,0
2007 SV1,(2007 SV1),2007-09-20,0
2007 SV2,(2007 SV2),2007-09-05,0
2007 SW2,(2007 SW2),2007-09-20,0
2007 SN6,(2007 SN6),2007-09-18,0
2007 SO6,(2007 SO6),2007-09-21,0
2007 SG11,(2007 SG11),2007-09-24,0
2007 SR11,(2007 SR11),2007-09-26,1
2007 TD,(2007 TD),2007-10-02,0
2007 TC1,(2007 TC1),2007-10-04,0
2007 TD1,(2007 TD1),2007-10-04,0
2007 TG1,(2007 TG1),2007-09-19,0
2007 TH1,(2007 TH1),2007-10-05,1
2007 TH3,(2007 TH3),2007-10-06,0
2007 TK5,(2007 TK5),2007-10-07,0
2007 TL5,(2007 TL5),2007-10-07,0
2007 TG8,(2007 TG8),2007-09-13,0
2007 TB14,(2007 TB14),2007-10-08,0
2007 TC14,(2007 TC14),2007-10-08,0
2007 TE15,(2007 TE15),2007-10-08,0
2007 TF15,(2007 TF15),2007-10-08,0
2007 TH15,(2007 TH15),2007-10-08,0
2007 TJ15,(2007 TJ15),2007-10-08,0
2007 TK15,(2007 TK15),2006-02-02,0
2007 TL15,(2007 TL15),2007-10-08,0
2007 TM15,(2007 TM15),2007-10-08,0
2007 TL16,(2007 TL16),2007-10-09,0
2007 TT18,(2007 TT18),2007-10-09,0
2007 TU18,(2007 TU18),2007-10-09,0
2007 TZ18,(2007 TZ18),2007-10-09,0
2007 TJ19,(2007 TJ19),2007-10-10,0
2007 TX22,(2007 TX22),2007-10-11,0
2007 TA23,(2007 TA23),2007-10-09,0
2007 TC23,(2007 TC23),2007-10-10,0
2007 TL23,(2007 TL23),2001-10-16,1
2007 TQ24,(2007 TQ24),2007-10-11,0
2007 TS24,(2007 TS24),2007-09-17,0
2007 TT24,(2007 TT24),2007-10-11,0
2007 TU24,(2007 TU24),2007-10-11,1
2007 TW24,(2007 TW24),2007-10-11,0
2007 TX24,(2007 TX24),2007-10-11,0
2007 TY24,(2007 TY24),2007-10-11,0
2007 TA25,(2007 TA25),2007-10-11,0
2007 TB25,(2007 TB25),2007-10-11,0
2007 TD66,(2007 TD66),2006-10-20,0
2007 TF68,(2007 TF68),2002-10-02,0
2007 TR68,(2007 TR68),2007-10-12,0
2007 TS68,(2007 TS68),2007-10-12,0
2007 TU68,(2007 TU68),2007-10-13,0
2007 TV68,(2007 TV68),2007-10-13,0
2007 TX68,(2007 TX68),2007-10-13,0
2007 TZ68,(2007 TZ68),2007-10-13,0
2007 TE71,(2007 TE71),2007-10-14,0
2007 TG71,(2007 TG71),2007-10-14,0
2007 TH71,(2007 TH71),2007-10-13,0
2007 TH72,(2007 TH72),2007-10-15,0
2007 TN74,(2007 TN74),2007-10-14,0
2007 TO74,(2007 TO74),2007-10-15,0
2007 TQ493,(2007 TQ493),2007-10-15,0
2007 UG,(2007 UG),2007-10-16,0
2007 UH,(2007 UH),2007-10-11,0
2007 UJ,(2007 UJ),2007-10-16,0
2007 UR,(2007 UR),2007-10-16,0
2007 US,(2007 US),2007-10-16,0
2007 UT,(2007 UT),2007-10-17,0
2007 UW1,(2007 UW1),2007-10-17,0
2007 UX1,(2007 UX1),2007-10-17,0
2007 UA2,(2007 UA2),2004-12-14,0
2007 UC2,(2007 UC2),2007-10-18,0
2007 US3,(2007 US3),2007-10-19,0
2007 UT3,(2007 UT3),2007-10-19,0
2007 UU3,(2007 UU3),2007-10-19,0
2007 UW3,(2007 UW3),2007-10-19,0
2007 UC6,(2007 UC6),2007-10-14,0
2007 UD6,(2007 UD6),2007-10-20,0
2007 UE6,(2007 UE6),2007-10-20,0
2007 UF6,(2007 UF6),2007-10-21,0
2007 UG6,(2007 UG6),2007-10-21,0
2007 UO6,(2007 UO6),2007-10-21,0
2007 UP6,(2007 UP6),2007-10-22,0
2007 UL12,(2007 UL12),2007-10-25,1
2007 UM12,(2007 UM12),2007-10-26,0
2007 UN12,(2007 UN12),2007-10-21,0
2007 US12,(2007 US12),2007-10-30,0
2007 UK40,(2007 UK40),2007-10-31,0
2007 UQ51,(2007 UQ51),2007-10-31,0
2007 UR51,(2007 UR51),2007-10-31,1
2007 US51,(2007 US51),2007-10-31,0
2007 US65,(2007 US65),2007-10-30,0
2007 UT65,(2007 UT65),2007-10-31,0
2007 VG,(2007 VG),2007-11-01,1
2007 VZ2,(2007 VZ2),2007-11-02,0
2007 VA3,(2007 VA3),2007-11-02,0
2007 VB3,(2007 VB3),2007-11-02,0
2007 VC3,(2007 VC3),2007-11-02,0
2007 VD3,(2007 VD3),2007-11-02,0
2007 VE3,(2007 VE3),2007-11-02,0
2007 VF3,(2007 VF3),2007-11-02,0
2007 VG3,(2007 VG3),2007-11-02,0
2007 VH3,(2007 VH3),2007-11-02,0
2007 VJ3,(2007 VJ3),2007-11-02,0
2007 VK3,(2007 VK3),2007-11-02,0
2007 VL3,(2007 VL3),2007-11-02,0
2007 VN3,(2007 VN3),2007-11-03,1
2007 VS6,(2007 VS6),2007-11-03,0
2007 VT6,(2007 VT6),2007-11-03,1
2007 VU6,(2007 VU6),2007-10-31,0
2007 VV6,(2007 VV6),2007-11-03,0
2007 VW6,(2007 VW6),2007-11-03,0
2007 VX6,(2007 VX6),2007-11-03,0
2007 VV7,(2007 VV7),2007-11-04,0
2007 VW7,(2007 VW7),2007-11-04,0
2007 VD8,(2007 VD8),2007-11-05,0
2007 VE8,(2007 VE8),2007-11-05,0
2007 VF8,(2007 VF8),2007-11-05,0
2007 VH8,(2007 VH8),2007-11-05,0
2007 VJ8,(2007 VJ8),2007-11-05,0
2007 VK8,(2007 VK8),2007-11-05,0
2007 VR29,(2007 VR29),2007-11-06,0
2007 VB70,(2007 VB70),2007-11-04,0
2007 VT83,(2007 VT83),2007-11-03,0
2007 VU83,(2007 VU83),2007-11-07,0
2007 VV83,(2007 VV83),2007-11-07,0
2007 VW83,(2007 VW83),2007-11-07,0
2007 VX83,(2007 VX83),2007-11-07,0
2007 VM84,(2007 VM84),2007-11-04,0
2007 VO84,(2007 VO84),2007-11-08,0
2007 VY137,(2007 VY137),2007-11-09,0
2007 VZ137,(2007 VZ137),2007-11-09,1
2007 VA138,(2007 VA138),2007-11-09,0
2007 VB138,(2007 VB138),2007-11-09,0
2007 VC138,(2007 VC138),2007-11-09,0
2007 VD138,(2007 VD138),2007-11-09,0
2007 VE138,(2007 VE138),2007-11-11,0
2007 VD184,(2007 VD184),2007-10-31,0
2007 VE184,(2007 VE184),2007-11-11,0
2007 VF184,(2007 VF184),2007-11-11,0
2007 VH184,(2007 VH184),2007-11-11,0
2007 VJ184,(2007 VJ184),2007-11-12,0
2007 VK184,(2007 VK184),2007-11-12,0
2007 VL184,(2007 VL184),2007-11-12,0
2007 VM184,(2007 VM184),2007-11-12,1
2007 VA188,(2007 VA188),2007-11-12,0
2007 VB188,(2007 VB188),2007-11-13,0
2007 VF189,(2007 VF189),2007-11-12,0
2007 VG189,(2007 VG189),2007-11-13,0
2007 VH189,(2007 VH189),2007-11-14,0
2007 VJ189,(2007 VJ189),2007-11-14,0
2007 VB191,(2007 VB191),2007-11-14,0
2007 VC191,(2007 VC191),2007-11-14,0
2007 VD191,(2007 VD191),2007-11-14,0
2007 VE191,(2007 VE191),2007-11-15,0
2007 VF191,(2007 VF191),2007-11-15,0
2007 VL243,(2007 VL243),2007-11-14,0
2007 VM243,(2007 VM243),2007-11-15,0
2007 VN243,(2007 VN243),2007-11-15,0
2007 VP243,(2007 VP243),2007-11-15,1
2007 WA,(2007 WA),2007-11-16,0
2007 WC,(2007 WC),2007-11-16,0
2007 WJ3,(2007 WJ3),2007-11-16,0
2007 WK3,(2007 WK3),2007-11-17,0
2007 WL3,(2007 WL3),2007-11-17,0
2007 WM3,(2007 WM3),2007-11-17,0
2007 WN3,(2007 WN3),2007-11-18,0
2007 WP3,(2007 WP3),2007-11-18,0
2007 WQ3,(2007 WQ3),2007-10-21,0
2007 WT3,(2007 WT3),2007-11-18,0
2007 WU3,(2007 WU3),2007-11-07,0
2007 WW3,(2007 WW3),2007-11-19,0
2007 WT4,(2007 WT4),2007-11-19,0
2007 WW4,(2007 WW4),2007-11-19,0
2007 WX4,(2007 WX4),2007-11-20,0
2007 WZ4,(2007 WZ4),2007-11-20,0
2007 WC5,(2007 WC5),2007-11-20,0
2007 WD5,(2007 WD5),2007-11-08,0
2007 WE55,(2007 WE55),2007-11-29,0
2007 XN,(2007 XN),2007-12-03,1
2007 XO,(2007 XO),2007-12-04,0
2007 XP,(2007 XP),2007-12-04,0
2007 XN3,(2007 XN3),2007-12-03,0
2007 XO3,(2007 XO3),2007-12-04,0
2007 XQ3,(2007 XQ3),2007-12-04,0
2007 XT3,(2007 XT3),2007-12-05,0
2007 XY9,(2007 XY9),2007-12-04,1
2007 XZ9,(2007 XZ9),2007-12-04,0
2007 XA10,(2007 XA10),2007-12-04,0
2007 XD10,(2007 XD10),2007-12-05,1
2007 XK11,(2007 XK11),2007-12-06,1
2007 XN16,(2007 XN16),2007-12-10,0
2007 XF18,(2007 XF18),2007-12-12,0
2007 XL18,(2007 XL18),2007-12-04,0
2007 XA23,(2007 XA23),2007-12-14,0
2007 XB23,(2007 XB23),2007-12-14,0
2007 XT23,(2007 XT23),2007-12-15,0
2007 XV23,(2007 XV23),2007-12-14,0
2007 XW23,(2007 XW23),2007-12-15,0
2007 XA51,(2007 XA51),2007-12-15,0
2007 YF,(2007 YF),2007-12-16,0
2007 YG,(2007 YG),2007-12-16,0
2007 YH,(2007 YH),2007-12-16,0
2007 YM,(2007 YM),2007-12-17,0
2007 YZ,(2007 YZ),2007-12-17,0
2007 YF1,(2007 YF1),2007-12-16,0
2007 YH1,(2007 YH1),2007-12-17,0
2007 YJ1,(2007 YJ1),2007-12-17,0
2007 YM1,(2007 YM1),2007-12-18,0
2007 YN1,(2007 YN1),2007-12-18,0
2007 YB2,(2007 YB2),2007-12-18,1
2007 YM56,(2007 YM56),2007-12-30,0
2007 YN56,(2007 YN56),2007-12-30,0
2007 YP56,(2007 YP56),2007-12-30,0
2007 YR56,(2007 YR56),2007-12-31,0
2007 YS56,(2007 YS56),2007-12-31,0
2007 YT56,(2007 YT56),2007-12-31,0
2007 YU56,(2007 YU56),2007-12-31,0
2007 YZ58,(2007 YZ58),2007-12-31,0
2007 YY59,(2007 YY59),2007-12-30,0
2008 AD,(2008 AD),2008-01-01,0
2008 AG1,(2008 AG1),2008-01-06,0
2008 AX1,(2008 AX1),2008-01-08,1
2008 AF3,(2008 AF3),2008-01-10,0
2008 AE4,(2008 AE4),2008-01-10,0
2008 AG4,(2008 AG4),2008-01-10,0
2008 AH4,(2008 AH4),2008-01-10,0
2008 AS28,(2008 AS28),2008-01-10,0
2008 AU28,(2008 AU28),2008-01-10,0
2008 AW28,(2008 AW28),2008-01-11,0
2008 AX28,(2008 AX28),2000-09-03,0
2008 AZ30,(2008 AZ30),2008-01-12,1
2008 AH33,(2008 AH33),2008-01-12,1
2008 AJ33,(2008 AJ33),2008-01-14,0
2008 AK33,(2008 AK33),2008-01-15,1
2008 AL33,(2008 AL33),2004-02-26,0
2008 AM33,(2008 AM33),2008-01-15,0
2008 AN33,(2008 AN33),2008-01-15,0
2008 AP33,(2008 AP33),2008-01-15,0
2008 BC,(2008 BC),2008-01-16,0
2008 BE,(2008 BE),2008-01-17,0
2008 BT2,(2008 BT2),2008-01-18,0
2008 BV2,(2008 BV2),2008-01-19,0
2008 BW2,(2008 BW2),2008-01-19,0
2008 BX2,(2008 BX2),2008-01-20,0
2008 BC15,(2008 BC15),2008-01-30,0
2008 BD15,(2008 BD15),2008-01-30,1
2008 BE15,(2008 BE15),2008-01-30,0
2008 BH16,(2008 BH16),2008-01-30,0
2008 BN16,(2008 BN16),2008-01-30,0
2008 BO16,(2008 BO16),2008-01-30,0
2008 BQ16,(2008 BQ16),2008-01-30,0
2008 BC22,(2008 BC22),2008-01-11,0
2008 CF,(2008 CF),2008-02-01,0
2008 CG,(2008 CG),2008-02-01,0
2008 CH,(2008 CH),2008-02-01,1
2008 CJ,(2008 CJ),2008-02-02,0
2008 CK,(2008 CK),2008-02-02,0
2008 CO,(2008 CO),2008-02-02,0
2008 CP,(2008 CP),2008-02-02,0
2008 CQ,(2008 CQ),2008-02-02,0
2008 CH1,(2008 CH1),2008-02-02,0
2008 CJ1,(2008 CJ1),2008-01-30,0
2008 CS1,(2008 CS1),2008-02-03,1
2008 CT1,(2008 CT1),2008-02-03,0
2008 CY4,(2008 CY4),2008-02-06,0
2008 CZ4,(2008 CZ4),2008-02-06,0
2008 CE5,(2008 CE5),2008-02-07,0
2008 CA6,(2008 CA6),2008-01-01,0
2008 CB6,(2008 CB6),2008-02-07,0
2008 CC6,(2008 CC6),2008-02-07,1
2008 CD6,(2008 CD6),2008-02-07,0
2008 CE6,(2008 CE6),2007-11-07,0
2008 CL20,(2008 CL20),2008-02-08,0
2008 CX21,(2008 CX21),2008-02-07,0
2008 CY21,(2008 CY21),2008-02-08,0
2008 CA22,(2008 CA22),2008-02-08,0
2008 CC22,(2008 CC22),2008-02-08,0
2008 CD22,(2008 CD22),2008-02-09,0
2008 CE22,(2008 CE22),2008-02-09,0
2008 CF22,(2008 CF22),2008-02-09,0
2008 CJ22,(2008 CJ22),2008-02-08,0
2008 CP23,(2008 CP23),2008-02-01,0
2008 CD70,(2008 CD70),2008-02-09,0
2008 CE70,(2008 CE70),2008-02-09,0
2008 CH70,(2008 CH70),2008-02-09,0
2008 CK70,(2008 CK70),2008-01-10,0
2008 CL70,(2008 CL70),2008-02-09,0
2008 CC71,(2008 CC71),2008-02-09,0
2008 CD71,(2008 CD71),2008-02-09,0
2008 CL72,(2008 CL72),2008-02-03,0
2008 CM74,(2008 CM74),2008-02-08,0
2008 CG116,(2008 CG116),2008-02-08,0
2008 CK116,(2008 CK116),2008-02-10,0
2008 CL116,(2008 CL116),2008-02-10,1
2008 CN116,(2008 CN116),2008-02-11,0
2008 CO116,(2008 CO116),2008-02-11,0
2008 CP116,(2008 CP116),2007-12-15,0
2008 CQ116,(2008 CQ116),2008-02-11,0
2008 CS116,(2008 CS116),2007-11-12,0
2008 CW118,(2008 CW118),2008-01-31,0
2008 CY118,(2008 CY118),2008-02-12,0
2008 CA119,(2008 CA119),2008-02-12,0
2008 CD119,(2008 CD119),2008-02-11,0
2008 CE119,(2008 CE119),2008-02-13,0
2008 CG119,(2008 CG119),2008-02-13,0
2008 CJ119,(2008 CJ119),2008-01-01,0
2008 CK119,(2008 CK119),2008-02-13,0
2008 CB175,(2008 CB175),2008-02-14,0
2008 DB,(2008 DB),2008-02-18,0
2008 DC,(2008 DC),2008-02-18,0
2008 DD,(2008 DD),2008-02-18,1
2008 DJ,(2008 DJ),2008-02-25,1
2008 DW,(2008 DW),2008-02-26,0
2008 DX,(2008 DX),2008-02-26,0
2008 DY,(2008 DY),2008-02-26,0
2008 DA4,(2008 DA4),2008-02-27,0
2008 DG4,(2008 DG4),2008-02-27,0
2008 DL4,(2008 DL4),2008-02-27,0
2008 DF5,(2008 DF5),2008-02-28,0
2008 DH5,(2008 DH5),2008-02-28,0
2008 DT22,(2008 DT22),2008-02-28,0
2008 DU22,(2008 DU22),2008-02-28,0
2008 DV22,(2008 DV22),2008-02-28,0
2008 DW22,(2008 DW22),2008-02-28,0
2008 DX22,(2008 DX22),2008-02-29,0
2008 DY22,(2008 DY22),2008-02-29,0
2008 EF,(2008 EF),2008-03-01,0
2008 EH,(2008 EH),2008-03-01,0
2008 EJ,(2008 EJ),2008-03-01,0
2008 EL,(2008 EL),2008-02-12,0
2008 EM,(2008 EM),2008-03-01,0
2008 EN,(2008 EN),2008-03-01,0
2008 EO,(2008 EO),2008-03-01,0
2008 EP,(2008 EP),2008-03-02,0
2008 EQ,(2008 EQ),2008-03-02,0
2008 ER,(2008 ER),2008-03-02,0
2008 EH1,(2008 EH1),2008-03-01,0
2008 EK1,(2008 EK1),2008-03-04,0
2008 EE5,(2008 EE5),2008-03-04,1
2008 ES5,(2008 ES5),2008-03-03,0
2008 EW5,(2008 EW5),2008-03-04,0
2008 EX5,(2008 EX5),2008-03-04,0
2008 EM6,(2008 EM6),2008-03-05,0
2008 EN6,(2008 EN6),2008-03-05,0
2008 EM7,(2008 EM7),2008-03-06,1
2008 EP7,(2008 EP7),2008-03-06,0
2008 ET7,(2008 ET7),2008-03-06,0
2008 EZ7,(2008 EZ7),2008-03-07,0
2008 EA8,(2008 EA8),2008-03-06,0
2008 EB8,(2008 EB8),2008-03-06,0
2008 ED8,(2008 ED8),2008-03-08,0
2008 EA9,(2008 EA9),2008-03-06,0
2008 EE9,(2008 EE9),2008-03-08,0
2008 EF9,(2008 EF9),2008-02-10,0
2008 EG9,(2008 EG9),2008-03-09,0
2008 EJ9,(2008 EJ9),2008-03-09,0
2008 EC32,(2008 EC32),2008-03-10,0
2008 EF32,(2008 EF32),2008-03-11,0
2008 EG32,(2008 EG32),2008-03-11,0
2008 EJ68,(2008 EJ68),2008-03-05,0
2008 EK68,(2008 EK68),2008-03-05,0
2008 EL68,(2008 EL68),2008-03-06,0
2008 EM68,(2008 EM68),2008-03-08,0
2008 EU68,(2008 EU68),2008-03-11,0
2008 EV68,(2008 EV68),2008-03-11,0
2008 EV84,(2008 EV84),2008-03-11,0
2008 EW84,(2008 EW84),2008-03-12,0
2008 EX84,(2008 EX84),2008-03-12,0
2008 EY84,(2008 EY84),2008-03-12,0
2008 EZ84,(2008 EZ84),2008-03-12,0
2008 EB85,(2008 EB85),2008-03-13,0
2008 EC85,(2008 EC85),2008-03-13,0
2008 ED85,(2008 ED85),2008-03-13,0
2008 EE85,(2008 EE85),2008-03-13,0
2008 EF85,(2008 EF85),2008-03-13,0
2008 EG85,(2008 EG85),2008-03-13,0
2008 EH85,(2008 EH85),2008-03-13,0
2008 EJ85,(2008 EJ85),2008-03-14,0
2008 EK85,(2008 EK85),2008-03-14,0
2008 EL85,(2008 EL85),2008-03-14,0
2008 ER90,(2008 ER90),2008-03-11,0
2008 FB,(2008 FB),2008-03-23,0
2008 FC,(2008 FC),2008-03-23,0
2008 FE,(2008 FE),2008-03-26,0
2008 FG,(2008 FG),2008-03-27,0
2008 FH,(2008 FH),2008-03-27,0
2008 FJ,(2008 FJ),2008-03-27,0
2008 FK,(2008 FK),2008-03-27,0
2008 FM,(2008 FM),2008-03-27,0
2008 FO,(2008 FO),2008-03-11,0
2008 FP,(2008 FP),2008-03-28,0
2008 FE5,(2008 FE5),2008-03-28,0
2008 FF5,(2008 FF5),2008-03-28,0
2008 FH5,(2008 FH5),2008-03-28,0
2008 FW5,(2008 FW5),2008-03-28,1
2008 FN6,(2008 FN6),2006-10-22,0
2008 FS6,(2008 FS6),2008-03-29,0
2008 FW6,(2008 FW6),2008-03-30,1
2008 FX6,(2008 FX6),2008-03-30,0
2008 FY6,(2008 FY6),2008-03-30,0
2008 FJ7,(2008 FJ7),2008-03-31,0
2008 FK7,(2008 FK7),2008-03-31,0
2008 FL7,(2008 FL7),2008-03-27,0
2008 GD,(2008 GD),2004-03-16,0
2008 GE,(2008 GE),2008-04-01,0
2008 GF,(2008 GF),2008-04-01,0
2008 GG,(2008 GG),2008-04-01,0
2008 GH,(2008 GH),2008-04-01,0
2008 GJ,(2008 GJ),2007-11-11,0
2008 GK,(2008 GK),2008-04-03,0
2008 GQ,(2008 GQ),2008-04-03,0
2008 GR,(2008 GR),2008-04-03,0
2008 GV,(2008 GV),2008-04-03,0
2008 GX,(2008 GX),2008-04-03,0
2008 GD1,(2008 GD1),2008-04-03,0
2008 GF1,(2008 GF1),2008-04-05,0
2008 GF2,(2008 GF2),2008-04-05,0
2008 GK2,(2008 GK2),2008-04-06,0
2008 GL2,(2008 GL2),2008-04-06,0
2008 GM2,(2008 GM2),2008-04-06,0
2008 GP3,(2008 GP3),2008-04-03,0
2008 GQ3,(2008 GQ3),2008-04-07,0
2008 GR3,(2008 GR3),2008-04-07,0
2008 GS3,(2008 GS3),2008-04-07,0
2008 GU3,(2008 GU3),2008-04-07,0
2008 GX3,(2008 GX3),2008-04-08,0
2008 GY3,(2008 GY3),2008-04-08,0
2008 GZ3,(2008 GZ3),2008-04-04,0
2008 GA4,(2008 GA4),2008-04-08,0
2008 GB4,(2008 GB4),2008-04-09,0
2008 GK20,(2008 GK20),2008-04-09,0
2008 GL20,(2008 GL20),2008-04-09,0
2008 GO20,(2008 GO20),2008-04-01,0
2008 GP20,(2008 GP20),2008-04-10,0
2008 GU20,(2008 GU20),2000-05-03,0
2008 GV20,(2008 GV20),2008-04-11,0
2008 GW20,(2008 GW20),2008-04-11,0
2008 GB21,(2008 GB21),2008-04-12,0
2008 GX21,(2008 GX21),2008-04-13,0
2008 GA110,(2008 GA110),2008-04-14,0
2008 GC110,(2008 GC110),2008-04-14,0
2008 GD110,(2008 GD110),2008-04-14,0
2008 GE110,(2008 GE110),2005-03-10,0
2008 GJ110,(2008 GJ110),2008-04-15,0
2008 GE128,(2008 GE128),2008-04-14,0
2008 HG,(2008 HG),2008-04-24,0
2008 HH,(2008 HH),2008-04-24,1
2008 HJ,(2008 HJ),2008-04-24,0
2008 HK,(2008 HK),2008-04-25,0
2008 HX1,(2008 HX1),2008-04-26,0
2008 HY1,(2008 HY1),2008-04-26,0
2008 HZ1,(2008 HZ1),2008-04-26,0
2008 HA2,(2008 HA2),2008-04-26,0
2008 HB2,(2008 HB2),2008-04-27,0
2008 HC2,(2008 HC2),2008-04-27,0
2008 HD2,(2008 HD2),2008-04-27,0
2008 HE2,(2008 HE2),2008-04-27,0
2008 HF2,(2008 HF2),2008-04-27,0
2008 HE3,(2008 HE3),2008-04-28,0
2008 HJ3,(2008 HJ3),2008-04-29,0
2008 HQ3,(2008 HQ3),2008-04-29,0
2008 HR3,(2008 HR3),2008-04-29,0
2008 HT4,(2008 HT4),2008-04-30,0
2008 HU4,(2008 HU4),2008-04-30,0
2008 HB38,(2008 HB38),2008-04-30,1
2008 HC38,(2008 HC38),2008-04-30,0
2008 HE66,(2008 HE66),2008-04-30,0
2008 JC,(2008 JC),2008-05-01,0
2008 JE,(2008 JE),2008-05-01,0
2008 JJ,(2008 JJ),2008-04-30,0
2008 JN,(2008 JN),2008-05-01,0
2008 JP,(2008 JP),2008-05-02,0
2008 JQ,(2008 JQ),2008-05-02,0
2008 JU2,(2008 JU2),2008-05-03,0
2008 JV2,(2008 JV2),2008-05-03,0
2008 JW2,(2008 JW2),2008-05-03,1
2008 JL3,(2008 JL3),2008-05-02,0
2008 JZ7,(2008 JZ7),2008-05-05,0
2008 JO14,(2008 JO14),2008-05-07,0
2008 JR14,(2008 JR14),2008-05-06,0
2008 JW19,(2008 JW19),2008-05-08,0
2008 JM20,(2008 JM20),2008-05-10,0
2008 JL24,(2008 JL24),2008-05-11,0
2008 JP24,(2008 JP24),2008-05-10,0
2008 JM26,(2008 JM26),2008-05-13,0
2008 JS26,(2008 JS26),2008-05-14,0
2008 JY30,(2008 JY30),2008-05-14,0
2008 JD33,(2008 JD33),2008-05-15,0
2008 JT35,(2008 JT35),2008-05-05,0
2008 KO,(2008 KO),2008-05-27,0
2008 KS,(2008 KS),2008-05-27,0
2008 KT,(2008 KT),2008-05-28,0
2008 KV2,(2008 KV2),2008-05-28,1
2008 KW2,(2008 KW2),2008-05-28,0
2008 KX2,(2008 KX2),2008-05-29,0
2008 KA6,(2008 KA6),2008-05-29,0
2008 KB6,(2008 KB6),2008-05-29,0
2008 KC6,(2008 KC6),2008-05-29,0
2008 KE6,(2008 KE6),2008-05-29,1
2008 KF6,(2008 KF6),2008-05-26,0
2008 KN11,(2008 KN11),2008-05-30,0
2008 KB12,(2008 KB12),2008-05-29,0
2008 LA,(2008 LA),2008-06-01,0
2008 LB,(2008 LB),2008-06-01,0
2008 LC,(2008 LC),2008-06-01,0
2008 LD,(2008 LD),2008-06-02,0
2008 LE,(2008 LE),2008-06-02,0
2008 LC2,(2008 LC2),2008-06-02,0
2008 LG2,(2008 LG2),2008-06-03,0
2008 LH2,(2008 LH2),2008-06-04,0
2008 LN16,(2008 LN16),2008-06-10,0
2008 LW16,(2008 LW16),2008-06-15,1
2008 MG1,(2008 MG1),2008-06-27,0
2008 MP1,(2008 MP1),2008-06-30,1
2008 MQ1,(2008 MQ1),2008-06-30,0
2008 MU1,(2008 MU1),2008-06-30,0
2008 MV1,(2008 MV1),2008-06-30,0
2008 NA,(2008 NA),2008-07-01,0
2008 NB,(2008 NB),2008-07-01,0
2008 NX,(2008 NX),2008-07-02,0
2008 NO3,(2008 NO3),2008-02-08,1
2008 NQ3,(2008 NQ3),2008-07-14,1
2008 OM,(2008 OM),2008-07-25,0
2008 ON,(2008 ON),2008-07-25,0
2008 OO,(2008 OO),2008-07-26,1
2008 OO1,(2008 OO1),2008-07-26,0
2008 OV2,(2008 OV2),2008-07-28,0
2008 OY2,(2008 OY2),2008-07-28,0
2008 OA6,(2008 OA6),2008-07-29,0
2008 OS7,(2008 OS7),2008-07-30,1
2008 OT7,(2008 OT7),2008-07-30,0
2008 OM8,(2008 OM8),2008-07-30,0
2008 ON8,(2008 ON8),2008-07-30,0
2008 OO8,(2008 OO8),2008-07-30,0
2008 OP8,(2008 OP8),2008-07-30,0
2008 OQ8,(2008 OQ8),2008-07-30,0
2008 OX8,(2008 OX8),2004-09-15,0
2008 OC9,(2008 OC9),2008-07-30,0
2008 ON10,(2008 ON10),2008-07-31,0
2008 ON13,(2008 ON13),2008-07-31,1
2008 PE1,(2008 PE1),2008-08-01,0
2008 PF1,(2008 PF1),2008-08-03,1
2008 PF2,(2008 PF2),2008-08-01,0
2008 PG2,(2008 PG2),2008-08-03,0
2008 PH3,(2008 PH3),2008-08-03,0
2008 PJ3,(2008 PJ3),2008-08-03,0
2008 PK3,(2008 PK3),2008-08-03,1
2008 PL3,(2008 PL3),2008-08-04,0
2008 PW4,(2008 PW4),2008-08-05,0
2008 PG7,(2008 PG7),2008-08-06,0
2008 PJ9,(2008 PJ9),2008-08-06,1
2008 PK9,(2008 PK9),2008-08-08,0
2008 PR9,(2008 PR9),2008-08-08,0
2008 PV16,(2008 PV16),2008-08-11,0
2008 QB,(2008 QB),2008-08-19,0
2008 QC,(2008 QC),2008-08-19,0
2008 QZ,(2008 QZ),2008-08-22,0
2008 QA1,(2008 QA1),2008-08-23,0
2008 QC1,(2008 QC1),2008-08-23,0
2008 QM2,(2008 QM2),2008-08-23,0
2008 QU3,(2008 QU3),2008-08-22,0
2008 QS11,(2008 QS11),2008-08-27,1
2008 QT11,(2008 QT11),2008-08-27,0
2008 QU11,(2008 QU11),2008-08-26,0
2008 QV11,(2008 QV11),2008-08-26,0
2008 QW11,(2008 QW11),2008-08-26,0
2008 RT,(2008 RT),2008-09-01,0
2008 RU,(2008 RU),2008-09-02,0
2008 RV,(2008 RV),2008-04-29,1
2008 RW,(2008 RW),2008-09-02,0
2008 RE1,(2008 RE1),2008-09-02,0
2008 RH1,(2008 RH1),2008-09-04,0
2008 RK1,(2008 RK1),2008-09-04,0
2008 RQ24,(2008 RQ24),2008-09-05,0
2008 RR24,(2008 RR24),2008-09-06,0
2008 RS24,(2008 RS24),2008-09-06,0
2008 RT24,(2008 RT24),2008-09-06,0
2008 RW24,(2008 RW24),2008-09-06,0
2008 RX24,(2008 RX24),2008-09-06,0
2008 RZ24,(2008 RZ24),2008-09-07,0
2008 RM98,(2008 RM98),2008-09-07,1
2008 RP108,(2008 RP108),2008-09-10,0
2008 SA,(2008 SA),2008-09-20,0
2008 SC,(2008 SC),2008-09-19,1
2008 SD,(2008 SD),2008-09-19,0
2008 SE,(2008 SE),2008-09-20,0
2008 SP,(2008 SP),2008-09-21,0
2008 SQ,(2008 SQ),2008-09-21,0
2008 SR,(2008 SR),2008-09-21,0
2008 SS,(2008 SS),2008-09-21,0
2008 ST,(2008 ST),2008-09-22,0
2008 SN1,(2008 SN1),2008-09-20,0
2008 SO1,(2008 SO1),2003-09-19,0
2008 SR1,(2008 SR1),2008-09-23,1
2008 ST1,(2008 ST1),2008-09-22,0
2008 SU1,(2008 SU1),2008-09-23,0
2008 SW1,(2008 SW1),2008-09-23,0
2008 SZ1,(2008 SZ1),2008-09-23,0
2008 SP7,(2008 SP7),2008-09-23,0
2008 ST7,(2008 ST7),2008-09-24,0
2008 SV7,(2008 SV7),2008-09-24,0
2008 SW7,(2008 SW7),2008-09-23,0
2008 SF8,(2008 SF8),2008-09-25,0
2008 SV11,(2008 SV11),2008-09-25,1
2008 SH82,(2008 SH82),2008-09-26,1
2008 SJ82,(2008 SJ82),2008-09-26,1
2008 SC85,(2008 SC85),1993-11-20,0
2008 SD85,(2008 SD85),2008-09-28,0
2008 SG148,(2008 SG148),2008-09-29,0
2008 SH148,(2008 SH148),2008-09-29,0
2008 SJ148,(2008 SJ148),2008-09-29,0
2008 SX148,(2008 SX148),2008-09-29,0
2008 SY148,(2008 SY148),2008-09-29,0
2008 SU150,(2008 SU150),2008-09-29,0
2008 SV150,(2008 SV150),2008-09-29,0
2008 SY150,(2008 SY150),2008-09-30,0
2008 SZ150,(2008 SZ150),2008-09-30,0
2008 TA,(2008 TA),2008-10-01,0
2008 TB,(2008 TB),2008-09-29,0
2008 TC,(2008 TC),2008-10-01,0
2008 TD,(2008 TD),2008-10-01,0
2008 TE,(2008 TE),2008-10-01,0
2008 TF,(2008 TF),2008-10-01,0
2008 TG,(2008 TG),2008-10-01,0
2008 TH,(2008 TH),2008-10-01,0
2008 TJ,(2008 TJ),2008-10-01,0
2008 TK,(2008 TK),2008-09-28,0
2008 TL,(2008 TL),2008-10-01,0
2008 TZ,(2008 TZ),2008-09-30,0
2008 TB1,(2008 TB1),2008-10-02,0
2008 TC1,(2008 TC1),2008-10-02,0
2008 TD1,(2008 TD1),2008-10-02,0
2008 TE1,(2008 TE1),2008-10-02,0
2008 TB2,(2008 TB2),2008-10-03,0
2008 TC2,(2008 TC2),2008-10-03,0
2008 TE2,(2008 TE2),2008-10-03,0
2008 TF2,(2008 TF2),2008-10-04,0
2008 TR2,(2008 TR2),2008-10-05,0
2008 TC3,(2008 TC3),2008-10-06,0
2008 TX3,(2008 TX3),2008-10-06,0
2008 TA4,(2008 TA4),2008-10-06,0
2008 TB4,(2008 TB4),2008-10-07,0
2008 TE4,(2008 TE4),2008-10-07,0
2008 TF9,(2008 TF9),2008-10-08,0
2008 TN9,(2008 TN9),2008-10-08,0
2008 TX9,(2008 TX9),2008-10-08,0
2008 TY9,(2008 TY9),2008-10-07,0
2008 TM10,(2008 TM10),2008-10-08,0
2008 TP10,(2008 TP10),2008-10-08,0
2008 TQ10,(2008 TQ10),2008-10-08,0
2008 TR10,(2008 TR10),2008-10-08,0
2008 TS10,(2008 TS10),2008-10-08,0
2008 TV25,(2008 TV25),2008-10-09,0
2008 TL26,(2008 TL26),2008-10-09,0
2008 TM26,(2008 TM26),2008-10-09,0
2008 TP26,(2008 TP26),2008-10-09,0
2008 TQ26,(2008 TQ26),2008-10-09,0
2008 TS26,(2008 TS26),2008-10-09,0
2008 TT26,(2008 TT26),2008-10-09,0
2008 TB27,(2008 TB27),2008-10-09,0
2008 TD27,(2008 TD27),2008-10-10,0
2008 TW148,(2008 TW148),2008-10-09,0
2008 TE157,(2008 TE157),2008-10-02,0
2008 TJ157,(2008 TJ157),2008-08-24,0
2008 TK157,(2008 TK157),2008-09-23,0
2008 TO237,(2008 TO237),2008-10-01,0
2008 UB,(2008 UB),2008-10-19,0
2008 UD,(2008 UD),2008-10-20,0
2008 UF,(2008 UF),2008-10-20,0
2008 UQ,(2008 UQ),2008-10-20,0
2008 UR,(2008 UR),2008-10-20,0
2008 US,(2008 US),2008-10-21,0
2008 UU,(2008 UU),2008-10-21,0
2008 UV,(2008 UV),2008-10-21,0
2008 UE1,(2008 UE1),2008-10-21,0
2008 UF1,(2008 UF1),2008-10-22,0
2008 UM1,(2008 UM1),2008-10-22,0
2008 UT1,(2008 UT1),2008-10-22,0
2008 UU1,(2008 UU1),2008-10-22,1
2008 UR2,(2008 UR2),2008-10-23,0
2008 US2,(2008 US2),2008-10-23,0
2008 UT2,(2008 UT2),2008-10-23,0
2008 UL3,(2008 UL3),2008-10-24,0
2008 UM3,(2008 UM3),2008-10-24,0
2008 UN3,(2008 UN3),2008-10-24,0
2008 US4,(2008 US4),2008-10-06,0
2008 US5,(2008 US5),2008-10-25,0
2008 UT5,(2008 UT5),2008-10-25,0
2008 UU5,(2008 UU5),2008-10-25,0
2008 UV5,(2008 UV5),2008-10-25,0
2008 UA7,(2008 UA7),2008-10-26,0
2008 UB7,(2008 UB7),2008-10-26,0
2008 UC7,(2008 UC7),2008-10-26,0
2008 UE7,(2008 UE7),2008-10-26,1
2008 UF7,(2008 UF7),2008-10-26,0
2008 UG7,(2008 UG7),2008-10-27,0
2008 UM90,(2008 UM90),2008-10-27,0
2008 UO90,(2008 UO90),2008-10-27,0
2008 UV91,(2008 UV91),2008-10-28,0
2008 UW91,(2008 UW91),2008-10-28,0
2008 UX91,(2008 UX91),2008-10-28,0
2008 UY91,(2008 UY91),2008-10-28,0
2008 UZ91,(2008 UZ91),2008-10-28,0
2008 UA92,(2008 UA92),2008-10-28,0
2008 UB92,(2008 UB92),2008-10-29,0
2008 UB95,(2008 UB95),2008-10-29,0
2008 UD95,(2008 UD95),2008-10-29,0
2008 UT95,(2008 UT95),2008-10-30,0
2008 UU95,(2008 UU95),2008-10-30,0
2008 UT99,(2008 UT99),2008-10-30,0
2008 UU99,(2008 UU99),2008-10-30,0
2008 UW99,(2008 UW99),2008-10-31,0
2008 UP100,(2008 UP100),2008-10-31,0
2008 UZ201,(2008 UZ201),2008-10-25,0
2008 UA202,(2008 UA202),2008-10-29,0
2008 UB202,(2008 UB202),2008-10-31,0
2008 UC202,(2008 UC202),2008-10-31,0
2008 UD202,(2008 UD202),2008-10-31,0
2008 UE202,(2008 UE202),2008-10-01,0
2008 VC,(2008 VC),2008-11-01,0
2008 VD,(2008 VD),2008-11-01,0
2008 VE,(2008 VE),2008-11-01,0
2008 VH,(2008 VH),2008-11-02,0
2008 VJ,(2008 VJ),2008-11-02,0
2008 VK,(2008 VK),2008-11-02,0
2008 VL,(2008 VL),2008-11-02,0
2008 VM,(2008 VM),2008-11-03,0
2008 VU3,(2008 VU3),2008-11-02,0
2008 VY3,(2008 VY3),2008-11-03,0
2008 VZ3,(2008 VZ3),2008-11-06,0
2008 VA4,(2008 VA4),2008-11-06,0
2008 VB4,(2008 VB4),2008-11-06,0
2008 VR4,(2008 VR4),2008-11-07,0
2008 VT4,(2008 VT4),2008-11-06,0
2008 VG14,(2008 VG14),2008-11-07,0
2008 VH14,(2008 VH14),2008-11-08,0
2008 VL14,(2008 VL14),2008-11-09,1
2008 VA15,(2008 VA15),2002-02-13,0
2008 WB,(2008 WB),2008-11-17,0
2008 WC,(2008 WC),2008-11-18,0
2008 WD,(2008 WD),2008-11-18,0
2008 WE,(2008 WE),2008-11-18,0
2008 WK,(2008 WK),2008-11-18,0
2008 WL,(2008 WL),2008-11-18,0
2008 WM,(2008 WM),2008-11-19,0
2008 WP1,(2008 WP1),2008-11-19,0
2008 WQ1,(2008 WQ1),2008-11-19,0
2008 WO2,(2008 WO2),2008-11-20,0
2008 WP2,(2008 WP2),2008-11-20,0
2008 WQ2,(2008 WQ2),2008-11-20,0
2008 WY13,(2008 WY13),2008-11-20,0
2008 WA14,(2008 WA14),2008-11-20,0
2008 WB14,(2008 WB14),2008-11-20,0
2008 WC14,(2008 WC14),2008-11-20,0
2008 WD14,(2008 WD14),2008-11-21,0
2008 WE14,(2008 WE14),2008-11-21,0
2008 WF14,(2008 WF14),2008-11-21,0
2008 WG14,(2008 WG14),2008-11-21,0
2008 WH14,(2008 WH14),2008-11-21,0
2008 WJ14,(2008 WJ14),2008-11-21,0
2008 WM32,(2008 WM32),2008-11-21,0
2008 WW32,(2008 WW32),2008-11-21,0
2008 WY32,(2008 WY32),2008-11-22,0
2008 WB59,(2008 WB59),2008-11-23,0
2008 WH60,(2008 WH60),2008-11-23,0
2008 WK60,(2008 WK60),2008-11-23,0
2008 WL60,(2008 WL60),2004-12-13,0
2008 WK61,(2008 WK61),2008-11-21,1
2008 WL61,(2008 WL61),2008-11-24,0
2008 WM61,(2008 WM61),2008-11-24,0
2008 WS62,(2008 WS62),2008-11-24,0
2008 WT62,(2008 WT62),2008-11-24,0
2008 WL64,(2008 WL64),2008-11-23,0
2008 WY94,(2008 WY94),2008-11-29,0
2008 WE96,(2008 WE96),2008-11-30,0
2008 WF96,(2008 WF96),2008-10-31,0
2008 WG96,(2008 WG96),2008-11-30,0
2008 WH96,(2008 WH96),2008-11-30,0
2008 WJ96,(2008 WJ96),2008-11-30,0
2008 WK96,(2008 WK96),2008-11-30,0
2008 XF,(2008 XF),2008-12-01,0
2008 XG,(2008 XG),2008-12-01,0
2008 XH,(2008 XH),2008-12-01,0
2008 XK,(2008 XK),2008-12-02,0
2008 XN,(2008 XN),2008-12-01,1
2008 XO,(2008 XO),2008-12-02,0
2008 XP,(2008 XP),2008-12-01,0
2008 XS,(2008 XS),2008-12-02,0
2008 XC1,(2008 XC1),2008-12-03,0
2008 XK1,(2008 XK1),2008-12-03,0
2008 XL1,(2008 XL1),2008-12-03,0
2008 XM1,(2008 XM1),2008-12-04,0
2008 XA2,(2008 XA2),2008-12-04,1
2008 XB2,(2008 XB2),2008-12-04,0
2008 XC2,(2008 XC2),2008-12-04,0
2008 XQ2,(2008 XQ2),2008-12-05,1
2008 XU2,(2008 XU2),2008-12-06,0
2008 XV2,(2008 XV2),2008-12-06,0
2008 XW2,(2008 XW2),2008-12-06,1
2008 XX2,(2008 XX2),2008-12-06,0
2008 YA,(2008 YA),2008-12-16,0
2008 YF,(2008 YF),2008-12-19,1
2008 YJ2,(2008 YJ2),2008-12-20,0
2008 YL2,(2008 YL2),2008-12-21,0
2008 YM2,(2008 YM2),2008-12-21,0
2008 YN2,(2008 YN2),2008-12-21,0
2008 YO2,(2008 YO2),2008-12-21,0
2008 YP2,(2008 YP2),2008-12-21,0
2008 YQ2,(2008 YQ2),2008-12-21,0
2008 YR2,(2008 YR2),2002-01-05,0
2008 YC3,(2008 YC3),2008-12-22,0
2008 YD3,(2008 YD3),2008-12-22,0
2008 YE3,(2008 YE3),2008-12-22,0
2008 YF3,(2008 YF3),2008-12-21,0
2008 YG3,(2008 YG3),2008-12-22,0
2008 YJ3,(2008 YJ3),2008-12-22,0
2008 YG26,(2008 YG26),2008-12-29,0
2008 YM27,(2008 YM27),2008-12-29,0
2008 YN27,(2008 YN27),2008-12-29,0
2008 YO27,(2008 YO27),2008-12-29,0
2008 YQ27,(2008 YQ27),2008-12-28,0
2008 YZ28,(2008 YZ28),2008-12-30,0
2008 YA29,(2008 YA29),2008-12-30,0
2008 YB29,(2008 YB29),2008-12-30,0
2008 YC29,(2008 YC29),2008-12-30,0
2008 YD29,(2008 YD29),2008-12-30,0
2008 YE29,(2008 YE29),2008-12-30,1
2008 YF29,(2008 YF29),2008-12-30,0
2008 YG29,(2008 YG29),2008-12-30,0
2008 YE30,(2008 YE30),2008-12-22,0
2008 YF30,(2008 YF30),2008-12-31,0
2008 YG30,(2008 YG30),2008-12-31,0
2008 YH30,(2008 YH30),2008-12-31,0
2008 YU30,(2008 YU30),2008-12-31,0
2008 YV32,(2008 YV32),2008-12-31,0
2008 YW32,(2008 YW32),2008-12-31,0
2008 YY32,(2008 YY32),2008-12-31,0
2008 YC33,(2008 YC33),2008-12-31,0
2009 AK,(2009 AK),2009-01-01,0
2009 AL,(2009 AL),2009-01-01,1
2009 AM,(2009 AM),2009-01-01,0
2009 AN,(2009 AN),2008-12-06,0
2009 AT,(2009 AT),2009-01-02,0
2009 AU,(2009 AU),2009-01-02,0
2009 AL15,(2009 AL15),2009-01-07,0
2009 AC16,(2009 AC16),2009-01-15,1
2009 AD16,(2009 AD16),2009-01-15,0
2009 AE16,(2009 AE16),2009-01-15,1
2009 AF16,(2009 AF16),2009-01-15,0
2009 AG16,(2009 AG16),2009-01-15,0
2009 BC,(2009 BC),2009-01-16,0
2009 BD,(2009 BD),2009-01-16,0
2009 BE,(2009 BE),2009-01-16,0
2009 BG,(2009 BG),2009-01-16,0
2009 BF2,(2009 BF2),2009-01-16,0
2009 BG2,(2009 BG2),2009-01-17,0
2009 BH2,(2009 BH2),2009-01-17,0
2009 BJ2,(2009 BJ2),2009-01-18,0
2009 BK2,(2009 BK2),2009-01-18,0
2009 BM2,(2009 BM2),2009-01-18,0
2009 BN2,(2009 BN2),2009-01-18,0
2009 BW2,(2009 BW2),2009-01-20,0
2009 BO5,(2009 BO5),2009-01-20,0
2009 BP5,(2009 BP5),2009-01-20,0
2009 BQ5,(2009 BQ5),2009-01-20,0
2009 BR5,(2009 BR5),2009-01-20,0
2009 BS5,(2009 BS5),2009-01-20,0
2009 BU5,(2009 BU5),2009-01-21,0
2009 BA11,(2009 BA11),2009-01-25,0
2009 BC11,(2009 BC11),2009-01-25,0
2009 BD11,(2009 BD11),2009-01-26,0
2009 BG11,(2009 BG11),2009-01-26,0
2009 BH11,(2009 BH11),2009-01-26,0
2009 BC58,(2009 BC58),2002-02-07,0
2009 BD58,(2009 BD58),2009-01-18,0
2009 BF58,(2009 BF58),2009-01-28,0
2009 BG58,(2009 BG58),2009-01-28,0
2009 BH58,(2009 BH58),2009-01-28,0
2009 BK58,(2009 BK58),2009-01-29,0
2009 BL58,(2009 BL58),2009-01-29,0
2009 BM58,(2009 BM58),2009-01-29,0
2009 BN58,(2009 BN58),2009-01-29,0
2009 BO58,(2009 BO58),2009-01-29,0
2009 BA71,(2009 BA71),2007-03-15,0
2009 BK71,(2009 BK71),2009-01-30,0
2009 BD77,(2009 BD77),2009-01-30,0
2009 BD81,(2009 BD81),2009-01-31,1
2009 BE81,(2009 BE81),2009-01-31,1
2009 BF81,(2009 BF81),2009-01-31,0
2009 BG81,(2009 BG81),2009-01-31,0
2009 BH81,(2009 BH81),2009-01-31,0
2009 CD,(2009 CD),2009-02-01,0
2009 CE,(2009 CE),2009-02-01,0
2009 CF,(2009 CF),2009-02-01,0
2009 CG,(2009 CG),2009-02-01,0
2009 CP,(2009 CP),2009-02-02,0
2009 CQ,(2009 CQ),2009-02-02,0
2009 CR,(2009 CR),2009-02-02,0
2009 CS,(2009 CS),2009-02-02,1
2009 CV,(2009 CV),2009-02-02,0
2009 CQ1,(2009 CQ1),2009-01-20,0
2009 CR1,(2009 CR1),2009-02-03,0
2009 CS1,(2009 CS1),2009-02-03,0
2009 CT1,(2009 CT1),2009-02-03,0
2009 CU1,(2009 CU1),2009-02-03,0
2009 CV1,(2009 CV1),2009-02-03,0
2009 CW1,(2009 CW1),2009-02-03,0
2009 CX1,(2009 CX1),2009-02-03,0
2009 CY1,(2009 CY1),2009-02-03,0
2009 CZ1,(2009 CZ1),2009-02-03,0
2009 CC2,(2009 CC2),2009-02-04,0
2009 CD2,(2009 CD2),2009-02-04,0
2009 CX2,(2009 CX2),2009-02-03,0
2009 CZ2,(2009 CZ2),2009-02-04,0
2009 CA3,(2009 CA3),2009-02-04,0
2009 CR4,(2009 CR4),2009-02-13,0
2009 CO5,(2009 CO5),2009-02-02,0
2009 CV5,(2009 CV5),2009-01-26,0
2009 DD,(2009 DD),2009-02-16,0
2009 DV,(2009 DV),2009-02-17,0
2009 DW,(2009 DW),2009-02-14,0
2009 DX,(2009 DX),2009-02-18,0
2009 DA1,(2009 DA1),2009-02-19,0
2009 DB1,(2009 DB1),2009-02-19,0
2009 DC1,(2009 DC1),2009-02-19,0
2009 DE1,(2009 DE1),2009-02-19,0
2009 DF1,(2009 DF1),2009-02-19,0
2009 DL1,(2009 DL1),2009-02-19,0
2009 DO1,(2009 DO1),2009-02-19,0
2009 DR3,(2009 DR3),2009-02-14,1
2009 DN4,(2009 DN4),2009-02-20,0
2009 DO4,(2009 DO4),2009-02-20,0
2009 DP4,(2009 DP4),2009-02-20,0
2009 DQ4,(2009 DQ4),2009-02-20,0
2009 DG9,(2009 DG9),2009-02-21,0
2009 DS10,(2009 DS10),2009-02-14,1
2009 DT10,(2009 DT10),2009-02-21,0
2009 DU10,(2009 DU10),2009-02-22,0
2009 DB12,(2009 DB12),2009-02-22,0
2009 DC12,(2009 DC12),2009-02-22,0
2009 DR36,(2009 DR36),2009-02-24,0
2009 DS36,(2009 DS36),2009-02-25,0
2009 DM40,(2009 DM40),2009-02-26,0
2009 DZ42,(2009 DZ42),2009-02-26,1
2009 DA43,(2009 DA43),2009-02-26,0
2009 DB43,(2009 DB43),2009-02-26,0
2009 DS43,(2009 DS43),2009-02-27,0
2009 DT43,(2009 DT43),2009-02-27,0
2009 DV43,(2009 DV43),2009-02-27,0
2009 DA45,(2009 DA45),2009-02-27,0
2009 DB45,(2009 DB45),2000-07-29,0
2009 DC45,(2009 DC45),2009-02-27,0
2009 DD45,(2009 DD45),2009-02-27,0
2009 DM45,(2009 DM45),2009-02-25,1
2009 DN45,(2009 DN45),2009-02-28,0
2009 DJ46,(2009 DJ46),2009-02-28,0
2009 DO111,(2009 DO111),2009-02-22,0
2009 EA,(2009 EA),2009-03-01,0
2009 ED,(2009 ED),2009-03-01,0
2009 EP,(2009 EP),2009-03-02,0
2009 ER,(2009 ER),2009-03-02,0
2009 ET,(2009 ET),2009-03-02,0
2009 EU,(2009 EU),2009-03-02,0
2009 EW,(2009 EW),2009-03-02,0
2009 EX,(2009 EX),2009-03-02,0
2009 EY,(2009 EY),2009-03-02,0
2009 EZ,(2009 EZ),2009-03-02,0
2009 EA1,(2009 EA1),2009-03-02,0
2009 EC1,(2009 EC1),2009-03-02,0
2009 ED1,(2009 ED1),2009-03-02,0
2009 EE1,(2009 EE1),2009-03-03,0
2009 EF1,(2009 EF1),2009-03-03,0
2009 EH1,(2009 EH1),2009-03-03,0
2009 EJ1,(2009 EJ1),2009-03-03,0
2009 EP2,(2009 EP2),2009-03-05,1
2009 EQ2,(2009 EQ2),2009-03-07,0
2009 EG3,(2009 EG3),2009-03-15,0
2009 EH3,(2009 EH3),2009-03-15,0
2009 EX43,(2009 EX43),2009-03-02,0
2009 FA,(2009 FA),2009-03-16,0
2009 FE,(2009 FE),2009-03-16,1
2009 FG,(2009 FG),2009-03-16,0
2009 FH,(2009 FH),2009-03-17,0
2009 FJ,(2009 FJ),2009-03-17,0
2009 FK,(2009 FK),2009-03-17,0
2009 FL,(2009 FL),2009-03-17,0
2009 FP,(2009 FP),2009-03-17,0
2009 FQ,(2009 FQ),2009-03-17,0
2009 FR,(2009 FR),2009-03-17,0
2009 FS,(2009 FS),2009-03-17,0
2009 FJ1,(2009 FJ1),2009-03-18,0
2009 FS4,(2009 FS4),2009-03-18,0
2009 FT4,(2009 FT4),2009-03-19,0
2009 FW4,(2009 FW4),2009-03-19,0
2009 FX4,(2009 FX4),2009-03-19,0
2009 FY4,(2009 FY4),2009-03-19,1
2009 FZ4,(2009 FZ4),2009-03-19,0
2009 FA5,(2009 FA5),2009-03-17,0
2009 FB5,(2009 FB5),2009-03-19,0
2009 FX10,(2009 FX10),2009-03-21,0
2009 FY10,(2009 FY10),2009-03-21,0
2009 FZ10,(2009 FZ10),2009-03-21,0
2009 FE19,(2009 FE19),2009-03-21,0
2009 FS23,(2009 FS23),2009-03-23,0
2009 FT23,(2009 FT23),2009-03-23,0
2009 FU23,(2009 FU23),2002-12-30,1
2009 FV23,(2009 FV23),2009-03-24,0
2009 FL25,(2009 FL25),2009-03-24,0
2009 FW25,(2009 FW25),2009-03-24,0
2009 FN28,(2009 FN28),2009-03-24,0
2009 FO28,(2009 FO28),2009-03-25,0
2009 FP28,(2009 FP28),2009-03-25,0
2009 FP29,(2009 FP29),2009-03-26,0
2009 FY29,(2009 FY29),2009-03-26,0
2009 FJ30,(2009 FJ30),2009-03-27,0
2009 FU30,(2009 FU30),2009-03-28,0
2009 FN32,(2009 FN32),2009-03-28,0
2009 FO32,(2009 FO32),2009-03-28,0
2009 FP32,(2009 FP32),2009-03-29,0
2009 FQ32,(2009 FQ32),2009-03-29,0
2009 FR32,(2009 FR32),2009-03-27,0
2009 FS32,(2009 FS32),2009-03-25,0
2009 FT32,(2009 FT32),2009-03-22,0
2009 FF44,(2009 FF44),2009-03-29,0
2009 FG44,(2009 FG44),2009-03-30,0
2009 FH44,(2009 FH44),2009-03-31,0
2009 HC,(2009 HC),2009-04-17,0
2009 HD,(2009 HD),2009-04-17,0
2009 HE,(2009 HE),2009-04-17,0
2009 HF,(2009 HF),2009-04-17,0
2009 HG,(2009 HG),2009-04-17,0
2009 HR2,(2009 HR2),2009-04-18,0
2009 HS2,(2009 HS2),2009-04-18,0
2009 HT2,(2009 HT2),2009-04-18,0
2009 HV2,(2009 HV2),2009-04-19,1
2009 HW2,(2009 HW2),2009-03-01,0
2009 HA21,(2009 HA21),2009-04-20,1
2009 HB21,(2009 HB21),2009-04-20,0
2009 HC21,(2009 HC21),2009-04-20,0
2009 HE21,(2009 HE21),2009-04-20,0
2009 HF21,(2009 HF21),2009-04-20,0
2009 HG21,(2009 HG21),2009-04-20,0
2009 HH21,(2009 HH21),2009-04-21,0
2009 HJ21,(2009 HJ21),2009-04-21,0
2009 HL21,(2009 HL21),2009-04-20,0
2009 HJ36,(2009 HJ36),2009-04-21,0
2009 HS44,(2009 HS44),2009-04-22,0
2009 HU44,(2009 HU44),2009-04-22,0
2009 HX51,(2009 HX51),2009-04-23,0
2009 HY51,(2009 HY51),2009-04-23,0
2009 HT58,(2009 HT58),2009-04-24,0
2009 HU58,(2009 HU58),2009-04-25,0
2009 HV58,(2009 HV58),2009-04-25,1
2009 HE60,(2009 HE60),2009-04-24,0
2009 HG60,(2009 HG60),2009-04-27,0
2009 HV67,(2009 HV67),2009-04-27,0
2009 HW67,(2009 HW67),2009-04-27,0
2009 HX67,(2009 HX67),2009-04-27,0
2009 HY67,(2009 HY67),2009-04-27,0
2009 HZ67,(2009 HZ67),2009-04-27,0
2009 HK73,(2009 HK73),2009-04-29,0
2009 HM73,(2009 HM73),2009-04-28,0
2009 HU77,(2009 HU77),2009-04-29,0
2009 HV77,(2009 HV77),2009-04-20,0
2009 HF82,(2009 HF82),2009-04-30,0
2009 HM82,(2009 HM82),2009-04-30,0
2009 JA,(2009 JA),2009-05-01,0
2009 JR,(2009 JR),2009-05-03,1
2009 JS,(2009 JS),2009-05-03,0
2009 JE1,(2009 JE1),2009-05-04,0
2009 JF1,(2009 JF1),2009-05-04,0
2009 JG1,(2009 JG1),2009-05-04,0
2009 JM1,(2009 JM1),2009-05-05,0
2009 JG2,(2009 JG2),2009-04-27,0
2009 JL2,(2009 JL2),2009-05-12,0
2009 JM2,(2009 JM2),2009-05-12,0
2009 JQ2,(2009 JQ2),2009-05-13,0
2009 JR2,(2009 JR2),2009-05-13,0
2009 KL,(2009 KL),2009-05-17,0
2009 KM,(2009 KM),2009-05-17,0
2009 KN,(2009 KN),2009-05-17,0
2009 KY1,(2009 KY1),2008-11-02,0
2009 KV2,(2009 KV2),2009-05-20,0
2009 KW2,(2009 KW2),2009-05-22,0
2009 KD3,(2009 KD3),2009-05-23,1
2009 KO4,(2009 KO4),2009-05-24,0
2009 KQ4,(2009 KQ4),2008-12-30,0
2009 KR4,(2009 KR4),2009-05-26,0
2009 KT4,(2009 KT4),2009-05-26,0
2009 KC7,(2009 KC7),2009-05-27,0
2009 KL8,(2009 KL8),2009-05-30,0
2009 KR21,(2009 KR21),2009-05-31,0
2009 KV21,(2009 KV21),2009-05-30,0
2009 LA,(2009 LA),2009-06-01,0
2009 LD,(2009 LD),2009-06-02,0
2009 LE,(2009 LE),2009-06-02,0
2009 LQ,(2009 LQ),2009-05-26,1
2009 LX,(2009 LX),2009-06-11,0
2009 LQ1,(2009 LQ1),2009-02-28,0
2009 LU2,(2009 LU2),2009-06-14,0
2009 LV2,(2009 LV2),2009-06-15,0
2009 LW2,(2009 LW2),2009-06-15,1
2009 MA,(2009 MA),2009-06-16,0
2009 MD,(2009 MD),2009-06-17,0
2009 MU,(2009 MU),2009-06-19,0
2009 MW,(2009 MW),2009-06-21,0
2009 MX,(2009 MX),2009-06-21,0
2009 MG1,(2009 MG1),2009-06-21,0
2009 ML1,(2009 ML1),2009-06-23,0
2009 MM1,(2009 MM1),2009-06-23,0
2009 MM8,(2009 MM8),2009-06-24,0
2009 MN8,(2009 MN8),2009-06-28,0
2009 MC9,(2009 MC9),2009-06-30,0
2009 ME9,(2009 ME9),2009-06-24,0
2009 NL,(2009 NL),2009-07-13,0
2009 OC,(2009 OC),2006-10-03,0
2009 OF,(2009 OF),2009-07-17,1
2009 OB3,(2009 OB3),2009-07-22,0
2009 OC3,(2009 OC3),2009-07-23,0
2009 OZ4,(2009 OZ4),2009-07-25,0
2009 OS5,(2009 OS5),2009-07-21,0
2009 OX5,(2009 OX5),2009-07-27,0
2009 OW6,(2009 OW6),2009-07-27,0
2009 OY7,(2009 OY7),2009-07-28,0
2009 OZ7,(2009 OZ7),2009-07-28,0
2009 OP9,(2009 OP9),2009-07-29,0
2009 PC,(2009 PC),2009-08-01,0
2009 PD,(2009 PD),2009-08-01,0
2009 PH,(2009 PH),2009-08-10,0
2009 PY,(2009 PY),2009-08-13,0
2009 PQ1,(2009 PQ1),2009-08-14,0
2009 PR1,(2009 PR1),2009-08-14,0
2009 PU1,(2009 PU1),2009-08-15,0
2009 PT2,(2009 PT2),2009-08-15,0
2009 PA3,(2009 PA3),2009-08-15,0
2009 QC,(2009 QC),2009-05-26,0
2009 QO,(2009 QO),2006-12-21,0
2009 QR,(2009 QR),2009-08-17,0
2009 QS,(2009 QS),2009-08-17,0
2009 QT,(2009 QT),2009-08-17,0
2009 QW1,(2009 QW1),2009-08-17,0
2009 QG2,(2009 QG2),2009-08-18,0
2009 QH2,(2009 QH2),2009-08-18,0
2009 QJ2,(2009 QJ2),2009-08-18,0
2009 QL2,(2009 QL2),2009-08-18,0
2009 QM5,(2009 QM5),2009-08-18,0
2009 QN5,(2009 QN5),2009-08-18,0
2009 QH6,(2009 QH6),2009-08-19,0
2009 QJ6,(2009 QJ6),2009-08-19,0
2009 QQ8,(2009 QQ8),2009-08-20,0
2009 QR8,(2009 QR8),2009-08-18,0
2009 QJ9,(2009 QJ9),2009-08-21,1
2009 QK9,(2009 QK9),2009-08-21,0
2009 QC23,(2009 QC23),2009-08-22,0
2009 QL32,(2009 QL32),2009-08-26,0
2009 QE34,(2009 QE34),2009-08-26,0
2009 QF34,(2009 QF34),2009-08-27,0
2009 QG34,(2009 QG34),2009-08-27,0
2009 QH34,(2009 QH34),2009-08-28,0
2009 QZ34,(2009 QZ34),2009-08-28,0
2009 QA35,(2009 QA35),2009-08-28,0
2009 QC35,(2009 QC35),2009-08-29,0
2009 QC36,(2009 QC36),2009-08-30,0
2009 RH,(2009 RH),2009-09-10,0
2009 RM,(2009 RM),1995-08-28,0
2009 RN,(2009 RN),2009-09-11,0
2009 RR,(2009 RR),2009-09-11,0
2009 RD1,(2009 RD1),2009-09-11,0
2009 RT1,(2009 RT1),2009-09-11,0
2009 RU1,(2009 RU1),2009-09-12,0
2009 RV1,(2009 RV1),2009-09-12,1
2009 RG2,(2009 RG2),2009-09-13,0
2009 RH2,(2009 RH2),2009-09-13,0
2009 RY3,(2009 RY3),2009-09-13,0
2009 RA4,(2009 RA4),2009-09-14,0
2009 RD4,(2009 RD4),2009-09-13,0
2009 RX4,(2009 RX4),2009-09-15,0
2009 SA,(2009 SA),2009-09-16,0
2009 SB,(2009 SB),2009-09-16,1
2009 SD,(2009 SD),2009-09-14,0
2009 SF,(2009 SF),2009-09-16,0
2009 SG,(2009 SG),2009-09-16,0
2009 SH,(2009 SH),2009-09-17,0
2009 SJ,(2009 SJ),2009-09-17,0
2009 SK,(2009 SK),2009-09-17,0
2009 SL,(2009 SL),2009-09-17,0
2009 SM,(2009 SM),2009-09-16,0
2009 SN,(2009 SN),2009-09-17,1
2009 SP,(2009 SP),2009-09-17,0
2009 SQ,(2009 SQ),2009-08-20,0
2009 SS,(2009 SS),2009-09-16,0
2009 SU,(2009 SU),2002-09-03,0
2009 SW,(2009 SW),2009-09-17,0
2009 SY,(2009 SY),2002-09-13,0
2009 SC1,(2009 SC1),2009-09-17,0
2009 SD1,(2009 SD1),2009-09-17,0
2009 SH1,(2009 SH1),2009-09-18,0
2009 SJ1,(2009 SJ1),2009-09-18,0
2009 SL1,(2009 SL1),2009-09-16,0
2009 SM1,(2009 SM1),2009-09-18,0
2009 SN1,(2009 SN1),2009-09-18,0
2009 SW1,(2009 SW1),2009-09-18,0
2009 SE2,(2009 SE2),2009-09-18,0
2009 SF2,(2009 SF2),2009-09-18,0
2009 SH2,(2009 SH2),2009-09-18,0
2009 SJ2,(2009 SJ2),2009-09-18,0
2009 SL2,(2009 SL2),2009-09-18,0
2009 SB15,(2009 SB15),2009-09-18,0
2009 SD15,(2009 SD15),2009-09-19,0
2009 SH15,(2009 SH15),2009-09-20,0
2009 SJ15,(2009 SJ15),2009-09-20,0
2009 SK15,(2009 SK15),2009-09-20,0
2009 SV17,(2009 SV17),2009-09-20,0
2009 SW17,(2009 SW17),2009-09-21,1
2009 SX17,(2009 SX17),2009-09-21,0
2009 SG18,(2009 SG18),2009-09-21,1
2009 SJ18,(2009 SJ18),2009-09-21,0
2009 SV19,(2009 SV19),2009-09-22,0
2009 SW19,(2009 SW19),2009-09-23,0
2009 SY63,(2009 SY63),2009-09-17,0
2009 SM98,(2009 SM98),2009-09-24,0
2009 SO98,(2009 SO98),2009-09-24,0
2009 SZ99,(2009 SZ99),2009-09-22,0
2009 SA100,(2009 SA100),2009-09-24,0
2009 SB100,(2009 SB100),2009-09-25,0
2009 SC100,(2009 SC100),2009-09-25,0
2009 SN103,(2009 SN103),2009-09-25,0
2009 SQ103,(2009 SQ103),2009-09-25,0
2009 SR103,(2009 SR103),2009-09-25,0
2009 SS103,(2009 SS103),2009-09-25,0
2009 SK104,(2009 SK104),2009-09-25,0
2009 SL104,(2009 SL104),2009-09-26,0
2009 SM104,(2009 SM104),2009-09-26,0
2009 SN104,(2009 SN104),2009-09-17,0
2009 SO104,(2009 SO104),2009-09-26,0
2009 SP104,(2009 SP104),2009-09-26,0
2009 SR104,(2009 SR104),2009-09-26,0
2009 SS104,(2009 SS104),2009-09-26,0
2009 ST104,(2009 ST104),2009-09-26,0
2009 SU104,(2009 SU104),2009-09-18,0
2009 SB170,(2009 SB170),2009-09-27,0
2009 SC170,(2009 SC170),2009-09-27,0
2009 SQ171,(2009 SQ171),2009-09-28,0
2009 SR171,(2009 SR171),2009-09-28,0
2009 SS171,(2009 SS171),2009-09-28,0
2009 ST171,(2009 ST171),2009-09-28,0
2009 SU171,(2009 SU171),2009-09-28,0
2009 SV171,(2009 SV171),2009-09-28,0
2009 SW171,(2009 SW171),2009-09-28,0
2009 SQ172,(2009 SQ172),2009-09-28,0
2009 SS172,(2009 SS172),2009-09-29,0
2009 TB,(2009 TB),2009-10-02,0
2009 TJ,(2009 TJ),2009-10-07,0
2009 TP,(2009 TP),2009-10-08,0
2009 TQ,(2009 TQ),2009-10-09,0
2009 TS,(2009 TS),2009-10-09,0
2009 TT,(2009 TT),2009-10-10,0
2009 TU,(2009 TU),2009-10-10,0
2009 TA1,(2009 TA1),2002-10-04,0
2009 TJ4,(2009 TJ4),2009-10-14,0
2009 TL4,(2009 TL4),2009-10-14,0
2009 TV4,(2009 TV4),2009-10-14,0
2009 TS7,(2009 TS7),2009-10-14,0
2009 TC8,(2009 TC8),2006-09-16,0
2009 TD8,(2009 TD8),2009-10-14,0
2009 TF8,(2009 TF8),2009-10-14,0
2009 TH8,(2009 TH8),2009-10-14,0
2009 TK8,(2009 TK8),2009-10-15,0
2009 TL8,(2009 TL8),2009-10-15,0
2009 TM8,(2009 TM8),2009-10-15,0
2009 TN8,(2009 TN8),2009-10-15,0
2009 TO8,(2009 TO8),2009-10-15,0
2009 TP8,(2009 TP8),2009-10-15,0
2009 TQ8,(2009 TQ8),2009-10-15,0
2009 TE10,(2009 TE10),2009-10-15,0
2009 TF10,(2009 TF10),2009-10-15,0
2009 TM10,(2009 TM10),2009-09-18,0
2009 TD17,(2009 TD17),2009-10-09,0
2009 UA,(2009 UA),2009-10-16,0
2009 UB,(2009 UB),2009-10-16,0
2009 UC,(2009 UC),2009-10-16,0
2009 UD,(2009 UD),2009-10-16,0
2009 UE,(2009 UE),2009-10-16,0
2009 UF,(2009 UF),2009-10-16,0
2009 UG,(2009 UG),2009-10-16,0
2009 UJ,(2009 UJ),2009-10-16,0
2009 UL,(2009 UL),2009-10-16,0
2009 UM,(2009 UM),2009-10-16,0
2009 UN,(2009 UN),2009-10-16,0
2009 UQ,(2009 UQ),2009-10-17,1
2009 UK1,(2009 UK1),2009-10-16,0
2009 UL1,(2009 UL1),2009-10-17,0
2009 UM1,(2009 UM1),2009-10-17,0
2009 UN1,(2009 UN1),2009-10-17,0
2009 UO1,(2009 UO1),2009-10-17,0
2009 UU1,(2009 UU1),2009-10-18,0
2009 UD2,(2009 UD2),2009-10-18,0
2009 UE2,(2009 UE2),2007-07-18,0
2009 UF2,(2009 UF2),2009-10-18,0
2009 UW2,(2009 UW2),2009-09-20,0
2009 UO3,(2009 UO3),2009-10-20,0
2009 UJ5,(2009 UJ5),2009-10-20,0
2009 UP5,(2009 UP5),2009-10-20,0
2009 UQ5,(2009 UQ5),2009-10-21,0
2009 UR5,(2009 UR5),2009-10-21,0
2009 UJ14,(2009 UJ14),2009-10-21,0
2009 UK14,(2009 UK14),2009-10-22,0
2009 UY17,(2009 UY17),2009-10-15,1
2009 UZ17,(2009 UZ17),2009-10-22,0
2009 UB19,(2009 UB19),2009-10-24,0
2009 UC19,(2009 UC19),2009-10-24,0
2009 UD19,(2009 UD19),2009-10-24,0
2009 UE19,(2009 UE19),2009-10-24,0
2009 US19,(2009 US19),2009-10-24,0
2009 UT19,(2009 UT19),2009-10-24,0
2009 UU19,(2009 UU19),2009-10-24,0
2009 UV19,(2009 UV19),2009-10-24,0
2009 UW19,(2009 UW19),2009-10-24,0
2009 UX19,(2009 UX19),2009-10-24,0
2009 UY19,(2009 UY19),2009-10-25,0
2009 UZ19,(2009 UZ19),2009-10-25,0
2009 UK20,(2009 UK20),2009-10-25,0
2009 UL20,(2009 UL20),2009-10-25,0
2009 UK28,(2009 UK28),2009-10-26,0
2009 UL28,(2009 UL28),2009-10-14,0
2009 UM28,(2009 UM28),2009-10-26,0
2009 US87,(2009 US87),2009-10-23,0
2009 UT87,(2009 UT87),2009-10-26,0
2009 UU87,(2009 UU87),2009-10-26,0
2009 UV87,(2009 UV87),2009-10-27,0
2009 UW87,(2009 UW87),2009-10-27,0
2009 UX87,(2009 UX87),2009-10-27,0
2009 UY87,(2009 UY87),2009-10-27,0
2009 UZ87,(2009 UZ87),2009-10-27,0
2009 VA,(2009 VA),2009-11-06,0
2009 VP,(2009 VP),2009-11-06,0
2009 VQ,(2009 VQ),2009-11-08,0
2009 VR,(2009 VR),2009-11-08,0
2009 VS,(2009 VS),2009-11-08,0
2009 VT,(2009 VT),2009-11-08,0
2009 VW,(2009 VW),2009-11-09,1
2009 VX,(2009 VX),2009-11-09,0
2009 VZ,(2009 VZ),2009-11-08,1
2009 VA1,(2009 VA1),2009-11-06,0
2009 VB1,(2009 VB1),2009-11-09,0
2009 VC1,(2009 VC1),2009-11-09,0
2009 VN1,(2009 VN1),2009-11-09,0
2009 VT1,(2009 VT1),2009-11-10,0
2009 VP9,(2009 VP9),2009-11-08,0
2009 VJ24,(2009 VJ24),2009-11-09,0
2009 VK24,(2009 VK24),2009-11-10,0
2009 VL24,(2009 VL24),2009-11-10,0
2009 VM24,(2009 VM24),2009-11-08,0
2009 VQ25,(2009 VQ25),2009-11-07,0
2009 VR25,(2009 VR25),2009-11-11,0
2009 VS25,(2009 VS25),2009-11-11,0
2009 VY25,(2009 VY25),2009-11-11,0
2009 VZ25,(2009 VZ25),2009-11-11,0
2009 VZ39,(2009 VZ39),2009-11-10,0
2009 VP44,(2009 VP44),2009-11-14,0
2009 VQ44,(2009 VQ44),2009-11-15,1
2009 VR44,(2009 VR44),2009-11-15,0
2009 VS44,(2009 VS44),2009-11-15,0
2009 WA,(2009 WA),2009-11-16,0
2009 WB,(2009 WB),2009-11-16,0
2009 WC,(2009 WC),2009-11-16,0
2009 WD,(2009 WD),2009-11-16,0
2009 WE,(2009 WE),2009-11-16,0
2009 WJ1,(2009 WJ1),2009-09-29,1
2009 WK1,(2009 WK1),2009-11-17,0
2009 WJ6,(2009 WJ6),2009-11-19,0
2009 WK6,(2009 WK6),2009-11-17,0
2009 WL6,(2009 WL6),2009-11-18,0
2009 WM6,(2009 WM6),2009-11-18,0
2009 WN6,(2009 WN6),2009-11-18,0
2009 WP6,(2009 WP6),2009-11-18,0
2009 WQ6,(2009 WQ6),2009-11-18,0
2009 WX6,(2009 WX6),2009-11-19,0
2009 WD7,(2009 WD7),2009-11-19,0
2009 WG7,(2009 WG7),2009-11-19,0
2009 WV7,(2009 WV7),2009-11-11,0
2009 WW7,(2009 WW7),2009-11-19,0
2009 WX7,(2009 WX7),2009-11-19,0
2009 WY7,(2009 WY7),2009-11-19,0
2009 WZ7,(2009 WZ7),2009-11-19,0
2009 WM8,(2009 WM8),2009-11-17,0
2009 WN8,(2009 WN8),2009-11-19,0
2009 WO8,(2009 WO8),2009-11-20,0
2009 WB11,(2009 WB11),2009-11-20,0
2009 WC11,(2009 WC11),2009-11-20,0
2009 WD11,(2009 WD11),2009-11-20,0
2009 WN25,(2009 WN25),2009-11-22,0
2009 WP25,(2009 WP25),2009-11-21,0
2009 WQ25,(2009 WQ25),2009-11-09,0
2009 WR25,(2009 WR25),2009-11-21,0
2009 WS25,(2009 WS25),2009-11-21,0
2009 WT25,(2009 WT25),2009-11-21,0
2009 WU25,(2009 WU25),2009-11-21,0
2009 WV25,(2009 WV25),2009-11-22,0
2009 WW25,(2009 WW25),2009-09-17,0
2009 WV51,(2009 WV51),2009-11-23,0
2009 WY51,(2009 WY51),2009-11-22,0
2009 WZ51,(2009 WZ51),2009-11-22,0
2009 WA52,(2009 WA52),2009-11-22,0
2009 WB52,(2009 WB52),2009-11-22,0
2009 WD52,(2009 WD52),2009-11-22,0
2009 WQ52,(2009 WQ52),2009-11-23,0
2009 WR52,(2009 WR52),2009-11-23,0
2009 WS52,(2009 WS52),2009-11-23,0
2009 WZ53,(2009 WZ53),2009-11-23,0
2009 WA54,(2009 WA54),2009-11-23,0
2009 WB54,(2009 WB54),2009-11-24,0
2009 WC54,(2009 WC54),2009-11-24,0
2009 WD54,(2009 WD54),2009-11-24,0
2009 WF54,(2009 WF54),2009-11-23,0
2009 WG104,(2009 WG104),2009-11-24,0
2009 WH104,(2009 WH104),2009-11-24,0
2009 WW104,(2009 WW104),2009-11-23,0
2009 WX104,(2009 WX104),2009-11-24,0
2009 WY104,(2009 WY104),2009-11-24,0
2009 WA105,(2009 WA105),2009-11-25,0
2009 WB105,(2009 WB105),2009-11-25,0
2009 WM105,(2009 WM105),2009-11-25,0
2009 WN105,(2009 WN105),2009-11-24,0
2009 WC106,(2009 WC106),2009-11-25,0
2009 WE106,(2009 WE106),2009-11-25,0
2009 WG106,(2009 WG106),2009-11-25,0
2009 WH106,(2009 WH106),2009-11-26,0
2009 WJ106,(2009 WJ106),2009-11-26,0
2009 WK106,(2009 WK106),2009-11-26,0
2009 WN106,(2009 WN106),2009-11-26,0
2009 WP106,(2009 WP106),2009-11-27,0
2009 WQ106,(2009 WQ106),2009-11-27,0
2009 WM139,(2009 WM139),2009-07-14,0
2009 WE253,(2009 WE253),2005-10-07,0
2009 XD,(2009 XD),2009-12-06,0
2009 XV,(2009 XV),2009-12-09,1
2009 XQ1,(2009 XQ1),2009-12-10,0
2009 XR1,(2009 XR1),2009-12-11,0
2009 XV1,(2009 XV1),2009-12-11,0
2009 XA2,(2009 XA2),2009-12-11,0
2009 XB2,(2009 XB2),2009-12-11,0
2009 XO2,(2009 XO2),2009-12-12,0
2009 XP2,(2009 XP2),2009-12-13,0
2009 XQ2,(2009 XQ2),2009-12-13,0
2009 XT6,(2009 XT6),2009-12-13,1
2009 XZ6,(2009 XZ6),2009-12-15,0
2009 XP7,(2009 XP7),2009-12-15,0
2009 XH8,(2009 XH8),2009-12-15,0
2009 XK8,(2009 XK8),2009-12-15,0
2009 XL8,(2009 XL8),2009-12-15,0
2009 YA,(2009 YA),2009-12-16,0
2009 YF,(2009 YF),2009-12-17,0
2009 YP,(2009 YP),2009-12-18,0
2009 YQ,(2009 YQ),2009-12-18,0
2009 YR,(2009 YR),2009-12-19,0
2009 YS,(2009 YS),2009-12-19,0
2009 YT6,(2009 YT6),2009-12-19,0
2009 YU6,(2009 YU6),2009-12-20,0
2009 YV6,(2009 YV6),2009-12-20,0
2010 AF,(2010 AF),2010-01-06,0
2010 AJ,(2010 AJ),2010-01-06,0
2010 AL,(2010 AL),2010-01-06,0
2010 AR1,(2010 AR1),2010-01-07,0
2010 AK2,(2010 AK2),2010-01-06,0
2010 AL2,(2010 AL2),2010-01-07,0
2010 AM2,(2010 AM2),2010-01-07,0
2010 AN2,(2010 AN2),2009-12-25,0
2010 AO2,(2010 AO2),2010-01-07,0
2010 AB3,(2010 AB3),2010-01-08,0
2010 AC3,(2010 AC3),2010-01-08,0
2010 AD3,(2010 AD3),2010-01-08,0
2010 AE3,(2010 AE3),2010-01-08,0
2010 AF3,(2010 AF3),2010-01-06,0
2010 AG3,(2010 AG3),2010-01-08,0
2010 AH3,(2010 AH3),2010-01-08,0
2010 AJ3,(2010 AJ3),2010-01-08,0
2010 AE30,(2010 AE30),2009-12-18,0
2010 AF30,(2010 AF30),2010-01-10,1
2010 AG30,(2010 AG30),2010-01-10,0
2010 AJ30,(2010 AJ30),2010-01-10,0
2010 AL30,(2010 AL30),2010-01-10,0
2010 AE40,(2010 AE40),2010-01-12,0
2010 AF40,(2010 AF40),2010-01-12,0
2010 AG40,(2010 AG40),2010-01-12,0
2010 AL60,(2010 AL60),2010-01-14,0
2010 AM60,(2010 AM60),2010-01-15,0
2010 AN60,(2010 AN60),2010-01-15,0
2010 AN61,(2010 AN61),2010-01-15,0
2010 AG79,(2010 AG79),2010-01-13,0
2010 AW108,(2010 AW108),2010-01-12,0
2010 BC,(2010 BC),2010-01-16,0
2010 BQ,(2010 BQ),2010-01-16,0
2010 BG2,(2010 BG2),2010-01-13,0
2010 BH2,(2010 BH2),2010-01-18,0
2010 BU2,(2010 BU2),2010-01-21,0
2010 BC3,(2010 BC3),2010-01-21,0
2010 BT3,(2010 BT3),2010-01-23,0
2010 BZ4,(2010 BZ4),2009-12-17,0
2010 BG5,(2010 BG5),2010-01-25,0
2010 BO127,(2010 BO127),2010-01-29,0
2010 BV132,(2010 BV132),2010-01-07,1
2010 CA,(2010 CA),2010-01-25,0
2010 CL,(2010 CL),2010-02-06,0
2010 CN,(2010 CN),2010-02-06,0
2010 CT,(2010 CT),2010-02-08,0
2010 CJ1,(2010 CJ1),2010-02-04,0
2010 CK1,(2010 CK1),2010-02-09,0
2010 CM1,(2010 CM1),2010-02-09,0
2010 CR5,(2010 CR5),2010-01-29,0
2010 CH18,(2010 CH18),2010-02-09,0
2010 CJ18,(2010 CJ18),2010-02-13,0
2010 CB19,(2010 CB19),2010-02-13,0
2010 CC19,(2010 CC19),2010-02-13,0
2010 CE19,(2010 CE19),2010-02-14,0
2010 CH19,(2010 CH19),2010-02-09,0
2010 CK19,(2010 CK19),2010-02-04,0
2010 CM19,(2010 CM19),2010-02-14,0
2010 CN19,(2010 CN19),2010-02-15,0
2010 CO19,(2010 CO19),2010-02-15,0
2010 CP19,(2010 CP19),2010-02-15,0
2010 CQ19,(2010 CQ19),2010-02-15,0
2010 CR19,(2010 CR19),2010-02-15,0
2010 CS19,(2010 CS19),2010-02-15,0
2010 CN44,(2010 CN44),2010-02-15,1
2010 CO44,(2010 CO44),2010-02-15,0
2010 CP44,(2010 CP44),2010-02-15,0
2010 CA55,(2010 CA55),2010-02-04,0
2010 CB55,(2010 CB55),2010-02-09,0
2010 CC55,(2010 CC55),2010-02-11,0
2010 CD55,(2010 CD55),2010-02-15,0
2010 CE55,(2010 CE55),2010-02-15,0
2010 CF55,(2010 CF55),2010-02-15,0
2010 CP140,(2010 CP140),2010-02-13,0
2010 CN141,(2010 CN141),2010-02-14,0
2010 CJ171,(2010 CJ171),2010-02-13,0
2010 CN178,(2010 CN178),2010-01-23,0
2010 CV180,(2010 CV180),2010-02-12,0
2010 CW180,(2010 CW180),2010-02-15,0
2010 CJ188,(2010 CJ188),2010-02-02,1
2010 DF,(2010 DF),2010-02-16,0
2010 DG,(2010 DG),2010-02-16,0
2010 DJ,(2010 DJ),2010-01-08,0
2010 DK,(2010 DK),2010-02-16,0
2010 DL,(2010 DL),2010-02-16,0
2010 DN,(2010 DN),2010-02-13,0
2010 DO,(2010 DO),2010-02-16,1
2010 DE1,(2010 DE1),2010-02-16,0
2010 DG1,(2010 DG1),2010-02-13,0
2010 DJ1,(2010 DJ1),2010-02-17,0
2010 DN1,(2010 DN1),2010-02-17,0
2010 DT1,(2010 DT1),2010-02-11,0
2010 DU1,(2010 DU1),2010-02-18,0
2010 DX1,(2010 DX1),2010-02-11,0
2010 DY1,(2010 DY1),2010-02-19,0
2010 DZ1,(2010 DZ1),2010-02-19,0
2010 DE2,(2010 DE2),2010-02-20,0
2010 DM21,(2010 DM21),2009-09-17,0
2010 DB34,(2010 DB34),2010-02-21,0
2010 DK34,(2010 DK34),2010-02-20,0
2010 DJ41,(2010 DJ41),2010-02-17,0
2010 DH56,(2010 DH56),2010-02-20,0
2010 DG77,(2010 DG77),2010-02-18,1
2010 DH77,(2010 DH77),2010-02-19,0
2010 DJ77,(2010 DJ77),2010-02-19,0
2010 ES4,(2010 ES4),2010-03-01,0
2010 EX11,(2010 EX11),2010-03-03,0
2010 ER12,(2010 ER12),2010-03-04,0
2010 ES12,(2010 ES12),2010-03-09,0
2010 EF21,(2010 EF21),2010-02-20,0
2010 EG21,(2010 EG21),2010-03-09,0
2010 EB43,(2010 EB43),2010-02-25,0
2010 EC43,(2010 EC43),2010-03-13,0
2010 EE43,(2010 EE43),2010-03-13,0
2010 EF43,(2010 EF43),2010-03-13,0
2010 EG43,(2010 EG43),2010-03-13,0
2010 EJ43,(2010 EJ43),2010-02-08,0
2010 EK43,(2010 EK43),2010-02-27,0
2010 EF44,(2010 EF44),2010-03-05,1
2010 EK44,(2010 EK44),2010-03-13,1
2010 EN44,(2010 EN44),2010-03-07,0
2010 EZ45,(2010 EZ45),2010-03-15,0
2010 EA46,(2010 EA46),2010-02-13,0
2010 EC135,(2010 EC135),2010-03-12,0
2010 EF181,(2010 EF181),1996-09-11,0
2010 FB,(2010 FB),2010-03-16,0
2010 FC,(2010 FC),2010-03-16,0
2010 FD,(2010 FD),2010-03-16,0
2010 FK,(2010 FK),2010-03-17,0
2010 FM,(2010 FM),2010-03-17,0
2010 FN,(2010 FN),2010-03-17,0
2010 FO,(2010 FO),2010-03-17,0
2010 FQ,(2010 FQ),2010-01-16,1
2010 FS,(2010 FS),2010-03-18,0
2010 FT,(2010 FT),2010-03-18,0
2010 FU,(2010 FU),2010-03-18,0
2010 FA6,(2010 FA6),2010-03-18,0
2010 FB6,(2010 FB6),2010-03-18,0
2010 FD6,(2010 FD6),2010-03-18,0
2010 FD7,(2010 FD7),2010-03-19,0
2010 FE7,(2010 FE7),2010-02-14,0
2010 FP9,(2010 FP9),2010-03-20,0
2010 FQ9,(2010 FQ9),2010-02-13,0
2010 FR9,(2010 FR9),2010-03-20,0
2010 FS9,(2010 FS9),2010-03-20,0
2010 FT9,(2010 FT9),2010-03-20,0
2010 FU9,(2010 FU9),2010-03-20,0
2010 FV9,(2010 FV9),2010-03-21,0
2010 FW9,(2010 FW9),2010-03-21,0
2010 FX9,(2010 FX9),2010-03-21,0
2010 FY9,(2010 FY9),2010-03-13,0
2010 FA10,(2010 FA10),2010-03-21,0
2010 FB10,(2010 FB10),2010-03-21,0
2010 FF10,(2010 FF10),2010-03-20,1
2010 FO28,(2010 FO28),2000-05-03,0
2010 FL48,(2010 FL48),2010-03-25,0
2010 FX80,(2010 FX80),2010-03-27,0
2010 FY80,(2010 FY80),2010-03-27,0
2010 FZ80,(2010 FZ80),2010-03-28,0
2010 FA81,(2010 FA81),2010-03-10,0
2010 FB81,(2010 FB81),2010-01-18,0
2010 FC81,(2010 FC81),2010-01-12,1
2010 FG81,(2010 FG81),2010-03-10,0
2010 FJ81,(2010 FJ81),2010-03-27,0
2010 FO92,(2010 FO92),2010-03-20,0
2010 FY103,(2010 FY103),2010-03-17,0
2010 GU5,(2010 GU5),2010-04-04,0
2010 GZ5,(2010 GZ5),2010-04-04,0
2010 GA6,(2010 GA6),2010-04-05,0
2010 GB6,(2010 GB6),2010-04-05,0
2010 GC6,(2010 GC6),2010-03-20,0
2010 GD6,(2010 GD6),2010-04-05,0
2010 GT6,(2010 GT6),2010-04-05,0
2010 GU6,(2010 GU6),2010-04-05,0
2010 GA7,(2010 GA7),2010-03-13,0
2010 GF7,(2010 GF7),2010-04-05,0
2010 GG7,(2010 GG7),2010-04-06,0
2010 GH7,(2010 GH7),2010-04-01,0
2010 GS7,(2010 GS7),2010-04-07,1
2010 GT7,(2010 GT7),2010-03-19,0
2010 GT21,(2010 GT21),2010-04-04,0
2010 GU21,(2010 GU21),2010-02-20,1
2010 GK23,(2010 GK23),2010-04-04,0
2010 GL23,(2010 GL23),2010-04-08,0
2010 GM23,(2010 GM23),2010-03-28,0
2010 GV23,(2010 GV23),2010-04-09,0
2010 GW23,(2010 GW23),2010-04-09,0
2010 GX23,(2010 GX23),2010-03-27,0
2010 GY23,(2010 GY23),2010-03-13,0
2010 GD25,(2010 GD25),2010-04-09,0
2010 GF25,(2010 GF25),2010-04-02,0
2010 GE30,(2010 GE30),2010-04-10,0
2010 GF30,(2010 GF30),2010-04-10,0
2010 GH30,(2010 GH30),2010-04-10,0
2010 GJ30,(2010 GJ30),2010-04-10,0
2010 GP33,(2010 GP33),2010-04-11,0
2010 GQ33,(2010 GQ33),2010-04-11,0
2010 GR33,(2010 GR33),2010-04-11,0
2010 GZ33,(2010 GZ33),2010-04-11,0
2010 GA34,(2010 GA34),2010-04-12,0
2010 GC35,(2010 GC35),2010-04-12,0
2010 GD35,(2010 GD35),2010-04-12,0
2010 GE35,(2010 GE35),2010-04-11,0
2010 GJ65,(2010 GJ65),2010-04-14,0
2010 GK65,(2010 GK65),2010-04-14,0
2010 GL65,(2010 GL65),2010-04-14,0
2010 GM65,(2010 GM65),2010-04-14,0
2010 GN67,(2010 GN67),2010-04-15,0
2010 GO67,(2010 GO67),2010-04-15,0
2010 GP67,(2010 GP67),2010-04-11,0
2010 GQ75,(2010 GQ75),2010-04-12,0
2010 GV147,(2010 GV147),2010-04-14,0
2010 HA,(2010 HA),2010-04-16,0
2010 HC,(2010 HC),2010-04-03,0
2010 HF,(2010 HF),2010-04-18,0
2010 HG20,(2010 HG20),2010-04-20,0
2010 HP20,(2010 HP20),2010-04-20,0
2010 HS20,(2010 HS20),2010-04-12,0
2010 HV20,(2010 HV20),2010-04-25,0
2010 HW20,(2010 HW20),2010-04-25,0
2010 HK22,(2010 HK22),2010-04-19,0
2010 HY22,(2010 HY22),2010-04-21,1
2010 HD33,(2010 HD33),2010-04-20,0
2010 HW81,(2010 HW81),2010-04-25,0
2010 HY103,(2010 HY103),2010-04-05,0
2010 HZ104,(2010 HZ104),2010-04-23,0
2010 HX107,(2010 HX107),2010-04-19,0
2010 JA,(2010 JA),2010-05-04,0
2010 JE,(2010 JE),2010-05-03,0
2010 JG,(2010 JG),2010-05-04,1
2010 JJ1,(2010 JJ1),2010-05-05,0
2010 JK1,(2010 JK1),2010-04-10,0
2010 JL1,(2010 JL1),2010-05-05,0
2010 JM1,(2010 JM1),2010-05-05,0
2010 JH3,(2010 JH3),2010-05-06,0
2010 JJ3,(2010 JJ3),2010-05-06,0
2010 JP15,(2010 JP15),2010-01-19,0
2010 JK33,(2010 JK33),2010-05-06,1
2010 JM33,(2010 JM33),2010-05-07,0
2010 JN33,(2010 JN33),2010-05-03,0
2010 JO33,(2010 JO33),2010-05-08,0
2010 JR34,(2010 JR34),2010-05-07,0
2010 JS34,(2010 JS34),2010-05-07,0
2010 JU34,(2010 JU34),2010-05-08,0
2010 JV34,(2010 JV34),2010-05-08,1
2010 JW34,(2010 JW34),2010-05-08,0
2010 JA35,(2010 JA35),2010-05-08,0
2010 JT39,(2010 JT39),2010-05-07,0
2010 JV39,(2010 JV39),2010-05-10,0
2010 JW39,(2010 JW39),2010-05-10,0
2010 JJ41,(2010 JJ41),2010-04-20,1
2010 JK41,(2010 JK41),2010-05-10,0
2010 JL41,(2010 JL41),2010-05-10,0
2010 JM41,(2010 JM41),2010-05-10,0
2010 JN71,(2010 JN71),2010-05-11,1
2010 JO71,(2010 JO71),2010-05-10,0
2010 JL77,(2010 JL77),2010-05-12,0
2010 JG80,(2010 JG80),2010-05-03,0
2010 JH80,(2010 JH80),2010-05-10,0
2010 JF87,(2010 JF87),2010-01-11,0
2010 JG87,(2010 JG87),2010-05-11,0
2010 JH87,(2010 JH87),2010-05-08,0
2010 JE88,(2010 JE88),2010-05-14,1
2010 JH88,(2010 JH88),2010-04-29,0
2010 JL88,(2010 JL88),2010-05-15,0
2010 JH110,(2010 JH110),2010-05-13,0
2010 JV153,(2010 JV153),2010-05-06,0
2010 KC,(2010 KC),2010-05-16,0
2010 KD,(2010 KD),2010-05-16,0
2010 KE,(2010 KE),2010-05-16,0
2010 KH,(2010 KH),2010-05-16,0
2010 KU7,(2010 KU7),2010-05-17,0
2010 KV7,(2010 KV7),2010-05-17,0
2010 KA8,(2010 KA8),2010-05-19,0
2010 KB8,(2010 KB8),2010-05-19,0
2010 KO10,(2010 KO10),2010-05-20,0
2010 KP10,(2010 KP10),2010-04-16,0
2010 KQ10,(2010 KQ10),2010-05-20,1
2010 KR10,(2010 KR10),2010-05-20,1
2010 KU10,(2010 KU10),2010-05-21,0
2010 KJ37,(2010 KJ37),2010-05-23,0
2010 KK37,(2010 KK37),2010-05-23,0
2010 KV39,(2010 KV39),2010-05-24,0
2010 KY39,(2010 KY39),2003-04-04,0
2010 KB61,(2010 KB61),2010-05-26,1
2010 KL66,(2010 KL66),2006-01-31,0
2010 KK127,(2010 KK127),2010-05-21,0
2010 KD149,(2010 KD149),2010-05-25,1
2010 LF,(2010 LF),2010-06-02,0
2010 LF14,(2010 LF14),2010-06-05,0
2010 LH14,(2010 LH14),2010-04-18,0
2010 LQ33,(2010 LQ33),2010-05-21,0
2010 LK34,(2010 LK34),2010-05-26,1
2010 LM34,(2010 LM34),2010-06-10,0
2010 LJ61,(2010 LJ61),2010-06-08,0
2010 LK61,(2010 LK61),2010-05-28,0
2010 LZ63,(2010 LZ63),2010-06-12,1
2010 LA64,(2010 LA64),2010-06-13,0
2010 LB64,(2010 LB64),2010-06-13,0
2010 LC64,(2010 LC64),2010-06-14,0
2010 LD64,(2010 LD64),2010-06-14,0
2010 LG64,(2010 LG64),2010-04-17,0
2010 LE68,(2010 LE68),2010-06-15,0
2010 LJ68,(2010 LJ68),2010-06-11,0
2010 LK68,(2010 LK68),2010-06-12,0
2010 LL68,(2010 LL68),2010-06-12,0
2010 LM68,(2010 LM68),2010-06-15,0
2010 LO97,(2010 LO97),2010-06-13,0
2010 LU108,(2010 LU108),2010-06-15,0
2010 LV108,(2010 LV108),2010-03-13,0
2010 LU134,(2010 LU134),2010-06-13,0
2010 LE152,(2010 LE152),2010-06-11,0
2010 MA,(2010 MA),2010-06-14,0
2010 MB,(2010 MB),2010-06-16,0
2010 MC,(2010 MC),2010-06-16,0
2010 MQ,(2010 MQ),2010-06-05,0
2010 MV,(2010 MV),2010-06-18,0
2010 MG1,(2010 MG1),2010-06-19,0
2010 MH1,(2010 MH1),2010-05-23,0
2010 MJ1,(2010 MJ1),2010-06-19,0
2010 MP1,(2010 MP1),2010-06-13,0
2010 MS1,(2010 MS1),2010-06-21,0
2010 MW1,(2010 MW1),2010-06-22,0
2010 MY1,(2010 MY1),2010-06-23,0
2010 MZ1,(2010 MZ1),2010-06-22,0
2010 MU111,(2010 MU111),2010-03-03,0
2010 MU112,(2010 MU112),2010-06-29,1
2010 MY112,(2010 MY112),2010-06-23,0
2010 MA113,(2010 MA113),2010-03-07,0
2010 MD127,(2010 MD127),2010-06-20,0
2010 NA,(2010 NA),2010-07-01,0
2010 NB,(2010 NB),2010-07-01,0
2010 NG,(2010 NG),2010-07-04,0
2010 NH,(2010 NH),2010-07-04,0
2010 NK,(2010 NK),2010-07-03,0
2010 NL,(2010 NL),2010-07-05,0
2010 NM,(2010 NM),2010-07-05,0
2010 NN,(2010 NN),2010-07-05,0
2010 NG1,(2010 NG1),2010-06-30,0
2010 NK1,(2010 NK1),2010-07-05,0
2010 NR1,(2010 NR1),2010-07-08,0
2010 NU1,(2010 NU1),2010-07-06,0
2010 NB2,(2010 NB2),2010-07-10,0
2010 NT81,(2010 NT81),2010-07-12,0
2010 OA,(2010 OA),2010-07-17,0
2010 OB,(2010 OB),2010-07-18,0
2010 OC,(2010 OC),2005-11-03,0
2010 OA1,(2010 OA1),2010-06-29,0
2010 OP1,(2010 OP1),2010-07-21,0
2010 OQ1,(2010 OQ1),2010-07-21,0
2010 OE22,(2010 OE22),2010-07-17,0
2010 OL100,(2010 OL100),2010-07-28,0
2010 OC101,(2010 OC101),2010-07-22,0
2010 OD101,(2010 OD101),2010-07-22,0
2010 OF101,(2010 OF101),2010-07-23,0
2010 OL101,(2010 OL101),2010-07-27,0
2010 ON101,(2010 ON101),2010-05-01,1
2010 OH126,(2010 OH126),2010-07-31,0
2010 OK126,(2010 OK126),2010-07-30,0
2010 OC127,(2010 OC127),2010-07-31,0
2010 PJ,(2010 PJ),2010-08-02,0
2010 PO2,(2010 PO2),2010-08-02,0
2010 PP2,(2010 PP2),2010-08-03,0
2010 PQ2,(2010 PQ2),2010-08-03,0
2010 PH9,(2010 PH9),2010-08-04,0
2010 PJ9,(2010 PJ9),2010-08-04,0
2010 PK9,(2010 PK9),2010-07-18,1
2010 PL9,(2010 PL9),2010-08-05,0
2010 PM9,(2010 PM9),2010-08-05,0
2010 PM10,(2010 PM10),2010-08-06,0
2010 PQ10,(2010 PQ10),2010-08-06,0
2010 PY22,(2010 PY22),2010-08-08,0
2010 PD57,(2010 PD57),2010-08-06,0
2010 PS65,(2010 PS65),2010-08-13,0
2010 PS66,(2010 PS66),2010-08-15,0
2010 PU66,(2010 PU66),2010-08-02,0
2010 PC73,(2010 PC73),2010-08-05,0
2010 PY75,(2010 PY75),2010-08-15,0
2010 QN1,(2010 QN1),2010-08-20,0
2010 QE2,(2010 QE2),2010-08-23,0
2010 QG2,(2010 QG2),2010-08-18,0
2010 QA5,(2010 QA5),2010-08-27,0
2010 RA,(2010 RA),2010-08-19,0
2010 RB,(2010 RB),2010-09-01,0
2010 RC,(2010 RC),2010-09-01,0
2010 RD,(2010 RD),2010-09-01,0
2010 RE,(2010 RE),2010-09-01,0
2010 RF,(2010 RF),2010-09-01,0
2010 RS3,(2010 RS3),2010-07-12,0
2010 RT3,(2010 RT3),2010-09-02,0
2010 RU3,(2010 RU3),2010-09-02,0
2010 RV3,(2010 RV3),2010-09-02,0
2010 RW3,(2010 RW3),2010-09-02,0
2010 RX3,(2010 RX3),2010-09-02,0
2010 RY3,(2010 RY3),2010-09-02,0
2010 RJ4,(2010 RJ4),2010-09-03,0
2010 RV11,(2010 RV11),2010-09-03,0
2010 RW11,(2010 RW11),2010-09-03,0
2010 RY11,(2010 RY11),2010-08-29,0
2010 RZ11,(2010 RZ11),2010-09-03,0
2010 RA12,(2010 RA12),2010-09-03,0
2010 RB12,(2010 RB12),2010-09-01,0
2010 RC12,(2010 RC12),2010-08-30,0
2010 RE12,(2010 RE12),2010-08-18,0
2010 RF12,(2010 RF12),2010-09-01,0
2010 RE16,(2010 RE16),2010-09-02,0
2010 RS30,(2010 RS30),2010-09-04,0
2010 RT30,(2010 RT30),2010-09-04,0
2010 RU30,(2010 RU30),2010-09-04,0
2010 RV30,(2010 RV30),2010-09-04,0
2010 RW30,(2010 RW30),2010-09-02,0
2010 RX30,(2010 RX30),2010-09-05,0
2010 RC31,(2010 RC31),2010-09-04,0
2010 RD31,(2010 RD31),2010-09-05,0
2010 RE31,(2010 RE31),2010-09-05,0
2010 RF31,(2010 RF31),2010-09-05,0
2010 RG31,(2010 RG31),2010-09-04,0
2010 RH31,(2010 RH31),2010-09-05,0
2010 RF42,(2010 RF42),2010-09-05,0
2010 RG42,(2010 RG42),2010-05-30,0
2010 RH42,(2010 RH42),2010-09-05,0
2010 RL42,(2010 RL42),2010-09-05,0
2010 RM42,(2010 RM42),2010-02-14,0
2010 RH43,(2010 RH43),2010-09-04,0
2010 RJ43,(2010 RJ43),2010-09-06,0
2010 RK43,(2010 RK43),2010-08-17,0
2010 RL43,(2010 RL43),2010-09-06,0
2010 RX45,(2010 RX45),2010-09-08,0
2010 RJ53,(2010 RJ53),2010-09-10,0
2010 RK53,(2010 RK53),2010-09-10,0
2010 RJ64,(2010 RJ64),2010-09-10,0
2010 RK64,(2010 RK64),2010-09-10,0
2010 RP64,(2010 RP64),2010-09-10,0
2010 RQ64,(2010 RQ64),2010-09-11,0
2010 RM80,(2010 RM80),2010-09-11,0
2010 RN80,(2010 RN80),2010-09-10,0
2010 RO80,(2010 RO80),2010-09-11,0
2010 RP80,(2010 RP80),2010-09-10,0
2010 RQ80,(2010 RQ80),2010-09-10,0
2010 RR80,(2010 RR80),2010-09-11,0
2010 RS80,(2010 RS80),2010-09-11,0
2010 RT80,(2010 RT80),2010-09-11,0
2010 RM82,(2010 RM82),2010-09-12,0
2010 RN82,(2010 RN82),2010-09-11,0
2010 RA91,(2010 RA91),2010-09-01,0
2010 RM122,(2010 RM122),2010-09-14,0
2010 RB130,(2010 RB130),2010-09-15,0
2010 RC130,(2010 RC130),2010-08-08,0
2010 RD130,(2010 RD130),2010-09-15,0
2010 RK135,(2010 RK135),2010-09-15,0
2010 RG137,(2010 RG137),2010-09-03,0
2010 RA147,(2010 RA147),2010-09-10,1
2010 RH178,(2010 RH178),2010-09-14,0
2010 RR179,(2010 RR179),2010-09-02,0
2010 RS180,(2010 RS180),2010-09-03,0
2010 RF181,(2010 RF181),2010-09-11,1
2010 SB,(2010 SB),2010-07-20,0
2010 SC,(2010 SC),2010-09-16,0
2010 SD,(2010 SD),2010-09-03,0
2010 SE,(2010 SE),2010-09-13,0
2010 SF,(2010 SF),2010-09-16,0
2010 SH,(2010 SH),2010-09-16,0
2010 SJ,(2010 SJ),2010-09-16,0
2010 SP3,(2010 SP3),2010-09-17,0
2010 SR3,(2010 SR3),2010-09-16,0
2010 ST3,(2010 ST3),2010-09-15,0
2010 SW3,(2010 SW3),2010-09-16,0
2010 SX3,(2010 SX3),2010-09-13,0
2010 SY3,(2010 SY3),2010-09-16,0
2010 SZ3,(2010 SZ3),2010-09-18,0
2010 SX11,(2010 SX11),2010-09-18,0
2010 SA12,(2010 SA12),2010-09-18,0
2010 SD12,(2010 SD12),2010-09-18,0
2010 SE12,(2010 SE12),2010-09-19,0
2010 SD13,(2010 SD13),2010-09-27,0
2010 SJ13,(2010 SJ13),2010-09-09,0
2010 SK13,(2010 SK13),2010-09-28,0
2010 SF15,(2010 SF15),2010-09-29,0
2010 SJ15,(2010 SJ15),2010-09-29,0
2010 SK15,(2010 SK15),2010-09-29,0
2010 SL15,(2010 SL15),2010-09-29,0
2010 SU15,(2010 SU15),2010-09-30,0
2010 SV15,(2010 SV15),2010-09-30,0
2010 SR16,(2010 SR16),2010-09-30,0
2010 SS16,(2010 SS16),2010-09-30,0
2010 ST16,(2010 ST16),2010-07-25,0
2010 SA17,(2010 SA17),2010-09-30,0
2010 SC17,(2010 SC17),2010-09-16,0
2010 TD,(2010 TD),2010-10-01,0
2010 TE,(2010 TE),2010-10-01,0
2010 TF,(2010 TF),2010-10-01,0
2010 TK,(2010 TK),2010-10-02,0
2010 TN3,(2010 TN3),2010-10-02,0
2010 TM4,(2010 TM4),2010-10-02,0
2010 TN4,(2010 TN4),2010-10-02,0
2010 TU5,(2010 TU5),2010-10-03,0
2010 TK6,(2010 TK6),2010-10-04,0
2010 TG19,(2010 TG19),2010-10-07,0
2010 TJ19,(2010 TJ19),2010-09-24,0
2010 TK19,(2010 TK19),2010-10-07,0
2010 TP19,(2010 TP19),2010-10-07,0
2010 TQ19,(2010 TQ19),2010-10-08,0
2010 TS19,(2010 TS19),2010-10-06,0
2010 TC47,(2010 TC47),2010-09-05,0
2010 TZ53,(2010 TZ53),2010-10-08,0
2010 TB54,(2010 TB54),2010-10-09,0
2010 TC54,(2010 TC54),2010-10-09,0
2010 TD54,(2010 TD54),2010-10-09,0
2010 TF54,(2010 TF54),2010-10-09,0
2010 TG54,(2010 TG54),2010-10-09,0
2010 TH54,(2010 TH54),2010-10-09,0
2010 TJ54,(2010 TJ54),2002-09-03,0
2010 TM54,(2010 TM54),2010-10-06,0
2010 TP54,(2010 TP54),2000-02-06,1
2010 TQ54,(2010 TQ54),2010-10-10,0
2010 TR54,(2010 TR54),2010-10-10,0
2010 TS54,(2010 TS54),2010-10-06,0
2010 TU54,(2010 TU54),2008-10-26,0
2010 TV54,(2010 TV54),2010-10-11,0
2010 TW54,(2010 TW54),2010-10-11,0
2010 TX54,(2010 TX54),2010-09-20,0
2010 TY54,(2010 TY54),2010-10-11,0
2010 TA55,(2010 TA55),2010-10-11,0
2010 TC55,(2010 TC55),2010-09-09,0
2010 TD55,(2010 TD55),2010-10-12,0
2010 TE55,(2010 TE55),2010-10-12,0
2010 TF55,(2010 TF55),2010-10-12,0
2010 TK55,(2010 TK55),2010-10-08,0
2010 TM55,(2010 TM55),2010-10-06,0
2010 TN55,(2010 TN55),2010-10-13,0
2010 TO55,(2010 TO55),2010-10-13,0
2010 TP55,(2010 TP55),2010-10-11,1
2010 TS55,(2010 TS55),2010-10-13,0
2010 TS149,(2010 TS149),2001-11-12,1
2010 TU149,(2010 TU149),2010-10-10,1
2010 TW149,(2010 TW149),2010-10-14,0
2010 TJ167,(2010 TJ167),2010-07-20,0
2010 TK167,(2010 TK167),2010-10-14,0
2010 TL167,(2010 TL167),2010-10-14,0
2010 TN167,(2010 TN167),2010-10-14,0
2010 TX168,(2010 TX168),2010-10-11,1
2010 TA178,(2010 TA178),2010-10-03,0
2010 TJ181,(2010 TJ181),2010-08-25,0
2010 TE193,(2010 TE193),2010-10-04,0
2010 UB,(2010 UB),2010-10-08,0
2010 UC,(2010 UC),2010-10-17,0
2010 UE,(2010 UE),2010-10-17,0
2010 UG,(2010 UG),2010-10-17,0
2010 UH,(2010 UH),2010-10-17,0
2010 UJ,(2010 UJ),2010-10-17,0
2010 UK,(2010 UK),2010-10-17,0
2010 UM,(2010 UM),2010-10-17,0
2010 UO,(2010 UO),2010-10-19,0
2010 UP,(2010 UP),2010-10-19,0
2010 UX6,(2010 UX6),2010-10-27,0
2010 UY6,(2010 UY6),2010-08-28,1
2010 UZ6,(2010 UZ6),2010-10-28,0
2010 UA7,(2010 UA7),2010-10-28,0
2010 UB7,(2010 UB7),2010-10-28,0
2010 UC7,(2010 UC7),2010-10-13,0
2010 UF7,(2010 UF7),2010-10-07,0
2010 UG7,(2010 UG7),2010-09-27,1
2010 UH7,(2010 UH7),2010-08-31,0
2010 UJ7,(2010 UJ7),2010-10-29,0
2010 UL7,(2010 UL7),2010-10-28,0
2010 UM7,(2010 UM7),2010-10-29,0
2010 UO7,(2010 UO7),2010-10-29,0
2010 UP7,(2010 UP7),2010-10-29,0
2010 UQ7,(2010 UQ7),2010-10-12,1
2010 UR7,(2010 UR7),2010-10-30,0
2010 US7,(2010 US7),2010-10-29,1
2010 UV7,(2010 UV7),2010-10-30,0
2010 UW7,(2010 UW7),2010-10-30,0
2010 UX7,(2010 UX7),2010-10-30,0
2010 UY7,(2010 UY7),2010-10-30,0
2010 UZ7,(2010 UZ7),2010-10-29,0
2010 UB8,(2010 UB8),2010-05-26,0
2010 UD8,(2010 UD8),2010-10-31,0
2010 UE8,(2010 UE8),2010-10-11,0
2010 UK8,(2010 UK8),2010-10-31,1
2010 UL8,(2010 UL8),2010-10-31,0
2010 UE51,(2010 UE51),2010-10-29,0
2010 UX95,(2010 UX95),2010-05-17,0
2010 VB,(2010 VB),2010-10-28,0
2010 VF,(2010 VF),2010-11-01,0
2010 VG,(2010 VG),2010-11-01,0
2010 VH,(2010 VH),2010-11-01,0
2010 VJ,(2010 VJ),2010-10-15,0
2010 VK,(2010 VK),2010-11-01,0
2010 VL,(2010 VL),2010-11-01,0
2010 VM,(2010 VM),2010-10-30,0
2010 VO,(2010 VO),2010-11-01,0
2010 VP,(2010 VP),2010-11-01,0
2010 VQ,(2010 VQ),2010-11-01,0
2010 VR,(2010 VR),2010-11-02,0
2010 VU,(2010 VU),2010-11-01,0
2010 VX,(2010 VX),2010-11-02,0
2010 VY,(2010 VY),2010-11-02,0
2010 VZ,(2010 VZ),2010-11-02,1
2010 VB1,(2010 VB1),2010-11-02,0
2010 VD1,(2010 VD1),2010-11-02,0
2010 VH1,(2010 VH1),2010-10-31,0
2010 VJ1,(2010 VJ1),2010-11-03,0
2010 VL1,(2010 VL1),2010-11-03,0
2010 VN1,(2010 VN1),2010-11-04,0
2010 VO1,(2010 VO1),2010-11-04,0
2010 VT11,(2010 VT11),2010-11-02,1
2010 VU11,(2010 VU11),2010-10-31,0
2010 VZ11,(2010 VZ11),2010-11-04,0
2010 VA12,(2010 VA12),2010-10-16,0
2010 VO21,(2010 VO21),2010-11-01,0
2010 VP21,(2010 VP21),2010-11-05,0
2010 VQ21,(2010 VQ21),2010-09-18,0
2010 VR21,(2010 VR21),2010-11-06,0
2010 VS21,(2010 VS21),2010-11-06,0
2010 VT21,(2010 VT21),2010-11-06,0
2010 VU21,(2010 VU21),2010-11-03,0
2010 VV21,(2010 VV21),2010-11-06,0
2010 VA40,(2010 VA40),2010-10-30,0
2010 VB40,(2010 VB40),2010-11-06,0
2010 VC40,(2010 VC40),2010-11-07,0
2010 VL65,(2010 VL65),2010-11-04,0
2010 VM65,(2010 VM65),2010-11-08,0
2010 VN65,(2010 VN65),2010-10-10,0
2010 VS71,(2010 VS71),2010-11-08,0
2010 VY71,(2010 VY71),2010-11-08,0
2010 VZ71,(2010 VZ71),2010-06-28,0
2010 VA72,(2010 VA72),2010-11-08,0
2010 VC72,(2010 VC72),2010-11-08,0
2010 VW75,(2010 VW75),2010-11-08,0
2010 VZ75,(2010 VZ75),2010-11-08,0
2010 VA76,(2010 VA76),2010-11-08,0
2010 VN98,(2010 VN98),2010-11-08,0
2010 VO98,(2010 VO98),2010-11-08,0
2010 VP98,(2010 VP98),2010-11-08,0
2010 VQ98,(2010 VQ98),2010-11-10,0
2010 VU98,(2010 VU98),2010-11-10,0
2010 VV98,(2010 VV98),2010-11-10,0
2010 VW98,(2010 VW98),2010-11-10,0
2010 VA99,(2010 VA99),2010-11-11,0
2010 VB99,(2010 VB99),2010-11-11,0
2010 VD99,(2010 VD99),2010-11-12,0
2010 VD139,(2010 VD139),2010-11-12,0
2010 VE139,(2010 VE139),2010-10-15,0
2010 VF139,(2010 VF139),2010-11-13,0
2010 VJ139,(2010 VJ139),2010-11-13,0
2010 VK139,(2010 VK139),2010-11-14,0
2010 VL139,(2010 VL139),2010-11-13,0
2010 VM139,(2010 VM139),2010-11-14,0
2010 VN139,(2010 VN139),2010-11-14,0
2010 VO139,(2010 VO139),2010-11-14,0
2010 VP139,(2010 VP139),2010-11-14,0
2010 VQ139,(2010 VQ139),2010-11-14,0
2010 VR139,(2010 VR139),2010-11-14,0
2010 VW139,(2010 VW139),2010-11-14,0
2010 VX139,(2010 VX139),2007-11-20,0
2010 VY139,(2010 VY139),2010-11-14,0
2010 VZ139,(2010 VZ139),2010-10-29,0
2010 VA140,(2010 VA140),2010-11-02,0
2010 VB140,(2010 VB140),2010-11-15,0
2010 VC140,(2010 VC140),2010-11-15,0
2010 VW194,(2010 VW194),2010-11-15,0
2010 VU198,(2010 VU198),2010-11-15,0
2010 VZ201,(2010 VZ201),2010-11-13,0
2010 WA,(2010 WA),2010-11-16,0
2010 WB,(2010 WB),2010-11-16,0
2010 WC,(2010 WC),2010-11-16,0
2010 WH,(2010 WH),2010-11-17,0
2010 WS,(2010 WS),2010-11-25,0
2010 WT,(2010 WT),2010-11-25,0
2010 WC1,(2010 WC1),2010-11-26,0
2010 WD1,(2010 WD1),2010-11-27,0
2010 WE1,(2010 WE1),2010-11-27,0
2010 WF1,(2010 WF1),2010-11-27,0
2010 WG1,(2010 WG1),2010-11-25,0
2010 WH1,(2010 WH1),2010-11-27,0
2010 WJ1,(2010 WJ1),2010-11-27,0
2010 WB3,(2010 WB3),2008-10-10,0
2010 WC3,(2010 WC3),2010-11-24,0
2010 WF3,(2010 WF3),2001-10-20,0
2010 WG3,(2010 WG3),2010-11-27,0
2010 WH3,(2010 WH3),2010-06-19,0
2010 WJ3,(2010 WJ3),2010-11-27,0
2010 WR7,(2010 WR7),2010-11-27,0
2010 WU8,(2010 WU8),2010-11-28,0
2010 WV8,(2010 WV8),2010-11-16,1
2010 WW8,(2010 WW8),2010-11-30,0
2010 WA9,(2010 WA9),2010-11-30,0
2010 WB9,(2010 WB9),2010-11-30,0
2010 WC9,(2010 WC9),2010-11-30,0
2010 WD9,(2010 WD9),2010-11-30,0
2010 WE9,(2010 WE9),2002-07-08,0
2010 XA,(2010 XA),2010-12-01,0
2010 XB,(2010 XB),2010-12-01,0
2010 XC,(2010 XC),2010-12-01,0
2010 XD,(2010 XD),2010-12-01,0
2010 XE,(2010 XE),2010-12-01,0
2010 XF,(2010 XF),2010-12-01,0
2010 XG,(2010 XG),2010-11-30,0
2010 XH,(2010 XH),2010-12-01,0
2010 XJ,(2010 XJ),2010-12-01,0
2010 XK,(2010 XK),2010-12-01,0
2010 XL,(2010 XL),2010-12-01,0
2010 XM,(2010 XM),2010-12-01,0
2010 XN,(2010 XN),2010-12-01,0
2010 XO,(2010 XO),2010-12-02,0
2010 XP,(2010 XP),2010-12-02,0
2010 XQ,(2010 XQ),2010-12-02,0
2010 XR,(2010 XR),2010-12-02,0
2010 XU,(2010 XU),2010-11-30,0
2010 XV,(2010 XV),2010-12-02,0
2010 XW,(2010 XW),2010-12-02,0
2010 XX,(2010 XX),2010-12-02,0
2010 XY,(2010 XY),2010-12-02,0
2010 XZ,(2010 XZ),2010-12-02,0
2010 XA1,(2010 XA1),2010-12-02,0
2010 XF3,(2010 XF3),2010-12-02,0
2010 XG3,(2010 XG3),2010-11-07,0
2010 XH3,(2010 XH3),2010-12-02,0
2010 XJ3,(2010 XJ3),2010-12-03,0
2010 XO10,(2010 XO10),2010-11-16,0
2010 XR10,(2010 XR10),2010-12-02,0
2010 XS10,(2010 XS10),2010-12-03,0
2010 XT10,(2010 XT10),2010-12-04,0
2010 XU10,(2010 XU10),2010-12-03,0
2010 XA11,(2010 XA11),2010-12-04,0
2010 XB11,(2010 XB11),2010-12-02,0
2010 XE11,(2010 XE11),2010-12-04,0
2010 XF11,(2010 XF11),2010-12-05,0
2010 XG11,(2010 XG11),1995-07-01,0
2010 XH11,(2010 XH11),2010-11-16,0
2010 XJ11,(2010 XJ11),2010-12-05,0
2010 XA24,(2010 XA24),2010-12-07,0
2010 XB24,(2010 XB24),2010-12-07,1
2010 XA25,(2010 XA25),2010-12-08,0
2010 XB25,(2010 XB25),2010-11-27,0
2010 XC25,(2010 XC25),2010-12-08,1
2010 XD25,(2010 XD25),2010-12-08,0
2010 XE25,(2010 XE25),2010-12-08,0
2010 XF25,(2010 XF25),2010-12-08,0
2010 XG25,(2010 XG25),2010-12-09,0
2010 XN25,(2010 XN25),2010-12-09,0
2010 XR45,(2010 XR45),2010-10-01,0
2010 XS45,(2010 XS45),2010-12-08,0
2010 XP51,(2010 XP51),2010-06-21,0
2010 XJ52,(2010 XJ52),2010-12-09,0
2010 XL56,(2010 XL56),2010-12-10,0
2010 XM56,(2010 XM56),2010-12-10,0
2010 XN56,(2010 XN56),2010-12-10,0
2010 XP56,(2010 XP56),2010-12-11,0
2010 XV58,(2010 XV58),2010-12-11,0
2010 XW58,(2010 XW58),2010-12-11,0
2010 XX58,(2010 XX58),2010-12-12,0
2010 XY58,(2010 XY58),2010-12-13,0
2010 XZ58,(2010 XZ58),2010-12-13,0
2010 XA59,(2010 XA59),2010-12-13,0
2010 XF64,(2010 XF64),2010-12-14,0
2010 XG64,(2010 XG64),2010-12-14,0
2010 XA68,(2010 XA68),2010-12-14,1
2010 XM69,(2010 XM69),2010-12-14,0
2010 XN69,(2010 XN69),2010-12-15,0
2010 XO69,(2010 XO69),2010-12-15,0
2010 XP69,(2010 XP69),2010-10-05,1
2010 XQ69,(2010 XQ69),2010-12-14,0
2010 XR69,(2010 XR69),2010-12-14,0
2010 XX72,(2010 XX72),2010-12-15,0
2010 XZ72,(2010 XZ72),2010-12-15,0
2010 XB73,(2010 XB73),2010-12-14,0
2010 XY82,(2010 XY82),2010-12-14,0
2010 YB,(2010 YB),2010-12-14,1
2010 YD,(2010 YD),2010-12-25,0
2010 YH,(2010 YH),2010-12-26,0
2010 YO,(2010 YO),2010-12-27,0
2010 YR,(2010 YR),2010-12-29,0
2010 YS,(2010 YS),2010-12-29,0
2010 YW,(2010 YW),2010-12-29,0
2010 YC1,(2010 YC1),2010-12-21,0
2010 YD3,(2010 YD3),2010-11-28,0
2011 AL1,(2011 AL1),2010-12-26,0
2011 AM1,(2011 AM1),2011-01-03,0
2011 AN1,(2011 AN1),2011-01-03,0
2011 AB3,(2011 AB3),2011-01-03,0
2011 AC3,(2011 AC3),2011-01-04,0
2011 AD3,(2011 AD3),2011-01-04,0
2011 AE3,(2011 AE3),2011-01-04,0
2011 AF3,(2011 AF3),2011-01-02,0
2011 AG3,(2011 AG3),2011-01-04,0
2011 AH3,(2011 AH3),2011-01-04,0
2011 AS3,(2011 AS3),2010-12-18,0
2011 AN4,(2011 AN4),2011-01-05,0
2011 AO4,(2011 AO4),2011-01-05,0
2011 AU4,(2011 AU4),2011-01-05,0
2011 AH5,(2011 AH5),2011-01-08,0
2011 AL5,(2011 AL5),2011-01-08,0
2011 AM16,(2011 AM16),2011-01-08,0
2011 AN16,(2011 AN16),2011-01-08,0
2011 AX22,(2011 AX22),2011-01-10,0
2011 AY22,(2011 AY22),2011-01-11,0
2011 AZ22,(2011 AZ22),2011-01-11,0
2011 AA23,(2011 AA23),2011-01-11,0
2011 AL24,(2011 AL24),2011-01-11,0
2011 AR26,(2011 AR26),2010-07-05,0
2011 AS26,(2011 AS26),2011-01-12,0
2011 AT26,(2011 AT26),2011-01-11,1
2011 AZ36,(2011 AZ36),2011-01-13,0
2011 AA37,(2011 AA37),2011-01-13,0
2011 AB37,(2011 AB37),2011-01-13,0
2011 AF37,(2011 AF37),2011-01-13,0
2011 AJ37,(2011 AJ37),2011-01-13,0
2011 AK37,(2011 AK37),2011-01-04,0
2011 AL37,(2011 AL37),2011-01-13,0
2011 AM37,(2011 AM37),2011-01-13,0
2011 AN37,(2011 AN37),2011-01-14,0
2011 AN52,(2011 AN52),2011-01-14,0
2011 AV55,(2011 AV55),2011-01-15,0
2011 BA,(2011 BA),2011-01-16,0
2011 BB,(2011 BB),2011-01-13,0
2011 BC,(2011 BC),2011-01-16,0
2011 BF10,(2011 BF10),2011-01-23,0
2011 BG10,(2011 BG10),2011-01-23,0
2011 BJ10,(2011 BJ10),2011-01-23,0
2011 BU10,(2011 BU10),2011-01-16,0
2011 BV10,(2011 BV10),2011-01-24,0
2011 BW10,(2011 BW10),2011-01-24,0
2011 BX10,(2011 BX10),2010-11-02,1
2011 BY10,(2011 BY10),2011-01-24,0
2011 BV11,(2011 BV11),2011-01-16,0
2011 BW11,(2011 BW11),2011-01-26,0
2011 BX11,(2011 BX11),2011-01-26,0
2011 BY11,(2011 BY11),2011-01-26,0
2011 BZ11,(2011 BZ11),2011-01-26,0
2011 BA12,(2011 BA12),2011-01-24,0
2011 BV15,(2011 BV15),2011-01-25,0
2011 BW18,(2011 BW18),2010-08-18,0
2011 BY18,(2011 BY18),2011-01-25,1
2011 BZ18,(2011 BZ18),2011-01-23,0
2011 BA19,(2011 BA19),2011-01-27,0
2011 BB19,(2011 BB19),2011-01-27,0
2011 BL19,(2011 BL19),2010-11-21,0
2011 BE24,(2011 BE24),2011-01-28,0
2011 BF24,(2011 BF24),2011-01-27,0
2011 BG24,(2011 BG24),2011-01-14,0
2011 BL24,(2011 BL24),2011-01-28,0
2011 BP24,(2011 BP24),2011-01-28,0
2011 BY24,(2011 BY24),2011-01-24,0
2011 BE38,(2011 BE38),2011-01-28,1
2011 BF39,(2011 BF39),2011-01-28,0
2011 BH39,(2011 BH39),2011-01-26,0
2011 BJ39,(2011 BJ39),2011-01-30,0
2011 BC40,(2011 BC40),2011-01-15,0
2011 BD40,(2011 BD40),2011-01-30,0
2011 BF40,(2011 BF40),2011-01-30,0
2011 BG40,(2011 BG40),2011-01-30,0
2011 BH40,(2011 BH40),2011-01-27,0
2011 BO40,(2011 BO40),2011-01-30,0
2011 BP40,(2011 BP40),2011-01-30,0
2011 BA45,(2011 BA45),2011-01-30,0
2011 BL45,(2011 BL45),2011-01-30,0
2011 BM45,(2011 BM45),2011-01-30,1
2011 BQ50,(2011 BQ50),2011-01-30,0
2011 BG59,(2011 BG59),2011-01-30,0
2011 BH59,(2011 BH59),2011-01-30,0
2011 BM59,(2011 BM59),2011-01-30,0
2011 BN59,(2011 BN59),2011-01-29,0
2011 BO59,(2011 BO59),2011-01-30,1
2011 BT59,(2011 BT59),2011-01-10,1
2011 BU59,(2011 BU59),2011-01-27,0
2011 BV59,(2011 BV59),2011-01-30,0
2011 BW59,(2011 BW59),2011-01-30,0
2011 BX59,(2011 BX59),2011-01-30,0
2011 BY59,(2011 BY59),2011-01-30,0
2011 BZ59,(2011 BZ59),2011-01-30,0
2011 BA60,(2011 BA60),2011-01-29,0
2011 CQ1,(2011 CQ1),2011-02-04,0
2011 CR1,(2011 CR1),2011-02-04,0
2011 CN2,(2011 CN2),2001-02-20,0
2011 CY3,(2011 CY3),2011-02-05,0
2011 CZ3,(2011 CZ3),2011-02-05,0
2011 CA4,(2011 CA4),2011-02-05,0
2011 CR4,(2011 CR4),2011-02-02,0
2011 CT4,(2011 CT4),2011-02-04,1
2011 CU4,(2011 CU4),2011-02-04,0
2011 CV4,(2011 CV4),2011-02-05,0
2011 CY6,(2011 CY6),2011-02-04,0
2011 CZ6,(2011 CZ6),2011-02-06,0
2011 CA7,(2011 CA7),2011-02-07,0
2011 CY7,(2011 CY7),2011-02-06,0
2011 CN14,(2011 CN14),2011-02-07,0
2011 CO14,(2011 CO14),2011-02-07,0
2011 CC22,(2011 CC22),2011-02-06,1
2011 CD22,(2011 CD22),2011-02-07,0
2011 CE22,(2011 CE22),2011-02-07,0
2011 CF22,(2011 CF22),2011-02-07,0
2011 CG22,(2011 CG22),2011-02-03,0
2011 CH22,(2011 CH22),2011-02-07,0
2011 CJ22,(2011 CJ22),2011-02-08,0
2011 CK22,(2011 CK22),2011-02-08,0
2011 CL22,(2011 CL22),2011-02-08,0
2011 CG33,(2011 CG33),2011-02-08,0
2011 CH33,(2011 CH33),2011-02-08,0
2011 CJ33,(2011 CJ33),2011-02-08,0
2011 CL33,(2011 CL33),2011-02-08,0
2011 CU46,(2011 CU46),2011-02-10,0
2011 CV46,(2011 CV46),2011-02-11,0
2011 CW46,(2011 CW46),2011-02-11,0
2011 CX46,(2011 CX46),2011-02-11,1
2011 CY46,(2011 CY46),2011-02-11,1
2011 CB50,(2011 CB50),2010-12-16,0
2011 CD50,(2011 CD50),2011-02-09,0
2011 CE50,(2011 CE50),2010-02-16,0
2011 CF50,(2011 CF50),2011-02-12,0
2011 CG50,(2011 CG50),2011-02-12,0
2011 CH50,(2011 CH50),2011-02-12,0
2011 CK50,(2011 CK50),2011-02-12,0
2011 CL50,(2011 CL50),2011-02-12,0
2011 CM50,(2011 CM50),2011-02-12,0
2011 CD66,(2011 CD66),2011-02-13,0
2011 CE66,(2011 CE66),2011-02-13,0
2011 CF66,(2011 CF66),2011-02-13,0
2011 CG66,(2011 CG66),2011-02-13,0
2011 CH71,(2011 CH71),2011-01-27,0
2011 CY71,(2011 CY71),2011-02-13,0
2011 DO,(2011 DO),2011-02-23,0
2011 DP,(2011 DP),2011-02-23,0
2011 DQ,(2011 DQ),2011-02-23,0
2011 DR,(2011 DR),2011-02-23,0
2011 DS,(2011 DS),2011-02-23,0
2011 DV,(2011 DV),2011-02-22,1
2011 DW,(2011 DW),2011-02-23,0
2011 DW4,(2011 DW4),2011-02-25,0
2011 DX4,(2011 DX4),2011-02-25,0
2011 DY4,(2011 DY4),2011-02-25,0
2011 DD5,(2011 DD5),2011-02-24,0
2011 DE5,(2011 DE5),2011-02-25,0
2011 DS9,(2011 DS9),2011-02-25,1
2011 DT9,(2011 DT9),2011-02-26,0
2011 DU9,(2011 DU9),2011-02-27,0
2011 DV10,(2011 DV10),2011-02-14,0
2011 EB,(2011 EB),2011-03-01,0
2011 EC,(2011 EC),2011-02-02,0
2011 EH,(2011 EH),2011-03-01,0
2011 EJ,(2011 EJ),2011-03-01,0
2011 EK,(2011 EK),2011-03-01,0
2011 ES4,(2011 ES4),2011-02-23,0
2011 ET4,(2011 ET4),2011-03-02,0
2011 EV4,(2011 EV4),2011-03-02,0
2011 EW4,(2011 EW4),2011-03-02,0
2011 EX4,(2011 EX4),2011-03-02,0
2011 EB7,(2011 EB7),2011-03-02,0
2011 EC7,(2011 EC7),2011-03-03,0
2011 EM11,(2011 EM11),2011-03-04,0
2011 EN11,(2011 EN11),2011-03-04,0
2011 EO11,(2011 EO11),2011-03-04,0
2011 EY11,(2011 EY11),2011-03-05,0
2011 EB12,(2011 EB12),2011-03-05,0
2011 EC12,(2011 EC12),2011-03-05,0
2011 ED12,(2011 ED12),2011-03-05,0
2011 EW16,(2011 EW16),2011-03-05,0
2011 EE17,(2011 EE17),2011-02-10,0
2011 EF17,(2011 EF17),2011-02-03,1
2011 EH17,(2011 EH17),2011-03-06,0
2011 EL17,(2011 EL17),2011-03-06,0
2011 ET20,(2011 ET20),2011-03-06,0
2011 EU20,(2011 EU20),2011-03-08,0
2011 EV29,(2011 EV29),2011-03-09,0
2011 EW29,(2011 EW29),2011-03-09,0
2011 EX29,(2011 EX29),2011-03-09,0
2011 EK40,(2011 EK40),2011-03-10,0
2011 EL40,(2011 EL40),2011-03-10,0
2011 EM40,(2011 EM40),2011-03-10,0
2011 EN40,(2011 EN40),2011-03-10,0
2011 EO40,(2011 EO40),2011-03-10,1
2011 EP40,(2011 EP40),2002-02-22,0
2011 EZ40,(2011 EZ40),2002-08-22,0
2011 EC41,(2011 EC41),2011-03-10,0
2011 ED41,(2011 ED41),2011-03-10,0
2011 EE41,(2011 EE41),2011-03-10,0
2011 EJ47,(2011 EJ47),2011-03-11,0
2011 EK47,(2011 EK47),2011-03-09,0
2011 EL47,(2011 EL47),2011-03-11,0
2011 EE51,(2011 EE51),2011-03-10,0
2011 EL51,(2011 EL51),2011-03-11,1
2011 EN51,(2011 EN51),2011-03-11,0
2011 EO51,(2011 EO51),2011-03-12,1
2011 EP51,(2011 EP51),2011-03-12,0
2011 EU73,(2011 EU73),2011-03-13,0
2011 EV73,(2011 EV73),2011-03-10,0
2011 EW73,(2011 EW73),2011-03-13,0
2011 EB74,(2011 EB74),2011-03-15,0
2011 ER74,(2011 ER74),2011-03-14,0
2011 ES74,(2011 ES74),2011-03-04,0
2011 ET74,(2011 ET74),2011-03-14,0
2011 EW74,(2011 EW74),2011-03-15,0
2011 ED78,(2011 ED78),2011-03-09,0
2011 FG,(2011 FG),2011-03-24,0
2011 FK1,(2011 FK1),2011-03-16,0
2011 FQ2,(2011 FQ2),2011-03-24,0
2011 FR2,(2011 FR2),2011-03-25,0
2011 FS2,(2011 FS2),2011-03-25,0
2011 FT2,(2011 FT2),2011-03-25,0
2011 FQ6,(2011 FQ6),2011-03-27,0
2011 FR6,(2011 FR6),2011-03-27,0
2011 FS6,(2011 FS6),2011-03-26,0
2011 FV6,(2011 FV6),2011-03-26,0
2011 FS9,(2011 FS9),2011-03-25,0
2011 FT9,(2011 FT9),2011-03-27,0
2011 FU9,(2011 FU9),2011-03-27,0
2011 FV9,(2011 FV9),2011-03-27,0
2011 FQ16,(2011 FQ16),2011-03-28,0
2011 FQ17,(2011 FQ17),2011-03-28,0
2011 FR17,(2011 FR17),2011-03-27,0
2011 FQ21,(2011 FQ21),2011-03-28,0
2011 FR21,(2011 FR21),2011-03-29,0
2011 FY22,(2011 FY22),2011-03-30,0
2011 FZ22,(2011 FZ22),2011-03-29,0
2011 FA23,(2011 FA23),2011-03-30,0
2011 FB29,(2011 FB29),2011-03-30,0
2011 FP29,(2011 FP29),2011-03-29,0
2011 FQ29,(2011 FQ29),2011-03-30,0
2011 FS29,(2011 FS29),2011-03-31,0
2011 FT29,(2011 FT29),2011-03-31,0
2011 FE41,(2011 FE41),2011-03-30,0
2011 FF41,(2011 FF41),2011-03-31,0
2011 FG41,(2011 FG41),2011-03-31,0
2011 FT53,(2011 FT53),2011-03-30,0
2011 GA,(2011 GA),2011-04-01,1
2011 GB,(2011 GB),2011-04-01,0
2011 GC,(2011 GC),2011-04-01,0
2011 GD,(2011 GD),2011-04-01,0
2011 GE,(2011 GE),2011-04-01,0
2011 GF,(2011 GF),2011-04-01,0
2011 GD2,(2011 GD2),2011-03-30,0
2011 GE2,(2011 GE2),2011-04-01,0
2011 GZ2,(2011 GZ2),2011-04-02,0
2011 GA3,(2011 GA3),2011-04-02,0
2011 GB3,(2011 GB3),2011-04-02,0
2011 GC3,(2011 GC3),2011-04-02,0
2011 GE3,(2011 GE3),2011-04-02,0
2011 GF3,(2011 GF3),2011-04-02,0
2011 GG3,(2011 GG3),2011-04-02,0
2011 GH3,(2011 GH3),2000-05-10,0
2011 GJ3,(2011 GJ3),2011-04-02,0
2011 GV9,(2011 GV9),2011-03-31,0
2011 GW9,(2011 GW9),2011-04-04,0
2011 GP28,(2011 GP28),2011-04-04,0
2011 GR36,(2011 GR36),2011-04-04,0
2011 GH44,(2011 GH44),2011-03-11,0
2011 GJ44,(2011 GJ44),2011-04-05,0
2011 GK44,(2011 GK44),2011-04-05,0
2011 GL44,(2011 GL44),2010-03-03,0
2011 GP44,(2011 GP44),2011-04-05,0
2011 GB55,(2011 GB55),2011-04-06,0
2011 GC55,(2011 GC55),2011-04-06,0
2011 GP59,(2011 GP59),2011-04-08,0
2011 GQ59,(2011 GQ59),2011-01-27,0
2011 GR59,(2011 GR59),2011-04-08,0
2011 GD60,(2011 GD60),2011-04-08,0
2011 GG60,(2011 GG60),2011-04-09,0
2011 GL60,(2011 GL60),2011-04-09,0
2011 GS60,(2011 GS60),2011-04-08,1
2011 GC62,(2011 GC62),2011-04-11,0
2011 GD62,(2011 GD62),2011-04-11,0
2011 GE62,(2011 GE62),2011-04-12,0
2011 GH62,(2011 GH62),2011-03-11,0
2011 GM62,(2011 GM62),2011-04-13,0
2011 GO65,(2011 GO65),2011-03-26,0
2011 GP65,(2011 GP65),2011-04-13,0
2011 GQ65,(2011 GQ65),2011-04-14,0
2011 GV65,(2011 GV65),2011-04-13,0
2011 GW65,(2011 GW65),2011-04-14,0
2011 GX65,(2011 GX65),2011-04-14,0
2011 GD68,(2011 GD68),2011-04-15,0
2011 HG,(2011 HG),2011-04-21,0
2011 HH,(2011 HH),2011-04-23,0
2011 HJ,(2011 HJ),2011-04-24,0
2011 HO,(2011 HO),2011-04-24,0
2011 HP,(2011 HP),2011-04-13,0
2011 HQ,(2011 HQ),2011-04-24,0
2011 HS,(2011 HS),2011-04-25,1
2011 HT,(2011 HT),2011-04-25,1
2011 HH1,(2011 HH1),2011-04-24,0
2011 HO4,(2011 HO4),2011-04-26,0
2011 HP4,(2011 HP4),2011-04-26,0
2011 HQ4,(2011 HQ4),2011-04-26,0
2011 HR4,(2011 HR4),2011-04-26,0
2011 HN5,(2011 HN5),2011-04-27,0
2011 HO5,(2011 HO5),2011-04-27,0
2011 HL7,(2011 HL7),2011-04-28,0
2011 HC24,(2011 HC24),2011-04-28,0
2011 HD24,(2011 HD24),2011-04-28,0
2011 HE24,(2011 HE24),2011-04-28,0
2011 HN24,(2011 HN24),2011-04-27,0
2011 HO24,(2011 HO24),2011-04-28,0
2011 HP24,(2011 HP24),2011-04-28,0
2011 HC36,(2011 HC36),1990-10-15,0
2011 HY52,(2011 HY52),2011-04-24,0
2011 HO53,(2011 HO53),2011-04-30,0
2011 HR60,(2011 HR60),2011-04-30,0
2011 HD63,(2011 HD63),2011-04-30,0
2011 JA,(2011 JA),2001-10-30,1
2011 JL,(2011 JL),2011-04-28,0
2011 JD1,(2011 JD1),2011-05-03,1
2011 JE1,(2011 JE1),2011-05-03,0
2011 JY1,(2011 JY1),2011-05-03,0
2011 JM5,(2011 JM5),2011-05-05,0
2011 JN5,(2011 JN5),2011-05-06,0
2011 JA8,(2011 JA8),2011-05-06,0
2011 JB10,(2011 JB10),2011-05-08,0
2011 JU10,(2011 JU10),2011-05-08,0
2011 JV10,(2011 JV10),2011-05-08,0
2011 JW10,(2011 JW10),2011-05-08,0
2011 JZ10,(2011 JZ10),2011-05-08,0
2011 JR13,(2011 JR13),2011-05-10,1
2011 JP29,(2011 JP29),2011-05-07,0
2011 KB,(2011 KB),2011-05-21,0
2011 KE,(2011 KE),2011-05-21,1
2011 KE3,(2011 KE3),2011-05-22,0
2011 KF4,(2011 KF4),2011-05-22,0
2011 KG4,(2011 KG4),2011-05-24,0
2011 KH4,(2011 KH4),2011-05-23,0
2011 KF9,(2011 KF9),2011-03-12,0
2011 KK9,(2011 KK9),2011-05-24,0
2011 KN9,(2011 KN9),1994-12-01,0
2011 KL12,(2011 KL12),2011-05-25,0
2011 KG13,(2011 KG13),2011-05-27,0
2011 KC15,(2011 KC15),2011-03-26,0
2011 KE15,(2011 KE15),2011-05-26,0
2011 KJ15,(2011 KJ15),2011-05-27,0
2011 KK15,(2011 KK15),2011-05-27,0
2011 KT15,(2011 KT15),2011-05-25,0
2011 KU15,(2011 KU15),2011-05-26,1
2011 KV15,(2011 KV15),2011-05-26,0
2011 KX15,(2011 KX15),2011-05-28,0
2011 KY15,(2011 KY15),2011-05-27,0
2011 KP16,(2011 KP16),2011-05-29,0
2011 KN17,(2011 KN17),2011-05-30,0
2011 KO17,(2011 KO17),2011-01-13,0
2011 KP17,(2011 KP17),2011-05-12,0
2011 KQ19,(2011 KQ19),2011-05-30,0
2011 KW19,(2011 KW19),2004-12-16,0
2011 KG20,(2011 KG20),2011-05-31,0
2011 KJ20,(2011 KJ20),2011-05-28,0
2011 KF36,(2011 KF36),2011-05-30,0
2011 LH,(2011 LH),2011-06-03,0
2011 LD1,(2011 LD1),2011-06-03,0
2011 LJ1,(2011 LJ1),2011-06-04,0
2011 LY2,(2011 LY2),2011-06-04,0
2011 LZ2,(2011 LZ2),2011-06-05,0
2011 LV10,(2011 LV10),2011-06-06,0
2011 LS17,(2011 LS17),2011-06-07,0
2011 LA19,(2011 LA19),2011-06-09,1
2011 LB19,(2011 LB19),2011-06-09,0
2011 LC19,(2011 LC19),2011-06-10,1
2011 LJ19,(2011 LJ19),2011-05-29,1
2011 LK19,(2011 LK19),2011-06-09,0
2011 LJ20,(2011 LJ20),2011-06-11,0
2011 LY20,(2011 LY20),2011-06-06,0
2011 LH21,(2011 LH21),2011-06-12,0
2011 MC,(2011 MC),2011-06-02,0
2011 MD,(2011 MD),2011-06-21,0
2011 MF,(2011 MF),2005-08-10,0
2011 MJ,(2011 MJ),2011-06-22,0
2011 MK,(2011 MK),2011-06-22,0
2011 ML,(2011 ML),2011-06-22,0
2011 MX,(2011 MX),2011-06-23,0
2011 MW1,(2011 MW1),2011-06-25,0
2011 MD2,(2011 MD2),2011-06-25,0
2011 MW2,(2011 MW2),2011-06-26,0
2011 MX2,(2011 MX2),2011-06-26,0
2011 MY2,(2011 MY2),2011-06-27,0
2011 MZ2,(2011 MZ2),2011-06-27,0
2011 MQ3,(2011 MQ3),2011-06-28,0
2011 MN4,(2011 MN4),2011-06-28,0
2011 MO4,(2011 MO4),2011-06-30,0
2011 ME5,(2011 ME5),2011-06-30,0
2011 ND,(2011 ND),2011-07-01,0
2011 NV,(2011 NV),2011-07-03,0
2011 NY,(2011 NY),2011-07-06,0
2011 NZ,(2011 NZ),2011-07-06,0
2011 OA,(2011 OA),2011-07-19,1
2011 OB,(2011 OB),1993-08-12,1
2011 OE,(2011 OE),2011-07-21,0
2011 OW4,(2011 OW4),2011-07-25,0
2011 OX4,(2011 OX4),2011-07-25,0
2011 OY4,(2011 OY4),2011-07-26,0
2011 OJ5,(2011 OJ5),2011-07-25,0
2011 OK5,(2011 OK5),2003-01-29,0
2011 OM5,(2011 OM5),2011-07-25,0
2011 OQ5,(2011 OQ5),2011-06-07,0
2011 OR5,(2011 OR5),2011-07-26,0
2011 OJ10,(2011 OJ10),2011-07-27,0
2011 OR15,(2011 OR15),2011-07-26,1
2011 OS15,(2011 OS15),2011-07-27,0
2011 OE16,(2011 OE16),2011-07-27,0
2011 OV17,(2011 OV17),2011-07-28,0
2011 OW17,(2011 OW17),2011-07-28,0
2011 OX17,(2011 OX17),2011-07-29,0
2011 OY17,(2011 OY17),2011-07-27,0
2011 OC18,(2011 OC18),2011-07-29,0
2011 OD18,(2011 OD18),2011-07-31,0
2011 OV18,(2011 OV18),2007-09-11,1
2011 ON24,(2011 ON24),2011-07-27,0
2011 OB26,(2011 OB26),2011-07-25,0
2011 OE26,(2011 OE26),2011-07-26,0
2011 OF26,(2011 OF26),2011-07-28,0
2011 OJ45,(2011 OJ45),2011-07-28,0
2011 OK45,(2011 OK45),2011-07-28,0
2011 OL51,(2011 OL51),2011-07-28,0
2011 OB57,(2011 OB57),2011-07-22,0
2011 OC57,(2011 OC57),2011-07-26,0
2011 PS,(2011 PS),2011-08-02,1
2011 PU,(2011 PU),2011-08-02,0
2011 PX,(2011 PX),2011-08-03,0
2011 PN1,(2011 PN1),2011-08-02,0
2011 PU1,(2011 PU1),2011-08-06,0
2011 PC2,(2011 PC2),2011-08-01,0
2011 PE2,(2011 PE2),2011-08-08,0
2011 PF2,(2011 PF2),2011-08-07,0
2011 PK10,(2011 PK10),2011-08-14,0
2011 PP16,(2011 PP16),2001-05-24,0
2011 QE2,(2011 QE2),2011-08-17,0
2011 QS2,(2011 QS2),2011-08-20,0
2011 QT2,(2011 QT2),2011-05-29,0
2011 QX8,(2011 QX8),2011-07-19,0
2011 QG9,(2011 QG9),2002-07-14,0
2011 QY11,(2011 QY11),2011-08-23,0
2011 QZ13,(2011 QZ13),2011-08-21,0
2011 QA14,(2011 QA14),2011-08-22,0
2011 QC14,(2011 QC14),2011-08-23,0
2011 QE14,(2011 QE14),2011-08-24,0
2011 QG21,(2011 QG21),2011-08-22,0
2011 QJ21,(2011 QJ21),2011-08-24,0
2011 QE23,(2011 QE23),2011-08-25,0
2011 QU37,(2011 QU37),2011-08-24,0
2011 QV37,(2011 QV37),2011-08-24,0
2011 QE38,(2011 QE38),2011-08-28,0
2011 QC46,(2011 QC46),2005-01-06,0
2011 QE48,(2011 QE48),2011-08-30,0
2011 QF48,(2011 QF48),2011-08-30,0
2011 QS49,(2011 QS49),2011-08-31,0
2011 QD50,(2011 QD50),2011-08-31,0
2011 QH50,(2011 QH50),2011-08-31,0
2011 QP96,(2011 QP96),2011-08-27,0
2011 RX,(2011 RX),2011-09-04,0
2011 RH1,(2011 RH1),2011-08-24,0
2011 RJ1,(2011 RJ1),2011-09-07,1
2011 RV14,(2011 RV14),2011-09-10,0
2011 SF3,(2011 SF3),2011-09-14,0
2011 SM5,(2011 SM5),2011-09-18,0
2011 SN5,(2011 SN5),2011-09-18,0
2011 SO5,(2011 SO5),2011-09-18,0
2011 SP5,(2011 SP5),2011-09-18,0
2011 SQ5,(2011 SQ5),2011-09-18,0
2011 SP12,(2011 SP12),2011-09-19,0
2011 SQ12,(2011 SQ12),2011-09-19,0
2011 SR12,(2011 SR12),2011-09-19,0
2011 ST12,(2011 ST12),2011-09-19,0
2011 SZ15,(2011 SZ15),2011-09-18,0
2011 SC16,(2011 SC16),2011-09-19,0
2011 SE16,(2011 SE16),2011-09-20,0
2011 SF16,(2011 SF16),2011-09-20,0
2011 SG16,(2011 SG16),2003-08-22,0
2011 SH16,(2011 SH16),2011-09-17,0
2011 SK16,(2011 SK16),2011-09-20,0
2011 SZ21,(2011 SZ21),2001-06-23,0
2011 SA25,(2011 SA25),2011-09-20,0
2011 SB25,(2011 SB25),2011-09-20,0
2011 SC25,(2011 SC25),2011-09-20,0
2011 SD25,(2011 SD25),2011-09-19,0
2011 SE25,(2011 SE25),2011-09-20,0
2011 SF25,(2011 SF25),2011-09-20,0
2011 SN25,(2011 SN25),2011-09-20,0
2011 SO25,(2011 SO25),2011-09-20,0
2011 SQ25,(2011 SQ25),2011-09-21,0
2011 SR25,(2011 SR25),2011-09-22,0
2011 SS25,(2011 SS25),2011-09-22,0
2011 SN26,(2011 SN26),2011-09-20,0
2011 SO26,(2011 SO26),2011-09-20,0
2011 SP26,(2011 SP26),2011-09-20,0
2011 SQ26,(2011 SQ26),2011-09-21,0
2011 SR26,(2011 SR26),2011-09-21,0
2011 SS26,(2011 SS26),2011-09-22,0
2011 SM32,(2011 SM32),2011-09-21,0
2011 SO32,(2011 SO32),2011-09-22,1
2011 SP32,(2011 SP32),2011-09-20,0
2011 SQ32,(2011 SQ32),2011-09-23,0
2011 SE58,(2011 SE58),2011-09-21,0
2011 SS67,(2011 SS67),2011-09-23,0
2011 SU67,(2011 SU67),2011-09-23,0
2011 SJ68,(2011 SJ68),2011-09-23,0
2011 SK68,(2011 SK68),2011-09-24,0
2011 SU68,(2011 SU68),2011-09-21,0
2011 SR69,(2011 SR69),2011-09-24,0
2011 SP70,(2011 SP70),2011-09-24,0
2011 SU71,(2011 SU71),2011-09-20,0
2011 SW71,(2011 SW71),2011-09-24,0
2011 SE97,(2011 SE97),2011-09-26,0
2011 SM102,(2011 SM102),2011-09-25,0
2011 SC108,(2011 SC108),2011-09-27,0
2011 SE108,(2011 SE108),2011-09-26,0
2011 SF108,(2011 SF108),2011-09-18,0
2011 SM120,(2011 SM120),2011-08-20,0
2011 SY120,(2011 SY120),2011-09-26,0
2011 SZ120,(2011 SZ120),2011-09-26,0
2011 SA121,(2011 SA121),2011-09-27,0
2011 SF173,(2011 SF173),2011-09-24,0
2011 SG173,(2011 SG173),2011-09-25,0
2011 SL173,(2011 SL173),2011-09-27,0
2011 SM173,(2011 SM173),2011-09-29,0
2011 SG189,(2011 SG189),2011-04-03,0
2011 SH189,(2011 SH189),2011-09-11,0
2011 SJ189,(2011 SJ189),2011-09-28,0
2011 SK189,(2011 SK189),2011-09-28,0
2011 SL189,(2011 SL189),2011-09-29,0
2011 SM189,(2011 SM189),2011-09-29,0
2011 SN189,(2011 SN189),2011-09-26,0
2011 SO189,(2011 SO189),2011-09-29,0
2011 SE191,(2011 SE191),2011-09-28,0
2011 ST232,(2011 ST232),2011-09-29,0
2011 SU232,(2011 SU232),2011-09-30,0
2011 SE248,(2011 SE248),2011-09-21,0
2011 TB,(2011 TB),2011-10-01,0
2011 TH,(2011 TH),2011-10-01,0
2011 TJ,(2011 TJ),2011-10-01,0
2011 TK,(2011 TK),2011-10-01,1
2011 TO,(2011 TO),2011-10-01,0
2011 TP,(2011 TP),2011-10-02,0
2011 TA4,(2011 TA4),2011-10-03,0
2011 TB4,(2011 TB4),2011-10-03,0
2011 TH5,(2011 TH5),2011-10-03,0
2011 TJ5,(2011 TJ5),2011-10-03,0
2011 TK5,(2011 TK5),2011-10-03,0
2011 TL5,(2011 TL5),2011-10-03,0
2011 TO6,(2011 TO6),2011-10-03,0
2011 TP6,(2011 TP6),2011-10-03,0
2011 TQ8,(2011 TQ8),2011-10-06,0
2011 TX8,(2011 TX8),2011-10-06,1
2011 TN9,(2011 TN9),2011-10-15,1
2011 UB,(2011 UB),2011-10-16,0
2011 UD,(2011 UD),2011-10-17,0
2011 UE,(2011 UE),2011-10-17,0
2011 UT,(2011 UT),2011-10-17,0
2011 UU,(2011 UU),2011-10-17,0
2011 UE10,(2011 UE10),2011-10-18,0
2011 UF10,(2011 UF10),2011-10-18,0
2011 UG10,(2011 UG10),2011-10-18,0
2011 UH10,(2011 UH10),2011-10-18,0
2011 UJ10,(2011 UJ10),2011-10-18,0
2011 UK10,(2011 UK10),2011-10-18,0
2011 UL10,(2011 UL10),2011-10-16,0
2011 UG20,(2011 UG20),2011-10-18,1
2011 UH20,(2011 UH20),2011-10-18,1
2011 UJ20,(2011 UJ20),2011-10-18,0
2011 UN20,(2011 UN20),2011-10-18,0
2011 UP20,(2011 UP20),2011-10-19,0
2011 UQ20,(2011 UQ20),2011-10-19,0
2011 UD21,(2011 UD21),2011-10-18,0
2011 UE21,(2011 UE21),2011-10-19,0
2011 UF21,(2011 UF21),2009-10-15,0
2011 UG21,(2011 UG21),2011-10-19,0
2011 UH21,(2011 UH21),2011-10-20,0
2011 UJ21,(2011 UJ21),2011-10-20,0
2011 UK21,(2011 UK21),2011-10-20,0
2011 UP63,(2011 UP63),2011-10-20,0
2011 UQ63,(2011 UQ63),2011-10-20,0
2011 UR63,(2011 UR63),2011-10-21,0
2011 US63,(2011 US63),2011-10-21,0
2011 UT63,(2011 UT63),2011-10-21,0
2011 UU63,(2011 UU63),2011-10-21,0
2011 UV63,(2011 UV63),2011-10-21,1
2011 UW63,(2011 UW63),2011-10-21,0
2011 UX63,(2011 UX63),2011-10-21,0
2011 UY63,(2011 UY63),2011-10-21,0
2011 UZ63,(2011 UZ63),2011-10-21,0
2011 UA64,(2011 UA64),2011-10-20,0
2011 UB64,(2011 UB64),2011-10-22,0
2011 UC64,(2011 UC64),2011-10-22,0
2011 UD64,(2011 UD64),2011-10-22,0
2011 UN91,(2011 UN91),2011-10-21,0
2011 UO91,(2011 UO91),2011-10-22,0
2011 UP91,(2011 UP91),2011-10-22,0
2011 UQ91,(2011 UQ91),2011-10-22,0
2011 UR91,(2011 UR91),2011-10-23,0
2011 US91,(2011 US91),2011-10-23,0
2011 UT91,(2011 UT91),2011-10-23,0
2011 UV114,(2011 UV114),2011-10-22,0
2011 UW114,(2011 UW114),2011-10-23,0
2011 UX114,(2011 UX114),2011-10-18,0
2011 UY114,(2011 UY114),2011-10-24,0
2011 UZ114,(2011 UZ114),2011-10-24,0
2011 UA115,(2011 UA115),2011-10-24,0
2011 UB115,(2011 UB115),2011-10-19,0
2011 UC115,(2011 UC115),2011-10-24,0
2011 UD115,(2011 UD115),2011-10-24,0
2011 UB131,(2011 UB131),2011-10-24,0
2011 UL147,(2011 UL147),2011-10-24,0
2011 UM147,(2011 UM147),2002-05-01,0
2011 UU158,(2011 UU158),2011-10-20,0
2011 UV158,(2011 UV158),2011-10-23,0
2011 UG169,(2011 UG169),2011-10-18,0
2011 UH169,(2011 UH169),2011-10-03,0
2011 UJ169,(2011 UJ169),2011-10-27,0
2011 UL169,(2011 UL169),2011-10-27,0
2011 UM169,(2011 UM169),2011-10-26,0
2011 UB190,(2011 UB190),2011-10-25,0
2011 UC190,(2011 UC190),2011-10-28,0
2011 UX192,(2011 UX192),2011-10-24,0
2011 UY192,(2011 UY192),2011-10-26,0
2011 UA193,(2011 UA193),2011-10-28,0
2011 UR255,(2011 UR255),2011-10-26,0
2011 UW255,(2011 UW255),2011-10-30,0
2011 UX255,(2011 UX255),2011-10-30,0
2011 UY255,(2011 UY255),2011-10-30,0
2011 UZ255,(2011 UZ255),2011-10-30,0
2011 UD256,(2011 UD256),2011-10-30,0
2011 UE256,(2011 UE256),1998-11-11,0
2011 UF256,(2011 UF256),2011-10-30,0
2011 UX275,(2011 UX275),2011-10-31,0
2011 UY275,(2011 UY275),2011-10-31,0
2011 UZ275,(2011 UZ275),2011-10-31,0
2011 UA276,(2011 UA276),2011-10-31,0
2011 UB276,(2011 UB276),2011-10-31,0
2011 UC276,(2011 UC276),2011-10-31,0
2011 UE305,(2011 UE305),2011-10-30,1
2011 VA,(2011 VA),2011-11-01,0
2011 VB,(2011 VB),2011-11-01,0
2011 VH5,(2011 VH5),2011-11-02,0
2011 VO5,(2011 VO5),2011-11-02,0
2011 VP5,(2011 VP5),2011-11-02,0
2011 VT5,(2011 VT5),2011-11-03,0
2011 VU5,(2011 VU5),2011-10-17,1
2011 VW5,(2011 VW5),2011-11-03,0
2011 VF9,(2011 VF9),2011-11-15,0
2011 VG9,(2011 VG9),2011-11-15,0
2011 VP12,(2011 VP12),2011-11-15,0
2011 WA,(2011 WA),2011-11-16,0
2011 WB,(2011 WB),2011-11-16,0
2011 WC,(2011 WC),2011-11-16,0
2011 WD,(2011 WD),2011-11-02,0
2011 WE,(2011 WE),2011-11-16,0
2011 WN2,(2011 WN2),2011-11-17,0
2011 WO2,(2011 WO2),2011-11-14,0
2011 WQ2,(2011 WQ2),2011-11-17,0
2011 WR2,(2011 WR2),2011-11-16,0
2011 WU2,(2011 WU2),2011-11-17,0
2011 WV2,(2011 WV2),2011-11-17,0
2011 WP4,(2011 WP4),2011-11-15,0
2011 WQ4,(2011 WQ4),2011-11-18,0
2011 WU4,(2011 WU4),2011-11-18,0
2011 WV4,(2011 WV4),2011-11-18,0
2011 WH5,(2011 WH5),2011-11-17,0
2011 WK5,(2011 WK5),2011-11-20,0
2011 WK14,(2011 WK14),1999-03-20,0
2011 WH15,(2011 WH15),2011-11-18,0
2011 WJ15,(2011 WJ15),2011-11-22,0
2011 WK15,(2011 WK15),2011-11-22,0
2011 WE32,(2011 WE32),2011-11-23,0
2011 WF32,(2011 WF32),2011-11-23,0
2011 WB39,(2011 WB39),2011-11-23,0
2011 WC39,(2011 WC39),2011-11-24,0
2011 WD39,(2011 WD39),2011-11-23,0
2011 WP41,(2011 WP41),2011-11-24,0
2011 WQ41,(2011 WQ41),2011-10-19,0
2011 WR41,(2011 WR41),2011-11-24,0
2011 WC44,(2011 WC44),2011-11-26,0
2011 WE44,(2011 WE44),2011-11-25,0
2011 WF44,(2011 WF44),2011-11-26,0
2011 WG44,(2011 WG44),2011-11-26,0
2011 WL46,(2011 WL46),2011-11-26,0
2011 WN46,(2011 WN46),2011-11-27,1
2011 WO46,(2011 WO46),2011-11-26,0
2011 WP46,(2011 WP46),2011-11-27,0
2011 WQ46,(2011 WQ46),2011-11-27,0
2011 WR46,(2011 WR46),2011-11-27,1
2011 WS46,(2011 WS46),2011-11-25,0
2011 WL69,(2011 WL69),2011-11-28,0
2011 WN69,(2011 WN69),2011-11-26,0
2011 WP69,(2011 WP69),2011-11-28,0
2011 WR69,(2011 WR69),2011-11-25,0
2011 WS74,(2011 WS74),2011-11-29,0
2011 WU74,(2011 WU74),2011-11-30,0
2011 WV74,(2011 WV74),2011-11-30,0
2011 WS95,(2011 WS95),2011-11-30,0
2011 WV95,(2011 WV95),2011-11-30,0
2011 WW95,(2011 WW95),2011-11-30,0
2011 WA96,(2011 WA96),2011-11-30,0
2011 WB96,(2011 WB96),2011-11-30,0
2011 XD,(2011 XD),2011-12-01,0
2011 XF,(2011 XF),2011-12-01,0
2011 XD1,(2011 XD1),2011-12-01,0
2011 XL1,(2011 XL1),2011-12-01,0
2011 XC2,(2011 XC2),2011-12-08,0
2011 XS2,(2011 XS2),2011-12-13,0
2011 XA3,(2011 XA3),2011-11-26,1
2011 YC,(2011 YC),2011-12-16,0
2011 YQ1,(2011 YQ1),2011-12-18,0
2011 YW1,(2011 YW1),2011-12-18,0
2011 YE6,(2011 YE6),2011-11-30,1
2011 YG6,(2011 YG6),2011-12-24,1
2011 YH6,(2011 YH6),2011-12-24,0
2011 YJ6,(2011 YJ6),2011-12-24,0
2011 YK6,(2011 YK6),2011-12-23,0
2011 YL6,(2011 YL6),2011-12-24,0
2011 YP10,(2011 YP10),2011-12-24,0
2011 YQ10,(2011 YQ10),2002-01-05,0
2011 YW10,(2011 YW10),2011-12-25,0
2011 YY10,(2011 YY10),2011-12-26,0
2011 YW15,(2011 YW15),2011-12-27,0
2011 YX15,(2011 YX15),2011-12-27,0
2011 YG28,(2011 YG28),2011-12-27,0
2011 YH28,(2011 YH28),2011-12-27,1
2011 YJ28,(2011 YJ28),2011-12-27,1
2011 YK28,(2011 YK28),2011-12-28,0
2011 YL28,(2011 YL28),2011-12-28,0
2011 YY28,(2011 YY28),2011-12-28,0
2011 YZ28,(2011 YZ28),2011-12-15,0
2011 YA29,(2011 YA29),2011-12-29,0
2011 YB29,(2011 YB29),2011-12-29,0
2011 YC29,(2011 YC29),2011-12-29,0
2011 YD29,(2011 YD29),2011-12-29,0
2011 YE29,(2011 YE29),2011-12-29,0
2011 YB40,(2011 YB40),2011-12-28,0
2011 YC40,(2011 YC40),2011-12-29,0
2011 YD40,(2011 YD40),2011-12-29,0
2011 YE40,(2011 YE40),2011-12-30,0
2011 YH40,(2011 YH40),2011-12-29,0
2011 YT62,(2011 YT62),2011-12-29,0
2011 YV62,(2011 YV62),2011-12-30,1
2011 YW62,(2011 YW62),2011-12-30,0
2011 YX62,(2011 YX62),2011-12-30,0
2011 YY62,(2011 YY62),2011-12-31,0
2011 YZ62,(2011 YZ62),2011-12-31,0
2011 YA63,(2011 YA63),2011-12-31,0
2011 YB63,(2011 YB63),2011-12-31,0
2011 YC63,(2011 YC63),2011-12-31,0
2011 YL63,(2011 YL63),2011-12-31,0
2011 YM63,(2011 YM63),2011-12-31,0
2011 YU74,(2011 YU74),2011-12-27,0
2012 AQ,(2012 AQ),2012-01-01,0
2012 AW,(2012 AW),2012-01-01,0
2012 AX,(2012 AX),2012-01-02,0
2012 AY,(2012 AY),2012-01-02,0
2012 AZ,(2012 AZ),2012-01-02,0
2012 AA3,(2012 AA3),2012-01-02,0
2012 AB3,(2012 AB3),2012-01-03,0
2012 AC3,(2012 AC3),2011-12-16,0
2012 AE3,(2012 AE3),2012-01-03,0
2012 AF3,(2012 AF3),2012-01-04,0
2012 AG7,(2012 AG7),2011-12-28,0
2012 AM10,(2012 AM10),2012-01-10,0
2012 AN10,(2012 AN10),2012-01-10,0
2012 AO10,(2012 AO10),2012-01-10,0
2012 AP10,(2012 AP10),2012-01-11,0
2012 AQ10,(2012 AQ10),2012-01-13,0
2012 AT10,(2012 AT10),2009-01-01,0
2012 AW10,(2012 AW10),2012-01-14,0
2012 AA11,(2012 AA11),2012-01-14,1
2012 AC11,(2012 AC11),2012-01-14,0
2012 AW12,(2012 AW12),2012-01-05,0
2012 AC13,(2012 AC13),2012-01-13,0
2012 AT22,(2012 AT22),2012-01-10,0
2012 BN1,(2012 BN1),2012-01-16,0
2012 BO1,(2012 BO1),2012-01-18,0
2012 BP1,(2012 BP1),2012-01-18,0
2012 BR1,(2012 BR1),2012-01-18,0
2012 BS1,(2012 BS1),2012-01-18,0
2012 BT1,(2012 BT1),2012-01-18,0
2012 BU1,(2012 BU1),2012-01-18,0
2012 BV1,(2012 BV1),2012-01-18,0
2012 BX1,(2012 BX1),2012-01-18,0
2012 BY1,(2012 BY1),2012-01-18,0
2012 BZ1,(2012 BZ1),2012-01-17,0
2012 BF11,(2012 BF11),2012-01-19,0
2012 BG11,(2012 BG11),2012-01-19,0
2012 BJ11,(2012 BJ11),2011-12-04,0
2012 BK11,(2012 BK11),2012-01-19,0
2012 BL11,(2012 BL11),2012-01-19,0
2012 BM11,(2012 BM11),2012-01-19,0
2012 BO11,(2012 BO11),2012-01-19,0
2012 BT13,(2012 BT13),2012-01-20,0
2012 BV13,(2012 BV13),2012-01-19,0
2012 BW13,(2012 BW13),2012-01-19,0
2012 BX13,(2012 BX13),2012-01-19,0
2012 BZ13,(2012 BZ13),2012-01-20,0
2012 BA14,(2012 BA14),2012-01-20,0
2012 BB14,(2012 BB14),2012-01-20,0
2012 BC14,(2012 BC14),2012-01-20,0
2012 BD14,(2012 BD14),2012-01-20,0
2012 BE14,(2012 BE14),2012-01-06,0
2012 BF14,(2012 BF14),2012-01-20,0
2012 BG14,(2012 BG14),2012-01-20,0
2012 BH14,(2012 BH14),2012-01-20,0
2012 BJ14,(2012 BJ14),2012-01-20,0
2012 BK14,(2012 BK14),2012-01-21,0
2012 BL14,(2012 BL14),2012-01-21,0
2012 BR23,(2012 BR23),2012-01-20,0
2012 BS23,(2012 BS23),2012-01-20,1
2012 BV26,(2012 BV26),2012-01-22,0
2012 BA27,(2012 BA27),2012-01-21,0
2012 BD27,(2012 BD27),2012-01-19,0
2012 BE27,(2012 BE27),2012-01-21,0
2012 BF27,(2012 BF27),2012-01-23,0
2012 BX34,(2012 BX34),2012-01-25,0
2012 BZ34,(2012 BZ34),2012-01-24,0
2012 BA35,(2012 BA35),2011-05-27,0
2012 BT61,(2012 BT61),2012-01-24,0
2012 BU61,(2012 BU61),2012-01-26,1
2012 BV61,(2012 BV61),2012-01-26,0
2012 BW61,(2012 BW61),2012-01-26,0
2012 BY61,(2012 BY61),2012-01-26,0
2012 BZ61,(2012 BZ61),2012-01-26,0
2012 BA62,(2012 BA62),2012-01-25,0
2012 BB62,(2012 BB62),2012-01-26,0
2012 BC62,(2012 BC62),2012-01-26,0
2012 BY76,(2012 BY76),2012-01-24,0
2012 BZ76,(2012 BZ76),2012-01-24,0
2012 BA77,(2012 BA77),2012-01-24,0
2012 BC77,(2012 BC77),2012-01-25,0
2012 BD77,(2012 BD77),2012-01-21,0
2012 BF77,(2012 BF77),2012-01-27,0
2012 BK77,(2012 BK77),2012-01-26,0
2012 BL77,(2012 BL77),2012-01-26,0
2012 BM77,(2012 BM77),2012-01-27,0
2012 BN77,(2012 BN77),2012-01-25,0
2012 BO77,(2012 BO77),2012-01-27,0
2012 BE86,(2012 BE86),2012-01-24,0
2012 BF86,(2012 BF86),2010-01-15,0
2012 BG86,(2012 BG86),2012-01-27,0
2012 BH86,(2012 BH86),2012-01-28,0
2012 BJ86,(2012 BJ86),2012-01-29,1
2012 BK86,(2012 BK86),2012-01-29,0
2012 BL86,(2012 BL86),2012-01-29,0
2012 BM86,(2012 BM86),2012-01-29,1
2012 BA102,(2012 BA102),2012-01-30,0
2012 BB102,(2012 BB102),2012-01-30,0
2012 BC102,(2012 BC102),2012-01-30,0
2012 BN123,(2012 BN123),2012-01-31,0
2012 BO123,(2012 BO123),2012-01-31,0
2012 BP123,(2012 BP123),2012-01-31,0
2012 BQ123,(2012 BQ123),2012-01-31,0
2012 BB124,(2012 BB124),1976-08-27,1
2012 BC124,(2012 BC124),2012-01-30,0
2012 BE124,(2012 BE124),2012-01-30,0
2012 CA,(2012 CA),2012-02-01,0
2012 CD,(2012 CD),2012-02-01,0
2012 CR,(2012 CR),2012-02-01,0
2012 CS,(2012 CS),2012-02-02,0
2012 CT,(2012 CT),2012-02-02,0
2012 CU,(2012 CU),2012-02-02,0
2012 CK2,(2012 CK2),2012-02-01,0
2012 CM2,(2012 CM2),2012-02-03,0
2012 CN2,(2012 CN2),2012-02-03,0
2012 CP2,(2012 CP2),2012-02-01,0
2012 CC17,(2012 CC17),2010-05-16,0
2012 CL17,(2012 CL17),2012-02-10,0
2012 CD18,(2012 CD18),2012-02-11,0
2012 CA21,(2012 CA21),2012-02-12,1
2012 CC29,(2012 CC29),2012-02-13,0
2012 CL29,(2012 CL29),2012-02-13,0
2012 CM29,(2012 CM29),2012-02-13,0
2012 CO36,(2012 CO36),2012-02-14,0
2012 CP36,(2012 CP36),2012-02-14,0
2012 CQ36,(2012 CQ36),2000-09-19,0
2012 CR36,(2012 CR36),2012-02-15,0
2012 CR45,(2012 CR45),2012-02-15,0
2012 CN46,(2012 CN46),2012-02-12,0
2012 CP46,(2012 CP46),2012-02-13,0
2012 CQ46,(2012 CQ46),2012-02-13,0
2012 CR46,(2012 CR46),2012-02-13,0
2012 CS46,(2012 CS46),2012-02-13,0
2012 CA53,(2012 CA53),2012-02-15,0
2012 CA55,(2012 CA55),2012-02-01,1
2012 CU59,(2012 CU59),2012-02-14,0
2012 DO,(2012 DO),2012-01-30,0
2012 DP,(2012 DP),2012-02-16,0
2012 DX,(2012 DX),2012-02-19,0
2012 DY,(2012 DY),2012-02-19,0
2012 DZ,(2012 DZ),2012-02-19,0
2012 DF4,(2012 DF4),2012-02-16,0
2012 DG4,(2012 DG4),2005-08-04,0
2012 DH4,(2012 DH4),2012-02-18,0
2012 DK4,(2012 DK4),2012-02-19,0
2012 DL4,(2012 DL4),2012-02-19,0
2012 DM4,(2012 DM4),2012-02-19,0
2012 DO8,(2012 DO8),2012-02-21,0
2012 DQ8,(2012 DQ8),2012-02-21,0
2012 DX13,(2012 DX13),2012-02-16,0
2012 DY13,(2012 DY13),2012-02-22,0
2012 DZ13,(2012 DZ13),2012-02-22,0
2012 DJ14,(2012 DJ14),2012-02-21,0
2012 DK14,(2012 DK14),2012-02-23,0
2012 DL14,(2012 DL14),2012-02-23,0
2012 DM14,(2012 DM14),2012-02-23,0
2012 DN14,(2012 DN14),2012-02-23,0
2012 DC28,(2012 DC28),2012-02-24,0
2012 DS30,(2012 DS30),2012-02-23,0
2012 DW30,(2012 DW30),2012-02-03,0
2012 DE31,(2012 DE31),2012-02-24,1
2012 DF31,(2012 DF31),2012-02-16,0
2012 DJ31,(2012 DJ31),2012-02-24,0
2012 DK31,(2012 DK31),2012-02-24,1
2012 DL31,(2012 DL31),2012-02-24,0
2012 DN31,(2012 DN31),2012-02-25,0
2012 DM32,(2012 DM32),2012-02-25,0
2012 DP32,(2012 DP32),2012-02-11,0
2012 DQ32,(2012 DQ32),2012-02-25,0
2012 DR32,(2012 DR32),2012-02-25,0
2012 DS32,(2012 DS32),2012-02-25,0
2012 DT32,(2012 DT32),2012-02-23,0
2012 DW32,(2012 DW32),2012-02-25,0
2012 DX32,(2012 DX32),2009-02-02,0
2012 DY32,(2012 DY32),2003-03-22,0
2012 DZ32,(2012 DZ32),2012-02-26,0
2012 DA33,(2012 DA33),2012-02-26,0
2012 DV43,(2012 DV43),2012-02-26,0
2012 DW43,(2012 DW43),2012-02-26,0
2012 DX43,(2012 DX43),2012-02-27,0
2012 DY43,(2012 DY43),2012-02-28,0
2012 DG54,(2012 DG54),2012-02-25,0
2012 DH54,(2012 DH54),2012-02-27,0
2012 DJ54,(2012 DJ54),2012-02-27,0
2012 DT60,(2012 DT60),2012-02-29,0
2012 DU60,(2012 DU60),2012-02-29,0
2012 DW60,(2012 DW60),2012-02-29,0
2012 DE61,(2012 DE61),2012-02-27,0
2012 DH61,(2012 DH61),2001-11-21,0
2012 DX75,(2012 DX75),2012-02-29,0
2012 EA,(2012 EA),2012-03-01,0
2012 EB,(2012 EB),2012-03-01,0
2012 EC,(2012 EC),2012-03-01,0
2012 EJ1,(2012 EJ1),2012-02-26,0
2012 EK1,(2012 EK1),2012-03-02,0
2012 EM1,(2012 EM1),2012-03-02,0
2012 EZ1,(2012 EZ1),2012-03-02,0
2012 EB2,(2012 EB2),2012-03-03,0
2012 EN3,(2012 EN3),2012-03-03,0
2012 EO3,(2012 EO3),2012-03-03,0
2012 EP3,(2012 EP3),2012-03-03,0
2012 EQ3,(2012 EQ3),2012-03-03,0
2012 ER3,(2012 ER3),2012-03-04,0
2012 ES3,(2012 ES3),2012-03-04,0
2012 EF5,(2012 EF5),2012-03-12,0
2012 EG5,(2012 EG5),2012-03-13,0
2012 EH5,(2012 EH5),2012-03-13,0
2012 EJ5,(2012 EJ5),2012-03-13,0
2012 EK5,(2012 EK5),2012-03-13,0
2012 EL5,(2012 EL5),2012-03-13,0
2012 EM5,(2012 EM5),2012-03-14,0
2012 EN5,(2012 EN5),2012-03-14,0
2012 EO5,(2012 EO5),2009-09-28,0
2012 EP5,(2012 EP5),2012-03-13,0
2012 EJ8,(2012 EJ8),2012-03-14,0
2012 EK8,(2012 EK8),2012-03-14,0
2012 EL8,(2012 EL8),2012-03-14,0
2012 EM8,(2012 EM8),2012-03-14,0
2012 EO8,(2012 EO8),2012-03-15,0
2012 EN10,(2012 EN10),2012-03-15,0
2012 EO10,(2012 EO10),2012-03-15,0
2012 EP10,(2012 EP10),2012-03-15,0
2012 EQ10,(2012 EQ10),2012-03-15,0
2012 ER10,(2012 ER10),2012-03-15,0
2012 ES10,(2012 ES10),2012-03-15,0
2012 EZ11,(2012 EZ11),2012-03-14,0
2012 EA12,(2012 EA12),2012-03-15,0
2012 ER14,(2012 ER14),2012-03-14,0
2012 ES14,(2012 ES14),2008-10-03,0
2012 EV14,(2012 EV14),2012-03-15,0
2012 EW14,(2012 EW14),2012-03-15,0
2012 FE,(2012 FE),2012-03-16,0
2012 FF,(2012 FF),2012-03-16,0
2012 FG,(2012 FG),2012-03-16,0
2012 FJ,(2012 FJ),2012-03-16,0
2012 FM,(2012 FM),2012-03-17,0
2012 FN,(2012 FN),2012-03-17,0
2012 FB1,(2012 FB1),2012-03-17,0
2012 FC1,(2012 FC1),2012-03-17,0
2012 FD1,(2012 FD1),2012-03-13,0
2012 FQ1,(2012 FQ1),2012-03-16,1
2012 FR1,(2012 FR1),2012-03-16,1
2012 FD10,(2012 FD10),2012-03-19,0
2012 FX13,(2012 FX13),2012-03-17,0
2012 FY13,(2012 FY13),2012-03-21,0
2012 FZ13,(2012 FZ13),2012-03-21,0
2012 FA14,(2012 FA14),2012-03-21,0
2012 FB14,(2012 FB14),2012-03-21,0
2012 FJ15,(2012 FJ15),2012-03-22,0
2012 FK15,(2012 FK15),2012-03-22,0
2012 FD23,(2012 FD23),2012-03-20,0
2012 FS23,(2012 FS23),2012-03-21,0
2012 FT23,(2012 FT23),2012-03-23,0
2012 FU23,(2012 FU23),2012-03-21,0
2012 FV23,(2012 FV23),2012-03-23,0
2012 FW23,(2012 FW23),2012-03-23,0
2012 FX23,(2012 FX23),2012-03-23,0
2012 FY23,(2012 FY23),2012-03-22,0
2012 FL35,(2012 FL35),2010-04-11,0
2012 FM35,(2012 FM35),2012-03-23,0
2012 FN35,(2012 FN35),2012-03-23,0
2012 FO35,(2012 FO35),2012-03-23,0
2012 FP35,(2012 FP35),2012-03-24,0
2012 FQ35,(2012 FQ35),2012-03-24,0
2012 FR35,(2012 FR35),2012-03-24,0
2012 FS35,(2012 FS35),2012-03-25,0
2012 FT35,(2012 FT35),2012-03-24,0
2012 FU35,(2012 FU35),2012-03-24,0
2012 FV35,(2012 FV35),2012-03-24,0
2012 FW35,(2012 FW35),2012-03-24,0
2012 FX35,(2012 FX35),2012-03-25,0
2012 FH38,(2012 FH38),2012-03-25,0
2012 FZ44,(2012 FZ44),2012-02-28,0
2012 FM52,(2012 FM52),2012-03-27,0
2012 FO52,(2012 FO52),2011-12-01,0
2012 FP52,(2012 FP52),2012-03-27,0
2012 FQ52,(2012 FQ52),2012-03-27,0
2012 FR52,(2012 FR52),2012-03-27,0
2012 FS52,(2012 FS52),2012-03-27,0
2012 FA57,(2012 FA57),2012-03-28,0
2012 FD58,(2012 FD58),2012-03-27,0
2012 FE58,(2012 FE58),2012-03-18,0
2012 FG58,(2012 FG58),2012-03-28,1
2012 FH58,(2012 FH58),2012-03-25,0
2012 FJ58,(2012 FJ58),2012-03-29,0
2012 FN62,(2012 FN62),2012-02-28,0
2012 FO62,(2012 FO62),2012-03-28,1
2012 FP62,(2012 FP62),2012-03-29,0
2012 FQ62,(2012 FQ62),2012-03-29,0
2012 FT62,(2012 FT62),2012-03-29,0
2012 FU62,(2012 FU62),2012-03-29,0
2012 FA71,(2012 FA71),2012-03-29,0
2012 FB71,(2012 FB71),2012-03-28,0
2012 FC71,(2012 FC71),2012-03-31,0
2012 GC,(2012 GC),2012-04-01,0
2012 GD,(2012 GD),2012-04-01,0
2012 GE,(2012 GE),2012-04-01,0
2012 GK,(2012 GK),2012-04-02,0
2012 GO,(2012 GO),2012-04-01,0
2012 GP1,(2012 GP1),2012-04-11,0
2012 GC2,(2012 GC2),2012-04-12,0
2012 GD2,(2012 GD2),2012-04-12,0
2012 GA5,(2012 GA5),2001-03-20,0
2012 GB5,(2012 GB5),2012-04-12,0
2012 GC5,(2012 GC5),2012-04-12,0
2012 GD5,(2012 GD5),2012-04-12,0
2012 GE5,(2012 GE5),2012-04-12,0
2012 GS5,(2012 GS5),2012-04-11,0
2012 GT5,(2012 GT5),2012-04-12,0
2012 GV11,(2012 GV11),2012-04-13,0
2012 GW11,(2012 GW11),2012-04-14,0
2012 GX11,(2012 GX11),2012-04-14,0
2012 GY11,(2012 GY11),2012-04-15,0
2012 GA12,(2012 GA12),2012-04-15,0
2012 GV17,(2012 GV17),2010-06-12,1
2012 GB18,(2012 GB18),2012-04-13,0
2012 HE,(2012 HE),2012-04-16,0
2012 HK,(2012 HK),2012-04-16,0
2012 HL,(2012 HL),2012-04-16,0
2012 HM,(2012 HM),2012-04-16,0
2012 HN,(2012 HN),2012-04-16,0
2012 HO,(2012 HO),2012-04-16,0
2012 HQ,(2012 HQ),2012-04-16,0
2012 HN1,(2012 HN1),2012-04-17,0
2012 HW1,(2012 HW1),2012-04-17,0
2012 HY1,(2012 HY1),2012-04-16,0
2012 HA2,(2012 HA2),2012-04-18,0
2012 HB2,(2012 HB2),2012-04-19,0
2012 HE2,(2012 HE2),2012-04-20,0
2012 HF2,(2012 HF2),2012-04-20,0
2012 HG2,(2012 HG2),2012-04-20,0
2012 HN2,(2012 HN2),2012-04-18,0
2012 HQ2,(2012 HQ2),2012-04-20,0
2012 HR2,(2012 HR2),2012-03-21,0
2012 HG8,(2012 HG8),2012-04-20,1
2012 HH8,(2012 HH8),2012-04-11,0
2012 HJ8,(2012 HJ8),2012-04-20,0
2012 HK8,(2012 HK8),2012-04-21,0
2012 HL8,(2012 HL8),2012-04-21,0
2012 HM8,(2012 HM8),2012-04-21,0
2012 HN8,(2012 HN8),2012-04-21,0
2012 HO8,(2012 HO8),2012-04-21,0
2012 HM13,(2012 HM13),2012-04-21,0
2012 HN13,(2012 HN13),2012-04-21,0
2012 HO13,(2012 HO13),2012-04-22,0
2012 HP13,(2012 HP13),2012-04-22,0
2012 HO15,(2012 HO15),2012-04-21,0
2012 HP15,(2012 HP15),2012-04-23,0
2012 HS15,(2012 HS15),2012-04-22,0
2012 HC20,(2012 HC20),2012-04-24,0
2012 HD20,(2012 HD20),2012-04-24,0
2012 HH20,(2012 HH20),2012-04-24,0
2012 HB25,(2012 HB25),2012-04-16,0
2012 HC25,(2012 HC25),2012-04-25,0
2012 HD25,(2012 HD25),2012-04-27,0
2012 HE31,(2012 HE31),2012-04-13,0
2012 HH31,(2012 HH31),2012-04-27,0
2012 HJ31,(2012 HJ31),2012-04-28,0
2012 HK31,(2012 HK31),2012-04-28,0
2012 HL31,(2012 HL31),2012-04-28,0
2012 HZ33,(2012 HZ33),2012-04-28,1
2012 HA34,(2012 HA34),2012-04-30,0
2012 HB34,(2012 HB34),2011-08-18,0
2012 HN40,(2012 HN40),2012-04-21,0
2012 HR69,(2012 HR69),2012-04-22,0
2012 JA,(2012 JA),2012-04-20,0
2012 JQ,(2012 JQ),2012-05-10,0
2012 JU,(2012 JU),2012-05-12,0
2012 JM4,(2012 JM4),2004-08-15,0
2012 JN4,(2012 JN4),2012-05-12,0
2012 JO4,(2012 JO4),2012-05-12,0
2012 JP4,(2012 JP4),2012-05-12,0
2012 JQ4,(2012 JQ4),2012-05-12,0
2012 JR4,(2012 JR4),2012-05-13,0
2012 JU4,(2012 JU4),2012-04-28,0
2012 JH11,(2012 JH11),2012-03-27,0
2012 JS11,(2012 JS11),2012-05-15,1
2012 JU11,(2012 JU11),2012-05-14,0
2012 JV11,(2012 JV11),2012-05-15,0
2012 JW11,(2012 JW11),2012-05-15,0
2012 JX11,(2012 JX11),2012-05-15,0
2012 JB16,(2012 JB16),2001-11-12,0
2012 KA,(2012 KA),2012-05-16,0
2012 KW,(2012 KW),2012-05-16,0
2012 KX,(2012 KX),2012-05-16,0
2012 KO1,(2012 KO1),2012-05-17,0
2012 KZ3,(2012 KZ3),2012-04-25,0
2012 KA4,(2012 KA4),2012-05-17,1
2012 KB4,(2012 KB4),2012-05-17,0
2012 KB6,(2012 KB6),2012-05-18,0
2012 KC6,(2012 KC6),2008-08-25,0
2012 KD6,(2012 KD6),2012-05-19,0
2012 KK11,(2012 KK11),2012-05-19,0
2012 KL11,(2012 KL11),2012-05-19,0
2012 KM11,(2012 KM11),2012-05-19,0
2012 KN11,(2012 KN11),2012-05-19,0
2012 KO11,(2012 KO11),2012-05-20,0
2012 KT12,(2012 KT12),2012-05-19,0
2012 KU12,(2012 KU12),2011-09-25,1
2012 KJ18,(2012 KJ18),2012-05-20,0
2012 KK18,(2012 KK18),2012-05-20,0
2012 KM18,(2012 KM18),2012-05-21,0
2012 KN18,(2012 KN18),2012-05-22,0
2012 KO18,(2012 KO18),2012-05-01,0
2012 KP24,(2012 KP24),2012-05-23,0
2012 KE25,(2012 KE25),2012-05-22,0
2012 KF25,(2012 KF25),2012-05-25,0
2012 KX41,(2012 KX41),2012-05-19,0
2012 KZ41,(2012 KZ41),2012-05-25,0
2012 KA42,(2012 KA42),2012-05-27,0
2012 KT42,(2012 KT42),2012-05-28,0
2012 KC45,(2012 KC45),2012-05-29,0
2012 KM45,(2012 KM45),2012-05-29,0
2012 LA,(2012 LA),2012-05-21,0
2012 LJ,(2012 LJ),2012-06-09,0
2012 LT,(2012 LT),2012-06-09,0
2012 LU,(2012 LU),2012-06-09,0
2012 LD1,(2012 LD1),2012-06-09,0
2012 LP1,(2012 LP1),2012-06-10,0
2012 LZ1,(2012 LZ1),2012-06-10,1
2012 LJ2,(2012 LJ2),2012-06-11,0
2012 LF4,(2012 LF4),2012-06-12,0
2012 LG4,(2012 LG4),2012-06-12,0
2012 LQ7,(2012 LQ7),2012-06-13,0
2012 LT7,(2012 LT7),2001-05-24,0
2012 LU7,(2012 LU7),2012-06-12,0
2012 LW7,(2012 LW7),2012-06-14,0
2012 LL9,(2012 LL9),2012-06-13,0
2012 LA11,(2012 LA11),2012-06-15,0
2012 LE11,(2012 LE11),2012-06-14,0
2012 LG11,(2012 LG11),2012-06-08,0
2012 LH11,(2012 LH11),2012-06-15,0
2012 LJ11,(2012 LJ11),2012-06-15,0
2012 LK11,(2012 LK11),2012-06-15,1
2012 LC13,(2012 LC13),2012-05-21,0
2012 LD13,(2012 LD13),2012-06-15,0
2012 MP,(2012 MP),2009-11-18,0
2012 MQ,(2012 MQ),2012-06-16,0
2012 MW1,(2012 MW1),2011-11-30,0
2012 MN2,(2012 MN2),2012-06-16,0
2012 MX2,(2012 MX2),2012-06-18,0
2012 MY2,(2012 MY2),2012-06-19,0
2012 MO3,(2012 MO3),2012-06-17,0
2012 MQ3,(2012 MQ3),2012-06-20,0
2012 MR4,(2012 MR4),2012-06-18,0
2012 MS4,(2012 MS4),2001-11-20,1
2012 MV4,(2012 MV4),2012-06-20,0
2012 MJ6,(2012 MJ6),2011-12-28,1
2012 MS6,(2012 MS6),2012-06-23,0
2012 MZ6,(2012 MZ6),2012-06-21,1
2012 MA7,(2012 MA7),2012-06-22,0
2012 MB7,(2012 MB7),2012-06-22,0
2012 MC7,(2012 MC7),2012-06-22,0
2012 MD7,(2012 MD7),2012-06-23,0
2012 ME7,(2012 ME7),2012-06-23,0
2012 MF7,(2012 MF7),2012-06-23,0
2012 MG7,(2012 MG7),2012-06-23,0
2012 NN,(2012 NN),2012-07-13,1
2012 NO,(2012 NO),2012-07-13,0
2012 NQ,(2012 NQ),2012-07-14,0
2012 OO,(2012 OO),2012-07-16,1
2012 OA1,(2012 OA1),2012-07-18,0
2012 OB1,(2012 OB1),2012-07-18,0
2012 OE1,(2012 OE1),2012-07-19,0
2012 OU1,(2012 OU1),2012-07-21,0
2012 OU5,(2012 OU5),2012-07-28,0
2012 PA,(2012 PA),2012-08-02,0
2012 PN,(2012 PN),2012-08-07,0
2012 PX,(2012 PX),2012-08-07,0
2012 PS4,(2012 PS4),2012-08-07,1
2012 PG5,(2012 PG5),1980-10-05,0
2012 PH6,(2012 PH6),2012-08-10,0
2012 PJ6,(2012 PJ6),2012-08-10,0
2012 PN6,(2012 PN6),2012-08-11,0
2012 PO17,(2012 PO17),2012-08-11,0
2012 PP17,(2012 PP17),2008-05-27,0
2012 PS17,(2012 PS17),2012-08-11,0
2012 PZ17,(2012 PZ17),2012-08-14,0
2012 PY19,(2012 PY19),2012-08-13,0
2012 PZ19,(2012 PZ19),2012-08-13,0
2012 PA20,(2012 PA20),2012-08-13,0
2012 PB20,(2012 PB20),2012-08-10,0
2012 PD20,(2012 PD20),2012-08-15,0
2012 PK24,(2012 PK24),2012-08-13,0
2012 PP24,(2012 PP24),2012-08-07,0
2012 PM28,(2012 PM28),2012-08-13,0
2012 PO28,(2012 PO28),2009-09-16,0
2012 QJ2,(2012 QJ2),2012-08-06,0
2012 QV2,(2012 QV2),2012-08-17,0
2012 QC8,(2012 QC8),1999-04-12,1
2012 QD8,(2012 QD8),2012-08-17,0
2012 QH8,(2012 QH8),2012-08-19,0
2012 QQ10,(2012 QQ10),2012-08-19,1
2012 QH14,(2012 QH14),2012-08-21,0
2012 QJ14,(2012 QJ14),2012-08-21,0
2012 QK14,(2012 QK14),2012-08-21,0
2012 QL14,(2012 QL14),2012-08-21,0
2012 QM14,(2012 QM14),2012-08-17,0
2012 QY14,(2012 QY14),2012-08-21,0
2012 QZ16,(2012 QZ16),2012-08-21,0
2012 QP17,(2012 QP17),1983-10-01,0
2012 QV17,(2012 QV17),2012-08-24,0
2012 QW17,(2012 QW17),2012-08-25,0
2012 QX17,(2012 QX17),2012-08-11,0
2012 QY17,(2012 QY17),2012-08-25,0
2012 QZ17,(2012 QZ17),2012-08-25,0
2012 QA18,(2012 QA18),2012-08-25,0
2012 QB18,(2012 QB18),2012-08-25,0
2012 QC18,(2012 QC18),2012-08-26,0
2012 QD18,(2012 QD18),2012-08-21,0
2012 QF42,(2012 QF42),2012-08-08,0
2012 QG42,(2012 QG42),2012-08-26,1
2012 QJ45,(2012 QJ45),2012-08-26,0
2012 QK45,(2012 QK45),2012-08-26,0
2012 QG49,(2012 QG49),2012-08-08,0
2012 QH49,(2012 QH49),2012-08-02,0
2012 QE50,(2012 QE50),2012-08-28,1
2012 QQ50,(2012 QQ50),2012-08-28,0
2012 QR50,(2012 QR50),2012-08-28,0
2012 RO1,(2012 RO1),2012-09-06,0
2012 RL2,(2012 RL2),2012-08-05,0
2012 RM2,(2012 RM2),2012-09-08,0
2012 RB3,(2012 RB3),2012-09-07,0
2012 RH3,(2012 RH3),2012-08-03,0
2012 RN6,(2012 RN6),2008-03-01,0
2012 RH10,(2012 RH10),2012-09-12,0
2012 RJ10,(2012 RJ10),2012-09-13,0
2012 RG15,(2012 RG15),2011-08-17,1
2012 RH15,(2012 RH15),2012-09-14,0
2012 RJ15,(2012 RJ15),2012-09-14,0
2012 RK15,(2012 RK15),2012-09-14,0
2012 RL15,(2012 RL15),2012-09-14,0
2012 RM15,(2012 RM15),2012-09-14,0
2012 RN15,(2012 RN15),2012-09-14,0
2012 RO15,(2012 RO15),2012-09-14,0
2012 RP15,(2012 RP15),2012-08-10,0
2012 RQ16,(2012 RQ16),2012-09-13,0
2012 RR16,(2012 RR16),2012-09-14,0
2012 RT16,(2012 RT16),2012-09-15,0
2012 RU16,(2012 RU16),2012-09-15,0
2012 RV16,(2012 RV16),2012-08-09,0
2012 RW16,(2012 RW16),2012-09-15,0
2012 RX16,(2012 RX16),2004-12-12,0
2012 RO48,(2012 RO48),2012-09-15,0
2012 SW2,(2012 SW2),2012-09-16,0
2012 SX2,(2012 SX2),2012-09-16,0
2012 SY2,(2012 SY2),2012-09-04,0
2012 SZ2,(2012 SZ2),2012-09-17,0
2012 SA3,(2012 SA3),2012-09-17,0
2012 SB3,(2012 SB3),2012-09-17,0
2012 SK8,(2012 SK8),2012-09-16,0
2012 SL8,(2012 SL8),2012-09-16,0
2012 SM8,(2012 SM8),2012-09-18,0
2012 ST9,(2012 ST9),2001-09-25,0
2012 SU9,(2012 SU9),2012-09-19,0
2012 SV9,(2012 SV9),2012-09-19,0
2012 SV20,(2012 SV20),2012-09-17,0
2012 SX20,(2012 SX20),2012-09-19,0
2012 SY20,(2012 SY20),2012-09-20,0
2012 SG32,(2012 SG32),2012-09-22,0
2012 SH32,(2012 SH32),2012-09-22,0
2012 SJ32,(2012 SJ32),2012-09-22,0
2012 SW49,(2012 SW49),2012-09-22,0
2012 SX49,(2012 SX49),2012-09-22,0
2012 SY49,(2012 SY49),2012-09-22,0
2012 SZ49,(2012 SZ49),2012-09-22,0
2012 SK50,(2012 SK50),2012-09-23,0
2012 SL50,(2012 SL50),2012-09-24,0
2012 SM50,(2012 SM50),2012-09-24,0
2012 SR56,(2012 SR56),2012-09-25,0
2012 SS56,(2012 SS56),2012-09-25,0
2012 SF58,(2012 SF58),2012-09-26,0
2012 SG58,(2012 SG58),2012-09-26,0
2012 SH58,(2012 SH58),2012-09-26,0
2012 SJ58,(2012 SJ58),2012-09-26,0
2012 SA59,(2012 SA59),2012-09-27,0
2012 TV,(2012 TV),2012-09-26,0
2012 TC4,(2012 TC4),2012-10-04,0
2012 TQ5,(2012 TQ5),2012-10-05,0
2012 TR5,(2012 TR5),2012-10-04,0
2012 TS5,(2012 TS5),2012-10-06,0
2012 TT5,(2012 TT5),2012-10-06,0
2012 TL20,(2012 TL20),2012-10-06,0
2012 TM20,(2012 TM20),2012-10-07,0
2012 TN20,(2012 TN20),2012-10-07,0
2012 TO20,(2012 TO20),2012-09-16,0
2012 TP20,(2012 TP20),2012-10-08,0
2012 TQ20,(2012 TQ20),2012-10-08,0
2012 TR20,(2012 TR20),2012-10-08,0
2012 TC43,(2012 TC43),2012-10-08,0
2012 TX52,(2012 TX52),2012-10-07,0
2012 TY52,(2012 TY52),2012-10-07,1
2012 TZ52,(2012 TZ52),2012-10-07,0
2012 TB53,(2012 TB53),2012-10-08,0
2012 TD53,(2012 TD53),2012-10-08,0
2012 TE53,(2012 TE53),2012-10-08,0
2012 TF53,(2012 TF53),2012-10-08,1
2012 TG53,(2012 TG53),2012-10-09,0
2012 TH53,(2012 TH53),2012-10-09,0
2012 TJ53,(2012 TJ53),2012-10-09,0
2012 TT78,(2012 TT78),2012-10-08,0
2012 TW78,(2012 TW78),2012-10-05,0
2012 TX78,(2012 TX78),2012-08-27,0
2012 TD79,(2012 TD79),2012-10-09,0
2012 TE79,(2012 TE79),2012-10-09,0
2012 TF79,(2012 TF79),2012-10-08,0
2012 TG79,(2012 TG79),2012-10-09,0
2012 TH79,(2012 TH79),2012-10-10,0
2012 TJ79,(2012 TJ79),2012-09-22,0
2012 TK79,(2012 TK79),2012-10-10,0
2012 TL79,(2012 TL79),2012-10-10,0
2012 TM79,(2012 TM79),2012-10-10,0
2012 TY79,(2012 TY79),2012-10-08,0
2012 TZ79,(2012 TZ79),2012-10-09,0
2012 TK123,(2012 TK123),2012-10-09,0
2012 TN139,(2012 TN139),2012-10-10,0
2012 TO139,(2012 TO139),2000-12-31,1
2012 TP139,(2012 TP139),2012-10-11,1
2012 TQ139,(2012 TQ139),2012-10-10,0
2012 TR139,(2012 TR139),2012-10-11,0
2012 TT145,(2012 TT145),2012-08-28,0
2012 TD146,(2012 TD146),2012-10-09,0
2012 TE146,(2012 TE146),2012-10-11,0
2012 TF146,(2012 TF146),2012-10-11,0
2012 TG146,(2012 TG146),2012-10-11,0
2012 TH146,(2012 TH146),2012-10-11,0
2012 TJ146,(2012 TJ146),2012-10-11,1
2012 TQ146,(2012 TQ146),2012-10-14,0
2012 TR146,(2012 TR146),2012-10-11,0
2012 TA219,(2012 TA219),1996-04-23,0
2012 TO231,(2012 TO231),2012-10-13,0
2012 TP231,(2012 TP231),2012-10-13,0
2012 TQ231,(2012 TQ231),2012-10-10,0
2012 TR231,(2012 TR231),2012-10-14,0
2012 TS231,(2012 TS231),2012-05-12,0
2012 TT231,(2012 TT231),2012-10-14,0
2012 TU231,(2012 TU231),2012-10-15,0
2012 TV231,(2012 TV231),2012-10-15,0
2012 TQ256,(2012 TQ256),2012-09-21,0
2012 TT256,(2012 TT256),2012-10-13,0
2012 TA259,(2012 TA259),2012-10-14,0
2012 TB259,(2012 TB259),2012-10-15,0
2012 TP274,(2012 TP274),2012-10-15,0
2012 TX284,(2012 TX284),2012-10-14,0
2012 UC,(2012 UC),2012-10-11,0
2012 UD,(2012 UD),2012-10-16,0
2012 UE,(2012 UE),2012-10-15,0
2012 UF,(2012 UF),2012-10-15,0
2012 UG,(2012 UG),2012-10-16,0
2012 UH,(2012 UH),2012-10-15,0
2012 UJ,(2012 UJ),2012-10-16,0
2012 UK,(2012 UK),2012-10-16,0
2012 UL,(2012 UL),2012-10-16,0
2012 US9,(2012 US9),2012-10-16,0
2012 UT9,(2012 UT9),2012-10-13,0
2012 UU9,(2012 UU9),2012-10-16,0
2012 UV9,(2012 UV9),2012-10-16,0
2012 UW9,(2012 UW9),2012-10-15,0
2012 UX9,(2012 UX9),2012-10-15,0
2012 UY9,(2012 UY9),2012-10-17,0
2012 UQ18,(2012 UQ18),2012-10-17,0
2012 UR18,(2012 UR18),2012-10-18,0
2012 US18,(2012 US18),2012-10-18,0
2012 UT18,(2012 UT18),2012-10-18,0
2012 UX27,(2012 UX27),2012-10-17,0
2012 UZ33,(2012 UZ33),1992-11-26,1
2012 UB34,(2012 UB34),2012-10-18,0
2012 UC34,(2012 UC34),2006-04-09,0
2012 UD34,(2012 UD34),1998-11-23,0
2012 UE34,(2012 UE34),2012-10-18,0
2012 UF34,(2012 UF34),2012-10-17,0
2012 US68,(2012 US68),2012-10-18,0
2012 UU68,(2012 UU68),2012-10-18,0
2012 UW68,(2012 UW68),2012-10-11,0
2012 UX68,(2012 UX68),2012-10-20,0
2012 UY68,(2012 UY68),2012-10-20,0
2012 UZ68,(2012 UZ68),2012-10-22,0
2012 UB69,(2012 UB69),2012-10-22,0
2012 UC69,(2012 UC69),2012-10-22,0
2012 UT136,(2012 UT136),2012-10-21,0
2012 UU136,(2012 UU136),2002-11-08,1
2012 UW136,(2012 UW136),2012-10-22,0
2012 UX136,(2012 UX136),2012-10-22,0
2012 UY136,(2012 UY136),2012-10-23,0
2012 UO138,(2012 UO138),1999-03-21,0
2012 UQ138,(2012 UQ138),2012-10-23,0
2012 UR138,(2012 UR138),2012-10-09,1
2012 UN158,(2012 UN158),2012-09-01,0
2012 UR158,(2012 UR158),2012-10-22,1
2012 UU158,(2012 UU158),2012-10-20,0
2012 UV158,(2012 UV158),2012-10-25,0
2012 UW158,(2012 UW158),2012-10-25,0
2012 US169,(2012 US169),2012-10-22,0
2012 UT169,(2012 UT169),2012-10-10,0
2012 UU169,(2012 UU169),2012-10-25,0
2012 UK171,(2012 UK171),2012-10-25,0
2012 UL171,(2012 UL171),2012-10-25,0
2012 UA174,(2012 UA174),2012-10-25,0
2012 UB174,(2012 UB174),2012-10-26,0
2012 VY4,(2012 VY4),2012-11-01,0
2012 VZ4,(2012 VZ4),2012-11-02,0
2012 VA5,(2012 VA5),2012-11-02,0
2012 VB5,(2012 VB5),2012-11-02,0
2012 VC5,(2012 VC5),2012-11-03,0
2012 VD5,(2012 VD5),2012-11-04,0
2012 VF5,(2012 VF5),2012-11-03,0
2012 VG5,(2012 VG5),2012-11-03,0
2012 VH5,(2012 VH5),2012-11-03,0
2012 VJ5,(2012 VJ5),2012-11-03,0
2012 VK5,(2012 VK5),2012-11-03,0
2012 VL5,(2012 VL5),2012-11-03,0
2012 VC6,(2012 VC6),2012-11-03,0
2012 VD6,(2012 VD6),2012-11-03,0
2012 VE6,(2012 VE6),2012-11-03,0
2012 VF6,(2012 VF6),2012-11-03,0
2012 VG6,(2012 VG6),2012-11-03,0
2012 VH6,(2012 VH6),2012-10-27,0
2012 VJ6,(2012 VJ6),2012-11-04,0
2012 VK6,(2012 VK6),2012-11-04,1
2012 VL6,(2012 VL6),2012-11-02,1
2012 VM6,(2012 VM6),2006-11-13,0
2012 VN6,(2012 VN6),2012-11-04,0
2012 VO6,(2012 VO6),2012-10-11,1
2012 VP6,(2012 VP6),2012-11-04,0
2012 VQ6,(2012 VQ6),2012-11-04,0
2012 VS6,(2012 VS6),2012-11-04,0
2012 VT6,(2012 VT6),2012-11-02,0
2012 VN7,(2012 VN7),2012-11-04,0
2012 VO7,(2012 VO7),2012-10-17,0
2012 VZ19,(2012 VZ19),2012-11-05,0
2012 VA20,(2012 VA20),2012-11-05,0
2012 VB20,(2012 VB20),2012-11-05,0
2012 VA26,(2012 VA26),2012-11-06,0
2012 VB26,(2012 VB26),2012-11-06,0
2012 VC26,(2012 VC26),2012-11-06,0
2012 VD26,(2012 VD26),2012-11-06,0
2012 VE26,(2012 VE26),2012-11-07,0
2012 VF26,(2012 VF26),2012-11-07,0
2012 VG26,(2012 VG26),2012-11-07,0
2012 VZ36,(2012 VZ36),2004-02-12,0
2012 VB37,(2012 VB37),2012-11-07,0
2012 VC37,(2012 VC37),2012-11-08,0
2012 VD37,(2012 VD37),2012-11-07,0
2012 VE37,(2012 VE37),2012-11-07,0
2012 VF37,(2012 VF37),2012-11-07,1
2012 VJ38,(2012 VJ38),2012-11-12,0
2012 VE46,(2012 VE46),2012-11-06,1
2012 VF46,(2012 VF46),2012-11-10,0
2012 VG46,(2012 VG46),2012-11-12,0
2012 VH46,(2012 VH46),2012-11-12,0
2012 VJ46,(2012 VJ46),2012-11-12,0
2012 VK76,(2012 VK76),2012-11-12,0
2012 VM76,(2012 VM76),2012-11-13,0
2012 VN76,(2012 VN76),2012-11-13,0
2012 VP76,(2012 VP76),2012-11-13,0
2012 VQ76,(2012 VQ76),2012-11-13,0
2012 VR76,(2012 VR76),2012-11-13,0
2012 VS76,(2012 VS76),2012-11-13,0
2012 VT76,(2012 VT76),2012-11-12,0
2012 VU76,(2012 VU76),2012-11-13,0
2012 VV76,(2012 VV76),2012-11-13,0
2012 VD77,(2012 VD77),2012-11-14,0
2012 VE77,(2012 VE77),2012-11-14,0
2012 VF77,(2012 VF77),2012-11-14,0
2012 VG77,(2012 VG77),2012-11-14,0
2012 VH77,(2012 VH77),2012-11-14,0
2012 VJ77,(2012 VJ77),2012-11-14,0
2012 VK77,(2012 VK77),2012-11-14,0
2012 VC82,(2012 VC82),2012-11-06,1
2012 VK82,(2012 VK82),2012-11-14,0
2012 VM82,(2012 VM82),2012-11-14,0
2012 WE,(2012 WE),2012-11-16,0
2012 WF,(2012 WF),2012-11-17,0
