observatory_code,observatory_name,longitude,parallax_cos,parallax_sin
000,Greenwich,0.0,0.62411,0.77873
001,Crowborough,0.1542,0.62992,0.77411
002,Rayleigh,0.62,0.622,0.781
003,Montpellier,3.9,0.725,0.687
004,Toulouse,1.4625,0.7252,0.68627
005,Meudon,2.231,0.659891,0.748875
006,"Fabra Observatory, Barcelona",2.12417,0.751042,0.658129
007,Paris,2.33675,0.65947,0.749223
008,Algiers-Bouzareah,3.0355,0.80172,0.59578
009,Berne-Uecht,7.4417,0.6838,0.7272
010,Caussols,6.92124,0.723655,0.688135
011,Wetzikon,8.7975,0.6792,0.73161
012,Uccle,4.35821,0.633333,0.771306
013,Leiden,4.48397,0.614813,0.786029
014,Marseilles,5.39509,0.728859,0.682384
015,Utrecht,5.12929,0.61577,0.785285
016,Besancon,5.9893,0.68006,0.73076
017,Hoher List,6.84924,0.641946,0.764282
018,Dusseldorf-Bilk,6.7612,0.62779,0.77578
019,Neuchatel,6.9575,0.68331,0.72779
020,Nice,7.3004,0.72391,0.68767
021,Karlsruhe,8.3855,0.65701,0.75138
022,Pino Torinese,7.7748,0.7079,0.70409
023,Wiesbaden,8.2625,0.64299,0.76335
024,Heidelberg-Konigstuhl,8.7216,0.65211,0.7557
025,Stuttgart,9.1965,0.660205,0.748637
026,Berne-Zimmerwald,7.46511,0.684884,0.726402
027,Milan,9.1912,0.70254,0.70929
028,Wurzburg,9.9363,0.64686,0.76009
029,Hamburg-Bergedorf,10.2406,0.5964,0.8
030,"Arcetri Observatory, Florence",11.25446,0.723534,0.688012
031,Sonneberg,11.18985,0.639061,0.766705
032,Jena,11.58295,0.631624,0.772706
033,"Karl Schwarzschild Observatory, Tautenburg",11.71124,0.630904,0.773338
034,"Monte Mario Observatory, Rome",12.45246,0.745176,0.664656
035,Copenhagen,12.57592,0.565008,0.822321
036,Castel Gandolfo,12.6504,0.747247,0.66242
037,"Collurania Observatory, Teramo",13.7333,0.7366,0.67416
038,Trieste,13.7704,0.70033,0.71144
039,Lund,13.1874,0.56485,0.82243
040,"Lohrmann Institute, Dresden",13.7298,0.63019,0.77387
041,Innsbruck,11.38083,0.679862,0.731012
042,Potsdam,13.06428,0.611721,0.788439
043,"Asiago Astrophysical Observatory, Padua",11.52643,0.697656,0.714269
044,"Capodimonte Observatory, Naples",14.2559,0.75738,0.65082
045,Vienna (since 1879),16.339,0.66739,0.74227
046,"Klet Observatory, Ceske Budejovice",14.2881,0.65922,0.74965
047,Poznan,16.8782,0.61146,0.78864
048,Hradec Kralove,15.8408,0.641709,0.764432
049,Uppsala-Kvistaberg,17.6067,0.5088,0.858
050,Stockholm (before 1931),18.0582,0.51118,0.8566
051,"Royal Observatory, Cape of Good Hope",18.4766,0.83055,-0.55508
052,Stockholm-Saltsjobaden,18.3083,0.51224,0.85597
053,"Konkoly Observatory, Budapest (since 1933)",18.9642,0.67688,0.73373
054,Brorfelde,11.6654,0.56595,0.82169
055,Cracow,19.9596,0.64321,0.76316
056,Skalnate Pleso,20.23418,0.655001,0.75347
057,Belgrade,20.5133,0.71074,0.70116
058,Kaliningrad,20.495,0.57897,0.81262
059,Lomnicky Stit,20.2201,0.655,0.75364
060,Warsaw-Ostrowik,21.42,0.61572,0.78535
061,Uzhhorod,22.2985,0.662142,0.746904
062,Turku,22.2293,0.4944,0.86632
063,Turku-Tuorla,22.445,0.49496,0.86601
064,Turku-Kevola,22.75,0.49489,0.86605
065,Traunstein,12.6318,0.67222,0.738
066,Athens,23.71817,0.789321,0.611946
067,Lviv University Observatory,24.0297,0.64632,0.76058
068,Lviv Polytechnic Institute,24.0142,0.64627,0.76062
069,Baldone,24.4042,0.54925,0.83287
070,Vilnius (before 1939),25.2865,0.5794,0.81233
071,"NAO Rozhen, Smolyan",24.73782,0.74803,0.66185
072,Scheuren Observatory,7.17,0.629,0.774
073,Bucharest,26.09391,0.715515,0.696285
074,"Boyden Observatory, Bloemfontein",26.4058,0.87518,-0.48263
075,Tartu,26.7216,0.52557,0.84791
076,Johannesburg-Hartbeespoort,27.8768,0.90127,-0.43225
077,"Yale-Columbia Station, Johannesburg",28.0292,0.89819,-0.43876
078,Johannesburg,28.075,0.89824,-0.43868
079,"Radcliffe Observatory, Pretoria",28.2288,0.9012,-0.43251
080,Istanbul,28.9667,0.75566,0.65278
081,"Leiden Station, Johannesburg",27.8768,0.90127,-0.43225
082,St. Polten,15.7561,0.66929,0.74063
083,Holosiivskyi district-Kyiv,30.5056,0.63918,0.76651
084,Pulkovo,30.3274,0.50471,0.86041
085,Kyiv,30.5023,0.638,0.76749
086,Odesa,30.7582,0.68987,0.72152
087,Helwan,31.3411,0.86799,0.49495
088,Kottomia,31.82769,0.867391,0.496114
089,Mykolaiv,31.9747,0.68359,0.72743
090,Mainz,8.25,0.645,0.762
091,"Observatoire de Nurol, Aurec sur Loire",4.20919,0.70363,0.708287
092,Torun-Piwnice,18.5546,0.60177,0.79601
093,Skibotn,20.3647,0.3537,0.9322
094,Crimea-Simeiz,33.9974,0.71565,0.6962
095,Crimea-Nauchnyi,34.016,0.71172,0.70024
096,Merate,9.4283,0.69967,0.71215
097,"Wise Observatory, Mitzpeh Ramon",34.7625,0.86165,0.50608
098,"Asiago Observatory, Cima Ekar, 182 cm Copernicus",11.569,0.697916,0.71409
099,Lahti,25.53529,0.484073,0.872114
100,Ahtari,24.14145,0.461165,0.88437
101,Kharkiv,36.2322,0.64403,0.76246
102,Zvenigorod,36.75953,0.564841,0.822468
103,Ljubljana,14.52774,0.695365,0.716346
104,San Marcello Pistoiese,10.80375,0.719842,0.69204
105,Moscow,37.5706,0.56403,0.82302
106,Crni Vrh,14.0711,0.69662,0.71519
107,Cavezzo,11.003,0.70998,0.70186
108,Montelupo,11.0278,0.72367,0.68784
109,Algiers-Kouba,3.0705,0.80241,0.59481
110,Rostov,39.415,0.54316,0.83683
111,"Piazzano Observatory, Florence",10.9721,0.72439,0.6871
112,"Pleiade Observatory, Verona",10.9039,0.70232,0.7095
113,"Volkssternwarte Drebach, Schoenbrunn",13.0166,0.63502,0.77001
114,"Engelhardt Observatory, Zelenchukskaya Station",41.4277,0.72489,0.68702
115,Zelenchukskaya,41.44067,0.725004,0.686912
116,Giesing,11.5958,0.66893,0.74094
117,Sendling,11.5385,0.66897,0.74092
118,"Astronomical and Geophysical Observatory, Modra",17.274,0.66558,0.74394
119,Abastuman,42.82,0.74731,0.66262
120,Visnjan,13.7261,0.70489,0.70699
121,"Kharkiv University, Chuhuivskyi district Station",36.93403,0.648856,0.758394
122,Pises Observatory,3.5035,0.72017,0.69176
123,Byurakan,44.2917,0.76352,0.64398
124,Castres,2.255,0.72534,0.68612
125,Tbilisi,44.7895,0.747594,0.662026
126,"Monte Viseggi L. Zannoni Observatory, La Spezia",9.79015,0.718943,0.692828
127,Bornheim,6.9797,0.63385,0.77088
128,Saratov,46.00661,0.623279,0.779393
129,Ordubad,45.92,0.777,0.628
130,Lumezzane,10.23963,0.700148,0.711796
131,Observatoire de l\'Ardeche,4.725,0.7123,0.6996
132,Bedoin,5.2461,0.71919,0.6926
133,Les Tardieux,5.0906,0.72819,0.68309
134,Groszschwabhausen,11.48245,0.631607,0.772773
135,Kasan,49.121,0.56353,0.82334
136,"Engelhardt Observatory, Kasan",48.8156,0.56282,0.82383
137,Givatayim Observatory,34.8147,0.84821,0.5279
138,Village-Neuf,7.5717,0.6755,0.73494
139,Antibes,7.1108,0.72526,0.68618
140,Augerolles,3.6294,0.69945,0.71241
141,Hottviller,7.3672,0.65646,0.75189
142,Sinsen,7.1874,0.62156,0.78075
143,Gnosca,9.02406,0.692986,0.71859
144,Bray et Lu,1.666,0.65549,0.75268
145,\'s-Gravenwezel,4.5597,0.62734,0.77614
146,Frignano,10.6673,0.71715,0.69487
147,Osservatorio Astronomico di Suno,8.57391,0.70043,0.711392
148,Guitalens,2.0375,0.72481,0.68667
149,Beine-Nauroy,4.2236,0.65403,0.75396
150,Maisons Laffitte,2.1572,0.65806,0.75045
151,"Eschenberg Observatory, Winterthur",8.744,0.67719,0.73346
152,Moletai Astronomical Observatory,25.5633,0.57036,0.81868
153,Stuttgart-Hoffeld,9.1747,0.6608,0.74814
154,Cortina,12.1043,0.68923,0.7225
155,"Ole Romer Observatory, Aarhus",10.1971,0.55864,0.82664
156,Catania Astrophysical Observatory,15.0858,0.79431,0.60549
157,Frasso Sabino,12.8117,0.74166,0.66864
158,Promiod,7.6033,0.69871,0.71333
159,Monte Agliale,10.5153,0.72065,0.69115
160,Castelmartini,10.84144,0.722651,0.688913
161,Cerrina Tololo Observatory,8.1605,0.70725,0.70467
162,Potenza,15.7805,0.75988,0.64808
163,"Roeser Observatory, Luxembourg",6.1492,0.65017,0.75731
164,St. Michel sur Meurthe,6.8861,0.66631,0.74325
165,"Piera Observatory, Barcelona",1.7553,0.74984,0.65946
166,Upice,16.0117,0.6373,0.76812
167,Bulach Observatory,8.5727,0.67662,0.73398
168,Kourovskaya,59.5472,0.54541,0.83541
169,Airali Observatory,8.4016,0.70737,0.70453
170,Observatorio de Begues,1.9206,0.75217,0.65711
171,"Flarestar Observatory, San Gwann",14.4697,0.81089,0.58327
172,Onnens,7.0364,0.68593,0.72539
173,"St. Clotilde, Reunion",55.5061,0.93464,-0.35447
174,"Nyrola Observatory, Jyvaskyla",25.5131,0.46536,0.88219
175,"F.-X. Bagnoud Observatory, St-Luc",7.6083,0.6932,0.7188
176,Observatorio Astronomico de Consell,2.8225,0.77098,0.63475
177,Le Cres,3.9414,0.72477,0.68669
178,Collonges,6.1344,0.69423,0.71745
179,Monte Generoso,9.0175,0.69694,0.71507
180,Mauguio,3.9519,0.72571,0.6857
181,"Observatoire des Makes, Saint-Louis",55.41,0.93288,-0.35941
182,"St. Paul, Reunion",55.2586,0.93394,-0.35634
183,"Starlab Observatory, Karachay-Cherkessia",41.42,0.72496,0.68695
184,"Valmeca Observatory, Puimichel",6.0361,0.72081,0.69097
185,Observatoire Astronomique Jurassien-Vicques,7.4219,0.67876,0.732
186,Kitab,66.8821,0.77679,0.62781
187,"Astronomical Observatory, Borowiec",17.0733,0.61314,0.78735
188,Maidanak,66.89555,0.782059,0.621762
189,Geneva (before 1967),6.1514,0.6934,0.71823
190,Gissar,68.6819,0.78382,0.61909
191,Dushanbe,68.7811,0.78306,0.62006
192,Tashkent,69.2936,0.75213,0.65692
193,Sanglok,69.2178,0.78648,0.6161
194,Tivoli,18.0094,0.91807,-0.39579
195,"Untermenzing Observatory, Munich",11.4492,0.66804,0.74174
196,Homburg-Erbach,7.3331,0.65296,0.7549
197,Bastia,12.1836,0.71739,0.69434
198,Wildberg,8.75674,0.662195,0.746924
199,"Telescope Jean-Marc Salomon, Buthiers",2.438,0.66659,0.74294
200,Beersel Hills Observatory,4.3036,0.63385,0.77088
201,Jonathan B. Postel Observatory,7.6033,0.69871,0.71332
202,"Tamaris Observatoire, La Seyne sur Mer",5.8997,0.73137,0.67971
203,GiaGa Observatory,8.99548,0.701614,0.710215
204,Schiaparelli Observatory,8.76972,0.697648,0.714307
205,"Obs. Casalecchio di Reno, Bologna",11.2731,0.71478,0.69703
206,"Haagaar Observatory, Eina",10.5667,0.4922,0.8677
207,Osservatorio Antonio Grosso,9.3065,0.70156,0.71025
208,Rivalta,9.5875,0.70893,0.70294
209,"Asiago Observatory, Cima Ekar, 67/92 cm Schmidt",11.56883,0.697904,0.7141
210,Alma-Ata,76.9573,0.73042,0.68104
211,Scandicci,11.1764,0.72338,0.68815
212,Observatorio La Dehesilla,-4.64253,0.803253,0.593708
213,Observatorio Montcabre,2.38539,0.749843,0.659421
214,Garching Observatory,11.6569,0.66709,0.74258
215,Buchloe,10.7328,0.67021,0.73981
216,Observatoire des Cote de Meuse,5.6914,0.65732,0.75114
217,Assah,77.87114,0.730114,0.681643
218,Hyderabad,78.4541,0.95444,0.29768
219,Japal-Rangapur,78.7283,0.95618,0.29216
220,"Vainu Bappu Observatory, Kavalur",78.8263,0.97627,0.21634
221,"IAS Observatory, Hakos",16.3617,0.919631,-0.392203
222,Yerres-Canotiers,2.4939,0.66113,0.74777
223,Madras,80.2464,0.97427,0.22465
224,Ottmarsheim,7.50171,0.673178,0.737048
225,Northwood Ridge Observatory,-71.175,0.7298,0.6814
226,"Guido Ruggieri Observatory, Padua",11.8858,0.70293,0.70888
227,"OrbitJet Observatory, Colden",-78.7147,0.73683,0.67392
228,"Bruno Zugna Observatory, Trieste",13.875,0.70038,0.71147
229,"G. C. Gloriosi Astronomical Observatory, Salerno",14.9743,0.75936,0.64857
230,Mt. Wendelstein Observatory,12.0133,0.6744,0.7363
231,Vesqueville,5.3983,0.64403,0.76253
232,Masquefa Observatory,1.3317,0.75,0.6593
233,"Sauro Donati Astronomical Observatory, San Vito",10.5403,0.72226,0.68931
234,Coddenham Observatory,1.12833,0.614951,0.785931
235,"CAST Observatory, Talmassons",13.11352,0.696669,0.714993
236,Tomsk,84.9465,0.5537,0.82995
237,Baugy,2.7333,0.6822,0.7288
238,Grorudalen Optical Observatory,10.9094,0.50204,0.86197
239,Trebur,8.4114,0.64506,0.76159
240,Herrenberg Sternwarte,8.83317,0.662308,0.746832
241,Schaerding,13.47,0.66465,0.74474
242,Varennes,1.6956,0.72681,0.6846
243,"Umbrella Observatory, Fredenbeck",9.413,0.59572,0.8005
244,Geocentric Occultation Observation,0.0,0.0,0.0
246,Klet Observatory-KLENOT,14.28476,0.659216,0.749664
248,Hipparcos,0.0,0.0,0.0
251,Arecibo,-66.75308,0.949577,0.312734
252,"Goldstone DSS 13, Fort Irwin",-116.79488,0.817719,0.573979
253,"Goldstone DSS 14, Fort Irwin",-116.88953,0.815913,0.57651
254,"Haystack, Westford",-71.48872,0.736973,0.673692
255,Yevpatoriya,33.18689,0.705965,0.705886
256,Green Bank,-79.83983,0.784451,0.61832
257,"Goldstone DSS 25, Fort Irwin",-116.87539,0.816796,0.575252
259,EISCAT Tromso UHF,19.22586,0.349828,0.933688
260,Siding Spring Observatory-DSS,149.0661,0.8556,-0.51626
261,Palomar Mountain-DSS,-116.85978,0.836325,0.546877
262,"European Southern Observatory, La Silla-DSS",-70.73374,0.87344,-0.486052
263,Canberra DSS 35,148.981456,0.8161761,-0.5760541
264,Canberra DSS 36,148.978544,0.8161819,-0.5760434
265,Canberra DSS 43,148.981267,0.8161085,-0.5761476
266,New Horizons KBO Search-Subaru,-155.47604,0.941711,0.337239
267,New Horizons KBO Search-CFHT,-155.46891,0.941717,0.33724
268,Magellan-Clay Telescope,-70.69197,0.875516,-0.482342
269,Magellan-Baade Telescope,-70.69086,0.87551,-0.482349
271,"Australia Telescope Compact Array, W196 reduction, DSS 47",149.550139,0.8640511,-0.5017897
272,Canberra DSS 34,148.981964,0.8161487,-0.5760919
276,Plonsk,20.38279,0.608295,0.791076
277,"Royal Observatory, Blackford Hill, Edinburgh",-3.1825,0.56158,0.82467
278,"Peking, Transit of Venus site",116.4494,0.76818,0.63809
279,"Seeberg Observatory, Gotha (1787-1857)",10.72822,0.631526,0.772827
280,Lilienthal,8.9118,0.60114,0.79646
281,Bologna,11.3522,0.71448,0.69733
282,Nimes,4.3603,0.72245,0.68912
283,Bremen,8.8163,0.60204,0.79579
284,Driesen,15.8311,0.60536,0.79329
285,"Flammarion Observatory, Juvisy",2.3708,0.66135,0.74759
286,Yunnan Observatory,102.7883,0.90694,0.42057
287,"Ceduna 30, UTAS",133.809832,0.8500849,-0.5249288
290,Mt. Graham-VATT,-109.89201,0.842743,0.537438
291,LPL/Spacewatch II,-111.59976,0.849471,0.52647
292,"Burlington, New Jersey",-74.8942,0.7663,0.64033
293,Burlington remote site,-74.4101,0.76936,0.63668
294,"Astrophysical Obs., College of Staten Island",-74.1533,0.76031,0.64739
295,"Catholic University Observatory, Washington",-77.0,0.7789,0.6251
296,"Dudley Observatory, Albany (after 1893)",-73.78,0.7366,0.67407
297,Middlebury,-73.181,0.7203,0.6913
298,Van Vleck Observatory,-72.6592,0.74943,0.65988
299,"Bosscha Observatory, Lembang",107.616,0.99316,-0.11808
300,Bisei Spaceguard Center-BATTeRS,133.54444,0.82337,0.56572
301,Mont Megantic,-71.1533,0.70279,0.70926
302,University of the Andes station,-71.12,0.99,0.15
303,"OAN de Llano del Hato, Merida",-70.8704,0.9889,0.15185
304,Las Campanas Observatory,-70.691415,0.875513,-0.482346
305,"Purple Mountain, Hainan Island station",109.5514,0.82066,0.56963
306,"Observatorio Taya Beixo, Barquisimeto",-69.3231,0.98477,0.17381
307,"Shattuck Observatory, Hanover",-72.2834,0.7241,0.68743
308,"Usuda Deep Space Center, 64-m, Nagano",138.362762,0.8087922,0.5865304
309,Cerro Paranal,-70.40431,0.909943,-0.414336
310,Minor Planet Center Test Code,-71.12836,0.739802,0.670574
312,"Tsingtao field station, Xisha Islands",112.334,0.9574,0.2877
318,Quinns Rock,115.691,0.85206,-0.5217
319,"Perth Observatory, Perth-Lowell Telescope",116.135,0.84883,-0.52702
320,Chiro Observatory,116.4381,0.85859,-0.51102
321,Craigie,115.7571,0.85078,-0.52378
322,"Perth Observatory, Bickley-MCT",116.134,0.84882,-0.52703
323,"Perth Observatory, Bickley",116.135,0.84882,-0.52703
324,"Peking Observatory, Shaho Station",116.3277,0.76598,0.64072
327,"Peking Observatory, Xinglong Station",117.575,0.76278,0.6447
330,"Purple Mountain Observatory, Nanking",118.8209,0.84828,0.52788
333,Desert Eagle Observatory,-110.4764,0.84936,0.52642
334,Tsingtao,120.3196,0.80925,0.58552
336,Lucy,0.0,0.0,0.0
337,Sheshan,121.1843,0.85708,0.51348
338,Psyche,0.0,0.0,0.0
339,Trace Gas Orbiter,0.0,0.0,0.0
340,Toyonaka,135.4853,0.82199,0.56762
341,Akashina,137.9486,0.80669,0.58923
342,Shishikui,134.3189,0.83425,0.54955
343,Younchun,127.1258,0.78688,0.61507
344,Bohyunsan Optical Astronomy Observatory,128.9767,0.80841,0.58695
345,Sobaeksan Optical Astronomy Observatory,128.4575,0.80046,0.59773
346,KNUE Astronomical Observatory,127.3854,0.80474,0.59166
347,Utsunomiya-Imaizumi,139.9086,0.80417,0.59244
348,Ayabe,135.2669,0.81698,0.57475
349,Ageo,139.56622,0.810402,0.583916
350,Kurohone,139.2635,0.80504,0.59132
351,Sakamoto,135.8678,0.81939,0.57135
352,Konan,136.1778,0.82061,0.56963
353,Nishi Kobe,135.0648,0.82265,0.56669
354,Kawachi,140.0206,0.80109,0.59674
355,Hadano,139.2133,0.81618,0.5759
356,Kogota,141.0867,0.78319,0.6197
357,Shimotsuma,140.0064,0.80807,0.58712
358,Nanyo,140.1586,0.78856,0.61296
359,Wakayama,135.1719,0.82782,0.55912
360,Kuma Kogen,132.9442,0.83314,0.55138
361,Sumoto,134.8933,0.82649,0.56106
362,Ray Observatory,140.655,0.73673,0.67398
363,Yamada,130.7703,0.83416,0.54967
364,YCPM Kagoshima Station,130.5747,0.85213,0.52164
365,Uto Observatory,135.9579,0.82597,0.56196
366,Miyasaka Observatory,138.3003,0.81147,0.58267
367,Yatsuka,133.167,0.81504,0.57747
368,Ochiai,138.8117,0.81213,0.58191
369,Chichibu,139.15,0.8101,0.5844
370,Kochi,133.5273,0.83424,0.54956
371,Tokyo-Okayama,133.5965,0.82433,0.56431
372,Geisei,133.8276,0.8345,0.5492
373,Oishi,135.3397,0.82866,0.55797
374,Minami-Oda Observatory,134.7196,0.81915,0.57174
375,Uzurano,134.8708,0.8206,0.5697
376,Uenohara,139.0392,0.81321,0.58022
377,"Kwasan Observatory, Kyoto",135.7933,0.82014,0.57031
378,Murou,136.0142,0.82437,0.56426
379,Hamamatsu-Yuto,137.6279,0.823,0.56613
380,Ishiki,137.0349,0.8219,0.56772
381,Tokyo-Kiso,137.62542,0.812172,0.581777
382,Tokyo-Norikura,137.5553,0.80915,0.58639
383,Chirorin,137.8959,0.80218,0.59526
384,Shimada,138.1792,0.8219,0.5678
385,Nihondaira Observatory,138.468,0.82039,0.56997
386,Yatsugatake-Kobuchizawa,138.3217,0.81121,0.58309
387,Tokyo-Dodaira,139.1944,0.81,0.58469
388,Tokyo-Mitaka,139.5421,0.8133,0.57991
389,Tokyo (before 1938),139.7447,0.81347,0.57965
390,Utsunomiya,139.8725,0.80425,0.59234
391,"Sendai Observatory, Ayashi Station",140.77843,0.786177,0.61596
392,JCPM Sapporo Station,141.3667,0.73355,0.67741
393,JCPM Sakura Station,140.1292,0.809,0.5858
394,JCPM Hamatonbetsu Station,142.3208,0.70692,0.70493
395,Tokyo-Asahikawa,142.3583,0.7224,0.6891
396,Asahikawa,142.4208,0.7236,0.6879
397,Sapporo Science Center,141.4761,0.7321,0.67892
398,Nagatoro,139.108,0.8087,0.5863
399,Kushiro,144.59,0.73158,0.6795
400,Kitami,143.7827,0.72344,0.68811
401,Oosato,139.4208,0.8088,0.5861
402,Dynic Astronomical Observatory,136.3078,0.818,0.57335
403,Kani,137.0556,0.81593,0.57625
404,Yamamoto,140.9292,0.7909,0.6099
405,Kamihoriguchi,139.3292,0.8069,0.5887
406,Bibai,141.8233,0.72946,0.68174
407,Kahoku,140.3099,0.78426,0.61837
408,Nyukasa,138.1747,0.81121,0.58328
409,Kiyose and Mizuho,139.5211,0.81234,0.58124
410,Sengamine,134.891,0.81883,0.57222
411,Oizumi,139.417,0.80739,0.58805
412,Iwaki,140.5991,0.80011,0.59803
413,Siding Spring Observatory,149.06608,0.855595,-0.516262
414,Mount Stromlo,149.0077,0.81694,-0.57499
415,Kambah,149.0636,0.81615,-0.57606
416,Barton,149.1336,0.81701,-0.57485
417,Yanagida Astronomical Observatory,137.1371,0.79611,0.60317
418,Tamworth,150.94034,0.857259,-0.513294
419,Windsor,150.8329,0.8337,-0.55038
420,Sydney,151.205,0.83126,-0.55404
421,"Mt. Kajigamori, Otoyo",133.765,0.83244,0.55262
422,Loomberah,151.0461,0.85503,-0.51709
423,North Ryde,151.12473,0.831807,-0.553222
424,Macquarie,149.0658,0.81758,-0.57405
425,"Taylor Range Observatory, Brisbane",152.9316,0.88796,-0.45843
426,Woomera,136.8217,0.85618,-0.51498
427,Stockport,138.7283,0.82667,-0.56084
428,Reedy Creek,153.397,0.88271,-0.46837
429,Hawker,149.04,0.81761,-0.57402
430,"Rainbow Observatory, near Coonabarabran",149.2123,0.8555,-0.51623
431,"Mt. Tarana Observatory, Bathurst",149.7578,0.83548,-0.54793
432,Boambee,153.08222,0.86379,-0.502166
433,Bagnall Beach Observatory,152.1078,0.84197,-0.53771
434,S. Benedetto Po,10.9206,0.70765,0.70419
435,"G. Colombo Astronomical Observatory, Padua",11.8936,0.7033,0.70852
436,Osservatorio di Livergnano,11.3356,0.71658,0.69528
437,Haverford,-75.3029,0.767,0.63953
438,"Smith College Observatory, Northampton",-72.6379,0.74059,0.66978
439,"ROTSE-III, Los Alamos",-106.7461,0.81156,0.58288
440,Elginfield Observatory,-81.3158,0.73025,0.68097
441,"Swilken Brae, St. Andrews",-2.8303,0.55559,0.82867
442,Gualba Observatory,-2.5178,0.7477,0.6619
443,"Obs. Astronomico Plomer, Buenos Aires",-58.5344,0.8237,-0.56513
444,Star Cruiser Observatory,-116.7206,0.83507,0.54868
445,Observatorio d\'Ontinyent,-0.58,0.7802,0.6235
446,"Kingsnake Observatory, Seguin",-97.8334,0.87049,0.49058
447,Centennial Observatory,-104.7944,0.77154,0.63448
448,"Desert Moon Observatory, Las Cruces",-106.7199,0.84543,0.53268
449,"Griffin Hunter Observatory, Bethune",-80.3497,0.82617,0.56156
450,"Carla Jane Observatory, Charlotte",-80.6661,0.81857,0.57254
451,"West Skies Observatory, Mulvane",-97.2431,0.79447,0.60536
452,"Big Cypress Observatory, Fort Lauderdale",-80.8937,0.898,0.4385
453,Edwards Raven Observatory,-117.8669,0.8203,0.57021
454,Maryland Space Grant Consortium Observatory,-76.62322,0.774542,0.630425
455,CBA Concord,-122.0364,0.78912,0.61218
456,Daventry Observatory,-1.1722,0.61348,0.78709
457,Partizanske,18.3403,0.66221,0.74685
458,Guadarrama Observatory,-4.0194,0.75992,0.64805
459,"Smith River Observatory, Danbury",-71.8828,0.72607,0.68538
460,"Area 52 Observatory, Nashville",-94.0019,0.8301,0.55579
461,"University of Szeged, Piszkesteto Stn. (Konkoly)",19.89367,0.671543,0.738689
462,Mount Belleview Observatory,-76.9158,0.77905,0.62488
463,"Sommers-Bausch Observatory, Boulder",-105.2625,0.76726,0.63959
464,"Toby Point Observatory, Narragansett",-71.4987,0.75109,0.65799
465,Takapuna,174.7801,0.80166,-0.59578
466,"Mount Molehill Observatory, Auckland",174.8487,0.8002,-0.5977
467,Auckland Observatory,174.7766,0.80058,-0.59724
468,"Astronomical Observatory, Campo Catino",13.3296,0.74652,0.66349
469,Courroux,7.382,0.67873,0.73205
470,Ceccano,13.32756,0.749268,0.660088
471,Houstrup,8.2389,0.56364,0.82325
472,Merlette,6.3203,0.71225,0.69998
473,Remanzacco,13.31661,0.694793,0.716822
474,"Mount John Observatory, Lake Tekapo",170.46496,0.720773,-0.691079
475,Turin (before 1913),7.6965,0.70747,0.70443
476,"Grange Observatory, Bussoleno",7.14074,0.706597,0.705359
477,Galleywood,0.4856,0.62103,0.78117
478,Lamalou-les-Bains,3.0896,0.72548,0.68597
479,Sollies-Pont,6.0505,0.7302,0.68096
480,Cockfield,0.7733,0.61466,0.78616
481,Moorwarfen,7.93067,0.595365,0.800771
482,St. Andrews,-2.8146,0.5556,0.82866
483,"Carter Observatory, Black Birch Station",173.8036,0.74734,-0.66254
484,"Happy Valley, Wellington",174.7594,0.75191,-0.65706
485,"Carter Observatory, Wellington",174.7654,0.75256,-0.65635
486,Palmerston North,175.47,0.765,-0.643
487,Macnairston Observatory,-4.5556,0.56858,0.81989
488,Newcastle-upon-Tyne,-1.6336,0.57486,0.81553
489,Hemingford Abbots,-0.13,0.612,0.788
490,Wimborne Minster,-2.0,0.633,0.772
491,Centro Astronomico de Yebes,-3.1,0.76131,0.64644
492,Mickleover,-1.53,0.605,0.795
493,Calar Alto,-2.5458,0.79753,0.60182
494,Stakenbridge,-2.1639,0.61126,0.78879
495,Altrincham,-2.33753,0.597857,0.798936
496,Bishopstoke,-1.314,0.6311,0.7731
497,Loudwater,-0.70551,0.622323,0.78016
498,Earls Barton,-0.7419,0.61334,0.78718
499,Cheam,-0.20922,0.625578,0.777562
500,Geocentric,0.0,0.0,0.0
501,Herstmonceux,0.3475,0.63237,0.77208
502,Colchester,0.84793,0.618111,0.783475
503,Cambridge,0.0948,0.614,0.78667
504,Le Creusot,4.3944,0.68553,0.7257
505,Simon Stevin,4.5639,0.6229,0.7797
506,Bendestorf,9.96,0.598,0.797
507,Nyenheim,5.22,0.617,0.783
508,Zeist,5.29,0.617,0.783
509,La Seyne sur Mer,5.8725,0.73132,0.67976
510,Siegen,8.0256,0.63185,0.77257
511,Haute Provence,5.7157,0.7214,0.69034
512,Leiden (before 1860),4.4893,0.61477,0.78606
513,Lyons,4.7855,0.69971,0.71209
514,Mundenheim (1907-1913),8.438,0.6513,0.7563
515,"Volkssternwarte Dhaun, near Kirn",7.4956,0.64656,0.76038
516,Hamburg (before 1909),9.97321,0.595399,0.800741
517,Geneva (from 1967),6.1358,0.69201,0.71957
518,"Marine Observatory, Hamburg",9.9727,0.59545,0.80071
519,Meschede,8.2867,0.62598,0.77729
520,Bonn,7.0966,0.63427,0.77053
521,"Remeis Observatory, Bamberg",10.88794,0.645624,0.761154
522,Strasbourg,7.7677,0.66279,0.74633
523,Frankfurt,8.6512,0.64251,0.76374
524,Mannheim,8.4605,0.6509,0.7566
525,Marburg,8.76917,0.633171,0.771473
526,Kiel,10.1477,0.58426,0.80886
527,Altona,9.9431,0.5955,0.8007
528,Gottingen,9.9426,0.6234,0.77931
529,Christiania,10.7229,0.50259,0.86163
530,Lubeck,10.6898,0.5911,0.8039
531,"Collegio Romano, Rome",12.4797,0.74545,0.66434
532,Munich,11.6084,0.66853,0.7413
533,Padua,11.8715,0.70335,0.70847
534,Leipzig (since 1861),12.3913,0.62606,0.77719
535,Palermo,13.3578,0.78782,0.61386
536,Berlin-Babelsberg,13.1062,0.61135,0.78873
537,"Urania Observatory, Berlin",13.3642,0.6097,0.79
538,Pola,13.8461,0.70998,0.70187
539,Kremsmunster,14.1316,0.66968,0.74024
540,Linz,14.2753,0.6647,0.74477
541,Prague,14.3953,0.64306,0.76331
542,Falkensee,13.0374,0.6091,0.7904
543,Leipzig (before 1861),12.3688,0.626,0.7772
544,"Wilhelm Foerster Observatory, Berlin",13.35131,0.610644,0.789263
545,Vienna (before 1879),16.3817,0.66767,0.742
546,"Oppolzer Observatory, Vienna",16.3549,0.6676,0.74207
547,Breslau,17.0363,0.62904,0.77479
548,Berlin (1835-1913),13.395,0.60999,0.78976
549,Uppsala,17.6257,0.50341,0.86116
550,Schwerin,11.4196,0.5943,0.8015
551,Hurbanovo,18.1895,0.67201,0.73808
552,"Osservatorio S. Vittore, Bologna",11.3418,0.71485,0.697
553,Chorzow,18.9938,0.64002,0.76574
554,"Burgsolms Observatory, Wetzlar",8.3959,0.63684,0.76845
555,Cracow-Fort Skala,19.8263,0.64336,0.76306
556,"Reintal, near Munich",11.26,0.675,0.734
557,Ondrejov,14.77961,0.64525,0.761529
558,Warsaw,21.0303,0.61396,0.78672
559,Serra La Nave,14.98,0.793,0.607
560,Madonna di Dossobuono,10.931,0.703262,0.708561
561,Piszkesteto Stn. (Konkoly),19.89367,0.671543,0.738689
562,"Figl Observatory, Vienna",15.9236,0.66938,0.74062
563,Seewalchen,13.6,0.671,0.739
564,Herrsching,11.19,0.671,0.741
565,Bassano Bresciano,10.1344,0.70437,0.70746
566,Haleakala-NEAT/GEODSS,-156.2576,0.93623,0.35156
567,Chions,12.7117,0.69783,0.71387
568,Maunakea,-155.4722,0.94171,0.33725
569,Helsinki,24.9587,0.49891,0.86375
570,Vilnius (since 1939),25.299,0.5794,0.8123
571,Cavriana,10.63,0.704,0.708
572,Cologne,6.89,0.631,0.772
573,Eldagsen,9.6612,0.6145,0.7862
574,Gottolengo,10.2667,0.70463,0.70721
575,La Chaux de Fonds,6.808,0.68219,0.72894
576,Burwash,0.376,0.63067,0.77346
577,Metzerlen Observatory,7.5,0.678,0.734
578,Linden Observatory,27.99,0.898,-0.439
579,Novi Ligure,8.85,0.711,0.701
580,Graz,15.4936,0.68242,0.72862
581,Sedgefield,22.8,0.83,-0.556
582,Orwell Park,1.2408,0.61682,0.78447
583,Odesa-Mayaki,30.2717,0.69087,0.72056
584,Leningrad,30.2946,0.50213,0.86189
585,Kyiv comet station,30.52462,0.640067,0.765748
586,Pic du Midi,0.1423,0.73358,0.67799
587,Sormano,9.22918,0.697459,0.714479
588,Eremo di Tizzano,11.25,0.715,0.697
589,Santa Lucia Stroncone,12.64369,0.738223,0.672386
590,Metzerlen,7.46,0.678,0.734
591,Resse Observatory,9.6258,0.60995,0.78979
592,Solingen,7.02114,0.628245,0.775437
593,Monte Argentario,11.17,0.739,0.671
594,Monte Autore,13.2033,0.74497,0.66529
595,Farra d\'Isonzo,13.52578,0.696925,0.714749
596,Colleverde di Guidonia,12.6183,0.74446,0.66545
597,Springe,9.6631,0.61461,0.78621
598,Loiano,11.33409,0.717444,0.694448
599,Campo Imperatore-CINEOS,13.55764,0.739311,0.671604
600,"TLC Observatory, Bologna",11.4708,0.71618,0.69564
601,"Engelhardt Observatory, Dresden",13.7281,0.63009,0.77394
602,"Urania Observatory, Vienna",16.3854,0.66764,0.74203
603,Bothkamp,10.13,0.58622,0.80745
604,"Archenhold Sternwarte, Berlin-Treptow",13.47524,0.610235,0.789572
605,Marl,7.113,0.62142,0.78086
606,Norderstedt,9.9956,0.59353,0.80212
607,"Hagen Observatory, Ronkhausen",8.0,0.6277,0.776
608,Haleakala-AMOS,-156.258,0.93623,0.35156
609,Osservatorio Polino,12.8533,0.73772,0.67314
610,Pianoro,11.3431,0.71577,0.69604
611,"Starkenburg Sternwarte, Heppenheim",8.6531,0.64877,0.75848
612,Lenkerbeck,7.1,0.625,0.778
613,Heisingen,7.0709,0.62504,0.778
614,Soisy-sur-Seine,2.467,0.6621,0.7469
615,St. Veran,6.9067,0.71233,0.70014
616,Brno,16.58348,0.654655,0.753466
617,Arbonne la Foret,2.5725,0.66496,0.74437
618,Martigues,5.0077,0.7275,0.68382
619,Sabadell,2.09013,0.749506,0.659828
620,Observatorio Astronomico de Mallorca,2.9517,0.7711,0.63463
621,Bergisch Gladbach,7.48503,0.629461,0.774501
622,Oberwichtrach,7.568,0.68778,0.72358
623,Liege,5.5667,0.63577,0.76932
624,Dertingen,9.6167,0.64723,0.75977
625,Kihei-AMOS Remote Maui Experimental Site,-156.4317,0.93557,0.35201
626,Geel,4.9864,0.62847,0.77524
627,Blauvac,5.2146,0.72002,0.69168
628,Mulheim-Ruhr,6.84366,0.624789,0.778184
629,Szeged Observatory,20.1511,0.69273,0.7188
630,Osenbach,7.2367,0.67051,0.73951
631,Hamburg-Georgswerder,10.02293,0.595992,0.800307
632,San Polo A Mosciano,11.1739,0.7238,0.68773
633,Romito,9.9339,0.7193,0.69238
634,Crolles,5.1456,0.70182,0.71007
635,Pergignan,2.9019,0.73605,0.67467
636,Essen,6.9794,0.62524,0.77783
637,Hamburg-Himmelsmoor,10.0903,0.59326,0.80232
638,Detmold,8.8933,0.61778,0.78374
639,Dresden,13.7233,0.62933,0.77456
640,Senftenberger Sternwarte,13.5996,0.6429,0.7634
641,Overberg,20.0272,0.82468,-0.56374
642,"Oak Bay, Victoria",-123.315,0.6648,0.7445
643,OCA-Anza Observatory,-116.7206,0.83507,0.54868
644,Palomar Mountain/NEAT,-116.85978,0.836325,0.546877
645,Apache Point-Sloan Digital Sky Survey,-105.82058,0.841945,0.538563
646,"Santana Observatory, Rancho Cucamonga",-117.5631,0.82999,0.55603
647,"Stone Finder Observatory, Calgary",-114.0317,0.6337,0.7712
648,"Winer Observatory, Sonoita",-110.60178,0.852115,0.522053
649,"Powell Observatory, Louisburg",-94.6997,0.78207,0.62117
650,Temecula,-117.0972,0.8351,0.54836
651,"Grasslands Observatory, Tucson",-110.58084,0.852069,0.522123
652,"Rock Finder Observatory, Calgary",-114.0667,0.6291,0.7749
653,"Torus Observatory, Buckley",-122.1322,0.68091,0.72996
654,"Table Mountain Observatory, Wrightwood-PHMC",-117.68159,0.826471,0.561727
655,Sooke,-123.617,0.6656,0.7438
656,Victoria,-123.6079,0.6658,0.74367
657,"Climenhaga Observatory, Victoria",-123.3097,0.66437,0.74491
658,National Research Council of Canada,-123.417,0.663631,0.745601
659,"Heron Cove Observatory, Orcas",-122.9486,0.66257,0.7465
660,"Leuschner Observatory, Berkeley",-122.2621,0.79038,0.61059
661,"Rothney Astrophysical Observatory, Priddis",-114.2883,0.63251,0.77222
662,"Lick Observatory, Mount Hamilton",-121.6455,0.79619,0.60335
663,Red Mountain Observatory,-111.6864,0.83483,0.54879
664,Manastash Ridge Observatory,-120.7225,0.684,0.7273
665,Wallis Observatory,-119.0097,0.82215,0.56781
666,Moorpark College Observatory,-118.8308,0.827,0.5604
667,Wanapum Dam,-119.99079,0.684483,0.726626
668,San Emigdio Peak,-119.18,0.821,0.568
669,Ojai,-119.1762,0.8254,0.56279
670,Camarillo,-119.0442,0.82775,0.55922
671,Stony Ridge,-117.99802,0.827184,0.560523
672,Mount Wilson,-118.0564,0.82794,0.55942
673,"Table Mountain Observatory, Wrightwood",-117.68217,0.826474,0.561722
674,"Ford Observatory, Wrightwood",-117.66395,0.826464,0.56173
675,Palomar Mountain,-116.86254,0.836357,0.546831
676,San Clemente,-117.6093,0.83553,0.54762
677,Lake Arrowhead,-117.1719,0.82746,0.56012
678,Fountain Hills,-111.7403,0.83352,0.55083
679,San Pedro Martir,-115.4633,0.85792,0.51292
680,Los Angeles,-115.22,0.833,0.554
681,Calgary,-114.1142,0.62954,0.77459
682,Kanab,-112.3619,0.79932,0.59932
683,"Goodricke-Pigott Observatory, Tucson",-111.0818,0.84751,0.52922
684,Prescott,-112.49,0.82512,0.56356
685,Williams,-112.16,0.816,0.575
686,"U. of Minn. Infrared Obs., Mt. Lemmon",-110.7908,0.84512,0.53359
687,"Northern Arizona University, Flagstaff",-111.6527,0.81848,0.57318
688,"Lowell Observatory, Anderson Mesa Station",-111.5355,0.81938,0.57193
689,"U.S. Naval Observatory, Flagstaff",-111.7399,0.81851,0.57319
690,"Lowell Observatory, Flagstaff",-111.6633,0.81832,0.57344
691,"Steward Observatory, Kitt Peak-Spacewatch",-111.60034,0.849466,0.526479
692,"Steward Observatory, Tucson",-110.9487,0.84679,0.53036
693,"Catalina Station, Tucson",-110.73255,0.845313,0.533209
694,"Tumamoc Hill, Tucson",-111.0057,0.847,0.53009
695,Kitt Peak,-111.59467,0.849504,0.526425
696,"Whipple Observatory, Mt. Hopkins",-110.8846,0.85205,0.52249
697,"Kitt Peak, McGraw-Hill",-111.61619,0.849546,0.526308
698,Mt. Bigelow,-110.73264,0.845316,0.533212
699,Lowell Observatory-LONEOS,-111.53669,0.81938,0.57193
700,Chinle,-109.6183,0.80656,0.5896
701,"Junk Bond Observatory, Sierra Vista",-110.20284,0.853823,0.519224
702,"Joint Obs. for cometary research, Socorro",-107.1883,0.8305,0.5561
703,Catalina Sky Survey,-110.73264,0.845311,0.533211
704,"Lincoln Laboratory ETS, New Mexico",-106.65907,0.831869,0.553542
705,Apache Point,-105.82058,0.841945,0.538563
706,Salida,-106.0634,0.78294,0.62043
707,Chamberlin field station,-105.44,0.774,0.633
708,"Chamberlin Observatory, Denver",-104.9525,0.77092,0.6352
709,"W & B Observatory, Cloudcroft",-105.77118,0.84025,0.541096
710,"MPO Observatory, Florissant",-105.2664,0.7798,0.62458
711,"McDonald Observatory, Fort Davis",-104.0215,0.86114,0.50731
712,"USAF Academy Observatory, Colorado Springs",-104.88133,0.778365,0.62625
713,Thornton,-105.0103,0.76865,0.63793
714,Bagdad,-113.1827,0.82444,0.56439
715,"Jornada Observatory, Las Cruces",-106.7241,0.84546,0.53264
716,"Palmer Divide Observatory, Colorado Springs",-104.7511,0.77753,0.62731
717,Prude Ranch,-103.9519,0.8616,0.50636
718,Tooele,-112.2958,0.76004,0.64802
719,Etscorn Observatory,-106.91392,0.829384,0.557204
720,Universidad de Monterrey,-100.3739,0.90216,0.43018
721,Lime Creek,-100.2688,0.76271,0.64476
722,Missouri City,-95.5808,0.87017,0.4911
723,"Cottonwood Observatory, Ada",-96.67,0.82134,0.56861
724,"National Observatory, Tacubaya",-99.1947,0.94388,0.33026
725,Fair Oaks Ranch,-98.6547,0.86883,0.49358
726,Brainerd,-94.3067,0.69024,0.7212
727,"Zeno Observatory, Edmond",-97.46128,0.813941,0.579096
728,Corpus Christi,-97.3916,0.8861,0.46194
729,"Glenlea Astronomical Observatory, Winnipeg",-97.12142,0.648804,0.758451
730,"University of North Dakota, Grand Forks",-97.15857,0.671544,0.738537
731,"Rose-Hulman Observatory, Terre Haute",-87.3289,0.7729,0.63244
732,Oaxaca,-96.77,0.95591,0.29359
733,"Allen, Texas",-96.6454,0.83802,0.54387
734,"Farpoint Observatory, Eskridge",-96.00242,0.779425,0.624489
735,"George Observatory, Needville",-95.5936,0.872133,0.487634
736,Houston,-96.6643,0.87006,0.49132
737,"New Bullpen Observatory, Alpharetta",-84.3367,0.8282,0.5586
738,Observatory of the State University of Missouri,-92.3267,0.7788,0.6252
739,"Sunflower Observatory, Olathe",-94.756,0.77965,0.62419
740,"SFA Observatory, Nacogdoches",-94.6617,0.8511,0.5233
741,"Goodsell Observatory, Northfield",-93.1497,0.71493,0.69692
742,"Drake University, Des Moines",-93.68784,0.748989,0.660428
743,"University of Minnesota, Minneapolis",-92.23852,0.708545,0.703382
744,"Doyan Rose Observatory, Indianapolis",-86.1622,0.76884,0.63735
745,"Morrison Obervatory, Glasgow",-92.8253,0.77569,0.62906
746,"Brooks Observatory, Mt. Pleasant",-84.7746,0.72551,0.68597
747,Highland Road Park Observatory,-91.0708,0.86373,0.50227
748,"Van Allen Observatory, Iowa City",-91.532,0.75014,0.65912
749,Oakwood,-83.8358,0.82795,0.55902
750,"Hobbs Observatory, Fall Creek",-91.2718,0.71059,0.70131
751,Lake Saint Louis,-90.7561,0.78038,0.62324
752,"Puckett Observatory, Mountain Town",-84.5353,0.82278,0.56659
753,"Washburn Observatory, Madison",-89.40931,0.731622,0.679491
754,"Yerkes Observatory, Williams Bay",-88.5568,0.73762,0.67303
755,Optec Observatory,-85.3522,0.73353,0.67743
756,"Dearborn Observatory, Evanston (bef. July 1939)",-87.67433,0.743605,0.666407
757,High Point,-79.995,0.8096,0.5851
758,"BCC Observatory, Cocoa",-80.7621,0.88044,0.47257
759,Nashville,-86.8053,0.80946,0.5853
760,"Goethe Link Observatory, Brooklyn",-86.3952,0.77216,0.63337
761,Zephyrhills,-82.3544,0.88138,0.47083
762,"Four Winds Observatory, Lake Leelanau",-85.7992,0.70885,0.70304
763,King City,-79.5342,0.72157,0.69009
764,"Puckett Observatory, Stone Mountain",-84.8561,0.83264,0.55205
765,Cincinnati,-84.4225,0.77669,0.62784
766,"Michigan State University Obs., East Lansing",-84.4833,0.736,0.67477
767,Ann Arbor,-83.7303,0.74102,0.6693
768,"Dearborn Observatory, Evanston (aft. Oct. 1939)",-87.67512,0.743585,0.66643
769,"McMillin Observatory, Columbus",-83.0108,0.76716,0.63936
770,"Crescent Moon Observatory, Columbus",-85.9214,0.77573,0.629
771,"Boyeros Observatory, Havana",-82.43,0.922,0.389
772,"Boltwood Observatory, Stittsville",-75.9135,0.70517,0.70669
773,"Warner and Swasey Observatory, Cleveland",-81.5682,0.74966,0.65966
774,"Warner and Swasey Nassau Station, Chardon",-81.075,0.74905,0.66039
775,"Sayre Observatory, South Bethlehem",-75.3832,0.76029,0.64743
776,"Foggy Bottom, Hamilton",-75.5331,0.73472,0.67619
777,Toronto,-79.3983,0.72454,0.68695
778,"Allegheny Observatory, Pittsburgh",-80.0222,0.76172,0.64582
779,"David Dunlap Observatory, Richmond Hill",-79.4221,0.72219,0.68943
780,"Leander McCormick Observatory, Charlottesville",-78.5222,0.78868,0.6128
781,Quito,-78.4925,1.00045,-0.00405
782,"Quito, comet astrograph station",-78.35,0.999,0.0
783,Rixeyville,-77.98,0.783,0.622
784,"Stull Observatory, Alfred University",-77.7854,0.7414,0.66895
785,"Fitz-Randolph Observatory, Princeton",-74.6458,0.76323,0.64397
786,"U.S. Naval Obs., Washington (since 1893)",-77.0655,0.77906,0.62487
787,"U.S. Naval Obs., Washington (before 1893)",-77.0506,0.77934,0.62451
788,"Mount Cuba Observatory, Wilmington",-75.6333,0.76953,0.6365
789,"Litchfield Observatory, Clinton",-75.406,0.73188,0.67922
790,"Dominion Observatory, Ottawa",-75.7165,0.70343,0.7084
791,"Flower and Cook Observatory, Philadelphia",-75.4764,0.76713,0.63937
792,"University of Rhode Island, Quonochontaug",-71.70095,0.751746,0.657236
793,"Dudley Observatory, Albany (before 1893)",-73.7485,0.7365,0.6742
794,"Vassar College Observatory, Poughkeepsie",-73.89,0.74789,0.66161
795,Rutherford,-73.96139,0.757969,0.650106
796,Stamford,-73.55,0.755,0.654
797,"Yale Observatory, New Haven",-72.9249,0.75218,0.65676
798,"Yale Observatory, Bethany",-72.9846,0.75093,0.65822
799,Winchester,-71.135,0.73896,0.6715
800,"Harvard Observatory, Arequipa",-71.5489,0.96006,-0.28021
801,Oak Ridge Observatory,-71.55767,0.738364,0.672183
802,"Harvard Observatory, Cambridge",-71.12836,0.739802,0.670574
803,Taunton,-71.0833,0.74543,0.66436
804,Santiago-San Bernardo,-70.6879,0.83421,-0.54976
805,Santiago-Cerro El Roble,-71.02,0.83997,-0.54145
806,Santiago-Cerro Calan,-70.5487,0.83584,-0.54738
807,"Cerro Tololo Observatory, La Serena",-70.8059,0.8656,-0.4998
808,El Leoncito,-69.3292,0.85098,-0.52414
809,"European Southern Observatory, La Silla",-70.73374,0.87344,-0.486052
810,"Wallace Observatory, Westford",-71.4846,0.73712,0.67352
811,"Maria Mitchell Observatory, Nantucket",-70.10435,0.752586,0.656289
812,Vina del Mar,-71.5457,0.83992,-0.54093
813,Santiago-Quinta Normal (1862-1920),-70.6917,0.83533,-0.54805
814,North Scituate,-71.58083,0.746007,0.663734
815,Santiago-Santa Lucia (1849-1861),-70.6521,0.83539,-0.54799
816,Rand Observatory,-74.2417,0.71645,0.69542
817,Sudbury,-71.3896,0.74018,0.67017
818,"Gemeaux Observatory, Laval",-73.5833,0.704,0.7079
819,Val-des-Bois,-75.615,0.6972,0.71451
820,Tarija,-64.62419,0.930491,-0.365872
821,Cordoba-Bosque Alegre,-64.54959,0.852688,-0.521032
822,Cordoba,-64.19863,0.854203,-0.518325
823,Fitchburg,-71.8309,0.73715,0.67354
824,Lake Clear,-74.2472,0.71641,0.69546
825,Granville,-71.7405,0.74033,0.67003
826,Plessissville,-71.7718,0.69312,0.71843
827,Saint-Felicien,-72.4607,0.6619,0.7471
828,Assonet,-71.0242,0.74656,0.6631
829,Complejo Astronomico El Leoncito,-69.3021,0.85102,-0.52411
830,Hudson,-71.4303,0.73491,0.6759
831,"Rosemary Hill Observatory, University of Florida",-82.5866,0.87191,0.48804
832,Etters,-76.815,0.7653,0.6416
833,"Obs. Astronomico de Mercedes, Buenos Aires",-58.5367,0.82373,-0.56508
834,Buenos Aires-AAAA,-58.4346,0.82398,-0.56473
835,"Drum Hill Station, Chelmsford",-71.3572,0.73709,0.67354
836,"Furnace Brook Observatory, Cranston",-71.4989,0.74708,0.66252
837,Jupiter,-80.2447,0.89228,0.44996
838,Dayton,-84.1372,0.77,0.63596
839,La Plata,-57.9322,0.82097,-0.56906
840,Flint,-83.7167,0.73235,0.6787
841,"Martin Observatory, Blacksburg",-80.55767,0.796229,0.60322
842,Gettysburg College Observatory,-77.2322,0.76901,0.63713
843,"Emerald Lane Observatory, Decatur",-86.9352,0.82481,0.56357
844,Observatorio Astronomico Los Molinos,-56.19018,0.822499,-0.566884
845,"Ford Observatory, Ithaca",-76.4942,0.73942,0.67107
846,"Principia Astronomical Observatory, Elsah",-90.34499,0.779842,0.623926
847,"Lunar Cafe Observator, Flint",-84.025,0.7078,0.7041
848,"Tenagra Observatory, Cottage Grove",-122.9781,0.72412,0.68741
849,"Everstar Observatory, Olathe",-94.8306,0.77927,0.62467
850,"Cordell-Lorenz Observatory, Sewanee",-85.9198,0.8181,0.57333
851,"Burke-Gaffney Observatory, Halifax",-63.58038,0.71283,0.698986
852,"River Moss Observatory, St. Peters",-90.595,0.7805,0.6231
853,Biosphere 2 Observatory,-110.846731,0.8436026,0.5355075
854,"Sabino Canyon Observatory, Tucson",-110.82005,0.846183,0.531351
855,"Wayside Observatory, Minnetonka",-93.4617,0.7093,0.7026
856,Riverside,-117.446,0.83,0.556
857,"Iowa Robotic Observatory, Sonoita",-110.6008,0.85213,0.52204
858,"Tebbutt Observatory, Edgewood",-106.22,0.8194,0.5719
859,Wykrota Observatory-CEAMIG,-43.6903,0.94132,-0.33707
860,Valinhos,-46.9653,0.92108,-0.38842
861,Barao Geraldo,-47.0796,0.92253,-0.38487
862,Saku,138.5262,0.80861,0.58658
863,Furukawa,137.18,0.807,0.588
864,Kumamoto,130.7533,0.84257,0.5368
865,"Emmy Observatory, New Paltz",-74.1208,0.74765,0.66189
866,"U.S. Naval Academy, Michelson",-76.49,0.7784,0.6257
867,Saji Observatory,134.1222,0.81671,0.57522
868,Hidaka Observatory,135.1359,0.83066,0.55492
869,Tosa,133.4298,0.8348,0.5487
870,Campinas,-46.82589,0.921798,-0.386786
871,Akou,134.3925,0.82256,0.56678
872,Tokushima,134.2411,0.82904,0.55734
873,Kurashiki Observatory,133.7717,0.8241,0.56455
874,"Observatorio do Pico dos Dias, Itajuba",-45.58265,0.924359,-0.380986
875,Yorii,139.2353,0.80896,0.58593
876,Honjo,139.2467,0.80762,0.58774
877,Okutama,139.0828,0.81194,0.58196
878,Kagiya,136.9142,0.82019,0.57019
879,Tokai,137.3535,0.8197,0.57099
880,Rio de Janeiro,-43.2229,0.92169,-0.38664
881,Toyota,137.2571,0.81872,0.5723
882,JCPM Oi Station,137.3558,0.81842,0.57281
883,Shizuoka,138.4215,0.81986,0.57065
884,Kawane,138.0792,0.8187,0.5724
885,JCPM Yakiimo Station,138.4667,0.82049,0.56975
886,Mishima,138.9367,0.81836,0.5728
887,Ojima,139.3367,0.80745,0.58798
888,Gekko,138.9952,0.81885,0.57217
889,Karasuyama,140.1427,0.80322,0.59372
890,JCPM Tone Station,140.25,0.8108,0.5834
891,JCPM Kimachi Station,140.8633,0.78606,0.61609
892,YGCO Hoshikawa and Nagano Stations,139.4753,0.80852,0.5865
893,Sendai Municipal Observatory,140.86222,0.786233,0.61587
894,Kiyosato,138.4476,0.81113,0.58321
895,Hatamae,140.7203,0.78573,0.61658
896,Yatsugatake South Base Observatory,138.3678,0.81132,0.58292
897,YGCO Chiyoda Station,139.4929,0.80797,0.58725
898,Fujieda,138.1883,0.82107,0.56899
899,Toma,142.55,0.7224,0.6891
900,Moriyama,135.98994,0.819572,0.571083
901,Tajimi,137.0877,0.81664,0.57525
902,Ootake,132.2208,0.82775,0.55922
903,Fukuchiyama and Kannabe,135.174239,0.817354,0.574227
904,Go-Chome and Kobe-Suma,135.12,0.824,0.565
905,Nachi-Katsuura Observatory,135.9246,0.83368,0.5504
906,Cobram,145.667,0.8113,-0.5837
907,Melbourne,144.9758,0.79082,-0.61001
908,Toyama,137.2467,0.80352,0.5933
909,Snohomish Hilltop Observatory,-122.1283,0.6711,0.7389
910,Caussols-ODAS,6.9267,0.72368,0.68811
911,"Collins Observatory, Corning Community College",-77.0767,0.7429,0.6672
912,"Carbuncle Hill Observatory, Greene",-71.7658,0.74769,0.66186
913,"Observatorio Kappa Crucis, Montevideo",-56.1839,0.82093,-0.56912
914,"Underwood Observatory, Hubbardston",-71.9892,0.73809,0.67254
915,"River Oaks Observatory, New Braunfels",-98.1211,0.86861,0.49393
916,"Oakley Observatory, Terre Haute",-87.3164,0.77287,0.63248
917,Pacific Lutheran University Keck Observatory,-122.4478,0.6814,0.72948
918,"Badlands Observatory, Quinn",-102.1306,0.72071,0.6911
919,Desert Beaver Observatory,-111.6817,0.8419,0.5379
920,"RIT Observatory, Rochester",-77.6647,0.73161,0.67947
921,"SW Institute for Space Research, Cloudcroft",-105.5275,0.83988,0.54159
922,"Timberland Observatory, Decatur",-87.1667,0.82335,0.56569
923,"The Bradstreet Observatory, St. Davids",-75.37,0.76655,0.64006
924,Observatoire du Cegep de Trois-Rivieres,-72.3231,0.68988,0.7215
925,Palominas Observatory,-110.1411,0.8545,0.51811
926,"Tenagra II Observatory, Nogales",-110.8791,0.85394,0.51902
927,Madison-YRS,-89.43806,0.735007,0.67585
928,"Moonedge Observatory, Northport",-73.3239,0.75688,0.65136
929,Port Allen,-91.2242,0.86319,0.50319
930,"S. S. Observatory, Pamatai",-149.58776,0.953752,-0.299638
931,Puna\'auia,-149.6158,0.9533,-0.301
932,"John J. McCarthy Obs., New Milford",-73.42599,0.749767,0.659494
933,"Rockland Observatory, Sierra Vista",-110.2658,0.85383,0.51924
934,Poway Valley,-117.0428,0.83985,0.54108
935,"Wyrick Observatory, Haymarket",-77.6606,0.77977,0.624
936,"Ibis Observatory, Manhattan",-96.6208,0.77614,0.62852
937,"Bradbury Observatory, Stockton-on-Tees",-1.31,0.58065,0.81143
938,Linhaceira,-8.3838,0.77243,0.63299
939,Observatorio Rodeno,-0.3967,0.76982,0.63619
940,Waterlooville,-1.0389,0.63199,0.77238
941,Observatorio Pla D\'Arguines,-0.3861,0.76988,0.63608
942,Grantham,-0.6364,0.60413,0.79423
943,Peverell,-4.1336,0.63881,0.76679
944,"Observatorio Geminis, Dos Hermanas",-5.91685,0.796657,0.602418
945,Observatorio Monte Deva,-5.6014,0.72671,0.68474
946,Ametlla de Mar,0.7931,0.75662,0.6517
947,Saint-Sulpice,2.1244,0.65268,0.75511
948,Pymoor,0.2189,0.61048,0.78937
949,Durtal,-0.1831,0.67454,0.73577
950,La Palma,-17.8824,0.87764,0.47847
951,Highworth,-1.7017,0.62194,0.78046
952,Marxuquera,-0.2417,0.7787,0.6253
953,Montjoia,2.1339,0.74602,0.66393
954,Teide Observatory,-16.5094,0.88148,0.47142
955,Sassoeiros,-9.3261,0.78146,0.62188
956,Observatorio Pozuelo,-3.8092,0.76224,0.6453
957,Merignac,-0.6494,0.71047,0.70137
958,Observatoire de Dax,-1.03053,0.724214,0.687282
959,Ramonville Saint Agne,1.4653,0.72596,0.68548
960,Rolvenden,0.6108,0.63016,0.77387
961,"City Observatory, Calton Hill, Edinburgh",-3.1794,0.56112,0.82498
962,Gandia,-0.1812,0.77845,0.62561
963,Werrington,-0.2667,0.6084,0.7909
964,Southend Bradfield,-1.1567,0.62471,0.77826
965,"Observacao Astronomica no Algarve, Portimao",-8.5992,0.79761,0.60118
966,Church Stretton,-2.79577,0.609591,0.7901
967,Greens Norton,-1.0222,0.61508,0.78585
968,Haverhill,0.425,0.6158,0.7853
969,London-Regents Park,-0.1546,0.6235,0.7792
970,Chelmsford,0.4954,0.62045,0.78162
971,Lisbon,-9.18751,0.781336,0.62204
972,Dun Echt,-2.4167,0.54359,0.83656
973,Harrow,-0.3329,0.62271,0.77983
974,Genoa Observatory,8.84431,0.715243,0.696571
975,Observatorio Astronomico de Valencia,-0.3667,0.77292,0.63239
976,Leamington Spa,-1.5331,0.61258,0.78778
977,Markree,-8.4517,0.5866,0.80717
978,Conder Brow,-2.75459,0.588685,0.805673
979,South Wonston,-1.3303,0.62896,0.77485
980,Lancaster,-2.78,0.58864,0.8057
981,Armagh,-6.6478,0.58409,0.80898
982,"Dunsink Observatory, Dublin",-6.3379,0.59771,0.79904
983,San Fernando,-6.20475,0.805167,0.591067
984,Eastfield,-2.73025,0.631671,0.772658
985,Telford,-2.4683,0.60801,0.7913
986,Ascot,-0.63947,0.625049,0.777992
987,"Isle of Man Observatory, Foxdale",-4.6265,0.58658,0.80721
988,Glasgow,-4.294,0.56225,0.82421
989,"Wilfred Hall Observatory, Preston",-2.59418,0.591888,0.803341
990,Madrid,-3.6879,0.7626,0.64487
991,Liverpool (since 1867),-3.0722,0.5975,0.79919
992,Liverpool (before 1867),-3.0005,0.5973,0.7993
993,Woolston Observatory,-2.50444,0.629975,0.774031
994,Godalming,-0.6122,0.62827,0.7754
995,Durham,-1.5823,0.57819,0.81319
996,Oxford,-1.2517,0.62025,0.78179
997,Hartwell,-0.85,0.619,0.783
998,London-Mill Hill,-0.24247,0.622254,0.780206
999,Bordeaux-Floirac,-0.5275,0.71033,0.70153
A00,Gravesend,0.377,0.62475,0.77821
A01,Masia Cal Maciarol Modul 2,0.7441,0.74414,0.66596
A02,Masia Cal Maciarol Modul 8,0.7441,0.74414,0.66596
A03,Torredembarra,1.4,0.7541,0.6546
A04,Saint-Caprais,1.7181,0.72206,0.68956
A05,Belesta,1.8175,0.72721,0.68417
A06,Mataro,2.4417,0.74922,0.66012
A07,Gretz-Armainvilliers,2.7444,0.6607,0.74815
A08,Malibert,2.8847,0.72735,0.68406
A09,Quincampoix,1.1803,0.65037,0.75711
A10,Observatorio Astronomico de Corbera,1.9281,0.75278,0.65613
A11,Wormhout,2.4718,0.63222,0.77219
A12,Stazione Astronomica di Sozzago,8.74768,0.703404,0.708434
A13,"Observatoire Naef, Ependes",7.1394,0.68632,0.72501
A14,Les Engarouines Observatory,5.1864,0.72028,0.69143
A15,"Josef Bresser Sternwarte, Borken",6.7972,0.61903,0.78275
A16,Tentlingen,7.1922,0.68622,0.72511
A17,"Guidestar Observatory, Weinheim",8.68147,0.650133,0.757328
A18,Herne,7.1761,0.62342,0.77928
A19,Koln,7.0744,0.63164,0.77267
A20,Sogel,7.51887,0.605274,0.793357
A21,Irmtraut,8.0581,0.63667,0.76862
A22,Starkenburg Sternwarte-SOHAS,8.6531,0.64877,0.75848
A23,Weinheim,8.6677,0.65027,0.75719
A24,"New Millennium Observatory, Mozzate",8.9481,0.69995,0.71185
A25,Nova Milanese,9.1925,0.70104,0.71077
A26,Darmstadt,8.65736,0.646597,0.760303
A27,"Eridanus Observatory, Langelsheim",10.3236,0.61823,0.78341
A28,Kempten,10.3342,0.67398,0.73642
A29,Santa Maria a Monte,10.6733,0.72369,0.68782
A30,Crespadoro,11.22308,0.700397,0.711555
A31,Corcaroli Observatory,11.4186,0.70024,0.71155
A32,Panker,10.5517,0.58423,0.80887
A33,Volkssternwarte Kirchheim,11.0157,0.63231,0.77217
A34,Grosshabersdorf,10.7911,0.64944,0.75793
A35,Hormersdorf Observatory,12.8978,0.63511,0.76995
A36,Ganda di Aviatico,9.7911,0.69856,0.7134
A37,Mueggelheim,13.66158,0.611298,0.788754
A38,"Campocatino Automated Telescope, Collepardo",13.3747,0.74706,0.66266
A39,Altenburg,12.4186,0.63084,0.77336
A40,Pieta,14.4978,0.81104,0.58306
A41,"Rezman Observatory, Kamnik",14.5911,0.6929,0.71871
A42,Gehrden,9.5019,0.6128,0.7876
A43,"Inastars Observatory, Potsdam (before 2006)",13.0897,0.61201,0.78821
A44,Altschwendt,13.6972,0.66609,0.74346
A45,Karrenkneul,9.362,0.62525,0.77786
A46,Lelekovice,16.5825,0.65349,0.75447
A47,Matera,16.6031,0.75962,0.64829
A48,Povegliano Veronese,10.8885,0.70401,0.70782
A49,Uppsala-Angstrom,17.6372,0.50372,0.86098
A50,Andrushivka Astronomical Observatory,28.9973,0.64407,0.76245
A51,Danzig,18.6667,0.5837,0.8093
A52,Etyek,18.7553,0.67756,0.73304
A53,Peschiera del Garda,10.6883,0.70294,0.70889
A54,Ostrorog,16.6217,0.60828,0.79108
A55,Osservatorio Astronomico Vallemare di Borbona,13.1181,0.73871,0.67204
A56,Parma,10.3197,0.71406,0.69784
A57,"Osservatorio Astron. Margherita Hack, Firenze",11.1031,0.72364,0.68791
A58,Observatoire de Chalandray-Canotiers,2.4694,0.66135,0.74758
A59,Karlovy Vary Observatory,12.9071,0.64123,0.7649
A60,"YSTAR-NEOPAT Station, Sutherland",20.8106,0.84556,-0.5326
A61,Tortona,8.8581,0.70949,0.70238
A62,Aichtal,9.2301,0.66233,0.74678
A63,"Cosmosoz Obs., Tassin la Demi Lune",4.7567,0.69879,0.71298
A64,Couvaloup de St-Cergue,6.1151,0.69034,0.72132
A65,Le Couvent de Lentin,2.4083,0.71939,0.69239
A66,"Stazione Osservativa Astronomica, Livorno",10.3161,0.72613,0.68526
A67,Chiusa di Pesio,7.6785,0.71665,0.69522
A68,"Swedenborg Obs., Bockholmwik",9.6533,0.57755,0.81362
A69,Osservatorio Palazzo Bindi Sergardi,11.33,0.7287,0.6826
A70,Lumijoki,25.2033,0.42654,0.90144
A71,Stixendorf,15.4533,0.66486,0.74459
A72,Radebeul Observatory,13.6222,0.62904,0.77481
A73,"Penzing Astrometric Obs., Vienna",16.2895,0.66788,0.74183
A74,Bergen-Enkheim Observatory,8.7624,0.641951,0.764216
A75,"Fort Pius Observatory, Barcelona",2.1861,0.75124,0.65783
A76,"Andromeda Observatory, Miskolc",20.8356,0.66948,0.74037
A77,"Observatoire Chante-Perdrix, Dauban",5.64693,0.720583,0.691196
A78,Stia,11.71509,0.730944,0.680264
A79,"Zvezdno Obshtestvo Observatory, Plana",23.8434,0.743686,0.666622
A80,Lindenberg Observatory,14.1222,0.61408,0.78662
A81,"Balzaretto Observatory, Rome",12.4033,0.74578,0.66397
A82,Osservatorio Astronomico di Trieste,13.8744,0.70037,0.71148
A83,Jakokoski Observatory,29.9969,0.45945,0.88525
A84,TUBITAK National Observatory,30.3333,0.80175,0.59632
A85,"Odesa  Astronomical Observatory, Kryzhanovka",30.8065,0.68881,0.72252
A86,Albigneux,4.3547,0.7017,0.71021
A87,Rimbach,8.7662,0.64935,0.75798
A88,Bolzaneto,8.90133,0.714961,0.696835
A89,"Sterni Observatory, Kempten",10.3308,0.67421,0.73621
A90,"Sant Gervasi Observatory, Barcelona",2.1431,0.7512,0.65788
A91,Hankasalmi Observatory,26.5997,0.46678,0.88143
A92,"Urseanu Observatory, Bucharest",26.0927,0.71506,0.69673
A93,Lucca,10.4189,0.72222,0.68935
A94,Cormons,13.4577,0.69641,0.71526
A95,"Taurus Hill Observatory, Varkaus",28.3892,0.46584,0.88193
A96,Klosterneuburg,16.2867,0.66656,0.74303
A97,Stammersdorf,16.4219,0.66646,0.74308
A98,"Observatory Mazzarot-1, Baran\'",30.2092,0.58214,0.8104
A99,Osservatorio del Monte Baldo,10.8589,0.69978,0.71223
B00,Savigny-le-Temple,2.5767,0.66289,0.74622
B01,"Taunus Observatory, Frankfurt",8.4464,0.64117,0.76499
B02,Kielce,20.6566,0.63224,0.77224
B03,"Alter Satzberg, Vienna",16.2698,0.66759,0.74211
B04,"OAVdA, Saint-Barthelemy",7.47851,0.698677,0.7134
B05,"Ka-Dar Observatory, Barybino",37.8831,0.57134,0.818
B06,Montseny Astronomical Observatory,2.53372,0.74752,0.662058
B07,Camorino,9.0033,0.69383,0.71778
B08,San Lazzaro di Savena,11.3807,0.71498,0.69683
B09,Capannoli,10.6708,0.7255,0.68593
B10,"Observatoire des Baronnies Provencales, Moydans",5.515,0.71564,0.69631
B11,"Osservatorio Cima Rest, Magasa",10.6286,0.69881,0.71318
B12,"Koschny Observatory, Noordwijkerhout",4.4906,0.61329,0.78721
B13,Osservatorio di Tradate,8.9311,0.6995,0.71231
B14,Ca del Monte,9.0758,0.71061,0.70138
B15,"Inastars Observatory, Potsdam (since 2006)",13.0129,0.61111,0.7889
B16,"1st Moscow Gymnasium Observatory, Lipki",36.9547,0.56382,0.82317
B17,AZT-8 Yevpatoriya,33.1628,0.705588,0.706256
B18,Terskol,42.5008,0.72958,0.68232
B19,"Observatorio Iluro, Mataro",2.4414,0.74963,0.65966
B20,"Observatorio Carmelita, Tiana",2.2636,0.75026,0.65897
B21,"Gaisberg Observatory, Schaerding",13.4744,0.66335,0.74589
B22,Observatorio d\'Ager,0.7441,0.74412,0.66598
B23,Fiamene,10.971,0.70124,0.71069
B24,Cesson,2.5983,0.66317,0.74598
B25,Catania,15.0557,0.79386,0.60614
B26,"Observatoire des Terres Blanches, Reillanne",5.6667,0.72204,0.68966
B27,"Picard Observatory, St. Veit",14.1544,0.66425,0.74516
B28,"Mandi Observatory, Pagnacco",13.1836,0.69466,0.71696
B29,"L\'Ampolla Observatory, Tarragona",0.6701,0.75801,0.65008
B30,Szamotuly-Galowo,16.5689,0.60872,0.79074
B31,"Southern African Large Telescope, Sutherland",20.8108,0.8456,-0.53254
B32,Gelenau,12.9486,0.63467,0.7703
B33,"Libbiano Observatory, Peccioli",10.7783,0.72588,0.68555
B34,"Green Island Observatory, Gecitkale",33.7258,0.81748,0.57405
B35,"Bareket Observatory, Macabim",35.0317,0.84991,0.52524
B36,"Redshed Observatory, Kallham",13.7125,0.66684,0.74278
B37,"Obs. de L\' Ametlla del Valles, Barcelona",2.25934,0.748338,0.661147
B38,Santa Mama,11.85746,0.724995,0.686523
B39,Tradate,8.9072,0.6995,0.71231
B40,"Skylive Observatory, Catania",15.0706,0.79331,0.6069
B41,Zlin Observatory,17.6925,0.65449,0.75362
B42,Vitebsk,30.3275,0.57401,0.81614
B43,Hennef,7.3089,0.63404,0.77073
B44,Eygalayes,5.5906,0.71772,0.69419
B45,Narama,19.9356,0.64169,0.76447
B46,"Sintini Observatory, Alfonsine",12.05439,0.714373,0.69742
B47,"Metsala Observatory, Espoo",24.7503,0.49826,0.86413
B48,Bocholt,6.5981,0.61901,0.78275
B49,"Paus Observatory, Sabadell",2.1125,0.749498,0.659844
B50,"Corner Observatory, Durmersheim",8.2767,0.65808,0.75045
B51,Vallauris,7.06669,0.725612,0.68583
B52,Observatorio El Far,2.99725,0.741344,0.668883
B53,"Casal Lumbroso, Rome",12.3536,0.74572,0.66404
B54,Ager,0.7439,0.74413,0.66597
B55,Comeglians,12.876,0.689553,0.721975
B56,"Observatorio Sant Pere, Mataro",2.44935,0.749614,0.659663
B57,"Laietania Observatory, Parets del Valles",2.22439,0.749316,0.660019
B58,"Polaris Observatory, Budapest",19.02529,0.676156,0.734318
B59,Borken,6.87881,0.619231,0.782586
B60,"Deep Sky Observatorium, Bad Bentheim",7.17531,0.612824,0.787576
B61,"Valldoreix Obs.,Sant Cugat del Valles",2.0435,0.750575,0.658604
B62,Brelingen,9.68531,0.609275,0.790314
B63,"Solaris Observatory, Luczanowice",20.10799,0.642589,0.763698
B64,"Slope Rock Observatory, Hyvinkaa",24.88779,0.491587,0.867927
B65,"Komakallio Observatory, Kirkkonummi",24.3878,0.49864,0.86391
B66,Osservatorio di Casasco,9.00693,0.710595,0.701332
B67,"Sternwarte Mirasteilas, Falera",9.22419,0.685858,0.725582
B68,Mount Matajur Observatory,13.5395,0.693458,0.718372
B69,"Owls and Ravens Observatory, Holzgerlingen",9.01719,0.662152,0.746956
B70,Sant Celoni,2.4937,0.74787,0.66165
B71,Observatorio El Vendrell,1.5213,0.75363,0.6551
B72,Soerth Observatory,7.68105,0.634701,0.77023
B73,"Mauren Valley Observatory, Holzgerlingen",8.98503,0.662074,0.747029
B74,Santa Maria de Montmagastrell,1.10536,0.74755,0.662053
B75,"Stazione Astronomica Betelgeuse, Magnago",8.80519,0.701074,0.710741
B76,"Sternwarte Schonfeld, Dresden",13.8944,0.63019,0.7739
B77,"Schafmatt Observatory, Aarau",7.95083,0.677934,0.732833
B78,"Astrophoton Observatory, Audorf",14.12811,0.670885,0.739158
B79,Marana Observatory,11.2099,0.70048,0.711457
B80,Osservatorio Astronomico Campomaggiore,12.74126,0.742254,0.667919
B81,Caimari,2.899,0.76967,0.63634
B82,Maidbronn,9.9716,0.64613,0.76072
B83,Gieres,5.79769,0.706034,0.705851
B84,"Cyclops Observatory, Oostkapelle",3.53775,0.622812,0.779749
B85,Beilen Observatory,6.51011,0.604962,0.793587
B86,Sternwarte Hagen,7.45561,0.625931,0.777324
B87,Banyoles,2.7701,0.74295,0.66715
B88,"Bigmuskie Observatory, Mombercelli",8.29681,0.71057,0.701309
B89,Observatori Astronomic de Tiana,2.2619,0.75018,0.65907
B90,"Malina River Observatory, Povoletto",13.29686,0.693994,0.7176
B91,Bollwiller,7.25544,0.672149,0.737995
B92,Chinon,0.27539,0.681073,0.729781
B93,Hoogeveen,6.47856,0.607102,0.791962
B94,Petrozavodsk,34.2817,0.47422,0.87748
B95,Achternholt,8.1545,0.602437,0.795492
B96,"Brixiis Observatory, Kruibeke",4.31031,0.628378,0.775301
B97,"Sterrenwacht Andromeda, Meppel",6.1118,0.61688,0.78442
B98,Siena,11.313,0.728746,0.682563
B99,Santa Coloma de Gramenet,0.7443,0.74413,0.66598
C00,Velikie Luki,30.515,0.55583,0.82853
C01,"Lohrmann-Observatorium, Triebenberg",13.92293,0.630265,0.773855
C02,Observatorio Royal Park,2.5305,0.7474,0.66218
C03,"Clayhole Observatory, Jokela",24.96114,0.492892,0.86719
C04,Kramatorsk,37.6331,0.65998,0.74878
C05,Konigsleiten,12.1153,0.68023,0.73088
C06,Krasnoyarsk,92.9744,0.56032,0.82553
C07,"Anysllum Observatory, Ager",0.7442,0.74413,0.66597
C08,Fiby,17.3761,0.50302,0.86138
C09,Rouet,3.80397,0.72266,0.688932
C10,Maisoncelles,3.42622,0.661039,0.747874
C11,"City Observatory, Slany",14.0901,0.64091,0.76509
C12,"Berta Observatory, Sabadell",2.1107,0.74967,0.65964
C13,Como,9.10031,0.698332,0.71343
C14,"Sky Vistas Observatory, Eichgraben",15.967,0.668463,0.741344
C15,ISON-Ussuriysk Observatory,132.1656,0.72418,0.68737
C16,"Isarwinkel Observatory, Bad Tolz",11.57261,0.673687,0.736691
C17,"Observatorio Joan Roget, Ager",0.74381,0.744124,0.665978
C18,Frasnes-Lez-Anvaing,3.604,0.634888,0.770037
C19,"ROSA Observatory, Vaucluse",5.4231,0.71591,0.69599
C20,"Kislovodsk Mtn. Astronomical Stn., Pulkovo Obs.",42.66191,0.723859,0.688104
C21,"Observatorio Via Lactea, Ager",0.74383,0.744124,0.665978
C22,Oberwiesenthal,12.9599,0.63858,0.76717
C23,Olmen,5.15439,0.628694,0.775052
C24,Seveso,9.1331,0.70036,0.71145
C25,"Pulkovo Observatory Station, Campo Imperatore",13.55806,0.73931,0.671605
C26,"Levendaal Observatory, Leiden",4.49928,0.614813,0.786032
C27,Pallerols,1.35302,0.748763,0.660753
C28,Wellinghofen,7.483,0.624224,0.778652
C29,Observatori Astronomic de Les Planes de Son,1.07889,0.737202,0.673777
C30,"Petrozavodsk University Obs., Sheltozero Stn.",35.3425,0.47988,0.8744
C31,"Sternwarte Neanderhoehe Hochdahl e.V., Erkrath",6.9825,0.62777,0.77581
C32,"Ka-Dar Observatory, TAU Station, Nizhny Arkhyz",41.4258,0.72496,0.68694
C33,"Observatorio CEAM, Caimari",2.8989,0.76967,0.63634
C34,Baja Astronomical Observatory,19.0108,0.69361,0.71796
C35,Terrassa,2.0349,0.74927,0.66012
C36,"Starry Wanderer Observatory, Baran\'",30.3086,0.5823,0.81028
C37,Stowupland,1.0183,0.614242,0.786484
C38,"Varuna Observatory, Cuorgne",7.64911,0.703322,0.708581
C39,Nijmegen,5.7992,0.61929,0.78253
C40,Kuban State University Astrophysical Observatory,39.0308,0.70806,0.7038
C41,"MASTER-II Observatory, Kislovodsk",42.66126,0.723857,0.688105
C42,"Xingming Observatory, Mt. Nanshan",87.1778,0.72711,0.68469
C43,Hoyerswerda,14.2792,0.62451,0.77842
C44,"A. Volta Observatory, Lanzo d\'Intelvi",9.02239,0.696268,0.715567
C45,La Giustiniana,12.40639,0.744413,0.665514
C46,"Horizon Observatory, Petropavlovsk",69.12219,0.57662,0.814296
C47,Nonndorf,15.2356,0.66017,0.74871
C48,"Sayan Solar Observatory, Irkutsk",100.9214,0.62235,0.78051
C60,"Argelander Institute for Astronomy Obs., Bonn",7.06926,0.634261,0.770545
C61,Chelles,2.58202,0.658892,0.749723
C62,"Eurac Observatory, Bolzano",11.3467,0.68967,0.72175
C63,"Giuseppe Piazzi Observatory, Ponte in Valtellina",9.9797,0.69363,0.71819
C64,Puchenstuben,15.28439,0.67138,0.738819
C65,Observatori Astronomic del Montsec,0.72965,0.743847,0.666488
C66,Observatorio El Cielo de Consell,2.805,0.77084,0.63493
C67,Gnevsdorf,12.2199,0.59747,0.79922
C68,"Ellinogermaniki Agogi Observatory, Pallini",23.89339,0.789058,0.612302
C69,"Bayerwald Sternwarte, Neuhuette",13.3611,0.65835,0.75036
C70,"Uiterstegracht Station, Leiden",4.49775,0.614779,0.786055
C71,Sant Marti Sesgueioles,1.4892,0.7478,0.66186
C72,Palestrina,12.8717,0.74621,0.66358
C73,Galati Observatory,28.0325,0.70312,0.7087
C74,"Observatorio El Teatrillo de Lyra, Ager",0.7449,0.74412,0.66598
C75,"Whitestar Observatory, Borgobello",13.2225,0.69384,0.71776
C76,"Observatorio Estels, Ager",0.74431,0.744127,0.665974
C77,Bernezzo Observatory,7.4535,0.71589,0.696
C78,"Martin S. Kraar Observatory, Rehovot",34.81242,0.849698,0.525519
C79,"Roser Observatory, Blanes",2.7855,0.74801,0.66147
C80,"Don Astronomical Observatory, Rostov-on-Don",39.7651,0.67959,0.73115
C81,Dolomites Astronomical Observatory,10.84098,0.693023,0.718872
C82,"Osservatorio Astronomico Nastro Verde, Sorrento",14.35759,0.760172,0.647614
C83,Badalozhnyj Observatory,91.8425,0.5593,0.82626
C84,Badalona,2.24372,0.75069,0.658447
C85,"Observatorio Cala d\'Hort, Ibiza",1.2408,0.77939,0.62448
C86,Blanes,2.7813,0.74801,0.66147
C87,Rimbach,8.7689,0.64913,0.75817
C88,"Montarrenti Observatory, Siena",11.18331,0.729763,0.681487
C89,Astronomical Station Vidojevica,21.55558,0.730958,0.680397
C90,Vinyols,1.05181,0.754546,0.654066
C91,"Montevenere Observatory, Monzuno",11.22621,0.717604,0.694214
C92,"Valdicerro Observatory, Loreto",13.60995,0.727425,0.683915
C93,"Bellavista Observatory, L\'Aquila",13.4064,0.74042,0.67004
C94,"MASTER-II Observatory, Tunka",103.067,0.61962,0.78241
C95,"SATINO Remote Observatory, Haute Provence",5.71239,0.721406,0.69035
C96,"OACL Observatory, Mosciano Sant Angelo",13.8786,0.73544,0.67537
C97,"Al-Fulaij Observatory, Oman",57.97633,0.916656,0.398354
C98,"Osservatorio Casellina, Scandicci",11.1764,0.72335,0.68818
C99,"Observatori Can Roig, Llagostera",2.89631,0.746295,0.663419
D00,ASC-Kislovodsk Observatory,42.6536,0.72388,0.68809
D01,"Andean Northern Observatory, Nummi-Pusula",23.93061,0.49592,0.865471
D02,Observatori Petit Sant Feliu,2.05189,0.751414,0.657647
D03,"Rantiga Osservatorio, Tincana",10.58892,0.715223,0.696709
D04,Krasnodar,38.8569,0.7096,0.70225
D05,ISON-Terskol Observatory,42.50005,0.72958,0.682314
D06,"Associazione Tuscolana di Astronomia, Domatore",12.77017,0.747232,0.662472
D07,Wegberg,6.2094,0.62867,0.77508
D08,"Ghezz Observatory, Leontica",8.9191,0.69024,0.72136
D09,"Observatory Gromme, Maasmechelen",5.6794,0.63139,0.77287
D10,Gaertringen,8.90181,0.661976,0.747123
D11,Bastidan Observatory,5.62797,0.723085,0.688551
D12,"Filzi School Observatory, Laives",11.33806,0.69058,0.7209
D13,Cat\'s Eye Observatory,11.56369,0.738665,0.671859
D14,"Nanchuan Observatory, Guangzhou",113.3231,0.92,0.39061
D15,"Sternwarte F. Schiller-Gymnasium, Weimar",11.31781,0.630848,0.773359
D16,"Po Leung Kuk Observatory, Tuen Mun",113.96422,0.925155,0.37833
D17,Hong Kong,114.22,0.9245,0.3799
D18,Mt. Guizi Observatory,114.358,0.86219,0.5049
D19,Hong Kong Space Museum Sai Kung iObservatory,114.323,0.924955,0.378843
D20,"Zadko Observatory, Wallingup Plain",115.71311,0.854733,-0.517343
D21,Shenton Park,115.815,0.8492,-0.5263
D22,"UWA Observatory, Crawley",115.81667,0.849044,-0.526558
D23,"Observatori Astronomic de l\'Institut d\'Alcarras, Alcarras",0.51853,0.749367,0.659977
D24,"LightBuckets Observatory, Pingelly",117.08969,0.844095,-0.534439
D25,"Tzec Maun Observatory, Pingelly (before 2010)",117.08978,0.844104,-0.534424
D26,"Peyrole Observatory, Peyrole",1.92131,0.722868,0.68875
D27,"Observatoire de Fontcaude, Juvignac",3.80361,0.725021,0.686446
D28,"Escaldarium Observatory, Caldes de Montbui",2.18286,0.748708,0.660744
D29,"Purple Mountain Observatory, XuYi Station",118.4639,0.84204,0.53767
D30,"Sternwarte Silbergraben, Erfurt",11.0835,0.631405,0.772922
D31,"Osservatorio Aldebaran, Rivalba",10.09797,0.714476,0.69752
D32,"JiangNanTianChi Observatory, Mt. Getianling",119.59975,0.86277,0.504193
D33,"Kenting Observatory, Checheng",120.6982,0.9273,0.37308
D34,"Kenting Observatory, Hengchun",120.7839,0.92796,0.37148
D35,Lulin Observatory,120.8736,0.91818,0.39597
D36,"Tataka, Mt. Yu-Shan National Park",120.8897,0.91801,0.39625
D37,"Lulin Widefield Telescope, Mt. Lulin",120.87325,0.918176,0.395972
D38,"Tecnosky Astropark, Felizzano",8.43764,0.709383,0.702495
D39,"Shandong University Observatory, Weihai",122.04961,0.793971,0.605943
D40,Frosinone,13.33772,0.748318,0.661176
D41,Osservatorio Astronomico Orciatico,10.71704,0.727431,0.683991
D42,"Piero Angela Observatory, Scandicci",11.19084,0.723565,0.68797
D43,"45th Parallel Observatory, Pino Torinese",7.77039,0.707805,0.704162
D44,Ishigakijima Astronomical Observatory,124.13928,0.911427,0.410157
D45,"Kamyk, Trzesn",21.49325,0.639594,0.766177
D46,Observatory Bad Wurzach,9.90265,0.671664,0.738525
D47,"BigBang Observatory, Manciano",11.56366,0.738665,0.671859
D48,Niederbexbach Observatory,7.26381,0.652979,0.754898
D49,L\'Ametlla de Mar,0.79444,0.757213,0.650992
D50,"Vaucluse Observatoire Celeste, Blauvac",5.21519,0.720062,0.691654
D51,Plateau Astronomique La Couronne,1.94844,0.719539,0.692203
D52,"ULU Observatory, Caselle Landi",9.7975,0.707094,0.704768
D53,ISON-Blagoveschensk Observatory,127.482,0.63981,0.766
D54,"MASTER-II Observatory, Blagoveshchensk",127.483,0.63981,0.76601
D55,"Kangwon Science High School Observatory, Ksho",127.9747,0.79571,0.6037
D56,"Osservatorio Sideris Oculus, San Pietro in Gu",11.67408,0.700775,0.711011
D57,"Gimhae Astronomical Observatory, Uhbang-dong",128.88744,0.817572,0.573996
D58,"KSA SEM Observatory, Danggam-dong",129.025,0.818419,0.572736
D59,"MARIAMIR, Saint-Jeannet",7.15617,0.723595,0.688001
D60,"Sparky\'s Stars, Masseris",13.551463,0.693649,0.718079
D61,"Suntopia Marina, Sumoto",134.9131,0.82671,0.56075
D62,Miyaki-Argenteus,130.4494,0.83676,0.54575
D63,"G. Pascoli Observatory, Castelvecchio Pascoli (since June 2023)",10.46138,0.719553,0.692176
D64,"Fucama, Casalincontrada",14.10967,0.740711,0.669613
D65,"G. Beltrame, Arcugnano Vicenza",11.534806,0.702163,0.709679
D66,Civico Osservatorio Astronomico di Rozzano,9.14839,0.703654,0.708197
D67,"Tula Rooftop Observatory, Tula",37.62472,0.586136,0.80753
D68,"Osservatorio Galileo, Padova",11.73622,0.702543,0.70927
D69,JMU Space-Observatory,9.970133,0.646988,0.760014
D70,Tosa,133.4686,0.83505,0.54834
D71,"ObservaSTYRium, Stainz bei Straden",15.89225,0.685516,0.725682
D72,"WAA Remote Observatory, Hakos",16.36131,0.91963,-0.392207
D73,"SNX-NET, Hakos",16.36139,0.919632,-0.392208
D74,Nakagawa,134.6819,0.83041,0.5553
D75,Cariati,16.95608,0.772805,0.632534
D76,"AAT-Terrassa, Terrassa",2.007028,0.749354,0.660032
D77,TD-TRO (Tuscany Remote Observatory),10.71736,0.727433,0.683988
D78,Iga-Ueno,136.13281,0.822378,0.567077
D79,"YSVP Observatory, Vale Park",138.63092,0.821212,-0.568722
D80,Gumma Astronomical Observatory,138.9728,0.80392,0.59297
D81,Nagano,138.2239,0.8031,0.59394
D82,Wallaroo,137.6317,0.83058,-0.55504
D83,Miwa,138.4681,0.80501,0.59161
D84,Hallet Cove,138.5086,0.8192,-0.5716
D85,Ingle Farm,138.6597,0.82186,-0.56782
D86,Penwortham,138.6407,0.83075,-0.5549
D87,Brooklyn Park,138.55,0.82079,-0.56931
D88,Hiratsuka,139.3142,0.81635,0.57562
D89,Yamagata,140.3383,0.7871,0.6149
D90,"RAS Observatory, Moorook",140.342,0.82728,-0.55991
D91,Adati,140.825,0.79261,0.60775
D92,Osaki,140.94638,0.78292,0.620047
D93,Sendai Astronomical Observatory,140.75516,0.786291,0.615826
D94,"Takanezawa, Tochigi",139.9962,0.80351,0.59335
D95,Kurihara,141.068,0.78035,0.62325
D96,"Tzec Maun Observatory, Moorook",140.34216,0.827287,-0.559905
D97,Berri,140.57,0.82752,-0.55956
D98,Loiano TANDEM,11.33409,0.717444,0.694448
D99,"AstroKoT, Port-Ste-Marie",0.391228,0.717357,0.694422
E00,Castlemaine,144.2089,0.79902,-0.59937
E01,Barfold,144.54142,0.798618,-0.599924
E03,"RAS Observatory, Officer",145.3822,0.78756,-0.61419
E04,"Pacific Sky Observatory, Saipan",145.7403,0.96545,0.25977
E05,"Earl Hill Observatory, Trinity Beach",145.69721,0.957625,-0.287092
E07,Murrumbateman,148.99889,0.820544,-0.56983
E08,"Wobblesock Observatory, Coonabarabran",149.33431,0.855971,-0.515472
E09,"Oakley Southern Sky Observatory, Coonabarabran",149.0814,0.85551,-0.5163
E10,Siding Spring-Faulkes Telescope South,149.07085,0.855632,-0.516198
E11,"Frog Rock Observatory, Mudgee",149.6627,0.84469,-0.53362
E12,Siding Spring Survey,149.0642,0.85563,-0.51621
E13,Wanniassa,149.0969,0.81622,-0.57597
E14,"Hunters Hill Observatory, Ngunnawal",149.11,0.81852,-0.57274
E15,"Magellan Observatory, near Goulburn",149.6061,0.82016,-0.57041
E16,"Grove Creek Observatory, Trunkey",149.36624,0.831684,-0.553656
E17,Leura,150.3417,0.8329,-0.5519
E18,"BDI Observatory, Regents Park",151.02714,0.829819,-0.556191
E19,Kingsgrove,151.0958,0.83042,-0.55528
E20,Marsfield,151.1032,0.832146,-0.552728
E21,"Norma Rose Observatory, Leyburn",151.5667,0.8838,-0.4665
E22,"Univ. of Southern Queensland Obs., Mt. Kent",151.855,0.885337,-0.463616
E23,Arcadia,151.07119,0.833596,-0.550574
E24,"Tangra Observatory, St. Clair",150.7769,0.83176,-0.55329
E25,Rochedale (APTA),153.117,0.88713,-0.45997
E26,"RAS Observatory, Biggera Waters",153.3971,0.88414,-0.46566
E27,Thornlands,153.2667,0.8871,-0.46
E28,"Kuriwa Observatory, Hawkesbury Heights",150.64105,0.833196,-0.55121
E29,Mardella Observatory,115.955333,0.845978,-0.531426
E41,Strathalbyn,138.89025,0.817664,-0.573796
E42,"AUSTRALIA1/SRI, Swan Reach",139.57019,0.824586,-0.563855
E52,"The Rock Regional Observatory, The Rock",147.09597,0.817401,-0.574196
E55,GOTO South,149.06411,0.85562,-0.51621
E62,"Slooh.com Australia Observatory, Coonabarabran",149.08135,0.855509,-0.516305
E81,Nelson,173.2617,0.75267,-0.65622
E83,"Wither Observatory, Witherlea",173.95703,0.749648,-0.659621
E84,Twizel Observatory,170.101872,0.7174343,-0.6943966
E85,Farm Cove,174.894,0.800696,-0.597064
E86,"Speranza Observatory, Otaki",175.169367,0.75852,-0.649478
E87,Turitea,175.654,0.76249,-0.64485
E89,"Geyserland Observatory, Pukehangi",176.204,0.78759,-0.61421
E94,"Possum Observatory, Gisborne",177.88331,0.782217,-0.62092
F51,"Pan-STARRS 1, Haleakala",-156.25591,0.936241,0.351543
F52,"Pan-STARRS 2, Haleakala",-156.25591,0.936239,0.351545
F59,"Ironwood Remote Observatory, Hawaii",-158.059,0.932037,0.36116
F60,"Ironwood Observatory, Hawaii",-158.04717,0.929942,0.366558
F65,Haleakala-Faulkes Telescope North,-156.2575,0.936239,0.351538
F84,"Hibiscus Observatory, Punaauia",-149.6158,0.9533,-0.301
F85,"Tiki Observatory, Punaauia",-149.6158,0.9533,-0.301
F86,"Moana Observatory, Punaauia",-149.61619,0.953304,-0.301004
G00,"AZM Martinsberg, Oed",15.126,0.665508,0.74408
G01,Universitaetssternwarte Oldenburg,8.16528,0.600977,0.796597
G02,"KYSUCE Observatory, Kysucke Nove Mesto",18.76539,0.653307,0.75465
G03,"Capricornus Observatory, Csokako",18.26061,0.67862,0.732104
G04,"Schuelerlabor Astronomie St. 7, Wuppertal",7.14133,0.627502,0.776082
G05,"Piconcillo, Sierra Morena",-5.46637,0.787181,0.614802
G06,"Dordrecht, Sterrenburg",4.6715,0.61998,0.781996
G07,Millau Observatory,3.06386,0.719394,0.692378
G08,"Observatorio Les Pedritxes, Matadepera",1.99694,0.748752,0.660794
G09,"SWF Observatory, South Woodham Ferrers",0.61056,0.621784,0.780574
G10,"Clavier Observatory, Lora Del Rio",-5.54945,0.792574,0.607765
G11,"Breitenweg Observatory, Herkenrath",7.18379,0.630712,0.773465
G12,"Sternwarte EG, Lippstadt",8.3306,0.6214,0.7809
G13,"Astronomihagen, Fannrem",9.77164,0.45187,0.889105
G14,"Novaloop Observatory, Mougins",7.0052,0.725247,0.686239
G15,"Magroforte Observatory, Alessandria",9.1183,0.71116,0.7008
G16,"OmegaLab Observatory, Palermo",13.34869,0.787948,0.613701
G17,"BAS Observatory, Scandicci",11.20261,0.723508,0.688023
G18,"ALMO Observatory, Padulle",11.28056,0.712881,0.698947
G19,"Immanuel Kant Observatory,Limbach",12.746,0.63252,0.77202
G20,Brignoles Observatory,6.05989,0.727743,0.683615
G21,Osservatorio Castrofilippo,13.73789,0.796024,0.603377
G22,"Experimenta Observatory, Heilbronn",9.21439,0.655435,0.75277
G23,"Vulpecula Observatory, Budapest",19.09234,0.675698,0.734739
G24,Dettenhausen,9.0935,0.662443,0.746701
G25,Sherbrooke,-71.895,0.70317,0.70867
G26,"Fushan Observatory, Mt Shaohua",109.8236,0.82499,0.56338
G27,"Fabra Observatory, Montsec",0.72935,0.743842,0.666483
G28,"Wyncroft Observatory, Attleborough",1.0085,0.6099,0.78983
G29,Requena,-1.0876,0.77285,0.63263
G30,Casselman,-75.09281,0.704518,0.70732
G31,CCAT Trieste,13.7253,0.69946,0.71233
G32,"Elena Remote Observatory, San Pedro de Atacama",-68.1796,0.921639,-0.387713
G33,Wickede,7.60879,0.623411,0.779293
G34,Oberfrauendorf,13.7015,0.632547,0.772037
G35,"Elephant Head Obsevatory, Sahuarita",-110.84211,0.849476,0.526134
G36,Calar Alto-CASADO,-2.5475,0.797538,0.601812
G37,Lowell Discovery Telescope,-111.42221,0.8229,0.566927
G38,"Observatorio La Senda, Cabanillas del Campo",-3.23158,0.759967,0.647951
G39,"ROAD, San Pedro de Atacama",-68.17961,0.92164,-0.387711
G40,Slooh.com Canary Islands Observatory,-16.50826,0.88147,0.471441
G41,"Insperity Observatory, Humble",-95.26184,0.86704,0.496575
G42,"Observatorio Astronomico UAdeC, Saltillo",-100.977,0.90391,0.42687
G43,"Observatorio Buenaventura Suarez, San Luis",-66.3121,0.83817,-0.54382
G44,"Observatorio Longa Vista, Sao Paulo",-46.6939,0.92118,-0.38816
G45,"Space Surveillance Telescope, Atom Site",-106.36436,0.832748,0.55248
G46,Pinto Valley Observatory,-115.33847,0.818022,0.573711
G47,"HillTopTop Observatory, Edgewood",-106.19346,0.819827,0.571261
G48,"Harlingten Research Observatory, Rancho Hildalgo",-108.89852,0.849514,0.526196
G49,Minnetonka,-93.4057,0.70889,0.70302
G50,"Organ Mesa Observatory, Las Cruces",-106.67,0.84629,0.53134
G51,"Byrne Observatory, Sedgwick Reserve",-120.04222,0.823164,0.56599
G52,"Stone Edge Observatory, El Verano",-122.50396,0.785917,0.616275
G53,"Alder Springs Observatory, Auberry",-119.41273,0.799043,0.599625
G54,Hemet,-116.937,0.83295,0.55166
G55,Bakersfield,-118.90467,0.816361,0.575651
G56,Walnut Creek,-122.0706,0.78983,0.61128
G57,"Dilbert Observatory, Forest Grove",-123.1436,0.70171,0.71009
G58,"Chabot Space and Science Center, Oakland",-122.182,0.791,0.60988
G59,"Maiden Lane Obs., Bainbridge Island",-122.547,0.67475,0.73559
G60,"Carroll Observatory, Montecito",-119.66112,0.825544,0.562496
G61,Pleasanton,-121.8476,0.7927,0.6076
G62,"Sunriver Nature Center Observatory, Sunriver",-121.4531,0.72214,0.68971
G63,"Mill Creek Observatory, The Dalles",-121.3142,0.70152,0.71031
G64,Blue Canyon Observatory,-120.7089,0.77535,0.62979
G65,"Vulcan North, Lick Observatory, Mount Hamilton",-121.6388,0.79616,0.60338
G66,"Lake Forest Observatory, Forest Hills",-121.0831,0.78135,0.62206
G67,"Rancho Del Sol, Camino",-120.635,0.78134,0.62225
G68,"Sierra Stars Observatory, Markleeville",-119.775,0.78044,0.62355
G69,"Via Capote Sky Observatory, Thousand Oaks",-118.9842,0.82829,0.5585
G70,"Francisquito Observatory, Los Angeles",-118.5453,0.82543,0.56273
G71,Rancho Palos Verdes,-118.3953,0.83216,0.55276
G72,University Hills,-118.17592,0.829301,0.55697
G73,Mount Wilson-TIE,-118.06,0.82804,0.55925
G74,"Boulder Knolls Observatory, Escondido",-117.11462,0.837429,0.544849
G75,"Starry Knight Observatory, Coto de Caza",-116.7217,0.8351,0.5487
G76,"Altimira Observatory, Coto de Caza",-117.5822,0.83388,0.55015
G77,Baldwin Lake,-116.2817,0.8274,0.5603
G78,"Desert Wanderer Observatory, El Centro",-115.6873,0.84158,0.53832
G79,Goat Mountain Astronomical Research Station,-116.3835,0.82718,0.5603
G80,"Sierra Remote Observatories, Auberry",-119.4127,0.79904,0.59962
G81,Temecula,-117.087,0.834904,0.548639
G82,"SARA Observatory, Kitt Peak",-111.59943,0.849482,0.526455
G83,Mt. Graham-LBT,-109.88961,0.84274,0.53744
G84,Mount Lemmon SkyCenter,-110.78916,0.845112,0.53361
G85,"Vermillion Cliffs Observatory, Kanab",-112.43482,0.799502,0.599067
G86,Tucson-Winterhaven,-110.9303,0.84645,0.5309
G87,"Calvin M. Hooper Memorial Observatory, Hyde Park",-111.8106,0.74666,0.66331
G88,"LAMP Observatory, New River",-112.1119,0.83064,0.55514
G89,"Kachina Observatory, Flagstaff",-111.6931,0.81933,0.57197
G90,"Three Buttes Observatory, Tucson",-111.0342,0.84301,0.53639
G91,"Whipple Observatory, Mt. Hopkins--2MASS",-110.8781,0.85208,0.52234
G92,"Jarnac Observatory, Vail",-110.7186,0.8492,0.5266
G93,"Sonoita Research Observatory, Sonoita",-110.6274,0.85215,0.52201
G94,"Sonoran Skies Observatory, St. David",-110.0733,0.84971,0.52594
G95,"Hereford Arizona Observatory, Hereford",-110.2378,0.85404,0.51888
G96,Mt. Lemmon Survey,-110.78872,0.845107,0.533611
G97,"Astronomical League Alpha Observatory, Portal",-109.1306,0.84965,0.526
G98,"Calvin-Rehoboth Observatory, Rehoboth",-108.65646,0.815037,0.578012
G99,"NF Observatory, Silver City",-108.1896,0.84192,0.53835
H00,Tyrone,-108.3013,0.84247,0.53746
H01,"Magdalena Ridge Observatory, Socorro",-107.18933,0.830474,0.556096
H02,"Sulphur Flats Observatory, La Cueva",-106.6294,0.81146,0.58309
H03,"Sandia View Observatory, Rio Rancho",-106.6447,0.81753,0.5744
H04,Santa Fe,-105.974,0.81388,0.57964
H05,"Edmund Kline Observatory, Deer Trail",-103.9293,0.77126,0.63477
H06,"iTelescope Observatory, Mayhill",-105.5287,0.840712,0.54031
H07,"7300 Observatory, Cloudcroft",-105.52866,0.840711,0.54031
H08,"BlackBird Observatory, Cloudcroft",-105.52919,0.840705,0.540319
H09,"Antelope Hills Observatory, Bennett",-104.4114,0.7707,0.63549
H10,"Tzec Maun Observatory, Mayhill",-105.52859,0.840711,0.540309
H11,"LightBuckets Observatory, Rodeo",-109.016,0.85029,0.52492
H12,"TechDome, Mayhill",-105.52922,0.840712,0.540307
H13,"Lenomiya Observatory, Casa Grande",-111.74788,0.840489,0.540134
H14,"Morning Star Observatory, Tucson",-110.78767,0.846402,0.530995
H15,"ISON-NM Observatory, Mayhill",-105.52844,0.840711,0.540308
H16,"HUT Observatory, Eagle",-106.711,0.77152,0.63472
H17,Angel Peaks Observatory,-105.61667,0.783783,0.619652
H18,"Vail View Observatory, Vail",-110.71202,0.849231,0.526572
H19,"Lone Star Observatory, Caney",-96.13741,0.828144,0.558685
H20,"Eastern Illinois University Obs., Charleston",-88.18318,0.77295,0.632393
H21,"Astronomical Research Observatory, Westfield",-87.96827,0.772885,0.632471
H22,Terre Haute,-87.2629,0.77438,0.63062
H23,"Pear Tree Observatory, Valparaiso",-86.50142,0.862319,0.504671
H24,"J. C. Veen Observatory, Lowell",-85.40119,0.733648,0.67731
H25,"Harvest Moon Observatory, Northfield",-93.12918,0.714467,0.697388
H26,"Doc Greiner Research Observatory, Janesvillle",-89.21078,0.735075,0.675789
H27,"Moonglow Observatory, Warrensburg",-93.76866,0.780074,0.623645
H28,"Preston Hills Observatory, Celina",-96.7685,0.836912,0.545569
H29,"Ivywood Observatory, Edmond",-97.4506,0.81372,0.5794
H30,"University of Oklahoma Observatory, Norman",-97.4442,0.81808,0.57328
H31,"Star Ridge Observatory, Weimar",-96.67,0.87011,0.49123
H32,"Texas A&M Physics Observatory, College Station",-96.3666,0.86174,0.50567
H33,"Bixhoma Observatory, Bixby",-95.8783,0.8099,0.58466
H34,Chapel Hill,-95.1742,0.846,0.53143
H35,Leavenworth,-95.0483,0.77423,0.63085
H36,"Sandlot Observatory, Scranton",-95.70655,0.780428,0.623229
H37,"Grems Timmons Observatories, Graettinger",-94.7997,0.72947,0.68182
H38,"Timberline Observatory, Urbandale",-94.0136,0.75079,0.6584
H39,"S.O.S. Observatory, Minneapolis",-93.3172,0.70944,0.70247
H40,Nubbin Ridge Observatory,-93.2694,0.82519,0.56302
H41,Petit Jean Mountain,-92.9258,0.8187,0.57238
H42,"Wartburg College Observatory, Waverly",-92.4922,0.73568,0.67512
H43,Conway,-92.5002,0.81918,0.57163
H44,Cascade Mountain,-92.2018,0.8188,0.5722
H45,"Arkansas Sky Obs., Petit Jean Mountain South",-92.9169,0.8189,0.5721
H46,"Ricky Observatory, Blue Springs",-94.2703,0.77818,0.62602
H47,Vicksburg,-90.8561,0.84639,0.53079
H48,"PSU Greenbush Observatory, Pittsburg",-94.9861,0.79424,0.60565
H49,"ATU Astronomical Observatory, Russellville",-93.1364,0.81712,0.57457
H50,"University of Central Arkansas Obs., Conway",-92.45861,0.819253,0.571536
H51,"Greiner Research Observatory, Verona",-89.5997,0.73117,0.68011
H52,"Hawkeye Observatory, Durand",-89.32646,0.739151,0.671335
H53,Thompsonville,-88.77158,0.789618,0.611581
H54,"Cedar Drive Observatory, Pulaski",-88.3486,0.71305,0.69883
H55,"Astronomical Research Observatory, Charleston",-88.1442,0.77283,0.63254
H56,Northbrook Meadow Observatory,-87.83236,0.742693,0.667433
H57,"Ohio State University Observatory, Lima",-84.02754,0.75885,0.64915
H58,"NASA/MSFC ALaMO, Redstone Arsenal",-86.6647,0.82349,0.56548
H59,"Prairie Grass Observatory, Camp Cullom",-86.6349,0.76362,0.64356
H60,"Heartland Observatory, Carmel",-86.13458,0.767435,0.639034
H61,Newcastle,-78.58311,0.721533,0.69008
H62,Calvin College Observatory,-85.5883,0.73335,0.67763
H63,"DeKalb Observatory, Auburn",-85.0724,0.75227,0.65672
H64,"Thomas More College Observatory, Crestview Hills",-84.5636,0.77796,0.62623
H65,"Waltonfields Observatory, Walton",-84.5636,0.77995,0.62381
H66,Yellow Springs,-83.854,0.76956,0.63651
H67,"Stonegate Observatory, Ann Arbor",-83.83759,0.740813,0.669522
H68,"Red Barn Observatory, Ty Ty",-83.65176,0.854246,0.518152
H69,"Perkins Observatory, Delaware",-83.05537,0.76432,0.642741
H70,Asheville,-82.5542,0.81412,0.57897
H71,Chula,-83.51718,0.852885,0.520378
H72,"Evelyn L. Egan Observatory, Fort Myers",-81.7742,0.89584,0.44289
H73,"Lakeland Astronomical Observatory, Kirtland",-81.3649,0.7485,0.66097
H74,"Bar J Observatory, New Smyrna Beach",-81.1253,0.87602,0.48066
H75,"Indian Hill North Observatory, Huntsburg",-81.08144,0.749551,0.659816
H76,"Oakridge Observatory, Miami",-80.5867,0.90197,0.43036
H77,Buehler Observatory,-80.2347,0.89877,0.43695
H78,"University of Narino Observatory, Pasto",-77.29104,1.000183,0.02103
H79,"York University Observatory, Toronto",-79.5073,0.723258,0.688308
H80,"Halsted Observatory, Princeton",-74.66433,0.763194,0.644015
H81,"Hartung-Boothroyd Observatory, Ithaca",-76.38461,0.738959,0.671615
H82,"CBA-NOVAC Observatory, Front Royal",-78.2161,0.77836,0.62576
H83,"Timberlake Observatory, Oakton",-77.3359,0.77926,0.62463
H84,"Northview Observatory, Mendon",-77.5039,0.73259,0.67843
H85,Silver Spring,-76.9971,0.77784,0.62638
H86,"CBA-East Observatory, Laurel",-76.8424,0.77693,0.62749
H87,"Fenwick Observatory, Richmond",-77.5639,0.79309,0.60708
H88,"Hope Observatory, Belcamp",-76.2423,0.77295,0.63235
H89,"Galaxy Blues Observatory, Gatineau",-75.7025,0.70235,0.70945
H90,Ottawa,-75.5269,0.70267,0.70914
H91,"Reynolds Observatory, Potsdam",-74.95161,0.712263,0.69959
H92,Arcturus Observatory,-74.3789,0.76785,0.63849
H93,Berkeley Heights,-74.4242,0.75934,0.64853
H94,Cedar Knolls,-74.4561,0.75781,0.65032
H95,"NJIT Observatory, Newark",-74.1788,0.758745,0.649211
H96,"Observatoire des Pleiades, Mandeville",-73.3858,0.69143,0.72005
H97,"Talcott Mountain Science Center, Avon",-72.79868,0.746487,0.663233
H98,"Dark Rosanne Obs., Middlefield",-72.7345,0.74987,0.65938
H99,"Sunhill Observatory, Newton",-71.1964,0.7404,0.66992
I00,"Carbuncle Hill Observatory, Coventry",-71.7706,0.74794,0.66157
I01,"Clay Center Observatory, Brookline",-71.13747,0.740677,0.66963
I02,"Cerro Tololo Observatory, La Serena--2MASS",-70.8051,0.86558,-0.49976
I03,"European Southern Obs., La Silla--ASTROVIRTEL",-70.73374,0.87344,-0.486052
I04,Mamalluca Observatory,-70.6848,0.86693,-0.49697
I05,Las Campanas Observatory-TIE,-70.702,0.87559,-0.48217
I06,"Werner Schmidt Obs., Dennis-Yarmouth Regional HS",-70.1939,0.74801,0.66147
I07,"Conlin Hill Observatory, Oxford",-71.9029,0.74279,0.66735
I08,"Alianza S4, Cerro Burek",-69.3068,0.85116,-0.52394
I09,Cerro Armazones,-70.19623,0.910166,-0.413875
I10,"CAO, San Pedro de Atacama (until 2012)",-68.18,0.92165,-0.3877
I11,"Gemini South Observatory, Cerro Pachon",-70.73655,0.86502,-0.500901
I12,"Phillips Academy Observatory, Andover",-71.12947,0.736679,0.673998
I13,"Burleith Observatory, Washington D.C.",-77.06994,0.779116,0.624793
I14,"Tigh Speuran Observatory, Framingham",-71.41069,0.740298,0.67004
I15,"Wishing Star Observatory, Barrington",-71.29924,0.747034,0.662558
I16,"IAA-AI Atacama, San Pedro de Atacama",-68.17967,0.921638,-0.387715
I17,"Thomas G. Cupillari Observatory, Fleetville",-75.67794,0.748993,0.660451
I18,"Fan Mountain Observatory, Covesville",-78.6933,0.79038,0.6107
I19,"Observatorio El Gato Gris, Tanti",-64.59289,0.854834,-0.517422
I20,"Observatorio Astronomico Salvador, Rio Cuarto",-64.31839,0.838551,-0.543122
I21,"El Condor Observatory, Cordoba",-64.1719,0.85465,-0.5176
I22,"Abbey Ridge Observatory, Stillwater Lake",-63.82601,0.71212,0.699724
I23,"Frosty Cold Observatory, Mash Harbor",-67.73351,0.714173,0.697623
I24,"Lake of the Woods Observatory, Locust Grove",-77.7694,0.78534,0.61702
I25,"ECCCO Observatory, Bosque Alegre",-64.55619,0.850887,-0.523945
I26,"Observatorio Kappa Crucis, Cordoba",-64.1786,0.85417,-0.51839
I27,"Barred Owl Observatory, Carp",-75.9994,0.70401,0.70783
I28,"Starhoo Observatory, Lakeville",-70.9111,0.74643,0.66324
I29,"Middlesex School Observatory, Concord",-71.36696,0.738432,0.672081
I30,Observatorio Geminis Austral,-60.6583,0.83966,-0.54131
I31,Observatorio Astronomico del Colegio Cristo Rey,-60.6351,0.83995,-0.54086
I32,"Observatorio Beta Orionis, Rosario",-60.6536,0.83969,-0.54125
I33,"SOAR, Cerro Pachon",-70.73369,0.865052,-0.500865
I34,Morgantown,-75.8703,0.76548,0.64134
I35,Sidoli,-58.4428,0.82198,-0.56762
I36,"Observatorio Los Campitos, Canuelas",-58.71729,0.819978,-0.570483
I37,"Astrodomi Observatory, Santa Rita",-58.64725,0.825603,-0.56236
I38,"Observatorio Los Algarrobos, Salto",-57.97859,0.8544,-0.517885
I39,"Observatorio Cruz del Sur, San Justo",-58.57339,0.823342,-0.565652
I40,La Silla--TRAPPIST,-70.73939,0.873472,-0.485986
I41,Palomar Mountain--ZTF,-116.85978,0.836322,0.546875
I42,Westport Observatory,-71.0919,0.74895,0.66041
I43,"Tarleton State University Obs., Stephenville",-98.09763,0.846901,0.530084
I44,"Northwest Florida State College, Niceville",-86.4824,0.86201,0.50521
I45,"W Crusis Astronomical Observatory, San Justo",-58.5719,0.82326,-0.56577
I46,"The Cottage Observatory, Altoona",-78.3892,0.76192,0.64558
I47,"Pierre Auger Observatory, Malargue",-69.4497,0.81526,-0.57753
I48,"Observatorio El Catalejo, Santa Rosa",-64.3243,0.8034,-0.59348
I49,"Sunflower Observatory, Santa Fe",-106.01383,0.813183,0.580617
I50,"P2 Observatory, Mayhill",-105.52858,0.840712,0.540309
I51,Clinton,-76.9453,0.78133,0.62203
I52,"Steward Observatory, Mt. Lemmon Station",-110.78892,0.845109,0.533609
I53,Armilla,-3.6217,0.79822,0.60052
I54,"Observatorio Las Vaguadas, Badajoz",-6.96919,0.779853,0.623912
I55,Valencia,-0.35786,0.772769,0.632566
I56,"Observatorio Astronomico John Beckman, Almeria",-2.28934,0.801182,0.596429
I57,Elche,-0.6744,0.78579,0.61646
I58,Betera,-0.4626,0.77206,0.63345
I59,"Observatorio Fuente de los matos, Muriedas",-3.8442,0.72754,0.68377
I60,Guernanderf,-2.8219,0.67397,0.7363
I61,Ourense,-7.8506,0.74047,0.66989
I62,Observatorio Helios Ontigola,-3.57361,0.767072,0.639561
I63,"Cygnus Observatory, New Airesford",-1.167,0.62944,0.77446
I64,Maidenhead,-0.70614,0.623532,0.779182
I65,Yunquera,-4.9204,0.80245,0.59491
I66,"Taurus Australis Observatory, Brasilia",-48.0,0.96235,-0.27153
I67,Hartley Wintney,-0.91247,0.62644,0.77687
I68,Pousada dos Anoes Observatory,-47.5019,0.96931,-0.24573
I69,"AGM Observatory, Marrakech",-7.9931,0.85232,0.5214
I70,"Gedney House Observatory, Kirton",-0.05842,0.604128,0.794217
I71,"Observatorio Los Milanos, Caceres",-6.3302,0.7733,0.63205
I72,"Observatorio Carpe-Noctem, Madrid",-4.0151,0.75923,0.64893
I73,"Salvia Observatory, Saulges",-0.41289,0.670611,0.739353
I74,"Baxter Garden Observatory, Salisbury",-1.81261,0.629588,0.774337
I75,"Observatorio Los Caracoles, Castello",-0.035,0.76735,0.6391
I76,"Observatorio Tesla, Valdemorillo",-4.06319,0.761573,0.646107
I77,"CEAMIG-REA Observatory, Belo Horizonte",-43.9975,0.94119,-0.33714
I78,"Observatorio Principia, Malaga",-4.4279,0.8024,0.59481
I79,"AstroCamp, Nerpio",-2.3267,0.78743,0.61474
I80,"Rose Cottage Observatory, Keighley",-1.86672,0.590762,0.804183
I81,"Tarbatness Observatory, Portmahomack",-3.79889,0.53351,0.842967
I82,Guimar,-16.4203,0.88105,0.47156
I83,"Cherryvalley Observatory, Rathmolyon",-6.81,0.5963,0.80008
I84,"Cerro del Viento, Badajoz",-6.9788,0.77967,0.62415
I85,Las Negras,-2.0152,0.80086,0.59686
I86,"Observatorio UCM, Madrid",-3.7261,0.76211,0.64543
I87,"Astroshot Observatory, Monasterevin",-7.0407,0.60121,0.79643
I88,Fuensanta de Martos,-3.9177,0.79287,0.60753
I89,"iTelescope Observatory, Nerpio",-2.3261,0.78744,0.61474
I90,Blackrock Castle Observatory,-8.4024,0.618315,0.783298
I91,Retamar,-2.3075,0.801192,0.596407
I92,"Astreo Observatory, Mairena del Aljarafe",-6.04711,0.795987,0.603315
I93,St Pardon de Conques,-0.20296,0.713717,0.698101
I94,"Observatorio Rho Ophiocus, Las Rozas de Madrid",-3.8633,0.76162,0.64603
I95,Observatorio de la Hita,-3.18606,0.771993,0.633666
I96,"Hyperion Observatory, Urbanizacion Caraquiz",-3.49616,0.758233,0.64996
I97,"Penn Heights Observatory, Rickmansworth",-0.49822,0.621889,0.780493
I98,El Berrueco,-3.58661,0.757256,0.651181
I99,"Observatorio Blanquita, Vaciamadrid",-3.53957,0.763221,0.644121
J00,Segorbe,-0.4944,0.7688,0.63744
J01,"Observatorio Cielo Profundo, Leon",-5.7155,0.739938,0.670609
J02,Busot,-0.445,0.78391,0.61884
J03,"Gothers Observatory, St. Dennis",-4.8675,0.638787,0.766833
J04,"ESA Optical Ground Station, Tenerife",-16.511823,0.881471,0.471466
J05,"Bootes Observatory, Boecillo",-4.70361,0.749617,0.659822
J06,"Trent Astronomical Observatory, Clifton",-1.18753,0.604374,0.794039
J07,"Observatorio SPAG Monfrague, Palazuelo-Empalme",-6.10457,0.767881,0.638546
J08,"Observatorio Zonalunar, Puzol",-0.3451,0.77127,0.63439
J09,Balbriggan,-6.2083,0.5945,0.80141
J10,Alicante,-0.40161,0.784437,0.618151
J11,Matosinhos,-8.68231,0.746984,0.662617
J12,Caraquiz,-3.48939,0.758248,0.649949
J13,La Palma-Liverpool Telescope,-17.8792,0.87763,0.47851
J14,La Corte,-14.00719,0.880303,0.472891
J15,Muxagata,-7.16939,0.75542,0.653125
J16,"An Carraig Observatory, Loughinisland",-5.79644,0.584292,0.808826
J17,Ragdon,-2.79687,0.609723,0.790018
J18,"Dingle Observatory, Montgomery",-3.094,0.60992,0.789845
J19,El Maestrat,-0.16964,0.764671,0.642359
J20,Aravaca,-3.78074,0.762019,0.645541
J21,El Boalo,-3.91997,0.759065,0.649062
J22,"Tacande Observatory, La Palma",-17.86765,0.878415,0.476543
J23,Centre Astronomique de La Couyere,-1.50639,0.671765,0.7383
J24,Observatorio Altamira,-16.44281,0.881661,0.470499
J25,"Penamayor Observatory, Nava",-5.51117,0.728241,0.683076
J26,"The Spaceguard Centre, Knighton",-3.01881,0.612507,0.787898
J27,El Guijo Observatory,-4.03101,0.760373,0.647528
J28,Jaen,-3.78619,0.791408,0.609366
J29,"Observatorio Nira, Tias",-13.65787,0.875695,0.481318
J30,"Observatorio Ventilla, Madrid",-3.707,0.761925,0.645666
J31,La Axarquia,-4.22589,0.802445,0.594759
J32,Aljaraque,-7.02231,0.796769,0.602268
J33,"University of Hertfordshire Obs., Bayfordbury",-0.094,0.62004,0.781953
J34,La Fecha,-4.77289,0.748695,0.660858
J35,"Tucci Observatory, Martos",-3.97089,0.792167,0.608432
J36,"Observatorio DiezALaOnce, Illana",-3.05481,0.765179,0.641659
J37,Huelva,-6.93531,0.796893,0.602104
J38,"Observatorio La Vara, Valdes",-6.39076,0.726887,0.684518
J39,Ingenio,-15.4364,0.88429,0.46547
J40,Malaga,-4.44153,0.802546,0.594601
J41,Raheny,-6.1811,0.59779,0.79897
J42,Puzol,-0.3011,0.77138,0.63425
J43,"Oukaimeden Observatory, Marrakech",-7.86646,0.856441,0.515339
J44,"Observatorio Iturrieta, Alava",-2.3448,0.73506,0.67596
J45,"Observatorio Montana Cabreja, Vega de San Mateo",-15.53265,0.883626,0.466916
J46,"Observatorio Montana Blanca, Tias",-13.6406,0.87569,0.48131
J47,Observatorio Nazaret,-13.556,0.87501,0.4826
J48,"Observatory Mackay, La Laguna",-16.304,0.87977,0.47393
J49,Santa Pola,-0.5518,0.78695,0.61496
J50,La Palma-NEON,-17.8824,0.87764,0.47847
J51,"Observatorio Atlante, Tenerife",-16.27102,0.879789,0.473809
J52,Observatorio Pinsoro,-1.3392,0.74198,0.66826
J53,Posadas,-5.10722,0.791142,0.609607
J54,Bradford Robotic Telescope,-16.5094,0.88149,0.47142
J55,Los Altos de Arguineguin Observatory,-15.6856,0.88549,0.46313
J56,Observatorio La Avejerilla,-15.5464,0.88416,0.46624
J57,"Centro Astronomico Alto Turia, Valencia",-1.10911,0.767817,0.638833
J58,"Brynllefrith Observatory, Llantwit Fardre",-3.3356,0.62304,0.77959
J59,"Observatorio Linceo, Santander",-3.79744,0.726956,0.684386
J60,"Tocororo Observatory, Arquillinos",-5.6594,0.74773,0.66201
J61,"Brownstown Observatory, Kilcloon",-6.5736,0.59719,0.79942
J62,"Kingsland Observatory, Boyle",-8.3655,0.59017,0.80459
J63,San Gabriel,-0.5169,0.78548,0.61683
J64,La Mata,-0.6541,0.78871,0.61271
J65,Celbridge,-6.5503,0.5983,0.7986
J66,Kinver,-2.2167,0.61071,0.78922
J67,Observatorio La Puebla de Vallbona,-0.5333,0.77114,0.63457
J68,"Tweenhills Observatory, Hartpury",-2.2945,0.61813,0.78345
J69,"North Observatory, Clanfield",-1.01966,0.631443,0.772863
J70,"Obs. Astronomico Vega del Thader, El Palmar",-1.1596,0.78968,0.61149
J71,Willow Bank Observatory,-2.1053,0.5935,0.80217
J72,Valle del Sol,-1.0336,0.79065,0.61028
J73,Quainton,-0.9167,0.6187,0.783
J74,Bilbao,-2.9039,0.7295,0.68169
J75,"OAM Observatory, La Sagra",-2.56529,0.789388,0.612222
J76,La Murta,-1.20282,0.790771,0.610163
J77,"Golden Hill Observatory, Stourton Caundle",-2.4053,0.63154,0.77276
J78,Murcia,-1.1756,0.78887,0.61253
J79,"Observatorio Calarreona, Aguilas",-1.61934,0.795516,0.603908
J80,Sainte Helene,-0.8917,0.70862,0.70323
J81,Guirguillano,-1.86511,0.735984,0.674878
J82,Leyland,-2.6933,0.5935,0.8021
J83,"Olive Farm Observatory, Hoghton",-2.6117,0.59274,0.8027
J84,"South Observatory, Clanfield",-1.0197,0.63144,0.77285
J85,Makerstoun,-2.5167,0.5666,0.8213
J86,Sierra Nevada Observatory,-3.3847,0.7993,0.59968
J87,La Canada,-4.4933,0.76047,0.64753
J88,"Strawberry Field Obs., Southampton",-1.4408,0.63165,0.77266
J89,Tres Cantos Observatory,-3.7139,0.76045,0.64739
J90,West Challow,-1.4683,0.62251,0.78
J91,"Alt emporda Observatory, Figueres",-2.9517,0.7411,0.6692
J92,Beaconsfield,-0.6513,0.62214,0.78031
J93,"Mount Tuffley Observatory, Gloucester",-2.2574,0.61927,0.78255
J94,Abbeydale,-2.2114,0.61909,0.7827
J95,Great Shefford,-1.44699,0.624152,0.778715
J96,Observatorio de Cantabria,-3.94331,0.735326,0.67569
J97,Alginet,-0.4667,0.7754,0.6293
J98,Observatorio Manises,-0.4656,0.77275,0.63259
J99,Burjassot,-0.42192,0.772589,0.63279
K00,Hanau,8.94836,0.64263,0.763639
K01,"Astrognosis Observatory, Bradwell",0.62091,0.618636,0.78306
K02,"Eastwood Observatory, Leigh on Sea",0.66761,0.622858,0.779718
K03,Observatori AAS Montsec,0.74411,0.744133,0.665979
K04,"Lo Fossil Observatory, Ager",0.74416,0.74413,0.665983
K05,"Eden Observatory, Banham",1.02311,0.610689,0.789233
K06,"Observatorio Montagut, Can Sola",1.9995,0.749658,0.659703
K07,"Observatoire de Gravelle, St. Maurice",2.4614,0.65973,0.74902
K08,"Observatorio Lledoner, Vallirana",1.88,0.75142,0.65773
K09,Llica d\'Amunt,2.24,0.74889,0.66051
K10,"Micro Palomar, Reilhanette",5.4214,0.71851,0.69332
K11,Observatoire de Pommier,2.88079,0.697458,0.71439
K12,Obsevatorio Astronomico de Marratxi,2.7267,0.77121,0.63447
K13,"Albireo Observatory, Inca",2.9124,0.77015,0.63575
K14,Observatorio de Sencelles,2.9131,0.7709,0.63485
K15,Murviel-les-Montpellier,3.75522,0.725152,0.686311
K16,Reilhanette,5.42106,0.71854,0.693283
K17,"Observatoire des Valentines, Bex",7.02679,0.692802,0.718806
K18,Hesingue,7.5242,0.67588,0.7346
K19,"PASTIS Observatory, Banon",5.64731,0.720582,0.691187
K20,"Danastro Observatory, Romeree",4.68015,0.642261,0.763954
K21,Saint-Saturnin-les-Avignon,4.9292,0.72101,0.69061
K22,"Les Barres Observatory, Lamanon",5.07611,0.724222,0.687283
K23,Gorgonzola,9.4023,0.70168,0.71014
K24,Schmelz,6.86069,0.651487,0.756168
K25,"Observatoire Haute Provence Sud, Saint-Michel-l\'Observatoire",5.7136,0.72157,0.69014
K26,Contern,6.2201,0.64965,0.75775
K27,"St-Martin Observatory, Amathay Vesigneux",6.2094,0.68296,0.72816
K28,Sternwarte Eckdorf,6.8947,0.63326,0.77137
K29,Stellarium Gornergrat,7.78347,0.696415,0.715918
K30,Luscherz,7.14839,0.682674,0.728365
K31,Osservatorio Astronomico di Bellino,7.00361,0.713656,0.698546
K32,"Maritime Alps Observatory, Cuneo",7.52964,0.716152,0.695733
K33,San Defendente,7.49761,0.715775,0.696117
K34,Turin,7.7005,0.70697,0.70492
K35,Huenfelden,8.16369,0.639883,0.765937
K36,Ebersheim,8.24887,0.645167,0.761522
K37,Cereseto,8.3148,0.70738,0.70449
K38,"M57 Observatory, Saltrio",8.91824,0.697505,0.714297
K39,Serra Observatory,8.95556,0.71408,0.697844
K40,Altdorf,9.0135,0.66228,0.74685
K41,"Vegaquattro Astronomical Observatory, Novi Ligure",8.793,0.71113,0.70075
K42,Knielingen,8.3332,0.65685,0.75151
K43,"OVM Observatory, Chiesa in Valmalencom",9.8389,0.69215,0.7197
K44,"Marienburg Sternwarte, Hildesheim",9.97331,0.615161,0.785779
K45,"Osservatorio Astronomico di Punta Falcone, Piombino",10.49814,0.733299,0.677639
K46,Bamberg,10.9114,0.64561,0.76115
K47,"BSCR Observatory, Santa Maria a Monte",10.68822,0.724257,0.687222
K48,"Keyhole Observatory, San Giorgio di Mantova",10.83881,0.705714,0.706127
K49,"Carpione Observatory, Spedaletto",11.18581,0.724381,0.687146
K50,"Sternwarte Feuerstein, Ebermannstadt",11.133,0.646903,0.760116
K51,"Osservatorio del Celado, Castello Tesino",11.65789,0.695636,0.716268
K52,"Gwen Observatory, San Francesco al Campo",7.6478,0.70548,0.70642
K53,Marina di Cerveteri,12.04564,0.744479,0.665409
K54,Astronomical Observatory University of Siena,11.33678,0.728803,0.682494
K55,Wallhausen,7.765,0.645586,0.761172
K56,Osservatorio di Foligno,12.70497,0.732993,0.678008
K57,Fiore Observatory,13.0444,0.69854,0.71317
K58,Gevelsberg,7.4497,0.62655,0.77685
K59,"Elsterland Observatory, Jessnigk",13.27744,0.620411,0.781663
K60,Lindby,13.51069,0.568623,0.819848
K61,Rokycany Observatory,13.6026,0.64741,0.75967
K62,Teplice Observatory,13.84675,0.635514,0.769557
K63,"G. Pascoli Observatory, Castelvecchio Pascoli (Before June 2023)",10.46252,0.719536,0.692195
K64,Waizenreuth,11.74397,0.644963,0.761748
K65,Cesena,12.2339,0.71879,0.6929
K66,Osservatorio Astronomico di Anzio,12.62861,0.750491,0.658684
K67,"Bayerwald Sternwarte, Spiegelau",13.361,0.65835,0.75036
K68,"Osservatorio Elianto, Pontecagnano",14.90512,0.759709,0.64811
K69,Riethnordhausen,10.9941,0.62938,0.77452
K70,Rosarno,15.9736,0.78375,0.61901
K71,Neutraubling,12.2159,0.65748,0.75101
K72,Celico,16.3396,0.77485,0.63021
K73,Gravina in Puglia,16.4158,0.75789,0.65029
K74,"Muensterschwarzach Observatory, Schwarzach",10.2364,0.64667,0.76025
K75,"Astro Dolomites, Santa Cristina Valgardena",11.7289,0.68897,0.72269
K76,"BSA Osservatorio, Savigliano",7.62898,0.713488,0.69841
K77,"EHB01 Observatory, Engelhardsberg",11.2903,0.6468,0.76019
K78,"iota Scorpii Observatory, La Spezia",9.85356,0.718987,0.692718
K79,Erfurt,11.05789,0.631175,0.773097
K80,"Platanus Observatory, Lusowko",16.63733,0.610859,0.789111
K81,"P.M.P.H.R. Deep Sky Observatory, Atina",13.78511,0.748666,0.660819
K82,"Alphard Observatory, Ostuni",17.5894,0.75937,0.64854
K83,"Osservatorio Astronomico Beppe Forti, Montelupo",11.04317,0.723487,0.68808
K84,"Felliscopio Observatory, Fellicarolo",10.75861,0.71834,0.693581
K85,Kelmis,6.03161,0.634354,0.770499
K86,Brescia,10.18189,0.701516,0.710308
K87,Dettelbach Vineyard Observatory,10.17011,0.646647,0.760288
K88,"GINOP-KHK, Piszkesteto",19.89367,0.671543,0.738689
K89,"Digital Stargate Observatory, Manciano",11.56339,0.738665,0.67186
K90,Sopot Astronomical Observatory,20.54577,0.714093,0.697776
K91,Sutherland-LCO A,20.81019,0.845561,-0.532618
K92,Sutherland-LCO B,20.81004,0.845561,-0.532618
K93,Sutherland-LCO C,20.81011,0.84556,-0.53262
K94,Sutherland,20.81097,0.845561,-0.532606
K95,"MASTER-SAAO Observatory, Sutherland",20.81106,0.845555,-0.532613
K96,Savelli Observatory,16.75119,0.77487,0.630302
K97,Freconrupt,7.18026,0.664361,0.74505
K98,"6ROADS Observatory 1, Wojnowko",17.07217,0.608205,0.791142
K99,Derenivka Observatory,22.4535,0.663064,0.746102
L00,"East Rome Observatory, Rome",12.5375,0.74535,0.66446
L01,"Visnjan Observatory, Tican",13.7493,0.704742,0.707169
L02,"NOAK Observatory, Stavraki",20.81658,0.771051,0.634781
L03,"SGT Observatory, Gaflenz",14.73081,0.671765,0.738393
L04,"ROASTERR-1 Observatory, Cluj-Napoca",23.5964,0.685544,0.725675
L05,"Dridri Observatory, Franciacorta",10.0699,0.70093,0.71089
L06,"Sormano 2 Observatory, Bellagio Via Lattea",9.25403,0.69628,0.715445
L07,"Osservatorio Salvatore di Giacomo, Agerola",14.56406,0.760166,0.647727
L08,"Metsahovi Optical Telescope, Metsahovi",24.39447,0.497926,0.864325
L09,Sutherland-LCO Aqawan A #1,20.80987,0.845559,-0.532619
L10,Kryoneri Observatory,22.6186,0.78943,0.61203
L11,Sandvreten Observatory,17.2092,0.50421,0.8607
L12,Koksijde,2.67789,0.629068,0.774754
L13,"Stardust Observatory, Brasov",25.62193,0.700409,0.711479
L14,Planetarium de Vaulx-en-Velin Observatory,4.92247,0.698669,0.713095
L15,"St. George Observatory, Ploiesti",25.97839,0.708234,0.703665
L16,"Stardreams Observatory, Valenii de Munte",26.04561,0.70582,0.706098
L17,Observatori Astronomic Albanya,2.7114,0.74071,0.66964
L18,"QOS Observatory, Zalistsi",26.71828,0.659348,0.749399
L19,"Osservatorio Felsina AAB, Montepastore",11.15258,0.716257,0.695653
L20,"AG_Sarajevo Observatory, Sarajevo",18.32069,0.722441,0.689239
L21,"Ostrov Observatory, Constanta",27.42128,0.720179,0.691479
L22,Barlad Observatory,27.66953,0.692963,0.718573
L23,Schela Observatory,27.8319,0.70211,0.70968
L24,Gauteng,27.9289,0.89882,-0.43743
L25,Smolecin,14.43739,0.598174,0.7987
L26,"Sanderphil Urban Observatory, Civitavecchia",11.81019,0.743368,0.666653
L27,"29PREMOTE Observatory, Dauban",5.64704,0.720583,0.691197
L28,ISON-Castelgrande Observatory,15.46339,0.758034,0.650341
L29,"Drebach-South Observatory, Windhoek",18.0169,0.91802,-0.39574
L30,"Lohbach Observatory, Benninghofen",7.51469,0.624126,0.778737
L31,"RaSo Observatory, Chemnitz",12.85615,0.632524,0.772019
L32,Korea Microlensing Telescope Network-SAAO,20.81044,0.845576,-0.532593
L33,Ananiv,29.9546,0.67379,0.73646
L34,"Galhassin Robotic Telescope, Isnello",14.02061,0.789742,0.611548
L35,"DreamSky Observatory, Lisnyky",30.5086,0.64055,0.76537
L36,Ondrejov--BlueEye600 Telescope,14.78008,0.645319,0.761467
L37,"Observatorio Alnitak, El Puerto de Santa Maria",-6.26117,0.803937,0.592739
L38,"Gartensternwarte Schafsweide, Sehlde",9.69997,0.615648,0.785407
L39,"Osservatorio Spica, Signa",11.04031,0.723062,0.68849
L40,Sternwarte Saarbruecken Rastpfuhl,6.95681,0.654011,0.754011
L41,Ponte Uso,12.30181,0.720683,0.691022
L42,Observatory-Astrocamp Manciano,11.5633,0.7367,0.674
L43,"Ager, Leida",0.74439,0.744131,0.665982
L44,"AstroVal, Le Chenit",6.22111,0.688185,0.72336
L45,"ObsCT, Catania",15.06243,0.793975,0.605979
L46,Observatorio Majadahonda,-3.88061,0.762017,0.645574
L47,"Osservatorio Astronomico, Piobbico",12.50711,0.725542,0.685961
L48,"CNVL Observatory, Baia Mare",23.56873,0.674816,0.735566
L49,"VEGA-Sternwarte, Dorfleiten",13.0073,0.671444,0.738747
L50,"GenShtab Observatory, Nauchnyi",34.0114,0.71157,0.70039
L51,"MARGO, Nauchnyi",34.0164,0.71169,0.70028
L52,MASTER-Tavrida,34.01694,0.711679,0.700287
L53,"Aldo Agnetti Observatory, Como",9.03381,0.699589,0.712226
L54,"Berthelot Observatory, Hunedoara",22.88878,0.700704,0.711156
L55,"Sura Gardens, Dnipro",35.0875,0.666222,0.743283
L56,"Sternwarte Limburg, Limburg",8.05858,0.63896,0.766697
L57,"Bacau Observatory, Bacau",26.90419,0.688762,0.722601
L58,Heavenly Owl observatory,30.57108,0.69171,0.719771
L59,"Compustar Observatory, Rouen",1.22606,0.651546,0.756108
L60,"Popovich Observatory, Ivanivka",30.69722,0.644961,0.761695
L61,"MONET South, Sutherland",20.81028,0.845575,-0.532593
L62,"Hypatia Observatory, Rimini",12.52889,0.719467,0.692209
L63,"HOB Observatory, Capraia Fiorentina",11.00914,0.723671,0.687849
L64,"Martesana Observatory, Cassina de Pecchi",9.36314,0.701822,0.710005
L65,"Bredenkamp Observatory, Bremen",8.82831,0.602059,0.795784
L66,"MeerLICHT-1, Sutherland",20.81122,0.845577,-0.532615
L67,"Cherkizovo Observatory, Moscow Oblast",37.79889,0.561057,0.825033
L68,"PESCOPE, Port Elizabeth",25.53683,0.830048,-0.555874
L69,"LaCaille Observatory, Pretoria",28.2142,0.90084,-0.43323
L70,"Zvjezdarnica Graberje, Zagreb",15.92333,0.698145,0.7136
L71,"Vedrus Observatory, Azovskaya",38.5839,0.71089,0.70101
L72,Melezhy Astrophoto Observatory,38.6928,0.55979,0.82589
L73,"Beato Ermanno Observatory, Impruneta",11.26183,0.724459,0.687083
L74,"AstroColauri, Naples",14.21109,0.757212,0.651048
L75,Tartu Observatory of Tartu University,26.46394,0.527292,0.846853
L76,"Nomad Observatory, Kochevanchik",39.65161,0.68353,0.727483
L77,"RDSS, Kovalevka",39.82025,0.678927,0.731765
L78,"San Marco Observatory, Salerno",14.78,0.75943,0.64844
L79,"BOSZA Observatory, Szalanta",18.22039,0.696477,0.715222
L80,"SpringBok Observatory, Tivoli",18.0175,0.91802,-0.39574
L81,Skygems Namibia Remote Observatory,16.36169,0.919631,-0.392204
L82,"Crow Observatory, Portalegre",-7.3205,0.775227,0.629726
L83,"UJA Observatory, Jaen",-3.77769,0.791355,0.609451
L84,"Kairos Observatory, Letnik",41.27989,0.695443,0.716182
L85,"BiAnto Observatory, Lauria",15.86325,0.766873,0.63983
L86,"Giordano Bruno Observatory, Brallo",9.2631,0.7114,0.70062
L87,"Moonbase South Observatory, Hakos",16.36189,0.919631,-0.392204
L88,"Stazione Astronomica Le Pleiadi, Pantane",16.5422,0.77721,0.62746
L89,"PAO, Prato",11.14439,0.722146,0.689445
L90,"ABObservatory, Rosarno",15.97949,0.78412,0.61856
L91,"Antares MTM Observatory, S. Donato",13.8078,0.74776,0.66189
L92,San Costantino,16.00211,0.781423,0.621967
L93,"Garraf Observatory, Sant Pere de Ribes",1.77221,0.752844,0.65601
L94,"Observatorio MOMA, Oviedo",-5.85439,0.728187,0.683146
L95,Observatorio Astronomico de Cartagena,-1.04841,0.793164,0.607
L96,ISON-Byurakan Observatory,44.2745,0.7634,0.64416
L97,"Castle Fields Observatory, Calne",-2.00839,0.624666,0.778298
L98,"La Sagra Observatory, Puebla de Don Fadrique",-2.56575,0.789394,0.612232
L99,Novosilky,30.60281,0.635913,0.769201
M00,"Viestikallio, Artjarvi",26.211547,0.490116,0.868754
M01,Weizmann Astrophysical Observatory,35.040733,0.866349,0.4979
M02,Astropriorat Observatory,0.86386,0.754439,0.654271
M03,Badalona Boreal,2.25822,0.750568,0.658591
M04,"Pujalt Observatory, Barcelona",1.4256,0.74764,0.66207
M05,"Observatoire de la Nine, Canens",1.33161,0.729979,0.681267
M06,"PeLe\'s Observatory, Ager",0.74381,0.74413,0.665983
M07,Siek,10.29447,0.594202,0.801641
M08,"CHON, Stekene",4.0381,0.62786,0.77573
M09,Observatory Gromme - Oudsbergen,5.60094,0.630164,0.773882
M10,"CPF Observatory, St Vallier de Thiey",6.85411,0.724305,0.687343
M11,"Novaastro Observatory, Banon",5.64718,0.720589,0.691192
M12,Puschino,47.8639,0.55891,0.82648
M13,"Lucie Berger Observatory, Strasbourg",7.7425,0.662866,0.746267
M14,Schiaparelli Gallarate Station,8.78939,0.699981,0.711832
M15,"Virgo Oservatory, Seveso",9.1506,0.70039,0.71142
M16,Osservatorio Il Coreggiolo,9.77319,0.719401,0.692358
M17,"SN1572 Tycho Observatory, La Spezia",9.80922,0.719163,0.692525
M18,Koeditz,11.83939,0.639618,0.766239
M19,"Osservatorio Explorer, Pula",13.88327,0.709976,0.701881
M20,"Polse di Cougnes Observatory, Zuglio",13.01169,0.690044,0.721515
M21,"Schiaparelli Southern Observatory, Hakos",16.36144,0.91963,-0.392206
M22,"ATLAS South Africa, Sutherland",20.81059,0.845564,-0.532612
M23,"ELTE Gothard Observatory, Szombathely",16.6035,0.679955,0.730852
M24,"La Macchina del Tempo, Ardore Marina",16.2005,0.787195,0.614649
M25,"Einarin Observatory, Tampere",23.8283,0.47849,0.87517
M26,"Zen Observatory, Scandicci",11.13494,0.723236,0.688304
M27,"Elijah Observatory, Lajatico",10.7175,0.72743,0.68399
M28,"Lesedi Telescope-SAAO Observatory, Sutherland",20.81064,0.845568,-0.532607
M29,"O.M.Ni.A. Observatory, Cesena",12.24864,0.718724,0.692984
M30,"Zeta Aquarii Observatory, Brasov",25.62,0.70038,0.711516
M31,"Ursa Havaintokeskus,  Artjarvi",26.21281,0.49013,0.868745
M32,"Sunny Transcarpathian, Mukachevo",22.70919,0.665464,0.743964
M33,"OWL-Net, Mitzpe Ramon",34.76334,0.861632,0.506111
M34,"AGO70, Astronomical Observatory, Modra",17.27363,0.665591,0.743936
M35,"PS Observatory, Parjol",26.61669,0.688654,0.722734
M36,"Opicina, Trieste",13.79647,0.699732,0.71209
M37,"Astronomsko drustvo Nanos, Ajdovscina",13.91243,0.696956,0.714892
M38,"Harsona Observatory, Nyiregyhaza",21.76719,0.671089,0.738924
M39,"AUTH Observatory, Thessaloniki",22.95888,0.760013,0.64775
M40,"OSTS-NRIAG, Kottamia",31.82708,0.867372,0.496143
M41,Jeddah,39.25827,0.930706,0.364567
M42,"Emirates Observatory, Al Rahba",54.6708,0.9099,0.41343
M43,"Al Sadeem Observatory, Abu Dhabi",54.68478,0.912805,0.407034
M44,"Al-Khatim Observatory, Abu Dhabi",54.92031,0.912502,0.407722
M45,"Starhopper Observatory, Sfantu Gheorghe",25.76889,0.697617,0.714205
M46,"Althuraya Astronomy Center, Dubai",55.45033,0.90528,0.423399
M47,"Sharjah Observatory, Sharjah",55.46205,0.904763,0.424484
M48,"GAC - Via L. Sturzo Observatory, Catania",15.09222,0.794277,0.605535
M49,"IAS Remote Observatory, Hakos",16.36172,0.91963,-0.392206
M50,"Virtual Telescope Project, Manciano",11.56375,0.738663,0.671862
M51,"Robert Mayer Sternwarte, Heilbronn",9.22697,0.6555,0.752709
M52,Sassari,8.5785,0.758941,0.649052
M53,"CAS Observatory, Preetz",10.28219,0.585977,0.807623
M54,Observatoire Albireo de Biot,7.07781,0.72514,0.686335
M55,"Luckystar Observatory, Vazec",19.987,0.656685,0.751814
M56,Varedo,9.17483,0.700833,0.710985
M57,"Wide-field Mufara Telescope, Isnello",14.0202,0.790651,0.610701
M58,"VdS Remote Observatory, Hakos",16.36133,0.91963,-0.392207
M59,"Rondchamp Observatory, Reconvilier",7.22883,0.680334,0.730616
M60,"Virgil Observatory, Loiano",11.32554,0.717411,0.694492
M61,Observatory Moers Kapellen,6.58581,0.624893,0.778108
M62,Lajoux Observatory,7.13417,0.679741,0.731214
M63,"RPF Observatory, Gagliano del Capo",18.36969,0.768886,0.637286
M64,"Holbrook, Heathfield",0.23964,0.631065,0.77317
M65,"Mustola Observatory, Lappeenranta",28.32494,0.485072,0.871558
M66,"SNX-NET, Prodromos",32.840194,0.820917,0.569526
M67,"Kolobov Observatory, Magnitogorsk",58.63631,0.591867,0.803429
M68,"School 1502 Rooftop Observatory, Moscow",37.83052,0.563964,0.823064
M69,Emirates Astronomical Observatory L.L.C,54.74547,0.917029,0.397543
M70,"BOOTES-6, Bloemfontein",26.404094,0.875173,-0.482645
M71,"AUTH Astronomical Station, Noesis",22.995619,0.760788,0.646852
M72,"AUTH Astronomical Station, Cyprus",32.840167,0.820914,0.569524
M73,"Eden Emirates Observatory, Abu Dhabi",54.74531,0.917018,0.397539
M75,"Online observatory, Peschany",39.51155,0.699085,0.712651
M77,Mezmay Comet Search Center,39.96553,0.71811,0.693769
M90,Chervishevo,65.4286,0.54672,0.83452
N27,Omsk-Yogik Observatory,73.7253,0.57847,0.81298
N30,"Zeds Astronomical Observatory, Lahore",74.3694,0.85369,0.51909
N31,"Eden Astronomical Observatory, Lahore",74.44422,0.853321,0.51969
N42,Tien-Shan Astronomical Observatory,76.97181,0.732126,0.679511
N43,"Plateau Observatory for Dome A, Kunlun Station",77.1167,0.16712,-0.98328
N44,"Shache Station, Langan Village",77.13931,0.785023,0.617693
N50,"Himalayan Chandra Telescope, IAO, Hanle",78.96383,0.842176,0.538692
N51,"GROWTH India Telescope, IAO, Hanle",78.96461,0.842178,0.538687
N53,International Liquid Mirror Telescope,79.6853,0.8725717,0.4876117
N54,"Purple Mountain Observatory, Jiama\'erdeng Station",80.02674,0.846505,0.532071
N55,"Corona Borealis Observatory, Ngari, Tibet",80.02623,0.846497,0.532089
N56,"Jiama\'erdeng Tianwentai JIST project, Ali, Tibet",80.02675,0.846503,0.532073
N57,"YLT, NAOC",80.046,0.846724,0.53182
N82,Multa Observatory,85.95494,0.641844,0.76445
N83,"LW-1, NAOC-Korla",86.23504,0.749549,0.659927
N85,Megrez-NAOC,87.177014,0.7270457,0.6847488
N86,"Xingming Observatory-KATS, Nanshan",87.17852,0.72707,0.684719
N87,"Nanshan Station, Xinjiang Observatory",87.17503,0.727076,0.68472
N88,"Xingming Observatory #3, Nanshan",87.17322,0.727098,0.684697
N89,"Xingming Observatory #2, Nanshan",87.17906,0.727107,0.684682
N94,Altay Astronomical Observatory,88.72792,0.675788,0.734831
O02,"Galaxy Tibet YBJ Observatory,Yangbajing",90.52614,0.866434,0.498958
O17,"Purple Mountain Observatory, Lenghu-1",93.88669,0.783127,0.62073
O18,"WFST, Lenghu",93.89522,0.782966,0.621021
O37,"TRT-NEO, Chiangmai",98.48553,0.948521,0.316891
O38,"Purple Mountain Observatory, Dayao",101.04528,0.902014,0.431157
O39,"BOOTES-4, Lijiang",100.031056,0.894458,0.446769
O40,"Xingyuan, Daocheng",100.22861,0.875727,0.482435
O41,"Choakanan Observatory, Lampang",99.46556,0.949569,0.312613
O42,"Gaomeigu Gemini Observatory, LiJiang",100.029,0.894239,0.447183
O43,"Observatori Negara, Langkawi",99.78111,0.994005,0.109127
O44,"Lijiang Station, Yunnan Observatories",100.02973,0.894468,0.446765
O45,"Yunnan-HK Observatory, Gaomeigu",100.03261,0.894444,0.446808
O46,Daocheng Glacier Observatory,100.22664,0.875738,0.482415
O47,"Yunling Observatory, Yunnan",101.13415,0.902535,0.429998
O48,"Purple Mountain Observatory, Yaoan (0.8-m)",101.18154,0.903223,0.428442
O49,"Purple Mountain Observatory, Yaoan Station",101.18111,0.903206,0.428474
O50,"Hin Hua Observatory, Klang",101.43942,0.998617,0.052565
O51,"Akin Observatory, Rayong",101.27869,0.975556,0.218996
O52,"Astro820, Samut Prakan",100.72972,0.972224,0.23325
O53,"Pakchong, Nachonratchasima",101.40403,0.967655,0.25161
O54,"TSky Observatory, Chonburi",100.94939,0.97337,0.22846
O55,"Telok Kemang Observatory, Port Dickson",101.8545,0.9991,0.042381
O56,"Jaichalad-Pailin Observatory, Nakhonratchasima",101.454556,0.967528,0.252097
O57,ROP KKN Observatory,102.63094,0.957811,0.286532
O58,"SSTAC, Pak Chong",101.454131,0.9675276,0.2520966
O68,"LW-2, NAOC-Zhongwei",105.3309,0.793121,0.607347
O72,"OWL-Net, Songino",106.33476,0.672017,0.738399
O75,ISON-Hureltogoot Observatory,107.0518,0.672284,0.738151
O85,"LiShan Observatory, Lintong",109.213,0.826583,0.561181
P07,"Space Surveillance Telescope, HEH Station",114.08987,0.928304,-0.370597
P13,"Baihuashan Observatory, Beijing",115.57333,0.769058,0.637315
P14,"Nedlands Observatory, Perth",115.81167,0.848989,-0.526638
P18,"Birch Forest Observatory, LaBaGouMen",116.61083,0.75701,0.651328
P21,"6R-AUS1, Youndegin",117.28146,0.85054,-0.524246
P22,"LW-3, NAOC-Xinglong",117.57588,0.762782,0.644702
P25,"Kinmen Educational Remote Observatory, Jincheng",118.31274,0.910976,0.411089
P30,"Jiangnantianchi Observatory, Anji",119.59708,0.862775,0.504181
P31,"Starlight Observatory, Tianhuangping",119.59736,0.862772,0.504189
P34,"Lvye Observatory, Suzhou",120.32031,0.85504,0.516826
P35,"Cuteip Remote Observatory, Changhua",120.55699,0.913398,0.405722
P36,"ULTRA Observatory,Suzhou",120.62669,0.855207,0.516553
P37,"HuiWen High School Observatory, Taichung City",120.63972,0.91298,0.406672
P38,"Checheng Elementary School Observatory, Checheng",120.71429,0.927137,0.373477
P40,"Chinese Culture University, Taipei",121.53958,0.905916,0.422185
P41,"Merak, NAOC",121.786,0.797583,0.601303
P48,"ASTEP, Concordia Station",123.32403,0.258064,-0.963413
P61,Jilin Observatory,126.33047,0.722664,0.688958
P62,Jeonbuk Science High School Observatory,127.03597,0.809823,0.584732
P63,"GSA Observatory, Gwangju",126.8475,0.817778,0.573621
P64,"GSHS Observatory, Suwon",127.00489,0.796371,0.602805
P65,"OWL-Net, Daedeok",127.37568,0.805889,0.590124
P66,Deokheung Optical Astronomy Observatory,127.44675,0.824763,0.563603
P67,Kangwon National University Observatory,127.7415,0.7904,0.61057
P68,Daejeon Dongsin Science Highschool Biryong Observatory,127.4744,0.806556,0.589222
P69,ChungBuk National University Observatory,127.47561,0.801895,0.595484
P71,Miryang Arirang Astronomical Observatory,128.76108,0.815026,0.57752
P72,"OWL-Net, Mt. Bohyun",128.97595,0.808423,0.586939
P73,"BSH Byulsem Observatory, Busan",129.082,0.81744,0.57412
P87,"Hirao Observatory, Yamaguchi",132.09419,0.830358,0.555374
P93,"Space Tracking and Communications Center, JAXA",133.54433,0.823371,0.565729
Q02,"Sakai Observatory, Osaka",135.49344,0.825315,0.562809
Q06,"Tarui Observatory, Tarui",136.49547,0.816116,0.57599
Q10,Toyokawa Observatory,137.32944,0.821623,0.568142
Q11,Shinshiro,137.52069,0.820236,0.570158
Q12,Nagano Observatory,137.82536,0.805147,0.591292
Q14,Goto Astronomical Observatory in Yatsugatake,138.30444,0.811183,0.583125
Q19,Machida,139.439,0.8143,0.57852
Q20,"Swan Reach Imaging, Glenalta",139.57008,0.824585,-0.563856
Q21,Southern Utsunomiya,139.85335,0.804747,0.591654
Q22,"SNX-NET, Moorook",140.34192,0.827286,-0.559911
Q23,Sukagawa,140.386464,0.7965355,0.6026393
Q24,Katori,140.5235,0.810991,0.583108
Q33,"Nayoro Observatory, Hokkaido University",142.48278,0.715989,0.695814
Q38,Swan Hill,143.5506,0.81654,-0.57538
Q54,"Harlingten Telescope, Greenhill Observatory",147.28772,0.73929,-0.671278
Q55,"SkyMapper, Siding Spring",149.06142,0.855643,-0.516191
Q56,"Heaven\'s Mirror Observatory, Yass",148.97642,0.82148,-0.568478
Q57,Korea Microlensing Telescope Network-SSO,149.06173,0.855649,-0.516175
Q58,Siding Spring-LCO Clamshell #1,149.07085,0.855632,-0.516199
Q59,Siding Spring-LCO Clamshell #2,149.07081,0.855626,-0.516197
Q60,"ISON-SSO Observatory, Siding Spring",149.069,0.855626,-0.516198
Q61,"PROMPT, Siding Spring",149.0619,0.85564,-0.51618
Q62,"iTelescope Observatory, Siding Spring",149.06442,0.855629,-0.516206
Q63,Siding Spring-LCO A,149.07064,0.855632,-0.516202
Q64,Siding Spring-LCO B,149.07078,0.855632,-0.516202
Q65,Warrumbungle Observatory,149.19313,0.855519,-0.516201
Q66,"Siding Spring-Janess-G, JAXA",149.06425,0.855627,-0.516205
Q67,"JBL Observatory, Bathurst",149.49233,0.835816,-0.547369
Q68,"Blue Mountains Observatory, Leura",150.33742,0.832917,-0.551813
Q69,Hazelbrook,150.44933,0.832777,-0.551945
Q70,"Glenlee Observatory, Glenlee",150.50044,0.919153,-0.392623
Q71,"SNX-NET, Siding Spring",149.069808,0.855626,-0.516205
Q73,"Buckthorn, Thornton",151.64894,0.841722,-0.538113
Q78,"Woogaroo Observatory, Forest Lake",152.94789,0.886807,-0.460619
Q79,Samford Valley Observatory,152.8481,0.88871,-0.45696
Q80,Birkdale,153.216,0.88762,-0.45904
Q81,Caloundra West,153.09622,0.893194,-0.448181
R13,GOTO North,-17.879289,0.8776504,0.4784737
R14,VillaDeMazoElHoyo,-17.76794,0.878518,0.476188
R16,"Tafuriaste, La Orotava",-16.53536,0.880457,0.472653
R17,ATLAS-TDO,-16.51031,0.881484,0.47143
R20,"LaMelira, Las Palmas de Gran Canaria",-15.42289,0.88236,0.469022
R44,Metis Trevinca Skies,-6.988356,0.7418126,0.6686651
R45,"Tycho Brahe, Trevinca",-6.98842,0.741811,0.668654
R49,"Observatorio Villuercas-Navezuelas, Navezuelas (CC)",-5.439519,0.7726502,0.6329469
R50,"Obsservatorio astronomico Orion, San Agustin del Pozo",-5.593425,0.7456973,0.6642282
R51,"Astrogredos Observatory, Arenas de San Pedro",-5.08192,0.765253,0.641682
R52,"Observatorio IES Al-Baytar, Benalmadena",-4.53497,0.803836,0.592881
R53,"Pinos, Alhaurin de la Torre",-4.58667,0.803227,0.593731
R56,"Scott Street Observatory, Lake Tekapo",170.48389,0.720473,-0.691324
R57,"Aorangi Iti Observatory, Lake Tekapo",170.47278,0.720489,-0.691309
R58,"Beverly-Begg Observatory, Dunedin",170.49039,0.697579,-0.714138
R59,"Camarasa Observatory, Astrocamp Nerpio",-2.326575,0.7874407,0.6147444
R60,"MonitorMyPlanet, Nerpio",-2.32656,0.787445,0.61475
R61,Landete-Kea,-1.3695,0.768299,0.638201
R62,"lama'stro, Le Genest-Saint-Isle",-0.88661,0.669125,0.740688
R63,"Observatorio Sureste Estelar, Fuente Alamo",-1.22011,0.792058,0.608451
R64,Steyning Observatory,-0.332475,0.6321251,0.7722818
R65,"R. F. Joyce Observatory, Christchurch",172.34981,0.726556,-0.68483
R66,"Mooray Observatory, Christchurch",172.58761,0.726587,-0.684777
R67,"Chinon Private Observatory, Chinon",0.28344,0.681028,0.729829
R68,Bourgeon Observatory,-0.323203,0.6930257,0.7185227
R69,SAT01-Mntlouis sur Loire,0.80258,0.678413,0.73224
R70,"WATCH, Beychac Et Caillau",-0.37964,0.709877,0.701989
R71,"Erchico, San Vicente Del Raspeig",-0.495461,0.7846132,0.6179464
R72,"RubiObservatory, Rubi",2.03528,0.750193,0.659046
R73,"Observatoire de Tauxigny, Tauxigny",0.83289,0.680384,0.730428
R76,"LEPTINA-ONE, Estinnes-au-val",4.10667,0.63848,0.767079
R77,"Observatoire de l'etoile qui rit, St Martin de Londres",3.72744,0.723117,0.68847
R78,"Crystal Lake Observatory, Ngutunui",175.09104,0.788021,-0.613626
R79,"Observatoire Hubert Reeves, Mars",4.33403,0.708332,0.703766
R80,Observatoire International de Beauvert,4.41089,0.708799,0.703289
R83,"Observatoire Banon La Tuilerie, Banon",5.64647,0.720583,0.691196
R85,"Telescope Leonard de Vinci, GAPRA, Antibes",7.071806,0.725295,0.6861706
R86,"Mont-Soleil, Saint-Imier",6.989467,0.6812703,0.7298614
R87,Observatoire de la Cote d\'Azur,6.922939,0.723628,0.6881759
R88,"La Porte des Etoiles, Corgemont",7.14447,0.680871,0.730105
R92,Osterholz-Scharmbeck,8.78094,0.600059,0.797286
R93,"Sanse Observatory, San Sebastiano Curone",9.06719,0.710955,0.700966
R95,"Fiammetta Observatory, La Spezia",9.790453,0.7189411,0.6928279
R97,Baudenbach,10.53953,0.649091,0.758232
R99,"Giuliano Betti Observatory, Firenze",11.23808,0.723496,0.688038
S04,"Osservatorio Astronomico Narciso Spuntoni, Tivoli Terme",12.71285,0.744787,0.6650928
S16,ASI Matera Flyeye,16.705,0.759851,0.648047
S24,"Szilard Leo Observatory, Bujak",19.546833,0.6719017,0.7382045
S30,"Zenit, Hajduboszormeny",21.49744,0.674553,0.735785
S42,Institute of Space Science Magurele,26.02889,0.716302,0.695479
S43,"StarBlazer Observatory, Bucharest",26.0225,0.714576,0.697241
S47,"AlfaStar Observatory, Alfatar",27.29661,0.721431,0.690213
S61,"Mykolaiv, 0.3m f/5 Telescope",31.973315,0.6835818,0.7274438
S86,Alamri astronomical observatory,40.325,0.91876,0.393856
S89,"FASTAU, Astrofarm Astroverts",41.42533,0.72519,0.687159
S93,INASAN-Kislovodsk Observatory,42.66639,0.7238436,0.6881251
T02,"SNX-NET, Wailuku",-156.50428,0.934614,0.354517
T03,Haleakala-LCO Clamshell #3,-156.25753,0.93624,0.351538
T04,Haleakala-LCO OGG B #2,-156.25751,0.936241,0.351538
T05,"ATLAS-HKO, Haleakala",-156.25701,0.936236,0.351547
T07,"ATLAS-MLO Auxiliary Camera, Mauna Loa",-155.57613,0.94329,0.332467
T08,"ATLAS-MLO, Mauna Loa",-155.57605,0.94329,0.332467
T09,"Subaru Telescope, Maunakea",-155.47604,0.941711,0.337239
T10,"Submillimeter Array, Maunakea (SMA)",-155.47759,0.941706,0.337212
T11,"United Kingdom Infrared Telescope, Maunakea",-155.47035,0.941734,0.337191
T12,"University of Hawaii 88-inch telescope, Maunakea",-155.46946,0.941733,0.337201
T13,"NASA Infrared Telescope Facility, Maunakea",-155.47203,0.941707,0.337251
T14,"Canada-France-Hawaii Telescope, Maunakea",-155.46891,0.941717,0.33724
T15,"Gemini North Observatory, Maunakea",-155.46907,0.941728,0.337214
T16,"W. M. Keck Observatory, Keck 1, Maunakea",-155.47474,0.941708,0.337246
T17,"W. M. Keck Observatory, Keck 2, Maunakea",-155.47426,0.941704,0.337256
T35,Astronomical Society of Tahiti,-149.6098,0.953686,-0.299837
U52,"Shasta Valley Observatory, Grenada",-122.549,0.74924,0.66027
U53,"Murray Hill Observatory, Beaverton",-122.8397,0.70274,0.70909
U54,"Hume Observatory, Santa Rosa",-122.68714,0.782952,0.620081
U55,"Golden Ears Observatory, Maple Ridge",-122.58544,0.653977,0.753984
U56,Palo Alto,-122.13083,0.795044,0.604511
U57,"Black Mountain Observatory, Los Altos",-122.15872,0.795776,0.603616
U62,TransAstra TKO at SkiesAway,-121.04492,0.81197,0.581864
U63,"Burnt Tree Hill Observatory, Cle Elum",-120.80544,0.681217,0.72977
U64,"CWU-Lind Observatory, Ellensburg",-120.53849,0.683272,0.727821
U65,"CWU Observatory, Ellensburg",-120.54017,0.683247,0.727841
U67,"Jack C. Davis Observatory, Carson City",-119.79642,0.776325,0.628595
U68,"JPL SynTrack Robotic Telescope, Auberry",-119.41299,0.79904,0.59962
U69,"iTelescope SRO Observatory, Auberry",-119.413,0.79904,0.59962
U70,"RASC Observatory, Alder Springs",-119.4131,0.79904,0.59962
U71,"AHS Observatory, Castaic",-118.6367,0.8252,0.56305
U72,Tarzana,-118.54,0.82815,0.558687
U73,Redondo Beach,-118.3828,0.83164,0.55346
U74,"JPL SynTrack Robotic Telescope 2, Auberry",-119.4128,0.79904,0.599619
U75,Newport Beach,-117.81634,0.833735,0.550383
U76,"Maury Lewin Observatory, Glendora",-117.8721,0.82855,0.5581
U77,"Rani Observatory, San Diego",-117.0819,0.84002,0.54076
U78,Cedar Glen Observatory,-117.1551,0.82758,0.55989
U79,"Cosmos Research Center, Encinitas",-117.20813,0.838837,0.542598
U80,"CS3-DanHenge Observatory, Landers",-116.3849,0.82737,0.56004
U81,"CS3-Trojan Station, Landers",-116.38486,0.827367,0.560037
U82,"CS3-Palmer Divide Station, Landers",-116.38481,0.827368,0.560036
U83,Mount Laguna Observatory,-116.42689,0.841238,0.53938
U86,"BOOTES-5, Bajo California",-115.464436,0.8579,0.512937
U92,"Astrottica Network USA2, Pie Town",-108.17,0.827059,0.560862
U93,"Skygems Dreamscope Utah, Beryl Junction",-113.71239,0.79174,0.609209
U94,"iTelescope Observatory, Beryl Junction",-113.6975,0.792006,0.608864
U95,"USA1/HCRO, Pie Town",-108.17033,0.827058,0.560864
U96,"Athabasca University Geophysical Observatory, Athabasca",-113.314,0.579007,0.812698
U97,"JPL SynTrack Robotic Telescope 3, Flagstaff",-111.66708,0.818306,0.573452
U98,"NAC Observatory, Benson",-110.257,0.849529,0.52609
U99,"BCC Observatory, Black Canyon City",-112.1463,0.829354,0.557017
V00,Kitt Peak-Bok,-111.60019,0.849456,0.526492
V01,"Mountainville Observatory, Alpine",-111.76089,0.762243,0.645493
V02,"Command Module, Tempe",-111.94206,0.835743,0.547377
V03,Big Water,-111.6686,0.79889,0.59979
V04,"Flagstaff Robotic Survey Telescope, Anderson Mesa",-111.53669,0.819378,0.571927
V05,"Rusty Mountain Observatory, Gold Canyon",-111.36805,0.836631,0.546101
V06,Catalina Sky Survey-Kuiper,-110.73255,0.845313,0.533209
V07,"Whipple Observatory, Mount Hopkins-PAIRITEL",-110.8781,0.85208,0.52234
V08,"Mountain Creek Ranch, Vail",-110.661,0.848249,0.528126
V09,"Moka Observatory, Benson",-110.25798,0.849537,0.52608
V10,"Sierra Sinagua Observatory, Flagstaff",-111.67228,0.818623,0.572977
V11,"Saguaro Observatory, Tucson",-110.78881,0.847025,0.530011
V12,Elgin,-110.60181,0.85211,0.52205
V13,"Little Moose Observatory, Timber Lakes",-111.21722,0.762335,0.645641
V14,"Moose Springs Observatory, Timber Lakes",-111.21664,0.762292,0.645691
V15,"OWL-Net, Mt. Lemmon",-110.78931,0.84511,0.533602
V16,"Dark Sky New Mexico, Animas",-108.89712,0.84951,0.526194
V17,"Leo Observatory, Tucson",-111.01681,0.845476,0.532429
V18,"MASTER-OAGH Observatory, Sonora",-110.3819,0.85776,0.51308
V19,Whiskey Creek Observatory,-108.20914,0.841371,0.539217
V20,"Killer Rocks Observatory, Pie Town",-108.22178,0.827004,0.560943
V21,Cewanee Observatory at DSNM,-108.89769,0.849511,0.526188
V22,"Insight Remote Observatory, Pie Town",-108.1845,0.827009,0.560941
V23,"FOAH Observatory, Magdalena",-107.23594,0.828722,0.558332
V24,"Sonoran Desert Skies Observatory, Pearce",-109.51597,0.850261,0.52502
V25,"Tortugas Mountain Observatory, Las Cruces",-106.69806,0.846331,0.531305
V26,"UAS-ISON Observatory, Cosala",-106.6098,0.911283,0.410639
V27,"North Mesa Observatory, Los Alamos",-106.28181,0.811354,0.58318
V28,"Deep Sky West Observatory, Rowe",-105.65353,0.817018,0.575271
V29,Tzec Maun Cloudcroft Facility,-105.7334,0.840062,0.541466
V30,"Heaven on Earth Observatory, Mayhill",-105.52895,0.84071,0.540313
V31,"Hazardous Observatory, Mayhill",-105.525,0.84061,0.54046
V32,"Canvas View New Mexico Skies, Mayhill",-105.52869,0.840709,0.540308
V33,"Finlaystone Observatory, Angel Fire",-105.27961,0.806382,0.590114
V34,"Baker Observatory, Black Forest",-104.63008,0.778401,0.626222
V35,"Deep Sky Observatory Collaborative, Pier 5, Fort Davis",-104.08119,0.861839,0.506046
V36,"The Ranch Observatory, Lakewood",-104.38258,0.843042,0.536333
V37,McDonald Observatory-LCO ELP,-104.01517,0.861053,0.507428
V38,McDonald Observatory-LCO ELP Aqawan A #1,-104.01507,0.861051,0.507431
V39,McDonald Observatory-LCO ELP B,-104.01517,0.861053,0.507427
V40,"Divine Creation Observatory, Fort Davis",-104.08127,0.861839,0.506046
V41,Rapid City,-103.27422,0.719992,0.69189
V42,"Dimension Point, Mayhill",-105.52528,0.840614,0.540448
V43,"Chiricahua Skies Observatory, Sunizona",-109.5158,0.85026,0.52502
V44,"Coyote Watcher, Pie Town",-108.17017,0.827057,0.560864
V45,McDonald Observatory-LCO ELP Aqawan B #1,-104.015036,0.8613316,0.5075953
V46,"Walnut Park Observatory, Los Alamos",-106.304836,0.8113429,0.5831955
V47,McDonald Observatory-LCO ELP Aqawan B #2,-104.015017,0.8613316,0.5075953
V48,TransAstra at Winer,-110.60178,0.852111,0.522049
V54,"Observatoire LAURIER, El Marques",-100.30781,0.936737,0.349756
V55,"The Gikem Observatory, Rockwood",-99.38203,0.853052,0.520205
V56,"Stonehenge Observatory, Novice",-99.69597,0.849505,0.525995
V57,"Starfront Observatories, Rockwood",-99.382261,0.85305,0.520209
V58,"Medina Dome, Medina",-99.26503,0.868735,0.493762
V59,"Millwood Observatory, Comfort",-98.9266,0.86642,0.49781
V60,Putman Mountain Observatory,-98.90527,0.86214,0.505126
V61,"Shed of Science South, Pontotoc",-98.9429,0.858216,0.511725
V62,"Live Oak Observatory, Pontotoc",-98.94339,0.858216,0.511726
V63,"Tara Observatory, Cherokee",-98.94272,0.858219,0.511721
V70,"Starry Night Observatory, Columbus",-96.66428,0.870056,0.491332
V72,"JDP Observatory, Omaha",-96.11,0.752697,0.656235
V74,"Katy Observatory, Katy",-95.84311,0.86932,0.492598
V75,"Live Oak Observatory, Lake Jackson",-95.43422,0.874931,0.482617
V78,"Spirit Marsh Observatory, Sauk Centre",-94.8922,0.700141,0.711688
V81,Fayetteville,-94.2396,0.80902,0.5859
V83,"Rolling Hills Observatory, Warrensburg",-93.74272,0.781733,0.62159
V86,"Rattle Snake Observatory, Sedalia",-93.1073,0.78221,0.62099
V88,"River Ridge Observatory, Conway",-92.57189,0.820618,0.569618
V92,"White County Observatory, Searcy",-91.65017,0.817712,0.573711
V93,"Pin Oak Observatory, Fort Madison",-91.38389,0.759765,0.648058
V94,"Cherokeeridge Observatory, Fort Madison",-91.33831,0.759876,0.647933
W04,"Mark Evans Observatory, Bloomington",-88.99056,0.761606,0.645927
W05,"Tree Gate Farm Observatory, Starkville",-88.73281,0.836205,0.546596
W08,"Jimginny Observatory, Naperville",-88.11669,0.747086,0.662545
W09,"Willowed Plains Observatory, Manteno",-87.85247,0.752886,0.655985
W11,"Northwest Indiana Robotic Telescope, Lowell",-87.3753,0.75272,0.65618
W13,"Star Quarry Observatory, Bedford",-86.52639,0.778448,0.625642
W14,Harvest,-86.75489,0.821914,0.567774
W15,"Wayne Observatory, Franklin",-86.80917,0.810875,0.583314
W16,Pleasant Groves Observatory,-86.23131,0.822976,0.566292
W17,"Arrowhead, Sheridan",-86.22878,0.7657,0.641103
W18,"Red Fox Observatory, Pendleton",-85.75038,0.767039,0.639505
W19,Kalamazoo,-85.62717,0.740783,0.669559
W22,"WestRock Observatory, Columbus",-84.99553,0.844595,0.533635
W23,"Hevonen Farm Observatory, Oxford",-84.61981,0.772786,0.632594
W24,"Shamrock Banks Observatory, Clare",-84.76183,0.722574,0.689025
W25,"RMS Observatory, Cincinnati",-84.36494,0.776417,0.628165
W26,"Starpool Observatory, Hampstead",-76.87089,0.771735,0.633872
W27,"RCNS, New Milford",-73.426172,0.7497692,0.6594918
W28,"Ex Nihilo Observatory, Winder",-83.6117,0.83011,0.55581
W29,"Adena Brook Observatory, Columbus",-83.0061,0.76659,0.64004
W30,"Georgia College Observatory, Milledgeville",-83.22883,0.838735,0.542749
W31,"Deerlick Observatory, Crawfordville",-82.76264,0.834226,0.549613
W32,Crawfordville Observatory,-82.7625,0.834222,0.549619
W33,"Transit Dreams Observatory, Campobello",-82.16549,0.819315,0.571499
W34,"Squirrel Valley Observatory, Columbus",-82.1547,0.81784,0.5736
W35,"Buffalo Creek Observatory, Nahunta",-81.9609,0.85661,0.51423
W36,"EliLauren Observatory, Neilltown",-79.498,0.748729,0.660767
W37,"Transit Dreams Observatory-North, Hamburg NY",-78.77986,0.736467,0.67428
W38,"Dark Sky Observatory, Boone",-81.41469,0.807479,0.588163
W39,Robinson Observatory,-81.19056,0.878725,0.475726
W40,Hampden-Sydney Observatory,-78.470897,0.7971168,0.6018318
W41,Anderson Observatory,-80.46,0.7973481,0.6016513
W42,"Mind\'s Eye Observatory, Vero Beach",-80.53429,0.88551,0.463056
W43,"MT_Hope_Cavu, Otisville",-74.568142,0.750738,0.6584573
W44,"Duo Ursi de Saltu, Scarsdale",-73.779833,0.755635,0.652808
W45,"Benito Loyola Observatory, Virginia Beach",-76.061722,0.802431,0.594736
W46,Foxfire Village,-79.58808,0.818614,0.572448
W47,"SNX-NET, Rio Hurtado",-70.764989,0.86285,-0.504261
W48,"BKH Observatory, Chapel Hill",-79.113,0.811693,0.582156
W49,"CBA-MM Observatory, Mountain Meadows",-78.93243,0.778794,0.62538
W50,Apex,-78.74596,0.813127,0.580167
W51,Custer Institute and Observatory,-72.43456,0.755204,0.653287
W52,US Naval Academy Hopper Hall Observatory,-76.48581,0.778335,0.625736
W53,Hagerstown,-77.68476,0.77114,0.634559
W54,"Mark Slade Remote Observatory, Wilderness",-77.71056,0.785431,0.61689
W55,"Natelli Observatory, Frederick",-77.41611,0.773703,0.631447
W56,"Pineapple Observatory, Frederick",-77.47417,0.773143,0.632153
W57,ESA TBT La Silla Observatory,-70.73905,0.8734734,-0.4859994
W58,"ALPHA Observatory, South Laurel",-76.85036,0.777667,0.626574
W59,"The Dark Side Observatory, Weatherly",-75.89242,0.757005,0.651302
W60,"AstroExplor Observatory, Tinjaca",-73.63374,0.995574,0.097155
W61,"Leeside Observatory, Elgin",-76.25508,0.71338,0.698447
W62,"Comet Hunter Observatory2, New Ringgold",-75.86239,0.758729,0.649276
W63,"Observatorio Astronomico UTP, Pereira",-75.69042,0.996767,0.082976
W64,"Red Lion Observatory, Southampton Twsp",-74.72996,0.768364,0.637863
W65,"Observatoire GOZ, Montpellier",-75.20831,0.697761,0.713966
W66,"SVH Observatory, Blairstown",-74.94619,0.756278,0.652109
W67,"Paul Robinson Observatory, Voorhees State Park",-74.89789,0.759453,0.648444
W68,"ATLAS Chile, Rio Hurtado",-70.76498,0.862845,-0.504269
W69,"OLPH Observatory, Brooklyn",-74.015,0.759912,0.647855
W70,"Loose Goose Observatory, Saint-Jerome",-74.08614,0.698475,0.713264
W71,"Rand II Observatory, Lake Placid",-74.00703,0.717404,0.694456
W72,"Trumbull Observatory, Trumbull",-73.1789,0.75302,0.6558
W73,"Observatorio Astronomico de Moquegua, Carumas",-70.67844,0.957949,-0.287797
W74,"Danish Telescope, La Silla",-70.73755,0.873451,-0.48604
W75,"SPECULOOS-South Observatory, Paranal",-70.39056,0.910001,-0.41415
W76,"CHILESCOPE Observatory, Rio Hurtado",-70.76305,0.862826,-0.504288
W77,"Skyledge Observatory, Killingworth",-72.599,0.75196,0.65702
W78,"Clay Telescope, Harvard University",-71.11675,0.739859,0.670509
W79,Cerro Tololo-LCO Aqawan B #1,-70.80465,0.865587,-0.499763
W80,Westwood,-71.2322,0.74138,0.66885
W81,"Nebula Knoll Observatory, East Wakefield",-71.00033,0.724557,0.686948
W82,"Mendel Observatory, Merrimack College",-71.12196,0.736419,0.674274
W83,"Whitin Observatory, Wellesley",-71.30253,0.740821,0.669461
W84,Cerro Tololo-DECam,-70.80642,0.865572,-0.499793
W85,Cerro Tololo-LCO A,-70.80481,0.865591,-0.49976
W86,Cerro Tololo-LCO B,-70.80467,0.865592,-0.499759
W87,Cerro Tololo-LCO C,-70.80468,0.865591,-0.499761
W88,"Slooh.com Chile Observatory, La Dehesa",-70.5343,0.837136,-0.545574
W89,Cerro Tololo-LCO Aqawan A #1,-70.80467,0.865589,-0.499764
W90,Phillips Exeter Academy Grainger Observatory,-70.94186,0.73274,0.678229
W91,"VHS-VISTA, Cerro Paranal",-70.39743,0.910007,-0.414148
W92,"MASTER-OAFA Observatory, San Juan",-69.32643,0.850987,-0.52415
W93,Korea Microlensing Telescope Network-CTIO,-70.804,0.865589,-0.499755
W94,"MAPS, San Pedro de Atacama",-68.17981,0.921646,-0.387713
W95,"Observatorio Panameno, San Pedro de Atacama",-68.17988,0.921639,-0.387712
W96,"CAO, San Pedro de Atacama (since 2013)",-68.17994,0.921637,-0.387717
W97,"Atacama Desert Observatory, San Pedro de Atacama",-68.17976,0.921638,-0.387716
W98,"SDA Observatory, San Pedro de Atacama",-68.1797,0.921639,-0.387712
W99,"Searchlight Observatory Network, San Pedro de Atacama Station",-68.17985,0.921638,-0.387716
X00,Observatorio Astronomico Tolar,-67.39875,0.910349,-0.413802
X01,"Observatory Hurtado, El Sauce",-70.76498,0.862846,-0.50427
X02,"Telescope Live, El Sauce",-70.76483,0.862833,-0.504255
X03,"Observatoire SADR, Poroto",-70.79639,0.862286,-0.505209
X04,"MCD Observatory, Saint-Anaclet",-68.43253,0.664264,0.745
X05,"Simonyi Survey Telescope, Rubin Observatory",-70.74942,0.864981,-0.500958
X06,"Skygems Chile, Rio Hurtado",-70.85351,0.862374,-0.50511
X07,"iTelescope Deep Sky Chile, Rio Hurtado",-70.85361,0.862374,-0.505109
X08,"ShAO Chile station, El Sauce",-70.765,0.862852,-0.504255
X09,"Deep Random Survey, Rio Hurtado",-70.8533,0.862375,-0.505108
X10,"OVTLN, San Pedro de Atacama",-68.1796,0.921644,-0.387717
X11,"VLT Survey Telescope, Paranal",-70.40396,0.909953,-0.414324
X12,Observatorio Los Cabezones,-64.288,0.80343,-0.593455
X13,Observatorio Remoto Bosque Alegre,-64.5502,0.85269,-0.52103
X14,"Observatorio Orbis Tertius, Cordoba",-64.16778,0.854475,-0.517879
X15,"ABYO, San Pedro de Atacama",-68.17947,0.921647,-0.387711
X16,"Astronomia Sigma Octante, Cochabamba",-66.1503,0.95511,-0.29667
X17,BlackGEM,-70.73792,0.873456,-0.486033
X18,"6R-POL2, San Pedro de Atacama",-68.17947,0.921646,-0.38771
X19,"Santel Observatory, El Leoncito",-69.32617,0.850988,-0.524154
X20,"BOOTES-7, San Pedro Atacama",-68.179483,0.921646,-0.387713
X21,"RoSaMund Obervatory - DSC, Rio Hurtado",-70.85319,0.862374,-0.505109
X22,"BTN-1, Deep Sky Chile",-70.853,0.862368,-0.50512
X23,"Observatoire de Verification de Tous Les NEOs-2, San Pedro de Atacama",-68.179472,0.9216469,-0.3877103
X24,"Observatorio Desierto Cosmico, Atacama",-70.01169,0.887329,-0.460106
X25,UBC Southern Observatory,-70.85322,0.862375,-0.505111
X26,"NAOS, Alta Gracia",-64.427667,0.8522466,-0.521566
X29,Observatorio Astronomico Municipal de Funes,-60.86239,0.840299,-0.540322
X31,"Galileo Galilei Observatory, Oro Verde",-60.52066,0.850485,-0.524263
X33,"OARU, Manaus",-60.00961,0.998647,-0.051941
X38,"Observatorio Pueyrredon, La Lonja",-58.86289,0.825648,-0.562299
X39,"Observatorio Antares, Pilar",-58.8622,0.82615,-0.56158
X40,"Cielos de Banfield, Banfield",-58.38311,0.822572,-0.566762
X41,"Observatorio Proton-Proton, Longchamps",-58.3945,0.821536,-0.568259
X50,Observatorio Astronomico de Montevideo,-56.17581,0.821025,-0.568999
X57,"Polo Astronomico CMF,Foz do Iguacu",-54.59374,0.903659,-0.426885
X60,Guaraciaba Observatory,-53.57444,0.895232,-0.444317
X70,"Observatorio OATU, Tupi Paulista",-51.56678,0.931623,-0.362375
X72,"Waccobs, Sao Leopoldo",-51.12111,0.868775,-0.49356
X74,Observatorio Campo dos Amarais,-50.50578,0.931569,-0.362525
X76,"SUN Observatory, Redencao",-50.00903,0.990274,-0.13887
X77,"Centro Astron. Nevoeiro, Antonio Olinto",-50.07525,0.900184,-0.434346
X86,"Ottoservatorio, Tatui",-47.78167,0.918367,-0.394621
X87,"Dogsheaven Observatory, Brasilia",-47.9111,0.96218,-0.2721
X88,"Observatorio Adhara, Sorocaba",-47.50869,0.918012,-0.395458
X89,"Rocca Observatory, Brasilia",-47.78214,0.962401,-0.271311
X90,"Carina Observatory, Brasilia",-47.86792,0.963322,-0.268189
X91,"Orion-Colesanti observatory, Mairinque",-47.21119,0.917193,-0.397452
X93,Munhoz Observatory,-46.3953,0.92363,-0.38244
Y00,"SONEAR Observatory, Oliveira",-44.78496,0.935906,-0.351562
Y01,"SONEAR 2 Observatory, Belo Horizonte",-43.9842,0.94089,-0.337985
Y05,"SONEAR Wykrota-CEAMIG, Serra da Piedade",-43.69,0.94132,-0.337075
Y16,"ROCG, Campos dos Goytacazes",-41.31206,0.929268,-0.36817
Y28,"OASI, Nova Itacuruba",-38.6874,0.9884,-0.15179
Y40,"Discovery Observatory, Caruaru",-35.96111,0.989706,-0.143217
Y63,"SNX-NET, Oukaimeden",-7.866319,0.856447,0.515346
Y64,"Transient Survey Telescope (TST), Teide",-16.51039,0.881484,0.471433
Y65,"Two-meter Twin Telescope, TTT1",-16.50958,0.881484,0.471429
Y66,"Two-meter Twin Telescope, TTT2",-16.50947,0.881484,0.471429
Y67,"High Atlas Window to the Kosmos, Oukaimeden",-7.86708,0.856451,0.515335
Y68,"Two-meter Twin Telescope, TTT3",-16.509233,0.881482,0.471432
Y70,"ApolloIV5, Fregenal de la Sierra",-6.62762,0.786766,0.615329
Y71,"Makroskooppi, Fregenal de la Sierra",-6.627489,0.786768,0.615327
Y75,"Abraham Zacut, Salamanca",-5.41872,0.786275,0.615972
Y76,"Observatorio NovaCanet, Canet de Berenguer",-0.20811,0.770614,0.635186
Y77,"Cotos de Monterrey, Venturada",-3.61142,0.758313,0.649939
Y78,Tros Alt,-0.53383,0.773792,0.631365
Y79,"Observatoire de la grande vallee, Etriac",-0.0073,0.701911,0.709914
Y80,"Brenehuen, Grand-Champ",-2.83358,0.673761,0.736498
Y81,"Forthimage, Edinburgh",-3.4267,0.56175,0.82456
Y82,"LPMR Observatory, Broad Chalke",-1.93452,0.630258,0.77381
Y83,"Observatorio Arcosur, Zaragoza",-0.95239,0.748699,0.660768
Y84,Observatoire de Bretagne,-1.88028,0.665503,0.743909
Y85,"Magalofes Observatory, Fene",-8.14611,0.727084,0.684321
Y86,Observatorio de Seron,-2.51997,0.79601,0.603469
Y87,"Trevinca Skies-Amalthea, Trevinca",-6.98806,0.741821,0.668656
Y88,"ASERO, Valdin",-6.98806,0.741819,0.668659
Y89,"Proxima Centauri Observatory, Valdin",-6.98811,0.741825,0.66867
Y90,"Observatorio ESTELIA, Ladines",-5.4447,0.73015,0.68115
Y91,"Ras Algethi, Ronda",-5.1665,0.802497,0.594854
Y92,"JD Cassini, Piconcillo",-5.46518,0.787182,0.6148
Y93,"Observatorio Azahar, Valoria la Buena",-4.56678,0.746699,0.663112
Y94,"LCB Lugueros observatory, Valdelugueros",-5.41429,0.732833,0.678415
Y95,Pradillos Ferez,-2.00136,0.785356,0.617157
Y96,Observatorio de Vega del Codorno,-1.91068,0.762606,0.645079
Y97,"Bommes Observatory, Bommes",-0.35697,0.713822,0.697993
Y98,"Southside Observatory, Steeple Aston",-1.31308,0.617953,0.783613
Y99,Observatorio del Lucero del Alba,-0.92701,0.748454,0.661036
Z00,"BOOTES-1, Mazagon",-6.73414,0.798528,0.599968
Z01,"OWL-Net, Oukaimeden",-7.86679,0.856462,0.515344
Z02,"HAO observatory, Oukaimeden",-7.86669,0.85645,0.515339
Z03,"Rio Cofio, Robledo de Chavela",-4.26654,0.76133,0.646426
Z04,"MAO, Ain Laqsab",-7.01797,0.833809,0.550302
Z05,"Observatorio Horus, Cartama",-4.63611,0.802644,0.594495
Z06,"Marina Sky, Nerpio",-2.32676,0.787439,0.614746
Z07,"Ad Astra Sangos Observatory, Alhendin",-3.6395,0.798537,0.600132
Z08,"Telescope Live, Oria",-2.40861,0.794477,0.605566
Z09,"Old Orchard Observatory, Fiddington",-3.1214,0.62844,0.77527
Z10,"PGC, Fregenal de la Sierra",-6.62765,0.786766,0.615329
Z11,"Appledorne Observatory, Farnsfield",-1.03331,0.601635,0.796115
Z12,"La Romaneta, Monovar",-0.9039,0.78494,0.61762
Z13,"Observatorio AGP GUAM 4, Malaga",-4.45481,0.802515,0.594662
Z14,"ART, Fregenal de la Sierra",-6.62774,0.786773,0.615335
Z15,Southwater,-0.34669,0.630352,0.773724
Z16,Asociacion Astronomica de Cartagena,-1.04808,0.793166,0.607001
Z17,Tenerife-LCO Aqawan A #2,-16.51173,0.881476,0.471456
Z18,"Gran Telescopio Canarias, Roque de los Muchachos",-17.89189,0.877671,0.478415
Z19,La Palma-TNG,-17.88906,0.877701,0.47838
Z20,La Palma-MERCATOR,-17.8783,0.87763,0.4785
Z21,Tenerife-LCO Aqawan A #1,-16.5117,0.881475,0.471455
Z22,"MASTER-IAC Observatory, Tenerife",-16.5106,0.88148,0.47143
Z23,"Nordic Optical Telescope, La Palma",-17.88508,0.877679,0.478433
Z24,"Tenerife Observatory-LCO B, Tenerife",-16.51152,0.881475,0.47146
Z25,"Artemis Observatory, Teide",-16.50969,0.881476,0.47145
Z26,"Observatorio Astronomico Arcangel, Las Zocas",-16.61031,0.88301,0.467899
Z27,"Observatorio Coralito, La Laguna",-16.3002,0.87976,0.47393
Z28,"Northern Skygems Observatory, Nerpio",-2.32669,0.787438,0.614748
Z29,Observatorio Astronomico Sobradillo,-5.88056,0.751634,0.657576
Z30,"Glyn Marsh Observatory, Douglas",-4.475,0.586571,0.807215
Z31,"Tenerife Observatory-LCO A, Tenerife",-16.51165,0.881474,0.471457
Z32,"Observatorio Astrofisico de Javalambre, Arcos de las Salinas",-1.01628,0.766879,0.64013
Z33,"6ROADS Observatory 2, Nerpio",-2.32669,0.787438,0.614748
Z34,NNHS Drummonds Observatory,-0.88767,0.6128,0.787622
Z35,OAO University Observatory Station Aras,-1.1015,0.76788,0.63877
Z36,Cancelada,-5.05447,0.805224,0.591005
Z37,"Northolt Branch Observatory 3, Blandford Forum",-2.19574,0.632788,0.771754
Z38,"Picoto Observatory, Leiria",-8.84706,0.768722,0.637456
Z39,Observatorio Costa Teguise,-13.5011,0.87535,0.48189
Z40,"El Manzanillo Observatory, Puerto de la Torre",-4.4873,0.8024,0.59482
Z41,"Irydeo Observatory, Camarma de Esteruelas",-3.3736,0.76087,0.64689
Z42,"Rushay Farm Observatory, Sturminster Newton",-2.33421,0.631495,0.772801
Z43,Landehen,-2.53784,0.664742,0.744597
Z44,"Observatorio Terminus, A Coruna",-8.32752,0.728723,0.682549
Z45,"Cosmos Observatory, Marbella",-4.85736,0.804657,0.591779
Z46,Cardiff,-3.193,0.623612,0.779131
Z47,Runcorn,-2.7075,0.59846,0.79849
Z48,"Northolt Branch Observatory 2, Shepherd\'s Bush",-0.25085,0.623799,0.778975
Z49,Alston Observatory,-2.59369,0.591893,0.803336
Z50,Mazariegos,-4.71569,0.744053,0.666069
Z51,"Anunaki Observatory, Rivas Vaciamadrid",-3.5514,0.76313,0.64423
Z52,"The Studios Observatory, Grantham",-0.66101,0.604299,0.794113
Z53,"TRAPPIST-North, Oukaimeden",-7.8664,0.85645,0.51534
Z54,"Greenmoor Observatory, Woodcote",-1.07786,0.623422,0.779306
Z55,"Uraniborg Observatory, Ecija",-5.085,0.79391,0.60604
Z56,Knocknaboola,-9.7881,0.61577,0.78529
Z57,"Observatorio Zuben, Alhaurin de la Torre",-4.57411,0.803207,0.593753
Z58,ESA TBT Cebreros Observatory,-4.36932,0.762093,0.645483
Z59,Chelford Observatory,-2.2846,0.599292,0.797871
Z60,Observatorio Zaldibia,-2.1494,0.73205,0.679
Z61,"Montecanal Observatory, Zaragoza",-0.936,0.748594,0.660857
Z62,Observatorio Forcarei,-8.37088,0.737181,0.673585
Z63,"Skybor Observatory, Borja",-1.52998,0.746291,0.663495
Z64,Observatorio el Miron del Cielo,-7.8576,0.74016,0.67021
Z65,Observatorio Astronomico Corgas,-7.82748,0.741388,0.668906
Z66,"DeSS Deimos Sky Survey, Niefla Mountain",-4.40844,0.783284,0.619848
Z67,Dunboyne Castle Observatory,-6.47686,0.59732,0.799328
Z68,"Observatorio Torreaguila, Barbano",-6.5997,0.77964,0.62418
Z69,Observatorio Mazagon Huelva,-6.813,0.79823,0.60034
Z70,Ponferrada,-6.64289,0.737583,0.673113
Z71,"Observatorio Norba Caesarina, Aldea Moret",-6.39028,0.773272,0.632064
Z72,"Cademuir Observatory, Dalkey",-6.11136,0.599295,0.797856
Z73,"Observatorio Nuevos Horizontes, Camas",-6.03269,0.795365,0.604101
Z74,Amanecer de Arrakis,-5.8438,0.7961,0.60315
Z75,"Observatorio Sirius, Las Lomas",-5.5324,0.73736,0.67346
Z76,"Observatorio Carda, Villaviciosa",-5.4356,0.72675,0.6846
Z77,Osuna,-5.11042,0.797212,0.601739
Z78,"Arroyo Observatory, Arroyo Hurtado",-1.6758,0.788031,0.61369
Z79,Calar Alto TNO Survey,-2.54673,0.797556,0.601783
Z80,Northolt Branch Observatory,-0.37192,0.623054,0.779568
Z81,Observatorio Estrella de Mar,-4.2676,0.80253,0.594629
Z82,"BOOTES-2 Observatory, Algarrobo",-4.04103,0.802136,0.595174
Z83,"Chicharronian 3C Observatory, Tres Cantos",-3.7119,0.76033,0.64755
Z84,Calar Alto-Schmidt,-2.54816,0.797536,0.601835
Z85,Observatorio Sierra Contraviesa,-3.24972,0.801058,0.596932
Z86,St. Mellons,-3.11,0.62347,0.77923
Z87,"Stanley Laver Observatory, Pontesbury",-2.8979,0.608005,0.791293
Z88,"Fosseway Observatory, Stratton-on-the-Fosse",-2.4899,0.62716,0.77632
Z89,Macclesfield,-2.1719,0.59942,0.79777
Z90,Albox,-2.1518,0.7954,0.60418
Z91,Curdridge,-1.25001,0.631731,0.772595
Z92,"Almalex Observatory, Leeds",-1.60778,0.591378,0.803713
Z93,"Observatorio Polop, Alicante",-0.14411,0.78238,0.620769
Z94,Kempshott,-1.1435,0.62725,0.77623
Z95,Astronomia Para Todos Remote Observatory,-1.1091,0.76782,0.63883
Z96,Observatorio Cesaraugusto,-0.80631,0.747818,0.661731
Z97,"OPERA Observatory, Saint Palais",-0.58353,0.704568,0.70727
Z98,"Observatorio TRZ, Betera",-0.4784,0.77156,0.63405
Z99,"Clixby Observatory, Cleethorpes",-0.02126,0.595468,0.800687
