neo_id,eccentricity,inclination,orbital_period,orbit_class,moid
433,0.2228359407071628,10.82846651399785,1.76075345285339,Amor,0.148353
719,0.5465958091371813,11.57311098406436,4.28126588232635,Amor,0.201318
887,0.5711699794573504,9.400059831100009,3.89054093640291,Amor,0.079677
1036,0.5332132811889093,26.68073583408642,4.35057246414687,Amor,0.343339
1221,0.4346323375284623,11.86882308811668,2.66012957034213,Amor,0.107969
1566,0.8270056908369543,22.8032205675089,1.11933274446065,Apollo,0.0335114
1580,0.4876044837894818,52.18785378372942,3.25201368292778,Amor,0.132486
1620,0.3355121972847653,13.33579272164906,1.39049242562052,Apollo,0.029359
1627,0.3973228847581744,8.456290877862594,2.54300840289852,Amor,0.109225
1685,0.4360487430716658,9.381842770156513,1.59978095087463,Apollo,0.0510571
1862,0.5599179930625938,6.351390019826763,1.78399431235343,Apollo,0.0260113
1863,0.606266465270949,18.3786511593424,3.39785031737176,Apollo,0.18731
1864,0.6144458277495669,22.21686942864615,1.76567973140598,Apollo,0.269085
1865,0.4668604223270595,16.10114472470396,1.12234863746763,Apollo,0.156586
1866,0.5381206723620211,41.20631191695093,2.60532620520676,Apollo,0.103674
1915,0.5702246324910014,20.39923864931689,4.05974948054468,Amor,0.108832
1916,0.4491761651905133,12.87711754128551,3.42619246393973,Amor,0.252238
1917,0.5055378329529994,23.95877926127326,3.15049200411302,Amor,0.0717038
1943,0.2559124629373861,8.707703082828283,1.71100867962824,Amor,0.0609274
1980,0.3647058342938177,26.86993780967877,2.23496920309784,Amor,0.245041
1981,0.6504955479973124,39.82338344197386,2.36740317669106,Apollo,0.00277289
2059,0.5315840390685588,11.02085921151422,4.29402507098613,Amor,0.245023
2061,0.5355996630724251,3.800469818134847,3.40945004737121,Amor,0.0557606
2062,0.1828994504408308,18.93554263304309,0.950867421162454,Aten,0.113112
2063,0.3494290963109118,9.434706674966163,1.11927169015723,Apollo,0.0667442
2100,0.4364952492924106,15.75891776425788,0.758939905620915,Aten,0.149854
2101,0.7641272866540292,1.319975555725494,2.56549641780026,Apollo,0.0115133
2102,0.2993501728107168,64.00515474130202,1.46528990171405,Apollo,0.0425966
2135,0.5030860272069245,23.07237482818519,2.02317274906147,Apollo,0.00853299
2201,0.7107467143513929,2.521761458874268,3.21581646502768,Apollo,0.00278383
2202,0.512865242166673,8.74318887419444,3.46673036820705,Amor,0.143184
2212,0.834660340294506,11.20254821637205,3.19134113040745,Apollo,0.111943
2329,0.6533457144870014,24.46389580257561,3.74444757151011,Apollo,0.0935618
2340,0.4499362680235325,5.860590932930383,0.775201177579876,Aten,0.00662601
2368,0.4134484087597975,5.223901688456261,3.05376206912044,Amor,0.231444
2608,0.5646616075716824,14.42805445672147,4.0250879298763,Amor,0.153128
3102,0.4491904583696575,8.44255795685334,3.15537797315385,Amor,0.183336
3103,0.354183746559646,20.9307123391062,1.66354432063233,Apollo,0.0785522
3122,0.4232384851286358,22.14277038608455,2.35263691157841,Amor,0.0435706
3199,0.2841004688454785,32.95969660343363,1.97590187286033,Amor,0.215221
3200,0.8897184635448281,22.31263747244568,1.43360348801348,Apollo,0.0187014
3271,0.3955390021157504,25.06798040255462,3.04711579649363,Amor,0.275858
3288,0.4544770437035919,5.925784862089192,2.90173812255234,Amor,0.104653
3352,0.3691071842151085,4.771417545314086,2.57579717395986,Amor,0.202215
3360,0.7473877621798186,21.07371427832278,3.87337461146704,Apollo,0.109866
3361,0.3231610035445679,2.65168787244935,1.33127412353769,Apollo,0.0146456
3362,0.4684608161126215,9.915985684678182,0.984348394447233,Aten,0.0130033
3551,0.4868088692067852,9.506683359844397,3.02787196093071,Amor,0.0749198
3552,0.707287552360187,31.05176391826054,8.82253195426667,Amor,0.342198
3553,0.3199542456364874,36.77388595558028,2.10920465623646,Amor,0.29339
3554,0.2805906629144661,23.3563682850061,0.961244574478258,Aten,0.249752
3671,0.5438362957603375,13.53279311957103,3.25717765637691,Apollo,0.0149781
3691,0.2844501926308213,20.34973676948273,2.36324660731113,Amor,0.350296
3752,0.3015456530306495,55.56224194970913,1.68079652457539,Apollo,0.0777814
3753,0.5148757398237418,19.80229712675855,0.996701162130971,Aten,0.070282
3757,0.4458609644108424,3.866441989896492,2.48484115071413,Apollo,0.0366368
3838,0.7027320527602158,29.19740689952483,1.84607072269259,Apollo,0.158988
3908,0.4590032613687189,2.186359090051667,2.67690265879175,Amor,0.056701
3988,0.3166725845385209,10.766187321952,1.91975141494703,Amor,0.177119
4015,0.6308546917846036,2.798581461895956,4.25620714224121,Apollo,0.0430262
4034,0.4440123315579794,11.16925306724604,1.0903785978067,Apollo,0.0191115
4055,0.3259883548935298,23.25231006550814,2.45586275027978,Amor,0.238889
4179,0.6247403332495348,0.4480782648775527,4.05541581103514,Apollo,0.00651455
4183,0.6361972434047949,6.66948058390359,2.78813281500887,Apollo,0.0283699
4197,0.7724910138769645,12.60331590853919,3.47787954016641,Apollo,0.0985307
4257,0.4683593814917755,40.72179907250987,2.11398988635151,Apollo,0.168895
4341,0.6801107514924094,11.84040305334936,2.48424877108233,Apollo,0.194083
4401,0.5633840525483722,26.62001967590126,4.15369013019571,Amor,0.334675
4450,0.5866098144078361,5.524111770588069,1.73200467353684,Apollo,0.0287294
4486,0.6600236379164489,3.030845021525463,3.27724162397253,Apollo,0.0458965
4487,0.2964705488987809,16.40525840171237,2.27640516706341,Amor,0.218979
4503,0.5247715495510694,2.512807257012283,4.44547205594722,Amor,0.303961
4544,0.2501386619625174,14.14292137340285,1.06371423553993,Apollo,0.173338
4581,0.3569481235311107,4.917759774208245,1.03403827207957,Apollo,0.00384865
4596,0.5200438751525421,37.07443601512873,3.35107816729691,Amor,0.295839
4660,0.3587882686489839,1.453542356528226,1.80966230810129,Apollo,0.00416481
4688,0.5178619503805612,6.374948689362922,3.337034596866,Amor,0.108283
4769,0.4831979073359823,8.885145756531411,1.09613869894377,Apollo,0.0202841
4947,0.1684400448516671,15.6517949422573,1.60377214369438,Amor,0.149634
4953,0.6574752762622246,24.37897203889491,2.06472058354818,Apollo,0.0244582
4954,0.449364119690764,17.42719434967718,2.83140509003546,Amor,0.194286
4957,0.2187856541659371,35.01186650808729,1.95870709233988,Amor,0.425209
5011,0.500236642466697,7.409924097381212,2.09244874595709,Apollo,0.0240902
5131,0.5689455401372863,36.44665771974284,1.81184125311926,Apollo,0.275561
5143,0.7711709254938716,8.978954660306698,2.48528288286156,Apollo,0.0574739
5189,0.4782496505003281,3.579591392358331,1.93299621623982,Apollo,0.0448405
5324,0.6062556260809837,19.65541783797334,5.14257315794211,Amor,0.223233
5332,0.4555991176057002,25.52411062992787,3.18204797557646,Amor,0.305425
5370,0.6370048310368184,19.17167999738666,6.04462398749984,Amor,0.211892
5381,0.296429972358377,48.96620088163159,0.922212888925628,Aten,0.110979
5496,0.6342304447021166,68.01518614105022,3.80373997372365,Apollo,0.0945291
5587,0.5443165619509511,18.0410324625107,3.71951540029201,Amor,0.31005
5590,0.2801400809438404,14.17912238791946,0.979612246279613,Aten,0.121491
5604,0.4064912998236627,4.698328464682429,0.89687524606002,Aten,0.0336088
5620,0.4227266687205578,7.873178360284271,3.17165016560797,Amor,0.236208
5626,0.4545111142341231,3.848768468028403,3.25183168504536,Amor,0.213128
5645,0.3873146660261951,13.50516942117227,1.57651057826494,Apollo,0.0539915
5646,0.4358498675442454,7.90562713157822,3.13982223162668,Amor,0.211363
5653,0.3044011471220961,6.874690106904468,2.40309864640131,Amor,0.282131
5660,0.7619876067297139,38.14407221766631,2.38601240369553,Apollo,0.162338
5693,0.5851004346905986,5.058852630207639,1.43220432739994,Apollo,0.00585951
5731,0.6524095000155865,11.20075706633312,3.40977490855118,Apollo,0.0647215
5751,0.4253260776705741,16.07378889514513,3.04647890301677,Amor,0.239884
5786,0.8268298169972663,23.22311248948506,1.12474903609743,Apollo,0.188606
5797,0.4443397656934985,4.190350126891623,2.60629111321543,Amor,0.0698461
5828,0.6948660642348929,30.17576938913179,2.21326809659593,Apollo,0.398912
5836,0.5383190811703726,7.933591151494704,3.80886784937662,Amor,0.179723
5863,0.5072831221646451,19.50910982185726,3.30895424518926,Amor,0.230681
5869,0.3213945232064802,17.9249998875992,2.43942061126145,Amor,0.309995
5879,0.2891396091282228,21.57501025970944,2.07093168579733,Amor,0.167227
6037,0.4996137169793169,3.510550772285995,1.43388056331589,Apollo,0.0239189
6047,0.3521491926699417,23.47429956949283,1.75423868216521,Apollo,0.139249
6050,0.437216817286533,6.405250864572114,3.26675085010528,Amor,0.2675
6053,0.5283946693018893,21.5793485230726,3.14630533946146,Apollo,0.222147
6063,0.7624603113490719,4.961550237449565,3.30754997577813,Apollo,0.0762938
6178,0.5847926252398172,4.314464788605909,4.71990659895388,Amor,0.178066
6239,0.4124694590317019,3.94169507016763,1.23484488564539,Apollo,0.0260904
6455,0.5728900812206995,37.33965930010627,3.35319832541401,Apollo,0.287374
6456,0.4088177423020555,8.222234029027874,3.24839658336743,Amor,0.281674
6489,0.6187571562047618,2.259292857994011,3.89796746521898,Apollo,0.0224543
6491,0.5920989723391571,6.153287208481672,3.96267621232199,Amor,0.0373302
6569,0.2207238849660814,22.64324628556713,2.07410471857447,Amor,0.253617
6611,0.4845458404353779,8.701171679442442,2.20864229694372,Apollo,0.0597932
7025,0.3150127532310571,12.61026369417386,1.79285140502996,Apollo,0.0622411
7088,0.3903182784967962,8.298746382237534,2.78792399582268,Amor,0.22446
7092,0.6936758874997421,17.78670296156185,4.06105056707132,Apollo,0.10058
7236,0.5636857897403278,16.69135006781158,4.49006220761011,Amor,0.186182
7335,0.4845101477244901,15.16491830416546,2.36010740747718,Apollo,0.0214617
7336,0.4819566218473221,7.200429993954059,3.5008129529856,Amor,0.188845
7341,0.5061419339899735,5.409986890846618,2.49930278313945,Apollo,0.048103
7350,0.3911511226338049,7.263321298323103,1.57897675199299,Apollo,0.0811452
7358,0.5023807027062437,4.661374294274566,3.25925551025378,Amor,0.123167
7474,0.2920864026221507,7.088320177693784,1.95907011508585,Amor,0.16728
7480,0.3168761951096152,9.453735292000339,1.96317710270851,Amor,0.161225
7482,0.3294446467807683,33.4693310232162,1.5664047999993,Apollo,0.000725657
7753,0.4815705403185895,3.124881389711453,1.77761370930407,Apollo,0.00657976
7822,0.1646364244344887,37.12267408780917,1.18958725957513,Apollo,0.0216151
7839,0.5186281451094488,27.11509961785793,3.18582876023758,Amor,0.134693
7888,0.6632127252540682,26.07787779327665,3.80809649060372,Apollo,0.086915
7889,0.3462953530140392,36.90944452746336,1.41703646750849,Apollo,0.154899
7977,0.4662169270718441,25.16607826625871,3.32021772426146,Amor,0.355397
8013,0.4321079386438926,7.597733419179605,3.26222938974424,Amor,0.24365
8014,0.4560056778051476,1.867201314735693,2.31027382837036,Apollo,0.0168445
8034,0.4090551929262219,2.023274447784218,2.47696576876685,Amor,0.0730225
8035,0.4623805140935155,28.30509461281869,1.55470704572752,Apollo,0.273881
8037,0.4176758883733193,5.907447024144577,2.79982479097736,Amor,0.200462
8176,0.6431833149663634,39.58754463419168,1.97680850524094,Apollo,0.192823
8201,0.7061394157230159,9.540319070227582,4.04722782444528,Apollo,0.100863
8507,0.5947797832050576,14.60088291843755,2.19184598600902,Apollo,0.220436
8566,0.4303702364471029,37.98244836855392,1.84869948358151,Apollo,0.022567
8567,0.4490938606549196,8.448964446978502,2.92592165317391,Amor,0.121529
8709,0.4944975203227881,3.537369766095841,4.00346844151675,Amor,0.258245
9058,0.3597180327958709,16.08784710370674,1.94340542078686,Apollo,0.0837253
9162,0.5954790896084459,9.009822301767123,1.83106702977878,Apollo,0.0806247
9172,0.5528095497328746,7.842143920307279,4.46129228939574,Amor,0.251603
9202,0.6077865048883452,40.80176042728003,1.69901580366815,Apollo,0.373834
9400,0.5807035686807055,35.98468516935428,4.16370837036335,Amor,0.284822
9856,0.6257509346060423,9.828690297950219,3.35899340299893,Apollo,0.0221781
9950,0.5329201329978605,14.59304283662319,3.80818715332512,Amor,0.2801
10115,0.3248811458043264,15.31793189767141,1.39521807591425,Apollo,0.0464141
10145,0.6326472812034141,4.546399491488535,2.61880763687095,Apollo,0.0629576
10150,0.5442788409564754,45.96407807722631,3.65747119838382,Amor,0.223241
10165,0.5038529009839459,23.90097391799429,1.37181723335891,Apollo,0.376449
10302,0.1369000126907292,4.379103250603126,1.43590752402328,Amor,0.0805193
10563,0.266188441258999,63.46533578714227,1.01022046853298,Apollo,0.14487
10636,0.512823669254268,13.57493270043959,2.58737592036436,Apollo,0.110382
10860,0.5751553322304652,4.144778827087789,4.13797101989151,Amor,0.110416
11054,0.4465039415676925,3.077726871398259,2.78485693015662,Amor,0.123106
11066,0.3753616334600849,36.87645883082811,1.64169247777079,Apollo,0.118892
11284,0.3373665208046583,1.991801452024779,2.29553602381565,Amor,0.168355
11311,0.5358052056141449,25.49414779700032,3.079045650772,Apollo,0.0952425
11398,0.3890923979950133,15.02092244411097,2.2577643352836,Amor,0.202471
11405,0.3938234382151904,22.86469842556772,1.76334759769971,Apollo,0.117213
11500,0.3558433697184085,10.31072469930001,1.12216850272675,Apollo,0.0343828
11885,0.4745418828337281,19.43141487465761,2.22304388701341,Apollo,0.0663602
12538,0.405901604968231,24.53563611415741,1.91405361401353,Apollo,0.030225
12711,0.2720510548530375,38.49103769355605,1.29217834974202,Apollo,0.112364
12923,0.4927419785245619,5.309531398021807,2.74872618737951,Apollo,0.0199548
13553,0.4635501747084756,5.874660480259036,3.24098206802286,Amor,0.189364
13651,0.3057196149898164,17.25106682453858,1.54341319397756,Apollo,0.015601
14402,0.4016937463833632,11.41110498197266,2.24565846084699,Amor,0.102385
14827,0.6642732188104067,1.965344926228056,4.81331756005557,Apollo,0.0157742
15745,0.2554163619705528,14.42969323645903,2.2548688092548,Amor,0.294215
15817,0.118063241238252,13.87269796944806,1.52436087570778,Amor,0.247542
16064,0.5892781355277694,4.538174581944945,4.81291253521979,Amor,0.20349
16636,0.4678524818681136,7.207385920431758,3.51334358641219,Amor,0.240065
16657,0.4606673345028232,24.94465811125663,3.43534905827551,Amor,0.253339
16816,0.6037214081806158,25.91744314685398,1.73259992260287,Apollo,0.379889
16834,0.4421589929996655,15.99740569126671,1.77850258033707,Apollo,0.147122
16912,0.2726845896262555,24.52114770469537,2.31753456846924,Amor,0.320902
16960,0.8590716200153135,17.5181347674607,3.26416364992619,Apollo,0.0183584
17181,0.67402880701144,10.65319789750887,3.64949611604143,Apollo,0.0716818
17182,0.5533817352487842,9.265518013710341,1.63354489920295,Apollo,0.143611
17188,0.6366567459984018,29.45375471119977,3.29955084384905,Apollo,0.0631748
17274,0.554132586113784,5.57276440236769,4.51280531698266,Amor,0.207459
17511,0.3586724529692153,9.579899215476557,1.29765181613341,Apollo,0.132361
18106,0.5119922233260418,4.220492191583627,3.8180522948784,Amor,0.193872
18109,0.367636059909302,0.8074438970934759,2.58001981260848,Amor,0.19104
18172,0.5110299399836975,17.82778596122258,3.77816923205178,Amor,0.365304
18736,0.4911399840060588,2.806157614261681,3.60185067452191,Amor,0.20706
18882,0.2321218334393078,36.81466884633812,2.18731193616873,Amor,0.430521
19356,0.5578088569454338,3.013473220668917,3.98156773166488,Amor,0.120667
19764,0.4446612096611244,1.330283275582886,3.33581582189227,Amor,0.221935
20086,0.6287008711910044,21.6862444282357,5.64006461510112,Amor,0.295968
20236,0.5609676906735416,6.506501202544522,2.89942369935955,Apollo,0.0494669
20255,0.4920247275648747,9.958676504470839,3.15534770250009,Amor,0.100509
20425,0.4766205987722787,6.989224560071714,1.95714720026639,Apollo,0.0041858
20429,0.4640785486536806,6.301909034575178,1.94089389769035,Apollo,0.0571127
20460,0.4117740974063291,33.95479123093827,2.57101334349385,Amor,0.328521
20790,0.5561889803686958,8.296543001097445,4.56826467240694,Amor,0.239464
20826,0.6365058555432068,31.93089663587283,3.75908742832886,Apollo,0.0929792
21088,0.2387361870573285,38.46248169855561,2.22903479173834,Amor,0.306449
21277,0.5203590489232771,20.94776133161765,3.66704353401694,Amor,0.313475
21374,0.1207067243431388,23.97967415184947,1.43036011228237,Amor,0.107584
22099,0.2763452298762172,9.846017789281877,1.16072465851402,Apollo,0.168407
22753,0.5700138281424316,3.205155135726489,1.34557279528215,Apollo,0.0336225
22771,0.5242253838299091,11.40261563250756,1.97830431756061,Apollo,0.0637476
23183,0.4009327489511524,40.97758717754459,2.46372603580171,Amor,0.256286
23187,0.5893652155727045,51.33589843841472,2.510094689953,Apollo,0.014953
23548,0.5179404547427336,23.43973327339128,3.4642742035532,Amor,0.239815
23606,0.3609143575871835,14.36215687307525,2.31636458446113,Amor,0.101392
23714,0.5164625137241072,8.437696483875326,3.1050718779624,Amor,0.0789166
24443,0.822403495286752,25.74016125473706,3.51173809075511,Apollo,0.150218
24445,0.5457716514552832,23.77017999561538,3.28765778227831,Apollo,0.081974
24475,0.4417097747639083,14.6316084969231,2.77550200634396,Amor,0.151123
24761,0.3057636799308876,21.92454372133235,1.54203740936248,Apollo,0.100234
25143,0.2801500981413037,1.620938690165939,1.5237253323515,Apollo,0.0132853
25330,0.3709211329587684,14.3281069066682,1.91230623846278,Apollo,0.173147
25916,0.4997811951547701,15.76392367970879,4.09059193410798,Amor,0.272741
26166,0.6445145768999972,14.78610133912988,6.00130422979629,Amor,0.271008
26310,0.4695014068436802,5.376609458546319,3.12767744824111,Amor,0.154711
26379,0.5762998755619848,8.680612023244358,2.03543010270316,Apollo,0.130889
26663,0.4718049406295813,13.52954123676841,1.92243848031676,Apollo,0.0351218
26760,0.5570484998072911,11.01477292156217,4.82166453357112,Amor,0.259991
26817,0.5936876004944414,3.497528326743584,4.69933189187751,Amor,0.126612
27002,0.4334827791119671,8.698168487261885,2.30299864834236,Apollo,0.00232975
27031,0.4263352744836392,5.356359297771215,3.12686942265351,Amor,0.230923
27346,0.3990187716266931,36.94934515571315,2.5673169643321,Amor,0.443039
29075,0.5075049672819846,12.15494384859348,2.21383572602745,Apollo,0.0397845
30825,0.6809203371070707,8.73644700989561,3.80276316755485,Apollo,0.0700163
30997,0.6431020649919007,36.24884489074964,1.94833068819707,Apollo,0.404565
31210,0.5020349617011252,8.956074368485964,4.20803767731601,Amor,0.356265
31221,0.2569977631405923,20.21784780227281,2.26223724813779,Amor,0.291517
31345,0.3914227486758003,6.504170584609597,2.8605553264824,Amor,0.233532
31346,0.4295369495808118,5.965601390685968,2.89600591177225,Amor,0.142112
31662,0.5478783020802365,18.81529725220748,2.01925576499037,Apollo,0.124662
31669,0.5777928821932088,9.53732643141308,3.12423833609992,Apollo,0.000997391
32906,0.4404110054801181,18.94080453460738,3.36857408511714,Amor,0.452114
33342,0.4176504710948492,7.368456692805267,0.609300327671508,Aten,0.0104651
34613,0.3858242293394071,6.180193729862689,2.97976191198758,Amor,0.282211
35107,0.1437366943879615,13.91843984231591,1.21175855333918,Apollo,0.0270775
35396,0.4837803333135018,4.098856880169287,1.73228620278848,Apollo,0.000331296
35432,0.5457321185440801,13.14571652665557,3.95459559904874,Amor,0.151955
35670,0.5963653267729068,7.142401295328598,3.09202454612743,Apollo,0.0728515
36017,0.3141567862496047,5.549032229074305,1.88046305348208,Amor,0.078155
36183,0.3323365547608753,38.22358699712485,1.93218908020972,Amor,0.134923
36236,0.4238782357629855,58.03979254327681,1.53808196404785,Apollo,0.230873
36284,0.5538712853932675,46.77806856371447,1.80839902863915,Apollo,0.268559
37336,0.483066806307053,36.66572779638091,3.38384870377207,Amor,0.352082
37638,0.5200019578401266,5.07879714044362,2.64558091229761,Apollo,0.00120897
37655,0.7524459940776936,18.03315934580393,1.79642530806944,Apollo,0.024675
38071,0.5069838317769766,12.73206844421183,3.0223130730897,Amor,0.0315858
38086,0.5662303703640029,23.6743630608625,1.69222759841505,Apollo,0.385363
38091,0.4010980952789598,9.33292886359895,3.19571934292194,Amor,0.306256
38239,0.5756844361064786,9.40329703020266,2.90422429053809,Apollo,0.0546803
39557,0.4261614677697572,5.547300420923436,3.40616951374704,Amor,0.296991
39565,0.33423363078068,8.59737723390304,2.10397909869686,Amor,0.0917848
39572,0.4928268112160929,10.02893109191812,2.90592077072874,Amor,0.0262889
39796,0.4683473040080558,12.92612412979556,3.3779959303781,Amor,0.187759
40263,0.1610229522159955,25.8435490158562,1.82771389873801,Amor,0.256536
40267,0.8083828634834842,34.47744937233498,1.54909173114247,Apollo,0.156139
40329,0.4550479898479231,2.522125635961441,3.40840318986382,Amor,0.225116
41429,0.5556358759497162,2.174017788873587,2.01019632427127,Apollo,0.0111193
41440,0.2114236745760018,15.10544998314362,1.97760234736849,Amor,0.235008
42286,0.3915092626530741,24.07684247510389,1.69102790274656,Apollo,0.111634
48603,0.4296818167295477,5.024698430364356,2.65635158354092,Amor,0.136921
52340,0.5479168237558552,8.08278041834572,3.28861318679693,Apollo,0.0991171
52381,0.1440802769444012,7.72584121199244,1.44516390435795,Amor,0.168244
52387,0.1896829023179683,24.1523771696502,1.45166576214319,Amor,0.0603557
52689,0.2925546597185024,10.98139067939125,1.95170626059507,Amor,0.210434
52750,0.524900319565211,11.17292136864934,1.70441337843149,Apollo,0.162778
52760,0.6236232997273412,2.426227473149157,3.73792830443779,Apollo,0.0169714
52761,0.2242926456247588,19.48517437775296,1.93842118289251,Amor,0.191658
52762,0.6531696996229712,33.86603200736225,3.75468703575845,Apollo,0.137241
52768,0.5757189783377059,5.879386429877613,3.67022738961607,Apollo,0.00584425
53110,0.2145719040387728,40.62602911338988,2.10878725526752,Amor,0.409488
53319,0.6415366179581947,13.83939833748358,4.49582182652724,Apollo,0.0262317
53409,0.6281186040636288,10.87694884006653,3.04470834801865,Apollo,0.08707
53426,0.5397321703147352,22.7652636891108,2.66517429539885,Apollo,0.0282787
53429,0.6410991453405098,26.78075638603846,2.8749445128147,Apollo,0.0504842
53430,0.4032383510753237,60.40917368847246,3.04106587716998,Amor,0.291407
53435,0.4830697547743047,15.34809264881696,3.51309266047422,Amor,0.205236
53550,0.4197261118026926,7.178991716306138,1.82833286719555,Apollo,0.0467805
53789,0.2692364356514472,40.78484836103328,1.60455154639681,Apollo,0.0477603
54071,0.1973583282448368,23.44268225560593,1.53238364435222,Amor,0.124062
54401,0.2622924844726288,18.95157584456656,2.23787459511912,Amor,0.353742
54509,0.2299638437938092,1.599464160136443,1.00881629924515,Apollo,0.000495246
54660,0.2806050071913382,46.68950934464984,1.79458892703792,Amor,0.087413
54686,0.3417689337607941,33.20518769844782,2.36854232820106,Amor,0.433501
54690,0.2565028204169642,35.36179902812061,2.0802239000518,Amor,0.41145
54789,0.2873999440366504,24.46590740012632,2.36682818926364,Amor,0.291689
55408,0.2245802700185395,30.38987435766791,1.15353624536258,Apollo,0.147421
55532,0.6952219137947601,38.54212469887244,2.40437174075167,Apollo,0.338896
65674,0.3439320942176703,10.94802895034168,2.14831678108961,Amor,0.132313
65679,0.2645370072093881,1.303130086812487,0.874986932886675,Aten,0.0139817
65690,0.36329629955493,11.14212654842165,1.7060086018903,Apollo,0.038321
65706,0.5552087883162773,9.63278477675698,3.71333406014743,Amor,0.0628605
65717,0.2810413464423123,2.809232902051478,1.64817036284202,Apollo,0.0473022
65733,0.4743623698637823,4.144973100306046,1.24025859185015,Apollo,0.0659597
65803,0.3832284320302914,3.414073910864201,2.10519248272799,Apollo,0.0396915
65909,0.5396796389746721,3.560511156445238,1.13968006126133,Apollo,0.0129663
65996,0.6061396556416594,9.555239395212775,5.01886563830155,Amor,0.195434
66008,0.3627183979919576,61.0051338905886,1.70322587841253,Apollo,0.0776176
66063,0.7200314329158551,22.6898391303156,0.986491857054351,Aten,0.0922123
66146,0.4836694929440215,5.415250040031074,0.698914594367764,Aten,0.0738103
66251,0.1981135624337102,11.27944906976674,1.90279320117537,Amor,0.247069
66253,0.8378266492886023,19.49737112193327,1.54079653606484,Apollo,0.194502
66272,0.1433219778942613,51.31367508660981,1.8509897422241,Amor,0.409277
66391,0.6883962390342606,38.87966698006115,0.514882609524932,Aten,0.0118521
66400,0.5725398264494439,9.063668479955929,0.791092644722576,Aten,0.0588684
66407,0.1201442170369599,21.77095705447161,1.31229896963931,Amor,0.0955086
66959,0.5654346488026039,20.62032630830437,4.04417341390356,Amor,0.275523
67367,0.212645587350617,9.024101871573707,1.49682770657059,Amor,0.0465621
67381,0.5428880400335921,10.66869366162891,1.51760377140402,Apollo,0.0183237
67399,0.3461230507894121,14.69035039670549,1.4844101001618,Apollo,0.0518543
68031,0.1285265379754513,15.17322684972956,1.61498983416727,Amor,0.228894
68063,0.4577012862068444,5.718560162183113,3.56626007919009,Amor,0.273585
68216,0.3266551359153877,17.99154447930415,1.51650153584799,Apollo,0.0241995
68267,0.427286159252598,38.82484798337094,1.85498466983092,Apollo,0.058958
68278,0.1143377725127885,2.621568047150167,1.72066907065024,Amor,0.262595
68346,0.4164688941145008,16.69568965754996,1.8508774757667,Apollo,0.0384903
68347,0.3799146108434868,17.13200925886255,0.943073793637115,Aten,0.0156831
68348,0.840890768486631,25.35574456293039,3.16440333298469,Apollo,0.385617
68350,0.2474745113372905,29.56952997707654,2.15745419886075,Amor,0.301855
68359,0.174217471003323,9.857166221919872,1.86905642197296,Amor,0.278672
68372,0.4156190139984841,8.105495107684836,2.0586040539404,Apollo,0.00521705
68548,0.4367276416163725,22.71499340207873,2.23067866647403,Apollo,0.0265138
68950,0.3442829846441279,25.15216755087524,1.0866691898685,Apollo,0.00477353
69230,0.6239175577170315,6.06732791442555,2.12927436721839,Apollo,0.00491075
85182,0.7775567028821855,3.118806534230753,3.30802693693835,Apollo,0.015972
85184,0.1844576589906961,33.88010190189358,1.61056718823133,Amor,0.144785
85236,0.3111034735567481,12.80636081922605,1.37042935623954,Apollo,0.00064058
85275,0.4418928019111406,17.71213718073198,2.6004096699869,Amor,0.063674
85490,0.6599204420671013,2.575728104805491,7.30529832692176,Amor,0.275717
85585,0.3563321604078069,4.082477403460627,1.47806296346978,Apollo,0.0211039
85628,0.3315609259061421,13.02639329837058,2.00912873732966,Amor,0.143117
85640,0.4857453412195483,4.515787832012951,1.9867845429215,Apollo,0.000708625
85709,0.3375618075931783,24.83153257702912,2.11193981643523,Amor,0.122216
85713,0.6388279331032966,10.78514878092403,2.66767735153477,Apollo,0.00504044
85770,0.3452196955398552,33.17770923692323,0.996494804196784,Aten,0.0835637
85774,0.3289078881866877,13.58748380999869,1.66149968838805,Apollo,0.0358367
85804,0.3543687029961468,27.66458642331456,2.25809010940925,Amor,0.370827
85818,0.4160288906971391,62.71600724349005,2.13230111090742,Apollo,0.108202
85839,0.2481006311667114,9.319397361319016,2.1262367096441,Amor,0.238929
85867,0.3021933308935633,0.9455378375245453,2.47547469306908,Amor,0.2792
85938,0.4845393189932403,9.140426454527066,2.5213419375071,Apollo,0.0252967
85953,0.7030446736580426,12.59562055823705,0.635140810282612,Aten,0.0706313
85989,0.6328567786113377,17.06722355991914,0.829844031603711,Aten,0.0482531
85990,0.3115182484243531,5.360586145254907,1.01365501736618,Apollo,0.0313326
86039,0.5789091563351243,7.133337379744677,2.33458537475991,Apollo,0.0250337
86067,0.3234310432735265,30.54841361962549,2.44973336538621,Amor,0.363835
86324,0.4345096825452588,34.60572773247183,2.75756507907466,Amor,0.341039
86326,0.3626704645739086,34.31433494713869,2.50469381698593,Amor,0.279129
86450,0.414811205846435,18.10960095009808,0.952584671229911,Aten,0.125143
86666,0.427007604740462,29.0106011264839,1.76998713043225,Apollo,0.0814501
86667,0.5945673751267366,14.28773416458004,0.796747530881747,Aten,0.133021
86819,0.505863339297088,10.06171815953008,2.81946650888079,Apollo,0.016307
86829,0.5750294775483918,14.3720191935438,1.769188865028,Apollo,0.203163
86878,0.6185707216987845,9.472952906336493,1.55383987960331,Apollo,0.102667
87024,0.1897631622246735,14.4342464036793,1.30891711219595,Apollo,0.0953941
87025,0.4836161954367288,25.32085397804886,1.35833718021614,Apollo,0.351069
87309,0.463195873243519,34.74289888009992,0.780160508007345,Aten,0.201051
87311,0.5121284670386993,7.697181815563683,2.0055101734405,Apollo,0.109022
87684,0.6427310125483492,19.21960377487476,0.795737938002048,Aten,0.0468312
88188,0.3912564336209491,11.34463843704598,2.84516094725272,Amor,0.232389
88213,0.5953299196265829,17.81429266969478,0.931719356813884,Aten,0.172259
88254,0.6295432229687298,1.522877032603516,1.28567774113025,Apollo,0.0100443
88263,0.432558834050513,38.78989957728233,3.03612603229402,Amor,0.374633
88264,0.453318528930651,12.07960210182174,3.14570162140771,Amor,0.167962
88710,0.2700755778053335,21.90157824775826,1.09351822276835,Apollo,0.198946
88959,0.563637724639598,53.83360594264806,2.26263981260087,Apollo,0.0524155
89136,0.2527917063111236,1.905862602423607,1.5789253295591,Apollo,0.0281502
89355,0.3082838637307116,22.66292939998296,2.3888378744682,Amor,0.444096
89830,0.5070022515062275,43.64378237737477,2.99480189511825,Amor,0.0280788
89958,0.8863920859597992,9.902481752701147,2.10361925339145,Apollo,0.000200609
89959,0.5284062616143083,42.36087872108127,2.28602387678142,Apollo,0.000879685
90075,0.5742145395441376,8.857831101618784,3.12555437167145,Apollo,0.0272014
90147,0.331456649196493,27.99569388257355,1.79027749759064,Apollo,0.187674
90367,0.4262274981873497,16.88194255451058,1.24216854770469,Apollo,0.151304
90373,0.2044516209075876,9.871779344207274,2.07515366574015,Amor,0.317374
90403,0.2800120764101754,19.0084427075206,1.37163264936189,Apollo,0.037698
90416,0.4922047891753062,7.826532276640739,2.20703031295033,Apollo,0.00148529
96189,0.306959374696537,14.00160078584311,2.45666847513756,Amor,0.33151
96315,0.6435712244963385,6.654696583586903,1.73305246216761,Apollo,0.11055
96536,0.7769540209035519,41.06015064652699,3.49912403957343,Apollo,0.450981
96590,0.351185296018741,13.60322215927968,0.865064260716139,Aten,0.113855
96631,0.2595509788827127,1.767666866124317,2.21335804561734,Amor,0.245531
96744,0.7791297031899571,34.72440569018394,3.03326570299104,Apollo,0.362501
97725,0.308915997693741,18.18798794659424,2.41137153689118,Amor,0.282422
98943,0.219242380833306,4.80855240322988,1.04862306836628,Apollo,0.0831159
99248,0.507703552350866,10.61168006237435,2.54992400890662,Apollo,0.0463764
99799,0.2756219426193753,7.55762323675289,1.76786139192164,Amor,0.120413
99907,0.5946878942013764,28.79995258384989,0.621640173754045,Aten,0.154547
99935,0.6449596207347198,12.77296597552842,2.12709825479588,Apollo,0.167738
99942,0.1911663355386932,3.340958441017069,0.885876625733408,Aten,0.000360605
100004,0.7027054150810089,15.70338252238938,4.16806299947184,Apollo,0.174336
100085,0.6186868077574561,2.639621649107075,4.31713615637513,Apollo,0.0248452
100756,0.5545716964652183,11.57457244827733,3.40833456976371,Apollo,0.0929639
100926,0.4075344701602216,24.24322809272679,2.38041678638305,Amor,0.129277
101869,0.6107336738732289,4.765413244488961,2.06998837439407,Apollo,0.00159447
101873,0.3931499368490193,45.78982006851955,2.89098555620836,Amor,0.437594
101955,0.2037450762416414,6.03494377024794,1.19547906396172,Apollo,0.0032228
102873,0.4676392205443611,7.44805153747704,3.11562136366785,Amor,0.142113
103067,0.5812161356488887,38.56595974522899,2.5028543287978,Apollo,0.040253
105140,0.8169460141112156,32.53706386256052,0.874265527316901,Aten,0.355564
105141,0.1890394923417191,14.82615698674414,1.69387209546358,Amor,0.211546
106538,0.765615606768579,10.33639651186743,3.76200474824181,Apollo,0.125934
106589,0.6177615605452653,14.37325526725514,3.14283098730017,Apollo,0.139706
108519,0.271046363396833,16.39941602259019,2.03055600066413,Amor,0.158581
108906,0.360404501196292,20.92746810191738,1.37289358411206,Apollo,0.193662
111253,0.4397655757388216,42.03886436683965,2.32178149558066,Apollo,0.0313915
112221,0.4434775773018412,58.67104918332243,3.42329548581491,Amor,0.253212
112985,0.4921693732126268,46.98555493923544,3.30863201643685,Amor,0.413882
115052,0.3182125548657397,31.3168704341744,2.15567661773972,Amor,0.39428
136564,0.3942423962456196,2.984989383930539,2.54815853071661,Amor,0.136946
136582,0.06796547536113608,10.49842371909126,1.55408700485485,Amor,0.273849
136617,0.4174001078413421,4.681319344136148,2.09572129654266,Apollo,0.0168723
136618,0.3950070244969272,1.43937166173299,1.97268757839122,Apollo,0.0123807
136635,0.1748566037234342,7.639263261588352,1.97376050875828,Amor,0.313932
136745,0.4840741584852996,17.78352074523434,3.63784257158444,Amor,0.299496
136770,0.4514344030962771,25.09681889414567,2.49286559964789,Apollo,0.0885738
136773,0.180299173238517,22.10008794760773,1.99466124694714,Amor,0.379065
136793,0.4654022721832809,17.37396210238537,1.22844644408866,Apollo,0.18637
136795,0.4781466221430912,10.99175928963354,2.30921862502763,Apollo,0.0366589
136818,0.3463388478204629,12.77777775205694,0.907748351589471,Aten,0.112277
136839,0.3057994344463318,8.158768970956475,1.81036221637865,Amor,0.130298
136849,0.5782683589378638,7.791473179412908,1.82157136138595,Apollo,0.0196553
136874,0.8840247699387158,21.14126123684571,3.26861692009936,Apollo,0.235635
136897,0.1247062593835937,38.87673741103428,1.59195704891914,Amor,0.263619
136900,0.6367117362631838,10.97961298803581,2.30993525843309,Apollo,0.0841161
136923,0.4417424394204543,6.624555725235098,3.1174395196241,Amor,0.217795
136993,0.5954841861263166,24.47492145925156,3.50860530695833,Apollo,0.0550315
137032,0.7633753682295448,25.47472582010772,2.01543668024132,Apollo,0.0595911
137044,0.4292438334833583,4.38116568182938,3.41604845364101,Amor,0.307293
137052,0.8096857133399104,14.89923625146919,1.39420520952054,Apollo,0.0681772
137062,0.3153270710126984,22.51505353319789,1.355168975736,Apollo,0.170111
137064,0.1950692302950159,19.50235607636906,1.61070732022457,Amor,0.244303
137078,0.6379071655826294,23.14652329470087,2.69906376371203,Apollo,0.300557
137084,0.4965944380073455,26.55929995486601,1.33472150619235,Apollo,0.407572
137099,0.4627876496185369,28.79394523904689,1.15381551296913,Apollo,0.38788
137108,0.5620194111544389,39.93199820490608,1.76167309827736,Apollo,0.000669885
137120,0.5489369622513987,8.971804059304214,2.61991179870912,Apollo,0.0227174
137125,0.131919860819266,34.23424048353814,1.70423406138977,Amor,0.37841
137126,0.600830048295019,5.543960376451936,2.35499920309154,Apollo,0.0176985
137158,0.6068717771726144,12.89532028498912,1.28174992944907,Apollo,0.197552
137170,0.4625092181034361,25.65674623955883,0.741361380100296,Aten,0.17451
137175,0.341244871705181,16.43182996321723,1.41670059331391,Apollo,0.106931
137199,0.2926062231762834,16.56957297405022,1.75938947427452,Amor,0.190521
137427,0.6118005368307289,39.50642176274911,3.81035051836562,Apollo,0.0291601
137671,0.1843338322254953,21.10356970121945,1.71861332596184,Amor,0.193723
137799,0.07460999271251348,6.789440037885012,1.5186496186193,Amor,0.214659
137802,0.3518384411993857,31.58532045099751,2.36778682830128,Amor,0.436678
137805,0.5582863847903102,16.74906820558086,0.755364877126215,Aten,0.114423
137911,0.4945879650174604,3.75727513276727,3.49680351167181,Amor,0.163814
137924,0.8949821633082682,25.75193165790012,0.820514793268918,Aten,0.0904065
137925,0.7638084814148951,31.11634622454064,1.46820695046006,Apollo,0.38993
138013,0.6348338113826113,15.97685278863083,2.02061643467855,Apollo,0.108208
138095,0.4145353479671587,60.68496159711478,2.36804107746467,Amor,0.0490066
138127,0.5330546437942617,26.45836327766992,0.538433152356908,Aten,0.0239185
138155,0.3194963845742369,25.45130727313355,2.43221036728167,Amor,0.429023
138175,0.293294262068431,5.234110452933876,1.00541816735828,Apollo,0.00936359
138205,0.6119279971752718,11.18139979083343,4.15352173297674,Apollo,0.0936954
138258,0.4767091936534364,32.13574561298203,0.659643515039964,Aten,0.0706105
138325,0.8047486594305513,25.72626903075594,3.17999071002335,Apollo,0.371896
138359,0.3613249822460405,20.23847187258305,1.21960923416581,Apollo,0.261525
138404,0.3185928607382996,2.164268340971151,1.215136607921,Apollo,0.0275293
138524,0.5676710210691017,6.244934950700205,3.62040397664165,Amor,0.0287352
138727,0.6052142211331049,11.920695375189,3.05374850909869,Apollo,0.03489
138815,0.3806815555327689,8.241663019920935,3.02230044378339,Amor,0.303153
138846,0.5646635222593799,18.68676800609835,3.22382228176504,Apollo,0.177475
138847,0.2877446729588953,22.17821301249894,2.06009424853628,Amor,0.155374
138852,0.2980461387455392,21.51734020405339,1.00265085211643,Apollo,0.125131
138859,0.5314891899659353,13.15513990121184,1.97323519122975,Apollo,0.1417
138877,0.5429612594042323,25.31822358219147,3.13057726086151,Apollo,0.10038
138883,0.3440180098705413,21.89392441373534,1.90379642758816,Apollo,0.138492
138893,0.7436157573795729,18.35873282814898,1.2702559980975,Apollo,0.164787
138911,0.08168536298723711,1.662273272484931,1.5679375412247,Amor,0.232013
138925,0.376482206834709,72.15497853058214,2.61179891366872,Amor,0.210757
138937,0.6779799447731473,31.8127244193275,2.98340821766111,Apollo,0.0622945
138947,0.2537373503640612,12.84613330653302,1.18358604316812,Apollo,0.182741
138971,0.3333955860316019,7.918336033255923,1.05079918320674,Apollo,0.0242209
139047,0.3859484539993562,47.00344426888921,2.54033331995261,Amor,0.162632
139056,0.3280470388460292,4.73472148836098,2.58908548429586,Amor,0.270847
139211,0.4519475165221519,26.05800986774972,2.53579885442379,Amor,0.0243643
139289,0.8411756884951689,23.26469591646347,1.41370464912368,Apollo,0.178596
139345,0.7018930815395839,22.27938477779668,2.42531485114122,Apollo,0.262333
139359,0.8697804326964221,5.955579794363314,4.275967425688,Apollo,0.013309
139622,0.3101068073735513,9.339148306124873,1.69306133398834,Apollo,0.0111482
140039,0.5677148059391803,4.847007492305595,2.45661793905103,Apollo,0.0455102
140158,0.460876789408214,2.517423303746074,1.56395245945711,Apollo,0.0261193
140288,0.5082276114037634,53.19407751996739,2.38309003652381,Apollo,0.018898
140333,0.4815726712737569,19.02801577613766,0.943447406679213,Aten,0.184583
140928,0.2969618540427162,20.6626681529099,1.8717805292172,Amor,0.246441
141018,0.2410885148573753,2.869310490932056,1.65419762992828,Amor,0.077277
141052,0.5500510861835878,17.66782381384025,1.39004042251088,Apollo,0.102917
141053,0.5794606808574189,2.730370637164153,1.88947971329197,Apollo,0.0413495
141056,0.4440237343362174,28.88790704415275,2.44845921868349,Apollo,0.145221
141078,0.4508739948822958,11.47089495520805,2.54299161002911,Amor,0.188939
141079,0.8281905810931042,28.53925771991249,1.25665917178885,Apollo,0.302806
141354,0.4506156531867286,10.92698974985429,2.80441437558599,Amor,0.0879071
141424,0.176817966816583,6.875329238600109,0.969976832930408,Aten,0.0723061
141432,0.4275430416381251,2.467204061360283,0.964540199670982,Aten,0.0197284
141447,0.5024500368244517,31.95487953380632,3.69141099146565,Amor,0.20142
141484,0.3695164160209001,16.60106456775641,0.794584247954973,Aten,0.153698
141495,0.8020702006771883,2.354299191681642,1.17580927036795,Apollo,0.000991125
141498,0.5666363598888725,30.13988305078713,0.884734328632711,Aten,0.176344
141525,0.7245192698487216,34.03833275048367,1.13326384044376,Apollo,0.0360311
141526,0.3223418814702805,30.10170728641236,1.02055725303903,Apollo,0.31595
141527,0.6267401021273621,9.20266572343589,1.86164904381448,Apollo,0.040999
141531,0.5289639993938079,22.54889616504806,0.988200214686731,Aten,0.280308
141593,0.5286540314477821,2.348387126724643,2.83318861387998,Apollo,0.0240385
141614,0.5361864148023477,7.18534176461116,2.0699307613599,Apollo,0.039566
141670,0.4848601837574837,13.32189744098058,3.68803345474768,Amor,0.221537
141761,0.5095402383325527,18.926744304865,4.13114642826271,Amor,0.263389
141765,0.4688973975383673,33.06893997545257,2.82893411522526,Amor,0.392004
141851,0.8501862108086019,19.13526453584064,1.31120425449595,Apollo,0.0389074
141874,0.3487870699579926,10.98942540315333,2.48508099832798,Amor,0.278125
142040,0.3443722085369786,28.25005982729647,2.15252624350921,Amor,0.11608
142348,0.4573611943126667,6.070196190215939,2.96800655625354,Amor,0.14677
142464,0.1548329635289812,16.27691821706334,1.37067345352867,Amor,0.0579887
142555,0.563289813737371,23.39562178467934,4.27333490758489,Amor,0.428763
142561,0.2935296342423452,16.65700081943896,2.16599066510458,Amor,0.249227
142563,0.3436729293591729,20.48694021805718,2.13870446513524,Amor,0.102017
142781,0.3877934288175385,41.02326970555381,2.7253916131515,Amor,0.311331
143381,0.510649116151973,5.474830513007793,4.1833852197628,Amor,0.296345
143404,0.6077343092173629,2.663800376370676,2.75959729162124,Apollo,0.0175476
143409,0.3505678611259304,8.158481680773408,2.72251468913979,Amor,0.282398
143487,0.7299001240958827,4.989166676038963,3.09650846576542,Apollo,0.000269715
143527,0.352124930409398,17.30715794432552,2.14146870214519,Amor,0.191047
143624,0.5773684042750273,35.53837513105434,2.75809725732704,Apollo,0.0528767
143637,0.8837193285810889,43.56088783718091,2.30785417397444,Apollo,0.341208
143643,0.4182731344728175,11.15414520031634,3.21797555634946,Amor,0.274056
143649,0.1869964594205481,62.10001638553193,1.1306989951841,Apollo,0.00163155
143651,0.5261474343394371,11.62337952585432,3.1153026168516,Apollo,0.00189079
143678,0.3286919789677177,13.86340802207882,2.11872992090805,Amor,0.150538
143947,0.6543187346125697,21.02942026974877,3.22314886723847,Apollo,0.102898
143992,0.5536618564265283,27.1285235790397,2.76746750068788,Apollo,0.032909
144332,0.2897198676106372,55.88995552142068,1.6975454844108,Apollo,0.00559834
144411,0.5339217336653431,8.794314332176155,2.6546112514568,Apollo,0.0914542
144861,0.7491574722477753,39.41562124698683,3.97366636951674,Apollo,0.357179
144898,0.5888021467792881,4.223294698405366,1.8518981664444,Apollo,0.0017575
144900,0.6556878475816924,36.24673942175115,0.953032740483995,Aten,0.0276318
144901,0.5219161857638325,13.03624222628155,2.10008120236173,Apollo,0.0561994
144922,0.4122823091431991,8.232160131502463,3.11417769752584,Amor,0.25835
145656,0.5547509721177467,11.08254825846695,4.29465073400165,Amor,0.257256
152558,0.4412669117041933,38.14086582878542,2.85773790889103,Amor,0.308437
152560,0.3980114896200733,3.445141792972661,1.73434656151892,Apollo,0.0205801
152561,0.485693171097681,19.5744379015584,1.75404876483971,Apollo,0.0386954
152563,0.2716667875240919,7.249797471394177,0.865061739488103,Aten,0.0625842
152564,0.5617343723811957,13.32020340878085,1.64058407422862,Apollo,0.120016
152575,0.5275634046182497,12.34798303983292,4.38429825498686,Amor,0.2588
152637,0.2085330064997544,16.72222030023856,0.804365448418409,Aten,0.015271
152664,0.7139855062799123,3.413357840882914,4.00084769193727,Apollo,0.0150763
152667,0.7075935245261891,6.680930746046825,4.70326390026497,Apollo,0.0654843
152671,0.3659918246248302,2.680075878269653,1.19958849838947,Apollo,0.045394
152679,0.5523821376030682,4.928700205760251,3.37906235645353,Apollo,0.0600774
152680,0.6396395446544186,10.92937806223273,1.7418871268724,Apollo,0.0058973
152685,0.5730270113716196,0.1478499453368994,1.56188517099036,Apollo,0.00161654
152742,0.7392236277423067,13.4343379089798,0.822828600004512,Aten,0.111779
152754,0.4973768280950478,2.019303557851971,1.29962590878841,Apollo,0.0188658
152756,0.4148718178690007,15.22482955420911,1.7471332841343,Apollo,0.0664772
152770,0.6543121052966107,7.143250089887674,2.57452478214398,Apollo,0.0168677
152787,0.2316094147527942,15.95323851376276,1.59211300583783,Amor,0.0964489
152828,0.5230672617534844,5.151553946033478,1.25265612506941,Apollo,0.0483311
152889,0.6407472550943539,41.54756129398483,2.17649337371282,Apollo,0.316618
152895,0.4953412398964793,2.969013101217158,3.4580730925169,Amor,0.149254
152931,0.4557137826662945,28.57883731674663,0.896459030627762,Aten,0.162919
152941,0.6806988054555592,8.731996791029315,1.80294186692903,Apollo,0.127056
152942,0.456911057343063,27.07374268758754,2.69815595096904,Amor,0.179827
152952,0.1869437870336236,55.29318494957469,1.62733887357161,Amor,0.279201
152964,0.3933677242454154,13.22977255528015,1.65078044452934,Apollo,0.0915626
152978,0.236763626519892,25.0080355259916,1.25311269372982,Apollo,0.027006
153002,0.7960429823275413,31.42060149765546,1.5523395790628,Apollo,0.029862
153195,0.6191717045348747,41.10489156152669,1.48467567393463,Apollo,0.0913677
153201,0.7808302647078239,7.766821884136538,0.869721950094312,Aten,0.00285584
153219,0.4356248443644561,40.33592450354001,3.01938683508342,Amor,0.19489
153220,0.6678926230494527,6.226989292346615,4.04955172837183,Apollo,0.0320564
153243,0.5307215136774612,35.97809524789434,1.4803065441794,Apollo,0.402094
153249,0.5906650720937447,41.27809561827993,3.08131110846098,Apollo,0.0560976
153267,0.6138174555920979,9.675400546128964,2.37774514483544,Apollo,0.119385
153271,0.4024281727364671,21.6487371995154,1.94343257704809,Apollo,0.191341
153306,0.5232088702514289,26.97852221071433,4.07936184407873,Amor,0.506383
153311,0.6459406082919574,28.40694617715191,3.95724688973211,Apollo,0.0397024
153315,0.4495940254704029,34.70336741597325,1.37624367694661,Apollo,0.0979679
153349,0.6380109777455997,10.55284614982875,2.41499172558633,Apollo,0.0519565
153415,0.2139137477893538,50.20606825868062,0.841800707215984,Aten,0.0741389
153460,0.5812436365258689,10.08754778346923,1.68127166145513,Apollo,0.139605
153591,0.479950171750265,6.692488081725652,2.80256074830417,Amor,0.0471783
153792,0.7428629799830444,10.48283395230203,3.03963200224787,Apollo,0.0564991
153814,0.467298834776019,1.919542642612908,2.23909257416432,Apollo,0.00189746
153842,0.5669665814547161,9.002234404418818,4.5584703962628,Amor,0.207744
153951,0.3420343339623416,15.46593667402414,2.48823669572876,Amor,0.249413
153953,0.8088643445536435,31.01072077021921,2.36162142652278,Apollo,0.409538
153957,0.7591302610626621,46.53658722630481,4.02875165785568,Apollo,0.0815723
153958,0.4514220592288319,4.64444170407627,2.22296538622025,Apollo,0.0320281
154007,0.3470300806278913,2.726858634962384,2.45133240929534,Amor,0.174988
154019,0.3601536180388347,4.9714793798248,1.52568269222324,Apollo,0.0253417
154020,0.5897124922810316,12.12402482987535,1.91332510082911,Apollo,0.153736
154029,0.4624113642634762,44.19590758428486,2.59789597881182,Apollo,0.0867668
154035,0.5320289784170067,49.05545628451745,1.33106546803697,Apollo,0.425947
154144,0.2961449395522999,23.61770404598834,2.48397764146735,Amor,0.367638
154229,0.7185551087627097,10.09063506645322,2.51900637181515,Apollo,0.157871
154244,0.549922829497383,3.249170776634407,3.49933120418864,Amor,0.0613306
154268,0.4650307367747963,14.57474466458847,1.85775196037434,Apollo,0.17724
154269,0.4864903689564209,14.39705052135855,2.5602135355883,Apollo,0.0225567
154275,0.4907875986396493,11.5752955753385,1.12808760704853,Apollo,0.036675
154276,0.6889134860124948,8.740529557500324,2.22690298595924,Apollo,0.0039432
154278,0.5915455903513378,29.76136950244019,2.42301028081862,Apollo,0.185016
154300,0.4725335136493808,8.294239826651701,1.3300141372008,Apollo,0.141643
154302,0.5615111942744744,28.82983158681916,2.2553000073552,Apollo,0.0380763
154330,0.4087251558477104,7.15730661346189,1.79434112964406,Apollo,0.0328027
154347,0.6918517631683478,17.74479545614941,2.51714657802275,Apollo,0.270142
154453,0.8352367532020263,20.82053143802607,4.1520161368433,Apollo,0.344593
154555,0.5802801563444491,36.82273091895066,1.28928010116361,Apollo,0.116945
154589,0.4590453886326737,7.182264988349149,3.46349739000219,Amor,0.262705
154590,0.4021265416656262,1.415923661775925,1.16190468748808,Apollo,0.01309
154631,0.4914716944741779,15.89769054060902,1.94366887191374,Apollo,0.203849
154652,0.4505101967523675,16.17619935287838,1.08896671691419,Apollo,0.235705
154656,0.6467686420397556,22.94458816512553,3.51244548343316,Apollo,0.152915
154658,0.4547594461280925,19.28457990790943,1.1483843593003,Apollo,0.152983
154715,0.4906692552735168,4.099175021984243,2.05909217181972,Apollo,0.0581849
154807,0.316582028317624,15.5254172071029,1.8076939761111,Apollo,0.146443
154988,0.6800490452913562,9.818200564857237,1.84763695027886,Apollo,0.152448
154991,0.3226560914044209,5.634086488530172,2.22607803167196,Amor,0.194741
154993,0.663671741212077,10.32482133063207,1.86756337951359,Apollo,0.0748718
155110,0.3485492563792417,30.38362362587818,1.4166765274089,Apollo,0.11299
155140,0.8724259085707847,28.61064919676557,1.439369929073,Apollo,0.0766564
155334,0.4092303594443519,6.611507318716145,2.90252458174971,Amor,0.223556
155336,0.7375548645437395,4.192797540847877,3.0881426021349,Apollo,0.0722572
155338,0.4825011981461238,2.081623641562472,1.96609151420662,Apollo,0.01299
155340,0.4658468632261957,9.236111631132065,3.06142482404371,Amor,0.11094
155341,0.2414507356799034,18.52190470411094,1.79601292069317,Amor,0.285648
159399,0.2139508322514806,41.96808036488358,1.88691768627322,Amor,0.19417
159402,0.5718875764897667,7.572514019524303,3.67065525664697,Amor,0.0762307
159454,0.2527332204519542,37.749453643837,1.6763694994623,Amor,0.245998
159459,0.7989019052222803,56.15757238759834,3.57177648141184,Apollo,0.531254
159467,0.2827797392895096,6.138134683454289,2.4339198140234,Amor,0.315087
159495,0.4823002736230178,4.062828424857609,3.60122894063362,Amor,0.205344
159504,0.6170492744068848,9.689798522512897,3.7959668000106,Apollo,0.049065
159518,0.4452272437662043,47.46921125265983,3.05288969813992,Amor,0.339386
159533,0.2888587071904651,12.85133163403092,2.1284186191361,Amor,0.29115
159555,0.2300216578878088,29.4394015221612,2.08155633101006,Amor,0.350128
159560,0.434759620232977,25.69583089902874,3.29494214636889,Amor,0.472466
159608,0.3517156355505573,58.88136391342788,2.16675392128381,Amor,0.100715
159609,0.4624879771802481,40.00824462603779,3.06858950154475,Amor,0.313121
159635,0.3241721586052632,16.23842308225818,2.2231035752487,Amor,0.261583
159677,0.595100397865422,6.06505323734726,2.51868232537398,Apollo,0.0561774
159686,0.6880058360553518,24.73154659873652,2.42249423328094,Apollo,0.283234
159699,0.7159349249037239,16.81222657842643,2.21050359919299,Apollo,0.215264
159856,0.4657432118722233,9.755728641972663,3.16169548349593,Amor,0.1373
159857,0.5935140339030417,23.15065247793939,3.40302907681769,Apollo,0.0154296
159923,0.5249083926977207,7.527518809159264,4.00357845920004,Amor,0.219695
159928,0.4193157480400334,27.74911359456942,2.12840169957723,Apollo,0.218407
159929,0.407838116871857,54.41729593014891,2.59161719426534,Amor,0.125529
161989,0.2138348957294045,26.06541924652434,1.18957452719378,Apollo,0.0144035
161995,0.4784740214549588,25.26228483610694,3.46030880706254,Amor,0.245868
161998,0.4062657491510738,8.227328961839039,3.14517572796066,Amor,0.277401
161999,0.5125696072666001,7.378737043035799,3.52836191198184,Amor,0.115574
162000,0.4623725590861332,1.091244550533105,2.17452697692157,Apollo,0.00902011
162004,0.6646316741988127,7.216547352086509,0.840782826814729,Aten,0.0575369
162011,0.5969681701871855,4.550897175047952,4.77220335826175,Amor,0.154445
162015,0.2840776052792578,23.75217913759286,0.990187654217335,Aten,0.25474
162038,0.2765576621724425,17.2346536250322,1.99927437624925,Amor,0.133735
162039,0.6603739989371803,5.281188000453178,2.41966776631823,Apollo,0.0121372
162058,0.5542486644863064,4.850437295150816,3.64190748665012,Amor,0.0875286
162063,0.6664176604780055,13.01175012885353,1.33781507613457,Apollo,0.150972
162080,0.3581661337460653,16.20620473517829,0.849108306738294,Aten,0.187377
162082,0.1870537434218023,20.05269170288534,1.39138939019706,Apollo,0.0413117
162116,0.558532523398565,7.112342075616587,2.65156410057251,Apollo,0.0473051
162117,0.3447812498083282,26.79852395824196,0.900655830112989,Aten,0.110296
162120,0.5709697300299376,2.132695720722893,1.1345384784408,Apollo,0.0120139
162142,0.3178521508651214,21.80901651064833,0.818919032984331,Aten,0.151014
162149,0.3965435698740151,11.93086596689893,2.5661211534628,Amor,0.229049
162157,0.3515521968509291,15.26686368944074,1.4769647461945,Apollo,0.0564631
162161,0.4427514429656366,43.14197642002317,3.07734994134942,Amor,0.446706
162162,0.1947966904442839,10.84068773707398,1.32411303083093,Apollo,0.00129426
162168,0.5989695535117894,4.012228618395824,4.65199677030147,Amor,0.123797
162173,0.1910626233370813,5.866551870173779,1.29966876626892,Apollo,0.000833343
162181,0.2805915850940625,18.94327732159046,1.67360101681313,Apollo,0.0639053
162183,0.5348848044399673,1.431820106400261,2.98439908363867,Apollo,0.0130379
162186,0.6114938233898194,27.59352976115507,4.456549200054,Amor,0.373139
162195,0.7730928165805074,5.893836024472214,2.01992435101255,Apollo,0.0879229
162196,0.374920423297259,22.43080797832911,2.46805155934939,Amor,0.240596
162210,0.6974887819973475,5.27924238464669,3.49944632243608,Apollo,0.0531568
162214,0.5859111963813283,19.1580892744663,3.54195179685737,Apollo,0.118777
162215,0.4365431939896735,17.33809481548215,1.12489386275979,Apollo,0.256526
162269,0.7378200225384648,40.13123095889547,1.20985540388952,Apollo,0.0769892
162273,0.2363799804201621,20.18512755968412,2.01172962803555,Amor,0.245444
162361,0.4111299071394471,2.711805749029428,0.819648922352445,Aten,0.0226956
162385,0.3587404222788487,6.878361372992569,0.637322695246293,Aten,0.0834188
162416,0.4780902970330103,0.4022989874143517,2.52477173591465,Apollo,0.00107813
162421,0.1238454785817191,22.32381996700509,0.921057705985417,Aten,0.0294603
162422,0.531071876561046,1.400293048062413,1.32627959186424,Apollo,0.011886
162433,0.4817173364139997,13.93776054340427,1.58426506771274,Apollo,0.0671815
162452,0.4462878092209331,5.454106647390372,3.40619559778002,Amor,0.250609
162463,0.2381758983777549,22.21369153735104,1.22614718718922,Apollo,0.110587
162470,0.5531014492806211,35.26591020828828,1.17369282898865,Apollo,0.268415
162472,0.1184353864294394,31.85802015136567,1.41222305819409,Amor,0.166977
162474,0.3573409890165181,50.71358454631814,1.38208423288047,Apollo,0.00435054
162483,0.3736930132526878,51.18078899831356,0.81534556689254,Aten,0.174443
162510,0.3022753803601095,38.14499323266982,1.61443105581586,Apollo,0.0236731
162566,0.5761319573518349,14.28893678541801,4.25417593322698,Amor,0.16448
162567,0.250113345329181,13.74717811524368,1.3931235091025,Apollo,0.00692977
162581,0.3516957948199793,15.88962087677683,2.15300824882465,Amor,0.211827
162635,0.5155470602257503,7.881039800034885,4.12013965459575,Amor,0.282309
162679,0.571609980026963,29.2335426858895,1.31369850442861,Apollo,0.410968
162687,0.5437917960267306,14.77229590402885,2.56790491792073,Apollo,0.0343702
162694,0.4223961244969541,32.22464958523361,0.811866210897201,Aten,0.224128
162695,0.6356251007562919,2.186929991934116,3.09362108713391,Apollo,0.0231804
162698,0.487257729666146,20.68962395859877,3.08655141170375,Amor,0.336548
162723,0.6815187605034392,6.386858941285404,2.36355042062657,Apollo,0.109441
162740,0.5033924480475653,39.22021249284987,3.85537926772955,Amor,0.25889
162741,0.4994236117479821,11.84632466059377,3.53111993721129,Amor,0.190052
162781,0.4260356660247374,10.03122114111675,3.32187911764585,Amor,0.294277
162783,0.2323295647158148,7.264482583763117,1.50577630998933,Apollo,0.0300155
162825,0.744272413881047,9.068129251543976,2.36107636496079,Apollo,0.0163643
162854,0.1492403030842143,21.26825849337565,1.52155253802558,Amor,0.212352
162873,0.08636414808836436,20.19314042181755,1.65755048666322,Amor,0.286566
162882,0.5751638611126865,6.495920422212993,1.14165244739922,Apollo,0.0325364
162900,0.5356275756192361,6.158283374078538,4.13513984760983,Amor,0.237872
162903,0.2372817466558043,47.49141804512224,1.48996932900341,Apollo,0.0857262
162911,0.3393944327500222,7.951216033471258,1.32119254638489,Apollo,0.100491
162913,0.5194732402378378,8.64981813875019,1.43266074316882,Apollo,0.14617
162922,0.3818129797729668,10.30165446512016,1.51403246606877,Apollo,0.0142835
162926,0.6174711070301765,42.661493880212,5.05298146019403,Amor,0.419134
162979,0.5436822426263802,17.09009090115277,2.90848458876436,Apollo,0.0213638
162980,0.4886794622197956,30.39825521441387,1.93609120362786,Apollo,0.198888
162998,0.474464438773563,1.679840706337023,2.67230061924699,Apollo,0.0283791
163000,0.05137947101376995,3.553206116814811,1.3948242267266,Amor,0.178904
163001,0.4533183355730278,19.97706160950549,3.09474362547172,Amor,0.264516
163014,0.4457101664761457,9.937350630313908,2.38925548535619,Apollo,0.0315339
163015,0.3683351806902572,10.61773038045819,1.68639347913473,Apollo,0.0632533
163023,0.5464760608321821,27.14975154058083,0.712015312589982,Aten,0.0562788
163026,0.3651440605568957,11.86246233301369,1.47729988026579,Apollo,0.022765
163051,0.5665198086632116,9.28085270157779,3.43254377444348,Apollo,0.0315522
163067,0.5858647367381484,7.606144587139338,2.92576578174525,Apollo,0.0118419
163070,0.6357655774569391,14.53695431781824,4.96189993306062,Amor,0.18851
163081,0.2032433945296533,11.49952563870492,1.13292888409293,Apollo,0.0778973
163132,0.2951690873511205,48.77914086190216,1.34708045437843,Apollo,0.00113174
163191,0.465283062416312,16.28891755833864,2.48489106590141,Apollo,0.0612201
163243,0.6016225135997967,20.2827990410083,0.664626400378112,Aten,0.00394105
163249,0.3347960432971505,6.969826589145645,1.55867202349664,Apollo,0.0158796
163250,0.5350628291961775,35.23020975296951,4.41509162758891,Amor,0.2603
163252,0.4412506125117336,9.002103355258448,3.11226370596572,Amor,0.180792
163295,0.6451811610618987,5.814798782201978,3.86274300213392,Apollo,0.0524584
163335,0.6667199304886252,56.3210435313619,1.5303476081498,Apollo,0.501174
163348,0.4345947747699443,5.419644807166305,0.819617508717639,Aten,0.00651809
163364,0.3689086949887251,4.1927124610125,1.59517383020336,Apollo,0.0259197
163373,0.546300756513007,1.666940888611022,1.78062977546058,Apollo,0.00265432
163412,0.4509874673582207,34.47696800524756,2.63476691105213,Amor,0.14698
163454,0.3699308521853601,23.11966690357546,1.25286524757701,Apollo,0.23706
163667,0.5717125331895916,4.639937285795495,4.14963336359637,Amor,0.147288
163679,0.4714706426853039,5.058612563011229,1.82795252345892,Apollo,0.0719113
163683,0.6882474753851038,20.62513435350168,1.98036609630936,Apollo,0.0209151
163691,0.521686075937483,40.79580054063879,3.75908511446598,Amor,0.353974
163692,0.4107994433334684,7.207516735869323,1.88508695051593,Apollo,0.0929056
163693,0.3221203438121871,25.61867491844087,0.637853132954495,Atira,0.207591
163694,0.543431568758977,9.817656100425918,4.29108118419678,Amor,0.261945
163696,0.5189164026902046,29.50239040798116,1.96914083268627,Apollo,0.0535036
163697,0.4731023371285258,2.953857775840432,2.04088428558992,Apollo,0.0422497
163732,0.6962627363323614,44.61199889072562,4.56617683797473,Apollo,0.157356
163758,0.7412659533832217,41.52779657548514,1.47552888873427,Apollo,0.0910777
163760,0.504264209693153,13.06584420883489,3.98133362892764,Amor,0.278515
163818,0.354577958049146,10.38878379274876,1.36318085248735,Apollo,0.0265458
163899,0.2094327274452694,8.548088630750001,0.753302828669301,Aten,0.0178801
163902,0.2479954558757976,16.11169344580042,2.14019392975534,Amor,0.270248
164120,0.4080326437986871,11.02864377945471,1.85932465839226,Apollo,0.0844775
164121,0.2920665007602689,44.0577180415132,1.16935046062924,Apollo,0.00145309
164184,0.4532790864237954,4.603661992628505,2.07560301204341,Apollo,0.0547483
164201,0.8600849797355267,34.581997784438,2.82182799687496,Apollo,0.412555
164202,0.2789501656423017,4.668273339728371,0.981877183299945,Aten,0.0233924
164206,0.4097305463786758,18.27357814694272,2.21818407634951,Apollo,0.112122
164207,0.1359381514459876,13.65286493400552,1.00170227014791,Apollo,0.00309384
164211,0.4232887727224019,2.257922085752667,2.15100668579602,Apollo,0.0325763
164214,0.3926699650103516,5.462012466211267,3.08600991194263,Amor,0.290585
164215,0.396423305787031,4.879484788957675,3.07592676511135,Amor,0.277074
164216,0.5656272086088142,20.0559564669151,3.15456681635898,Apollo,0.0210418
164217,0.4160989220478526,48.93495974521726,2.85515872820816,Amor,0.161906
164221,0.2054390258548506,6.482548755866892,1.84665423597121,Amor,0.219145
164222,0.2470065823760992,16.10950054783224,1.48945647244086,Apollo,0.0939084
164294,0.4544670604192123,2.953015945981771,0.485335998617386,Atira,0.0949676
164341,0.2541264064778416,13.01011280852086,2.07500208678709,Amor,0.255056
164342,0.3611115971180572,19.16742853995204,1.96698676919242,Apollo,0.176328
164400,0.4679192895057885,6.625815568142134,2.13246622222517,Apollo,0.0498015
168044,0.283283969620097,34.83142886206377,0.972081612373298,Aten,0.201855
168318,0.5419202366180831,6.492886872914951,3.17945002767422,Apollo,0.0444345
168378,0.4495441556594611,6.811729998309061,3.12393866246773,Amor,0.204013
168791,0.504722443931849,5.184264935478707,3.48200738654957,Amor,0.134134
169352,0.5196639308628993,32.28247793075451,3.00603714157098,Apollo,0.120769
169675,0.5473533127113651,12.61817163126014,4.49278118220978,Amor,0.281591
170013,0.7999780928862973,25.41818851993012,5.05667557597442,Apollo,0.30976
170086,0.6260792228236721,2.132793497585876,2.62842630933426,Apollo,0.0115977
170502,0.8819492008290946,10.52055823942332,3.88054203436063,Apollo,0.073051
170891,0.4053583800847618,8.152506326011885,2.79142669721599,Amor,0.189967
170903,0.6030417180885047,8.266765656737542,1.5445074308549,Apollo,0.0300454
171486,0.5121350172508727,6.087121194824597,2.40371250898218,Apollo,0.0676707
171576,0.5836605445314998,17.27623793402187,1.13133923431996,Apollo,0.0024883
171819,0.1665568119528025,9.949903177817047,1.8292805315568,Amor,0.279723
171839,0.3106478895670748,17.0769828369649,1.76520257756198,Apollo,0.0449211
172034,0.202529681075287,25.02781580700628,1.44351770446305,Amor,0.0750873
172678,0.7028036919399384,2.824259119568682,4.09172156625915,Apollo,0.0157053
172718,0.2045603490311372,19.57557020616895,2.04241667611764,Amor,0.388076
172722,0.6994017341282439,7.216903603004491,1.91745167583157,Apollo,0.102935
172974,0.2464808326102928,8.472927400837374,2.09453617323152,Amor,0.292889
173232,0.5333781994113136,9.609806701064148,4.54028802652499,Amor,0.330073
173561,0.3110655561640253,28.0018201094641,1.74236304024318,Apollo,0.0180695
173664,0.2689150894482897,4.015355185346607,1.86917771384368,Amor,0.108132
173689,0.3950733156024546,10.43100425196524,2.37361511029022,Amor,0.11304
174050,0.1134435890688203,50.05994100612541,1.45617301783458,Amor,0.159548
174806,0.5671632856334706,10.60380394609328,4.02139966535247,Amor,0.126699
174881,0.5570851683031813,57.23695213238149,1.40412392322159,Apollo,0.459038
175114,0.6640840628479964,5.723286442617987,3.37609702915809,Apollo,0.0606173
175189,0.3857646717836008,2.6237879594557,2.95232637891683,Amor,0.253819
175706,0.3501495580876048,1.972655821131266,1.08338422844351,Apollo,0.0280985
175729,0.4245288160874207,11.5365973282999,1.43348098685052,Apollo,0.0236253
175921,0.484018578608811,20.70613474116123,1.60154193187113,Apollo,0.142525
177016,0.5822205891639718,13.81102383246311,1.24948674559166,Apollo,0.157349
177049,0.614204148444573,0.6522735538141622,1.68817201717673,Apollo,0.000114089
177255,0.4861517882237334,10.25435543724232,3.4745297355634,Amor,0.174621
177614,0.5204097920772448,5.437645064678061,2.59781424150754,Apollo,0.00898518
177651,0.6990570343320377,42.4089760434837,1.24003884190129,Apollo,0.495598
178601,0.4919800105013884,4.175910870755366,3.89260623000731,Amor,0.271391
178871,0.4642685548156145,7.619211242337522,3.65693770417303,Amor,0.253936
179806,0.5348456155026635,4.926853253108552,2.53200962355988,Apollo,0.00512337
180186,0.6314371168854913,8.56487900431346,3.76814221517712,Apollo,0.0454619
183548,0.3403192120221977,10.53165086300995,2.50480855066838,Amor,0.226906
184266,0.5979624874408898,3.834028956619076,3.08846446001397,Apollo,0.00794021
184990,0.7990367143533371,45.11524443206179,1.08108521025743,Apollo,0.230202
185702,0.3002427363693554,24.69537738949143,2.47177723540925,Amor,0.487615
185716,0.2738508188154056,35.18860787692576,2.18777484451067,Amor,0.413379
185851,0.3766974919175901,8.67167565580244,1.59489174672968,Apollo,0.0143447
185853,0.3109141324613174,36.91568768430809,2.53086863444139,Amor,0.313542
186822,0.4526198999307507,13.0574044562878,1.97415086901304,Apollo,0.0735898
186823,0.6767224470323486,21.96238547250499,1.3227840286503,Apollo,0.237431
186844,0.6733578707927531,7.773858958455305,3.78495385662857,Apollo,0.0190895
187026,0.1354629219377315,30.00097297738515,0.940041009246294,Aten,0.0955852
187040,0.322226686177758,6.033124330236904,1.57805181968921,Apollo,0.0186611
188174,0.390674900005658,40.85787149749355,0.741072842627237,Aten,0.0935553
188452,0.5725513530595657,24.69836346583133,4.07827698846218,Amor,0.0981763
189008,0.7934061890042458,8.039166679486652,3.19327979089726,Apollo,0.087864
189011,0.2321716391246473,18.6984685242516,1.83783006047336,Amor,0.222994
189040,0.3823777888297629,13.09338206953634,1.60803936050193,Apollo,0.0101469
189058,0.5113056466079628,26.22403626748696,4.12427663708318,Amor,0.539206
189062,0.3874738208560827,12.84755836900116,2.67670123659419,Amor,0.273426
189173,0.5701786734067901,43.07745540355857,2.50401471527338,Apollo,0.139934
189263,0.5885210714949256,16.73888457168923,4.51069310074336,Amor,0.150555
189552,0.5356657073314591,30.15217449252944,4.0881667714779,Amor,0.331518
189630,0.693165669998188,12.62179596064331,1.32438050531246,Apollo,0.12606
189700,0.1914037806077408,10.72256424628145,1.76942593423161,Amor,0.218706
189865,0.8055624152247972,21.5706447309094,1.66665948309431,Apollo,0.0372747
189973,0.3769709155535318,26.95675960790327,2.50574930853751,Amor,0.159439
190119,0.8896195977589418,29.7284831679443,3.88120112705841,Apollo,0.298512
190135,0.6883914817477456,6.217738965672958,2.8677286959663,Apollo,0.0781458
190161,0.4524542574828156,3.979770227328134,3.34924528059435,Amor,0.229904
190166,0.4714656371514929,4.206519055406562,3.07547947148437,Amor,0.126648
190208,0.4862423974174387,4.087011040504969,2.94223196854353,Amor,0.0982686
190491,0.2346232776555137,5.282127723568088,1.51537092960414,Apollo,0.0546483
190758,0.3646546713628577,13.95638217795385,2.31410479630429,Amor,0.166965
190788,0.7920939051188657,20.08491832248585,1.42818507312251,Apollo,0.161695
191094,0.6405780034859855,32.13595713979731,3.07800304573757,Apollo,0.0827326
192559,0.2266087652355282,10.06021746205168,1.11439083094098,Apollo,0.0273229
192563,0.4077430126409467,24.75956951972742,1.74984793618814,Apollo,0.0335706
192642,0.7702522838554782,6.811738168522924,4.29193499266342,Apollo,0.0507701
193178,0.7014348821541927,13.12936971439489,2.69076710604072,Apollo,0.220596
194006,0.4246337350936317,4.256756613089907,1.74371720695139,Apollo,0.0169583
194126,0.2478169012589973,26.67626504860948,1.7147821171995,Amor,0.0822278
194268,0.7875206415745857,5.44330688397883,1.75108505529722,Apollo,0.0257923
194386,0.613760356491112,13.68654142702222,3.49053427145765,Apollo,0.113941
196068,0.6646688749716565,59.33222674780957,3.08121594729917,Apollo,0.0294526
196256,0.6187237571348201,70.8759392714827,5.51737494621591,Amor,0.211725
196625,0.5922812128054842,13.74162652427829,2.50962638590136,Apollo,0.00315392
197588,0.4659909200816615,42.71780339896195,2.50680190977351,Apollo,0.00936908
198752,0.5238142654042902,1.761655158157545,3.9758691525711,Amor,0.213347
198856,0.3353632548319403,24.99637548646545,2.12707637751857,Amor,0.139059
199003,0.1520194016375717,21.61636751744597,0.939169602766662,Aten,0.0225101
199145,0.7322775161176163,3.771602148525003,2.11678362047791,Apollo,0.0296297
199801,0.5694303572361539,2.285339726400121,2.18613209903395,Apollo,0.00635866
200754,0.5170077581849609,15.51086400084106,2.32704402637816,Apollo,0.0962682
200840,0.5611027838852894,1.942902718941494,3.53406848931756,Amor,0.0389115
202411,0.7521483381123365,16.25247831577166,3.15662470483994,Apollo,0.193647
202435,0.6914095772026851,29.08196680581494,1.52097835228104,Apollo,0.324177
202683,0.562372688217989,3.442301957856952,0.508491585242354,Aten,0.0441219
203015,0.1432486689366282,26.76197656559776,1.8131403611938,Amor,0.311881
203217,0.3305145847571926,3.500712707786114,2.68714721991105,Amor,0.316183
203471,0.3736101202317461,17.18514822133521,0.791093136990857,Aten,0.0886169
204131,0.632483514667122,5.654704989450481,1.22763536157575,Apollo,0.0514372
204232,0.5634224254254085,17.33767991424816,1.39369630670702,Apollo,0.252791
205378,0.141404228817809,19.35905976763271,1.59184896418826,Amor,0.172698
205388,0.1708087328902919,12.36641776304793,1.6097158013509,Amor,0.165802
205744,0.7490326576019025,12.07775988530172,3.48327581464145,Apollo,0.05798
206359,0.303450716749408,33.1155993515051,2.39973718132434,Amor,0.376039
206378,0.4389834173661071,6.723807286933146,2.39146103065249,Apollo,0.0441094
206910,0.7155884441571833,5.018229265988793,4.12855578456534,Apollo,0.0209683
207398,0.6419802776115124,2.596448210800211,3.02197245864271,Apollo,0.00966365
207945,0.1186398315009645,8.709261606610617,1.05932650418264,Apollo,0.0203586
207970,0.5320708985246029,3.394241250240039,4.26170958344155,Amor,0.254564
208023,0.2353496037409294,6.499456662378146,0.90244455587283,Aten,0.0056638
208115,0.354676982355372,23.29861955824799,1.48117896758108,Apollo,0.0114238
208565,0.5387486881665324,53.84636787859169,1.41118887233023,Apollo,0.39799
208617,0.6840098188142516,9.923974665406403,2.33057703241765,Apollo,0.0709534
209215,0.1212462393907687,2.560632384475372,0.983825519972356,Aten,0.0221985
209924,0.4534676324312685,23.76631297803437,2.89135697950282,Amor,0.148095
210012,0.474214169718889,9.265595014350954,3.50400152000289,Amor,0.201147
211871,0.5114667461519108,7.881637623014098,2.51009306625014,Apollo,0.061417
211914,0.6021896363400047,19.48688991655405,4.19876268581244,Amor,0.224709
212359,0.7075355465219477,15.96032931083005,2.8618094776839,Apollo,0.256848
212546,0.5151334308081152,7.353888154698133,3.11568909527435,Amor,0.0170621
213053,0.33698817388411,0.50985267521988,2.44097487610409,Amor,0.209352
213869,0.6030931421427417,37.00008980546457,2.5362882917974,Apollo,0.12953
214088,0.6902521380813206,13.3462894084196,4.90883447244884,Apollo,0.133861
214869,0.6529970254165196,1.997950896345754,4.80886642521816,Apollo,0.0302933
215167,0.309005659468497,26.96777456392213,2.19756903811908,Amor,0.371743
215188,0.6630463356047062,22.27457840874008,4.40437349726206,Apollo,0.133303
215442,0.2741867889506732,36.28707373531095,0.873286085725639,Aten,0.133077
215588,0.6754866893362301,3.054051908576779,1.17566427581744,Apollo,0.00303953
215757,0.3671292896560238,24.87591796067986,2.49166544439598,Amor,0.34084
216115,0.586537808599976,2.094249722060275,1.88674326641738,Apollo,0.0351247
216258,0.4850676619200737,2.633344952330603,2.16063791718632,Apollo,0.0235734
216523,0.4121149960158479,5.211030936559676,0.873373189450324,Aten,0.0349821
216689,0.5322678383250466,4.170404596549538,4.59146550166868,Amor,0.277851
216707,0.4127356410727669,22.69606716962393,3.21367726852499,Amor,0.376489
216985,0.2618429565455782,4.719410539590264,1.2827390571939,Apollo,1.12878e-05
217013,0.1980476849474553,43.88019520052243,1.51799862024478,Amor,0.130579
217390,0.4778531903044532,28.49457862256272,2.0735014206672,Apollo,0.0556901
217430,0.270533700312357,13.01076674985083,1.36432786817352,Apollo,0.0282154
217628,0.7117284696453432,4.439925357668736,4.01642659713507,Apollo,0.0341204
217796,0.6190218421599157,37.5344529892135,4.54682944520853,Amor,0.0544771
217807,0.3853678126195526,11.23605444142957,2.26413315680502,Amor,0.0727774
217837,0.6774683894311855,16.96659926234503,1.08300077036612,Apollo,0.217213
218017,0.1927344501695508,12.00367416872062,1.30877997338339,Apollo,0.105464
218863,0.5479264040021762,11.03009370268905,3.25524745192066,Apollo,0.0739159
219021,0.7332841979443464,53.13304799584947,1.58013159456773,Apollo,0.428378
219071,0.2820710876937751,20.01820362438077,1.08023909317417,Apollo,0.250553
219527,0.5376207464645133,5.779981887352105,3.91524466830992,Amor,0.160176
220124,0.3779459076742167,51.34623150500547,1.75866876301252,Apollo,0.0947789
220839,0.5950638656356784,3.689200369139988,2.62066316171858,Apollo,0.0233216
220909,0.7054580486494985,13.87328225199871,4.03510060944684,Apollo,0.0982469
221455,0.6568214648641665,0.91475764920504,2.86529242863154,Apollo,0.00583551
221787,0.1947139449777325,2.452853484433465,2.03309800582668,Amor,0.311687
221980,0.4007734617960266,21.59056403674846,1.55394105673238,Apollo,0.0340595
222008,0.5500381231564897,1.671223205534104,3.63233280254168,Amor,0.0686701
222073,0.130811517257077,34.22523675116427,1.63235220951752,Amor,0.340558
222165,0.4819921028239265,23.32101352234245,3.27865466606447,Amor,0.270684
222869,0.5450119241104067,33.7140382716897,2.40767452984425,Apollo,0.0974788
223456,0.3353837173562219,5.146917436193904,2.02142512097429,Amor,0.0981392
224926,0.4399364996666917,30.22041650380845,1.76616844098351,Apollo,0.171078
225312,0.05809555360149907,2.465502387505696,1.296500147219,Amor,0.113476
225416,0.8302060353107688,38.2626297855479,1.69543184827106,Apollo,0.248507
225586,0.7075306385358842,20.63831833959067,1.48007802033181,Apollo,0.233708
225900,0.620251975365658,10.55809540177574,2.63051725623361,Apollo,0.153292
226198,0.257545038727318,8.696031633832197,2.30249489530408,Amor,0.341016
226219,0.4435070702246305,5.989188643467101,3.47500943061362,Amor,0.292494
226514,0.6157925526072268,2.560770826007654,1.14628126121858,Apollo,0.0149893
226554,0.2614416162075713,9.265549262421137,1.18264747187285,Apollo,0.0309465
228368,0.7022351798536864,14.73283684089502,1.79847933629327,Apollo,0.022337
228502,0.1966130389653787,7.625679021215788,1.12786832152609,Apollo,0.0663137
228587,0.09331516377558094,23.86927403647548,1.59367552132745,Amor,0.32979
229007,0.8484055316066618,8.657087266273573,3.2503771722308,Apollo,0.12619
229672,0.6135974100744531,38.20398653624449,1.5387884183063,Apollo,0.236385
230089,0.2642440791820805,21.27739650837309,1.51409497151183,Apollo,0.0796574
230111,0.3692795739345839,17.50579843056391,0.746700224848781,Aten,0.0410516
230118,0.5595275891004726,24.48754946485785,4.39692087352618,Amor,0.440942
230420,0.6519585927814585,20.1191251736523,3.55106916244607,Apollo,0.146025
230549,0.3561582023186505,13.11445736191228,1.75790633784921,Apollo,0.0280686
230599,0.817159628758462,20.96096968791202,3.1974841555823,Apollo,0.33349
230979,0.6137173741356357,11.2097382015268,4.8299760440472,Amor,0.17131
231134,0.4948848639935604,28.53278698055563,2.77482209511898,Apollo,0.257913
231792,0.3053234548572169,37.5855132334497,2.49264292643719,Amor,0.30947
231937,0.8258288623104214,39.0094897805954,2.21483556807906,Apollo,0.00346183
232368,0.2236937746981799,22.86889688587592,1.69155126000222,Amor,0.0877728
232382,0.49347060098531,7.454854928955585,3.56734712686155,Amor,0.206058
232691,0.4694562104711434,9.075641856779527,1.97864485424965,Apollo,0.0317547
234061,0.572064840921863,8.16233832923631,3.63109055668072,Apollo,0.0518763
234145,0.3213253499784571,5.428088827977218,0.907814676346925,Aten,0.0100634
234341,0.6041964978470239,20.66630223603081,0.917516219925727,Aten,0.157139
235086,0.4657727661917234,7.399803250326726,3.60622059710826,Amor,0.247029
235700,0.7291009150520218,17.8266629780042,2.86632517254902,Apollo,0.0768002
235756,0.2588846995369672,39.1435798042091,1.20667708338896,Apollo,0.0350742
236716,0.4749985935695403,9.85538796720845,3.20625762400328,Amor,0.123451
237442,0.2416202807195557,20.843117175997,1.84758799801437,Amor,0.303244
237551,0.3469988902383705,34.27406331364119,1.66778259838854,Apollo,0.192822
237805,0.3411191882474046,35.30181222729375,2.03190631072666,Amor,0.0922897
238063,0.7136570035673101,31.79374117497016,2.29118437164794,Apollo,0.362537
238456,0.3003400581345432,18.1485184992932,1.63668975601084,Apollo,0.164529
239849,0.6338634482970829,15.74806591510169,3.38794724351215,Apollo,0.0707072
240320,0.1213233836181068,15.82228630193558,1.76230297579736,Amor,0.274678
241370,0.3934919295349341,17.26985193473873,2.16921418099802,Apollo,0.142423
241596,0.3401435422145125,27.09780855728544,2.42535564156595,Amor,0.414178
241662,0.3884060736113047,28.62178915890996,2.47555660670557,Amor,0.223762
242147,0.7201946221756245,23.34865756360639,2.74061007578434,Apollo,0.301423
242187,0.4800854649198746,5.582531610668774,3.59520921756746,Amor,0.234247
242191,0.4923360165225841,18.24705073577279,0.70673256666519,Aten,0.066589
242211,0.4753415107696808,4.838825339170007,3.53235982033467,Amor,0.21041
242216,0.5417908107990982,39.66847566453932,3.33278277128681,Amor,0.00605191
242450,0.4771213329929951,37.03320455447272,1.12841966369183,Apollo,0.0478986
242643,0.8652202194383606,8.412794778085246,2.48232464059039,Apollo,0.00548186
242708,0.6953808926059517,0.7920720034955706,3.95671294625284,Apollo,0.0110492
243025,0.5237469677292237,15.88715171131405,4.37273146328693,Amor,0.314146
243147,0.4156405920163067,7.358159343305677,3.12492788673,Amor,0.234246
243298,0.5566329186445859,12.02372668432171,3.95028008271795,Amor,0.120625
243566,0.6417289793498185,19.57909060538462,3.8631707316624,Apollo,0.0398344
244670,0.4857251211528092,11.89931768905688,2.31319984806927,Apollo,0.0926772
244977,0.4445564788533292,15.73642882310127,2.33647219898947,Apollo,0.0107955
246138,0.4813828590292856,1.692632636003351,3.18475017931541,Amor,0.119638
247156,0.5272122018314619,21.85356114612155,3.30420897045801,Amor,0.270715
247360,0.8368017797201754,19.07722547004938,4.12806861974525,Apollo,0.00575589
247517,0.6990724509421014,12.75160384070071,0.738642292710695,Aten,0.105835
248083,0.6135918126294904,23.36209268467208,6.07271531546706,Amor,0.538946
248590,0.6969471826985237,52.31126578489801,4.97837958586248,Apollo,0.100547
248818,0.2852410926406659,29.22212731278847,2.16382335849221,Amor,0.217374
248926,0.330113414473294,24.64939725194164,2.20576069639513,Amor,0.275983
249595,0.3708020424928727,7.016068478954785,2.83708083566701,Amor,0.306509
249615,0.3936722510721395,30.42933580651411,2.76044234826622,Amor,0.334366
249816,0.4786542424892321,7.301370100354548,2.92544687156839,Amor,0.0971964
249886,0.2834022954188883,22.8455314675828,1.80621288156269,Amor,0.196886
250162,0.3272368881523317,3.45579363192092,2.66423109501121,Amor,0.301596
250458,0.4928647872489132,35.55393603008505,1.02802160937493,Apollo,0.089714
250577,0.5177899436778117,46.88191006821136,1.07577783206077,Apollo,0.0743195
250614,0.6595042409363738,34.83759684059052,2.91747221503324,Apollo,0.25083
250620,0.6024794924730893,16.07621068386475,3.06187287323959,Apollo,0.0317002
250680,0.3645418445739478,9.449687349705236,0.843918032503778,Aten,0.0476749
250697,0.4392449787769078,12.64784061739263,1.62231030434359,Apollo,0.0670354
250706,0.7011042377376169,6.932188136603385,5.08183510132538,Apollo,0.0337998
251346,0.5332355043270495,8.182038774299931,2.85995802644916,Apollo,0.0422568
251722,0.6609766771940828,3.170942112834924,2.16743678298476,Apollo,0.00628842
251732,0.1125042709342242,4.194889156470864,1.31544904383902,Amor,0.0762607
252091,0.7625334164529277,9.38106352445769,3.37835514535939,Apollo,0.0668053
252373,0.7356185057848422,38.51109416693223,1.48601515756768,Apollo,0.402215
252399,0.5458971506700815,15.21318369620071,0.818243879952402,Aten,0.00913409
252558,0.3972419534016175,7.163490094922679,1.13685001675918,Apollo,0.121867
252793,0.2178880429602124,46.44427646704304,1.50818785329908,Amor,0.223541
253062,0.1964980381223638,2.147997328310158,1.60114473922941,Amor,0.0830612
253106,0.7924062520389686,48.64562012316849,1.61931242774061,Apollo,0.159425
253586,0.2073996951653824,38.74699022642418,1.74289388442466,Amor,0.35622
253841,0.6461785656530622,8.026951983182325,3.44200341882318,Apollo,0.0112776
254417,0.6043385460892682,52.46019313638716,2.99249408577522,Apollo,0.185602
254419,0.4340135142055963,43.51102427920544,2.99017015878948,Amor,0.375776
255071,0.6324005016998406,2.637285298264118,1.00174748307922,Apollo,0.023226
255501,0.7323682803149597,4.836203027355872,2.18211545899117,Apollo,0.0680056
256004,0.3000873817787453,2.285148276313798,1.99233572520511,Amor,0.112302
256412,0.2237741832791027,26.8604797662212,2.08565906172763,Amor,0.289151
256670,0.3633411296075785,2.313334291387719,2.85632285347313,Amor,0.289452
257744,0.586032234732384,7.92368667237477,2.20667344793928,Apollo,0.12923
257838,0.4197482831372062,7.06144850240052,3.18627259090882,Amor,0.273912
258325,0.3955902086688293,7.938428872471817,2.25325990516912,Amor,0.0787077
259221,0.8331977261535045,23.70271899951342,1.15406379902746,Apollo,0.131283
259802,0.3298450259210213,31.42763965953565,2.32467059629049,Amor,0.341628
260141,0.2519348601632164,17.74599515540078,1.20567193537774,Apollo,0.00751571
260277,0.2096603900834395,19.35884010440929,0.846921130185599,Aten,0.0965211
261938,0.2185311530063164,0.710157224769614,1.89818713757143,Amor,0.191514
262623,0.3328770279306182,27.55355850791606,0.975106695359114,Aten,0.253629
263976,0.2614365060179915,13.47234183745543,1.07030663964768,Apollo,0.0477812
264308,0.2486343796477832,4.278366491331476,1.72166400554843,Amor,0.0811897
264357,0.360013514415239,8.58829320562291,0.645482838578688,Aten,0.0214389
264993,0.4107028885664658,3.149863906703026,1.61217340648404,Apollo,0.0448872
265032,0.7023420160613302,40.13630041363037,3.4972476606228,Apollo,0.30841
265187,0.3304020011420418,29.56573908637102,1.3962905874893,Apollo,0.127397
265196,0.3783231918571591,15.21970359310185,1.75368813323339,Apollo,0.0377708
265482,0.3277259992847991,6.171345269218574,1.19897412102958,Apollo,0.0185959
265661,0.7391643672809541,27.73734889739442,2.60986898398685,Apollo,0.461314
265962,0.3358904368253299,4.351170150773268,2.47484547601568,Amor,0.221535
267131,0.6573290925616158,15.64993381925798,3.73953813352795,Apollo,0.0026778
267136,0.4177648453444127,10.81731013819149,1.22957742991875,Apollo,0.176305
267221,0.6599355817047999,1.643876682725034,1.06078785573627,Apollo,0.00834044
267223,0.900827783111107,12.7597010140148,2.50114083600831,Apollo,0.106158
267270,0.5158981401048397,8.15064194909426,4.27872797792576,Amor,0.315932
267337,0.5141543001871431,19.43065847503369,1.42962957085168,Apollo,0.000899061
267494,0.784401787342851,46.75299845504654,4.4805581549285,Apollo,0.0311303
267720,0.7195492034244373,21.14622613445204,1.62001835373013,Apollo,0.0489365
267729,0.6087042449218024,5.829187099893371,2.65433157168432,Apollo,0.0327158
267759,0.1843481202618062,21.21229698514747,1.61009652498279,Amor,0.234598
267940,0.524009600044914,14.13711612557925,1.16217497644264,Apollo,0.090161
269690,0.6037085978670181,3.577961238954263,2.83030419875861,Apollo,0.00258573
271480,0.4419607324852615,24.75236320251886,1.41515581498436,Apollo,0.0673299
274138,0.5690848609457155,12.83390709553407,1.52364700872074,Apollo,0.101062
274855,0.300866243834188,9.535868984115488,2.09767062288527,Amor,0.209683
275545,0.2209465227448167,32.42429881742093,1.86195141276107,Amor,0.376202
275558,0.170817214084017,11.01745011768562,1.93192409037515,Amor,0.294143
275611,0.1818020391361462,8.229069634746423,1.89797527729514,Amor,0.310188
275677,0.3205701709361763,17.10005783181139,1.44842838881949,Apollo,0.00955158
275714,0.4585295463293522,17.97116494470787,1.81803549188614,Apollo,0.0847798
275792,0.2217889011060317,30.59526077296005,1.88777779836731,Amor,0.345581
275974,0.7958362593666963,11.29195764403958,2.92845116403408,Apollo,0.0638785
275975,0.4639353743362432,22.02657009694522,1.7985537732763,Apollo,0.0917474
275976,0.5852855492391887,22.35455628000393,3.27233362553486,Apollo,0.0600548
276033,0.914892607868219,15.44141977047199,1.6043321499468,Apollo,0.00551292
276049,0.5611420395727283,47.28939903613326,3.33673191595458,Apollo,0.095738
276111,0.3493119417903767,17.31973808672315,2.5473393363273,Amor,0.375896
276392,0.2706799557129405,14.52078596884341,2.0399916153956,Amor,0.182338
276397,0.4797367762247469,4.446963051077455,3.4086741451702,Amor,0.191621
276409,0.5874002247411442,50.26272028069055,1.38519625203957,Apollo,0.341826
276468,0.3454266103697425,35.87779572088251,2.78311419738846,Amor,0.477978
276660,0.2887579622953117,29.79068121382274,2.38489246445988,Amor,0.317883
276703,0.7500257002992996,9.816355444945344,1.41449542153842,Apollo,0.131198
276732,0.7808216483664897,40.81772346563316,1.78424274922256,Apollo,0.106354
276770,0.598656939705167,28.98357333397855,0.70106192059253,Aten,0.0922858
276786,0.330055880771586,10.12465423002766,2.25579046423824,Amor,0.136277
276891,0.3813437334221761,26.11112042302076,1.47300826231824,Apollo,0.160682
277039,0.5859399658280924,15.87321686618299,2.11789875304507,Apollo,0.207802
277127,0.2332636222121189,2.882972312964146,2.10133140207736,Amor,0.27283
277142,0.8272495345451562,26.55881781820591,2.32565414214179,Apollo,0.309689
277279,0.3677121164579376,20.20784645405744,2.05803799097564,Amor,0.208086
277473,0.4415290685828246,43.07338974243442,3.2630267978485,Amor,0.496758
277475,0.2373110027288481,9.843645780966154,1.01583764357934,Apollo,0.00283953
277570,0.6170077857697904,4.110899107718034,1.6074972321736,Apollo,0.0164686
277616,0.6920216018448614,18.71258813201445,4.14541039172804,Apollo,0.168886
277617,0.6333704504625657,16.16997820962082,1.87741134521853,Apollo,0.252902
277810,0.3774005924426734,7.104875232420388,1.00215115114083,Apollo,0.104451
277830,0.2637812709464686,9.54082577155607,0.978364917701657,Aten,0.0934328
277958,0.7362110397028351,13.03071938657082,2.93530182748597,Apollo,0.217802
278327,0.7257750947188762,54.48594071985607,3.9846996540613,Apollo,0.28242
278381,0.2587542193982299,5.827923877437823,1.03462595485517,Apollo,0.0691356
279744,0.6109086546928909,4.657828770814862,2.15850529863471,Apollo,0.00278359
279816,0.400511375569767,50.73856143873028,1.37782137038445,Apollo,0.0463933
280136,0.563254929871301,55.30492039402542,1.82962006870756,Apollo,0.299122
280244,0.4414931365872981,5.393855462241447,3.09784895844719,Amor,0.191424
280491,0.4839899041095946,24.07576361065326,1.16127949451286,Apollo,0.0540031
281070,0.5743495025454306,35.63389273888446,2.42823536598517,Apollo,0.135085
281365,0.6630138523999604,18.70325292714786,2.08217218264007,Apollo,0.315222
281375,0.2485372318126699,7.234245063456401,0.978584489089394,Aten,0.0414682
283457,0.4548750245560871,5.566717108408642,3.3414182214396,Amor,0.211841
283460,0.4586056722390534,5.960723546813462,3.33952083903738,Amor,0.239401
283729,0.1634195163580607,20.20690685966399,1.78867060323005,Amor,0.349182
284114,0.4287585917110537,10.83949808568712,3.10018646410148,Amor,0.270547
284422,0.6939821359761303,7.745786880586941,4.24502635698953,Apollo,0.106789
285110,0.587158295046461,25.83205565795301,4.22150292774405,Amor,0.366356
285179,0.535347265536319,13.93077510164784,1.36108582060311,Apollo,0.19798
285263,0.5727151283549131,12.87778509018664,3.76632416663225,Amor,0.0289695
285331,0.455867739429097,20.16273483378599,2.28649304688353,Apollo,0.0593522
285339,0.6754375156326897,20.3176388022329,1.59751619041153,Apollo,0.221018
285540,0.7269647186149257,8.501365486594654,3.0568645257306,Apollo,0.108836
285567,0.6402412407166718,13.57333924158197,2.21896951909436,Apollo,0.0518715
285571,0.4324411179212421,13.48266601900007,2.62639484043706,Amor,0.0648734
285625,0.3474716681451992,6.934931087269482,2.75125588692978,Amor,0.312243
285638,0.5403992714997418,36.95271726206912,1.48138877757367,Apollo,0.366635
285818,0.4214197590006378,8.831236963780524,2.80280887128834,Amor,0.166593
285838,0.3595254643018502,33.81390311197757,2.58370698807047,Amor,0.255976
285944,0.5063047851685532,53.10579926487498,3.24583225944869,Amor,0.0889089
285990,0.789413098992061,25.84029665440822,2.38574606124414,Apollo,0.216413
286079,0.526072229285378,31.32272706380807,0.870031794042474,Aten,0.148373
286080,0.4825733953330485,2.802576916839635,1.07205106269226,Apollo,0.04238
288592,0.5615112184986937,14.73113663579131,0.930273622403801,Aten,0.0983527
288807,0.3765941820189971,36.77938661515481,1.81865846972321,Apollo,0.0523634
288914,0.32735520811407,15.28356361146767,2.34412302356734,Amor,0.322094
289227,0.7966861608326526,23.79145763438662,0.512252337244824,Aten,0.194057
289315,0.637694052449438,4.918339087466742,3.53291515869904,Apollo,0.038642
290772,0.593085133085092,4.487868808393214,3.01052009560127,Apollo,0.0198032
292165,0.5805857946726322,30.26125712291686,1.31932126009047,Apollo,0.46585
292220,0.3117854179280339,2.518169465161435,1.67749899025136,Apollo,0.000151499
293054,0.7675185616909707,6.082656352864911,4.02475674072262,Apollo,0.092194
293726,0.3692545700664316,2.008070668960229,1.98165270090386,Apollo,0.020205
294739,0.4080110977942455,36.01541534639119,1.9596064893715,Apollo,0.0437358
296318,0.5244300247395544,47.38227118188001,2.13707135642388,Apollo,0.140286
297274,0.790671545523804,1.973405463711296,3.82362368298858,Apollo,0.00626245
297300,0.4144877414590308,16.08207805843296,1.43623975275679,Apollo,0.00158246
297418,0.4668524555797947,10.34187232311862,0.731077741214499,Aten,0.0192778
299582,0.4658533619397352,25.83320652485531,1.46602474685582,Apollo,0.125627
301011,0.5454888750859339,5.365437489184843,1.85389010748821,Apollo,0.0859974
301844,0.5265979261759224,0.9285799598729075,2.10390721678597,Apollo,0.0122207
302010,0.4894498263092968,56.37314326143999,2.19359113130876,Apollo,0.205935
302156,0.6454807489287748,29.49798069867098,1.42832665205231,Apollo,0.354107
302169,0.7776316764039867,25.36286087370951,0.711068800289702,Aten,0.027433
302311,0.3021923335378121,11.27630120157316,1.22962106776162,Apollo,0.0581293
302523,0.582719901245327,10.21662971784411,4.39951450464803,Amor,0.134011
302591,0.1811998268805009,12.11258801662307,1.7818791016384,Amor,0.290634
302800,0.2801507279141619,23.50176965168698,2.27046213379339,Amor,0.294657
302830,0.4422925072855388,16.96922279757524,1.78765473887101,Apollo,0.0658915
302831,0.540751920332779,25.7953000318722,1.63692897304565,Apollo,0.0126358
302871,0.395388873000436,1.610260744223168,2.57142580847053,Amor,0.116984
303174,0.4458893752532546,21.37436654700455,3.3901684284417,Amor,0.460058
303248,0.5743409177636157,28.49017098820505,2.35264996170546,Apollo,0.113551
303250,0.6568668835456537,15.90529725310367,0.859664057126724,Aten,0.106742
303262,0.310361682932035,13.22941150065286,1.14443316729457,Apollo,0.206327
303449,0.6280989309226338,6.596898219922975,2.85900727215801,Apollo,0.0923001
303450,0.3306733838306868,7.291724186808118,1.42991799798345,Apollo,0.0417025
303933,0.4887690393568711,19.12946361486414,1.19413586132593,Apollo,0.30816
304088,0.250698629727298,21.23176792375191,2.10599707995781,Amor,0.305638
304153,0.34955551125788,33.69837633397027,2.3239904099938,Amor,0.152539
304293,0.3392281231769636,36.05671408627938,1.26847725781449,Apollo,0.191762
304330,0.3100875124091961,21.04018066887257,1.67749004375753,Apollo,0.0323724
304640,0.5040850713634373,9.410230641483581,1.68793571248654,Apollo,0.119101
305090,0.5125894105074559,26.61296384424503,4.29130865477643,Amor,0.523117
306367,0.7407208814349645,3.764718910208852,4.04605749097304,Apollo,0.0521818
306383,0.5515219956777204,2.0661171842521,0.819532362053552,Aten,0.0173319
306431,0.5322412873040284,29.1170730419555,3.9099390867749,Amor,0.303323
306462,0.4318088147914017,30.95747362322349,2.49270714561448,Amor,0.317342
306523,0.5143017841504572,18.70885603425335,3.63512107825483,Amor,0.352984
306595,0.3561979126394607,28.48579691949974,2.39481387478145,Amor,0.375079
306918,0.512799633525559,3.860448997892667,4.34247902473901,Amor,0.285797
307005,0.7531308637459836,39.21178995265514,4.91242310263696,Apollo,0.0183042
307070,0.2489912989762048,14.97576361923742,1.4978678778739,Apollo,0.14244
307161,0.2742766231435889,24.16790224121054,1.82199752937578,Amor,0.142137
307493,0.5858118608499712,23.11725672063763,2.99898840706352,Apollo,0.0500345
307564,0.1317965696027617,3.619193388460914,1.60586880061761,Amor,0.18311
307918,0.5052363798819821,28.58433033856264,0.826165012773903,Aten,0.16721
308041,0.4356163183429658,14.04578186210015,1.70670048891347,Apollo,0.157547
308043,0.8287833369324549,14.29244311588271,1.39826368138923,Apollo,0.172855
308127,0.4670744270193702,28.17096562148485,3.5429352679891,Amor,0.257424
308242,0.3399040110175739,24.92743785580559,0.653777796855726,Aten,0.0453618
308635,0.4304838154716406,0.3398267548900736,1.24431510446838,Apollo,0.000476467
308899,0.3736582698844699,16.54623204782219,2.41406061191504,Amor,0.158566
309203,0.5604511915377566,5.296728761084369,4.31768314813562,Amor,0.199534
309214,0.1741300660981857,10.05319734702643,0.971368275058332,Aten,0.0829001
309662,0.2118175146202171,16.15556408376126,0.972088565492134,Aten,0.136864
309728,0.3932094829551747,19.79912694039495,2.63378130922409,Amor,0.24218
310402,0.2815737742443623,30.98994220293519,2.15635504818671,Amor,0.208544
310442,0.4230331442265117,3.264430914650852,0.800448281682976,Aten,0.0228726
310560,0.4990517715187554,26.60298570647029,1.07516542832925,Apollo,0.0486355
310737,0.4870611958595169,5.707255043934396,3.46528126128501,Amor,0.188591
310842,0.3842036544354759,7.402290625494158,0.821280764887089,Aten,0.0564105
311044,0.6222609851444741,55.85521887442302,2.63413087912791,Apollo,0.03626
311066,0.3996244348482976,19.4605463068983,2.08794441625113,Apollo,0.0108879
311321,0.2965162875711244,34.71425188994774,2.46908884918502,Amor,0.368279
311554,0.4223196587336243,24.38235893346202,0.742407906968744,Aten,0.0699784
311555,0.6141204281276549,15.75687808707396,2.08299250964924,Apollo,0.235587
311925,0.2155396302604899,4.103609325126405,1.71508813284872,Amor,0.133802
312070,0.5095047040697103,22.62557052266241,0.931672848629321,Aten,0.0199166
312473,0.4573571632225776,11.84722278695423,2.81413239559313,Amor,0.186946
312942,0.777168476960735,9.076718156894314,3.40193775703948,Apollo,0.0589038
312956,0.5408659096048197,6.615117854872902,1.66600381330752,Apollo,0.0955252
313276,0.5417537319055752,33.0004974261841,0.82539383613801,Aten,0.159584
313538,0.5509064136056706,14.0352869379998,2.19085854207103,Apollo,0.0733164
313548,0.3198991629701217,22.46296358253159,2.23998572022538,Amor,0.320582
313552,0.4225745377087816,7.924225304555601,1.28520941914128,Apollo,0.0977799
313809,0.5002430042889315,30.4470534377053,1.30612826271143,Apollo,0.395545
314079,0.3108590018778949,23.87350835296105,1.40910659686519,Apollo,0.146196
314082,0.5767527754335403,16.18606736299741,3.34088699106692,Apollo,0.0138193
314212,0.6508273875017325,6.463499255689233,3.11438801187557,Apollo,0.0228704
315020,0.32148006156145,7.893031854477601,2.50270539429452,Amor,0.278066
315098,0.4173880789054984,18.69916140925515,0.813801265940468,Aten,0.124807
315508,0.3205219224724246,30.01720928140666,2.02790741703519,Amor,0.293286
316695,0.3260709265964823,21.631423377159,2.40168536066786,Amor,0.209508
317212,0.3442088058190808,12.23298529752525,2.48562906906298,Amor,0.29248
317255,0.5680424529759712,6.432103661396993,1.65759028560976,Apollo,0.0398218
317643,0.4396755287590979,14.63929730117446,1.28851973624053,Apollo,0.203271
317685,0.3129547349596398,22.70517523753498,2.24517762806448,Amor,0.165211
318050,0.3396632527786476,10.94036674388732,2.6656947723369,Amor,0.253799
318160,0.4934858430322736,0.970861241805434,3.39809632857151,Amor,0.158605
318411,0.611340593623565,12.76171414371632,3.51500188419514,Apollo,0.088807
318450,0.1541772563793404,12.45648538975841,1.73733209098832,Amor,0.322847
319988,0.5506119358456008,5.180397796869885,1.64860431062266,Apollo,0.0896301
320378,0.2837887549160981,1.312636428024973,1.9483272543818,Amor,0.134339
322652,0.574056983025104,24.34480279652233,4.31774088408373,Amor,0.144849
322705,0.6903614219516427,12.72222601826089,4.0141699563076,Apollo,0.128518
322756,0.382674165020746,8.142560644134527,0.616374184021365,Aten,0.0777278
322763,0.5359228967235593,22.82650683946306,2.84333788915572,Apollo,0.103662
322775,0.5316542582290047,11.47142791787037,3.68288240009095,Amor,0.114485
322913,0.4618250769401487,44.99007600227336,3.48845278437658,Amor,0.577464
322966,0.584787775429241,37.12638288971945,4.9004844163766,Amor,0.191957
323179,0.6871464469709583,8.284261998997279,2.31101838053297,Apollo,0.141537
323300,0.3183437745846097,10.07637238348635,1.26344147652479,Apollo,0.137021
325102,0.6268227492052252,5.109770899023172,0.495511568012305,Aten,0.0789744
325395,0.0914040248168411,18.68440002795465,0.90078209761875,Aten,0.0498209
325769,0.4133988895650257,11.12079954499538,2.62478798578916,Amor,0.109005
326290,0.4401385219711563,3.377983035847105,0.824215900760699,Aten,0.00350905
326291,0.06218683317941966,39.33001772264058,1.39185167279515,Amor,0.19212
326302,0.344821006154411,12.03370357549469,1.6337425683232,Apollo,0.0512874
326332,0.197178184178749,46.8487163830894,1.48978207419621,Amor,0.213598
326354,0.1747632551992192,5.754337668344355,1.21798345718302,Apollo,0.0461932
326386,0.421586089827259,29.24499039829601,1.1362600955183,Apollo,0.244754
326388,0.4964141744306025,17.95314526866248,1.43846869470809,Apollo,0.232977
326683,0.2159263586607295,19.1499445063028,1.7460712903346,Amor,0.151836
326732,0.5703080035615102,6.618363506963628,4.46918857918765,Amor,0.163737
326742,0.3686280575204021,28.01831674196439,2.28556523148242,Amor,0.137536
326777,0.3902189001296694,19.40362136475397,2.30615859109531,Amor,0.227839
326946,0.3799606386820417,40.11471302740637,2.54900516406441,Amor,0.34377
327140,0.3733866777047221,21.81362184708794,2.30477014656849,Amor,0.118656
328059,0.166613514712585,14.19922419300091,1.72544952140523,Amor,0.272438
329275,0.3044631928867641,12.81941989420917,1.6183148245419,Apollo,0.0938512
329291,0.3452640224805463,10.64562325863935,2.38725357915112,Amor,0.151833
329338,0.488426255216277,9.587338124239695,2.2131158074486,Apollo,0.0825026
329340,0.03459173458834243,12.54812221221325,1.3667993683286,Amor,0.220071
329343,0.2686973993163438,23.49286746875213,2.23267939040098,Amor,0.248017
329390,0.4797377866940107,27.94829497688197,2.83103038554713,Amor,0.264188
329395,0.6457625933237474,34.76352047880756,3.39237889120133,Apollo,0.0851237
329437,0.2432146354745724,6.898994063478654,0.905101576256082,Aten,0.0354117
329520,0.2365295217245486,16.77574130932846,1.66059578888029,Amor,0.0912538
329571,0.2787810821442021,27.31808229574403,1.76527183598054,Amor,0.150525
329614,0.6768075390296406,5.399162808983402,4.4111945796022,Apollo,0.0266403
329669,0.5352878531381711,3.886846073550646,4.48603601967664,Amor,0.266204
329713,0.4354180507810508,7.664999302045939,3.15609665857807,Amor,0.24115
329770,0.6285838233635092,29.58305436100794,1.57886254792147,Apollo,0.136293
329774,0.8368798171463325,40.37792797463984,4.30831244794158,Apollo,0.56159
329915,0.7930083843766897,41.36408161640712,0.978285944558862,Aten,0.069572
330233,0.3738530763765003,37.07601042048725,1.91716768880604,Apollo,0.00162804
330659,0.2775846431785946,13.0162136743561,1.99929301020022,Amor,0.143405
330809,0.5055915982713702,6.90839381558036,1.9146911395183,Apollo,0.0845724
330825,0.5503853412151359,7.471247004413,4.21500926054523,Amor,0.190329
331471,0.8934456088982309,14.28853943264033,3.95807446033516,Apollo,0.13629
331509,0.3390296356117116,38.24072077717753,2.17145895632428,Amor,0.367551
331510,0.5516179914568751,11.89152891378415,4.48705146598463,Amor,0.318745
331769,0.245127819667086,8.483443435965174,1.70175629716435,Amor,0.0992629
331792,0.5337173722710711,27.91582920951033,4.40095024987707,Amor,0.371519
331876,0.5360461430095667,13.30576493331639,1.45565607037855,Apollo,0.0233037
331963,0.416910039518314,31.47750304964428,2.7277794843548,Amor,0.292172
331990,0.3940237011294528,11.32642588400073,1.76567567689568,Apollo,0.0966035
331999,0.2863577642528543,13.39692654097203,2.29589828437555,Amor,0.224738
332408,0.5682569316176964,38.20930440410788,1.65839052957356,Apollo,0.162963
332446,0.4099485699096332,8.931819250354081,1.62110925362114,Apollo,0.00158875
332775,0.4619236728254539,6.059284743372883,1.92462268281078,Apollo,0.0742784
333284,0.3594844522153195,34.47720350370057,2.16835911793362,Amor,0.306998
333311,0.4544716287120326,4.412501530832204,3.6392788470464,Amor,0.282863
333358,0.3030683501536523,14.07429049512389,1.84102204908182,Amor,0.12765
333478,0.4649176788197369,21.32997985190768,0.819113277546806,Aten,0.180297
333480,0.4072471699834462,14.10506618185824,1.18630360535748,Apollo,0.139146
333510,0.6074545769372289,20.73217765667443,2.33297196038449,Apollo,0.255378
333521,0.3731266323988908,12.51132753562092,1.40136323212248,Apollo,0.0175
333555,0.4391975471210063,25.40303138987258,2.79528332486039,Amor,0.294828
333578,0.3765555115644796,11.68101455315673,1.97328876350089,Apollo,0.0136174
333707,0.2754938841414118,16.13929932869951,1.43091705810349,Apollo,0.0730044
333755,0.5585647733610711,20.95630249221196,1.24275347269123,Apollo,0.33218
333888,0.591140118356772,9.147174875727313,4.7764683244583,Amor,0.18811
333889,0.6419693097659366,53.29682131193962,0.73779784564599,Aten,0.335504
333908,0.390511044771418,37.27831532683345,2.59166637111676,Amor,0.192885
334412,0.04601224899548799,13.02467809036879,1.3961996922721,Amor,0.188206
334673,0.4165956511126989,15.72321217343961,2.18623798264975,Apollo,0.133736
335746,0.2689062700574685,29.03821015124289,2.10338441023251,Amor,0.26033
335758,0.2676125784707863,3.576818131155097,2.12125450778938,Amor,0.221973
337053,0.4545123982687381,30.58519954261834,2.26608784697747,Apollo,0.242722
337069,0.4315426634560897,5.202786048284436,3.38612816605213,Amor,0.285393
337075,0.5899679545292239,9.65201233095213,2.79448026178577,Apollo,0.0174991
337084,0.09914358317731992,11.6757164252344,1.55370902185014,Amor,0.211033
337118,0.4638944150977036,61.37478221758509,1.44976209516945,Apollo,0.199227
337119,0.3929690681069709,24.49677937798506,2.18307476822622,Amor,0.193972
337248,0.5512986782558753,19.64972991524205,0.750586875351479,Aten,0.175887
337252,0.3137174931696076,6.547791979002734,1.19912076217298,Apollo,0.0868498
337345,0.1213048394785746,14.19322799135142,1.34742555869842,Amor,0.148525
337557,0.233846647591577,43.33942731105316,2.19996217276086,Amor,0.291832
337558,0.5830240906938908,4.819604501225593,2.74714105396247,Apollo,0.0298254
337866,0.4753903893043548,6.945455299648383,2.80056208682653,Amor,0.06237
338049,0.5456810833688682,40.93193007999184,3.28974004045242,Apollo,0.315688
338172,0.4903314349358524,16.49712143419901,3.30701271651025,Amor,0.14812
338176,0.5649742762757383,27.96046234941367,5.08748911856144,Amor,0.375842
338292,0.4870993197884316,30.70658542422811,0.713871669348525,Aten,0.192097
338347,0.4784195652775297,20.98020376223024,3.41406612468742,Amor,0.314939
338567,0.283560673195051,36.67235518779249,2.29125231717914,Amor,0.348051
339492,0.2151951779911675,47.02317470743853,1.70351781463899,Amor,0.160088
339714,0.370984185900697,20.22853032128029,1.74830656395435,Apollo,0.128056
339715,0.7514577717632638,14.55943423437835,1.76380432431104,Apollo,0.189331
340048,0.2608981608560633,19.54205875096131,1.74587957925313,Amor,0.110627
340291,0.3821121819706942,20.19630354939227,1.22787061821751,Apollo,0.05906
340666,0.2312653922032052,23.8532264365593,0.862895193020902,Aten,0.112729
341050,0.142492857591555,7.420067651959103,1.53245519384873,Amor,0.202259
341816,0.3217227200158259,31.84308973105589,2.55803579085922,Amor,0.498584
341843,0.08282957118132432,7.447827888678854,0.940356528711132,Aten,0.0136746
342866,0.5956694939322247,3.410438933717529,1.90588958181094,Apollo,0.00631247
343098,0.2752633676299082,19.92858020970586,2.05213723650754,Amor,0.193786
343158,0.8068039443881537,154.3490191199909,4.01717887547238,Apollo,0.147704
343166,0.6636394074759769,29.4894133786338,2.83723973927926,Apollo,0.147818
344074,0.4747667199926113,25.48902283382886,0.756151144516451,Aten,0.223038
344076,0.7465773005917559,6.565312475761059,2.79704710099007,Apollo,0.0114054
344133,0.4235482971558187,30.06422179456301,3.29216117945602,Amor,0.317864
344143,0.4830143744549522,7.696516167550067,3.8891347968589,Amor,0.276098
344756,0.1005774596142625,7.121745316321732,1.50844066028549,Amor,0.215313
345646,0.3450810842394777,17.2786704471775,1.9515293191419,Amor,0.0967748
345705,0.4211089593729835,31.0258220213965,0.671789095283397,Aten,0.0785669
345722,0.3346930677965843,18.50921473704897,0.759787348219993,Aten,0.087479
345813,0.3318770888978163,56.55406996882827,1.51242636667943,Apollo,0.104267
345853,0.5504267604474314,13.77485273105971,4.75912992447159,Amor,0.284373
347634,0.5542084126033305,24.45898728259039,1.18889642326202,Apollo,0.228768
347813,0.1653755757738383,19.12475930011873,1.39475901353953,Amor,0.0805435
348304,0.3351903257530315,39.8327039440282,2.69094083192027,Amor,0.391501
348306,0.5702931243526762,5.884962529011573,0.815212356567851,Aten,0.036095
348314,0.2780424752204005,30.12314352986781,1.29778074661651,Apollo,0.043985
348400,0.534901948615637,10.84336979504413,3.31957647804525,Amor,0.0472838
348461,0.8555377958914899,48.01797168780995,3.41986194408739,Apollo,0.491921
348595,0.1515795842586739,29.13222026269679,1.74500453993879,Amor,0.287994
348776,0.2086215965153971,21.36992435563124,1.45601298100803,Apollo,0.0950002
349063,0.5473154248395617,10.32099835445288,3.25729279541226,Apollo,0.0912869
349068,0.4257595154304228,38.2468786470801,1.52143247807924,Apollo,0.0386247
349074,0.7208915533478714,27.64330910897751,1.55373976684065,Apollo,0.407068
349219,0.4939683432858564,32.22169987416178,2.28348437113386,Apollo,0.111612
349507,0.5815958054941803,13.5624961798835,1.26225561148532,Apollo,0.0309778
349925,0.6971461201220827,12.01037834174396,3.200321992298,Apollo,0.19895
349928,0.7764740341752625,10.97734665888601,2.68881225006196,Apollo,0.157548
350462,0.1170845078579359,5.508092902657643,1.24799723978602,Amor,0.0961686
350513,0.5544196714392972,12.45353145068783,4.37484710517991,Amor,0.296549
350523,0.2026315644894578,3.562852519315006,1.18138744653661,Apollo,0.0437031
350536,0.1636983518409974,25.200944262,1.70381107577072,Amor,0.275608
350713,0.194647756788876,6.745940102564711,1.56346716012285,Amor,0.13718
350751,0.2567483054675328,0.574409353166477,1.10921363592894,Apollo,0.004887
350964,0.1713706346137869,57.26766526573934,1.64691460216574,Amor,0.213262
350988,0.4763427441164726,49.42965111103012,2.45664876299371,Apollo,0.323711
351278,0.4132866464662939,30.26769713603665,1.28656626572157,Apollo,0.270092
351331,0.5029567558856148,22.63432666309332,1.62314850921281,Apollo,0.274604
351340,0.6170544453876483,11.39077835588563,2.68061662432822,Apollo,0.136928
351370,0.8920424630088348,17.2546605836331,3.97920398107548,Apollo,0.232319
351508,0.2563651408161123,7.191476962199844,2.28307257594823,Amor,0.321065
351545,0.3435304840409396,13.13276703422999,1.32135910131678,Apollo,0.055535
351815,0.3542630645470165,23.18701495022522,2.84655198932553,Amor,0.42261
352102,0.6565224606559436,41.97648451357751,3.02106440040111,Apollo,0.0492141
352143,0.5177541511958752,10.17708164888885,4.25101353391708,Amor,0.314425
353190,0.368960644044259,10.89711328474926,2.73540956178477,Amor,0.326491
353938,0.5584874132255888,9.447547185961755,4.60783994860884,Amor,0.263535
353947,0.3940576101844702,44.49478343702231,1.39685954235128,Apollo,0.193599
354030,0.5389012964220394,4.178294722249047,3.59996297808193,Amor,0.0832692
354101,0.3392176569225858,20.0203363136493,1.81137703115878,Apollo,0.123282
354127,0.3945487482067647,30.23552672558081,2.2101310466561,Amor,0.0553375
354182,0.2382315866454609,8.70786867932088,1.22592422009742,Apollo,0.00782263
354332,0.3231829919209585,27.12352904752538,2.45436562354657,Amor,0.314779
354663,0.2397432045310986,30.00519243995092,2.02782822232295,Amor,0.332965
354713,0.5921452182280246,24.87301259881739,4.23675347944953,Amor,0.27086
354876,0.5985734089685213,12.45882075159972,1.78287084360298,Apollo,0.207217
354952,0.3457621895350735,4.124421013283744,2.31278397457143,Amor,0.147262
355046,0.2722330607892149,14.24429818056069,1.38511204161087,Apollo,0.108981
355256,0.6298244902347225,12.52102322498224,6.12837916490679,Amor,0.279043
355770,0.2458678090489491,16.59184884939483,1.80335218101225,Amor,0.13512
356285,0.3964777727123663,24.00235621423341,3.07226088682396,Amor,0.498722
356394,0.7857335243354143,10.66227279238431,2.84767985504935,Apollo,0.0608674
356991,0.5342591318456522,8.192929566541144,3.04734987454395,Apollo,0.000166977
357005,0.7026792583956836,15.22167575895083,4.63512576620739,Apollo,0.129614
357022,0.3296083371557463,34.51574483196084,1.4561354447474,Apollo,0.0413958
357024,0.4000973701472061,3.725959132842057,2.12204977869235,Apollo,0.00712385
357028,0.6148899994690709,9.222138237491086,1.62550899093787,Apollo,0.00740543
357058,0.2495403370977639,10.69368859310222,1.72186858094842,Amor,0.0944126
357311,0.5598625290918944,12.81751833949427,4.92892772591873,Amor,0.28852
357414,0.3536275270442824,26.93448112316523,2.24047058003699,Amor,0.134526
357439,0.4025006278367274,23.78528768873966,1.84136692389401,Apollo,0.00738795
357594,0.2784251421111452,27.30040489062278,1.57785477333186,Apollo,0.00701558
357618,0.3366945152692288,53.0806130044707,1.319959489704,Apollo,0.0574335
357621,0.4645962676822176,10.74496770368036,2.03123926740573,Apollo,0.0566503
357622,0.538324057804352,3.169970383312787,1.12819020884975,Apollo,0.0399742
358453,0.4412641800302134,12.08406692425557,1.18995470794875,Apollo,0.1334
358471,0.597200465083195,5.782297604616551,2.56776487188104,Apollo,0.0388389
358744,0.5123387160056339,3.922774486161083,2.49817420976932,Apollo,0.0292159
359170,0.4653421192166356,11.90386628730112,1.9204751827277,Apollo,0.0349272
359242,0.7241216568902594,14.55930027764723,1.97082530578783,Apollo,0.121414
359369,0.6956010916191794,3.385538012586146,3.15690288130101,Apollo,0.0117046
359592,0.2323031905584985,11.74801631268401,1.56382508046254,Amor,0.0909887
360191,0.4786681625378456,2.532118471548499,1.91193710078573,Apollo,0.00571217
360192,0.5694538086268387,9.03426670883793,3.63697043492498,Amor,0.0625119
360433,0.6362006547031167,9.804982780006084,3.69613015523049,Apollo,0.0702593
360502,0.2494717189122199,13.22528906380144,0.903206889168919,Aten,0.135561
361071,0.5852586768703403,24.36140532892205,4.25642417960764,Amor,0.195553
361123,0.1910016764544443,9.422592409449367,1.74260981967459,Amor,0.206583
361518,0.6019332905808672,6.951806842018177,2.95661801757021,Apollo,0.0984988
361532,0.3149636511617993,2.992870358934281,2.02408417345852,Amor,0.116837
361538,0.3350073655519299,40.48016920889884,1.50119906556033,Apollo,0.0661551
361611,0.4088782982870049,8.057086752606795,3.16177862378091,Amor,0.289094
361689,0.5033790777625741,6.357584186194488,2.44722217562147,Apollo,0.0521536
361754,0.3567535180171056,21.88240526682631,1.60939348486902,Apollo,0.0465754
361861,0.7395772293316122,36.38236877420691,4.96113180199532,Apollo,0.250868
362310,0.7856439993978691,12.74699103779851,3.81651986619494,Apollo,0.123026
363024,0.4292489626288121,13.98927452612595,1.57929021787883,Apollo,0.0402576
363027,0.5297679216183119,21.05065020210118,0.742304716942687,Aten,0.00981253
363067,0.09007967588274444,15.32156235733023,1.11676043601277,Apollo,0.0218014
363069,0.3488417869733907,33.47172049188812,2.11679240148092,Amor,0.279643
363071,0.5500722224072156,7.08796739800801,2.60462387929462,Apollo,0.088201
363075,0.5468999022054675,5.263844524476046,4.34119387440107,Amor,0.224095
363076,0.5187057881295178,10.49798645182568,4.4026788972022,Amor,0.313559
363084,0.4278346248415967,9.28309109823023,2.38785939006933,Amor,0.0237453
363116,0.5030654143065567,21.82083752382315,1.33848951381656,Apollo,0.00627485
363163,0.4559564477975936,26.76688608554536,2.90592841110145,Amor,0.140479
363267,0.4038934490089325,19.7582716558825,1.57326013258635,Apollo,0.0514621
363298,0.7482440186826249,20.77081361996002,2.72615346552204,Apollo,0.0671101
363305,0.2208587106667019,3.454201566578308,1.37944031325419,Apollo,0.0283905
363344,0.1960477183707242,26.80535492890476,1.26436734670983,Apollo,0.050076
363505,0.336920243975868,3.775987030338912,0.690535502797139,Aten,0.0351887
363599,0.7240196164062072,3.134746362118544,1.99777326137806,Apollo,0.0203192
363617,0.5759186144175455,41.53333609937946,1.77666855300157,Apollo,0.313093
363626,0.3993863401973138,39.36051199373505,2.46376032692649,Amor,0.39459
363734,0.7787050797704144,3.310906808646429,2.17910197064262,Apollo,0.00839545
363790,0.5521793804706979,8.271579665534658,2.62543133138996,Apollo,0.0290219
363814,0.4826900059097574,52.58129601071314,2.75246938875369,Apollo,0.18776
363831,0.5252326909335794,6.416678894445848,2.77676533010736,Apollo,0.042926
364136,0.7548549213157353,10.22339845429601,0.556559193429438,Aten,0.0258808
364762,0.2258935072108285,47.93842979902617,2.06079930677745,Amor,0.410557
364877,0.8524697425702438,9.43927887914724,2.74160727154734,Apollo,0.134661
365014,0.601970566944977,6.653747881256886,1.07211063787319,Apollo,0.0328522
365071,0.07393864103252874,45.86663087514184,1.0449217765581,Apollo,0.0217855
365246,0.8646778539968603,35.00677125391216,4.38087049696197,Apollo,0.441106
365424,0.1709358267961451,21.49370281985428,0.984073394024424,Aten,0.031111
365449,0.5406225397816202,11.22302603659156,0.953071880918441,Aten,0.15479
366470,0.2823613310806585,22.81153551937439,1.69906874049393,Amor,0.232869
366615,0.5673653326079967,34.41910149957101,5.03155694926497,Amor,0.25677
366733,0.3426618335152101,19.42497991101036,2.04709049566969,Amor,0.0699936
366746,0.4615453867405899,18.2814822910311,1.13272262114339,Apollo,0.0287857
366774,0.4507965692254301,13.20490380829894,2.44492367600001,Apollo,0.0194575
366833,0.5919524992555618,27.28398028158222,4.23663170742366,Amor,0.225679
367248,0.1397302113548293,19.88172465044943,1.03705455955524,Apollo,0.0347523
367390,0.3637723297064827,20.40633582014131,1.70589026555046,Apollo,0.134692
367525,0.2330147475492467,18.91916292812392,2.0148848527569,Amor,0.279594
367638,0.2771248996881346,26.50102363039471,2.14554351811177,Amor,0.345399
367684,0.6886834073233579,9.364037870666596,2.09404704522028,Apollo,0.159492
367789,0.388333600466404,3.69432229481157,1.69941912203429,Apollo,0.000371456
367943,0.08947539606616506,11.61009665394114,0.868464577088122,Aten,0.000488067
368184,0.3181905670113779,16.10151811674229,0.927829439064903,Aten,0.106715
368203,0.6177706876350493,12.46273619324563,3.90423143698229,Apollo,0.00813307
368565,0.6004522637247779,18.29988576798812,1.3897966826036,Apollo,0.0343772
368664,0.2987038686658035,13.24149695693579,1.90131496576677,Amor,0.190292
368790,0.253886804529937,25.4597306601822,2.04502775677273,Amor,0.21972
368949,0.2247349805642444,15.27620016853382,1.79568659917716,Amor,0.217216
369057,0.6150916033958839,4.268774627143516,1.93843745063716,Apollo,0.00848529
369264,0.5700910800588945,52.3745452618483,2.8394227286885,Apollo,0.0435159
369296,0.9000493231970222,14.62064526690206,2.99759509766514,Apollo,0.127608
369452,0.7426917752588705,34.21243073782116,1.06861714279467,Apollo,0.368994
369454,0.6466326392243918,32.75525348399321,1.60900916741247,Apollo,0.273525
369983,0.3796239785005124,1.074541988753832,2.98664676663815,Amor,0.269097
369984,0.2877819310317334,17.63437613516901,1.06617177389878,Apollo,0.210922
369986,0.6985961730362109,30.34536507534953,0.625579504527524,Aten,0.198309
370037,0.3193219026655227,26.25088343396188,2.18273907365337,Amor,0.206754
370061,0.6926753351317002,54.62558279443144,2.44636608426039,Apollo,0.33432
370307,0.491105179331716,16.19199624648299,2.78469418480091,Apollo,0.221403
370688,0.5617972569194305,25.0393138893217,4.3557743623817,Amor,0.447388
370702,0.5601541250058427,23.85161235158407,4.40844263782853,Amor,0.416868
371336,0.7850189478527616,30.79150816987972,3.9070110630692,Apollo,0.415646
371660,0.2692219432299538,7.584925986209027,1.46952616846796,Apollo,0.00280602
371973,0.2478394470091607,6.719964277659169,2.12261311993965,Amor,0.273221
373135,0.4974722417606704,4.385474895481249,2.12441648503537,Apollo,0.00214609
373393,0.4875035552994123,5.25247892427759,3.14612898655808,Amor,0.0976945
373428,0.5466854219164543,29.12911620083624,2.86239090547411,Apollo,0.185903
373503,0.2810038665544174,10.26923001277938,1.69424447428741,Amor,0.0599968
373579,0.3304912287151701,18.33123167041998,1.74062257787707,Apollo,0.177612
374038,0.6359217339182035,0.8321369551907463,4.41175854029878,Apollo,0.008966
374158,0.9265894802304421,23.84949053288219,1.42517879071115,Apollo,0.0173517
374188,0.5057865591412148,14.56354349193718,3.71694878032214,Amor,0.317085
374267,0.6405983619907326,3.135569188053028,1.77768379891954,Apollo,0.0520369
374449,0.3065673210007225,18.28347472187237,2.06296035481863,Amor,0.150287
374851,0.6053404254604892,23.72560202309864,3.68823968118839,Apollo,0.00951878
374855,0.4458527915997129,16.69699205538807,1.15278460139665,Apollo,0.00837123
375054,0.4164142138764065,25.59836879557418,1.4792586172502,Apollo,0.0309603
375103,0.2798736442288329,49.74954988810186,1.45884344618707,Apollo,0.0325118
375505,0.1255612253728922,17.545009292818,1.66448189136132,Amor,0.265113
375657,0.3143141354606698,13.11591693907284,1.35634123653643,Apollo,0.0569943
376707,0.7785300874829333,23.51785272399825,3.16440125287332,Apollo,0.289186
376729,0.4699862295764582,8.924971952484086,3.76216850343343,Amor,0.301587
376775,0.4232948502817112,7.752626840321866,3.16177276103496,Amor,0.261138
376778,0.6113250977452479,16.48683399002033,4.60912766647885,Amor,0.15694
376788,0.4959396691867952,16.32900197593125,1.06197398824511,Apollo,0.141521
376848,0.392907802066275,17.60624716120487,0.863049391866811,Aten,0.0813663
376864,0.3597851008249871,4.738617396469974,2.416321623537,Amor,0.18603
376879,0.121600731390534,21.74016176790698,1.33056154588999,Amor,0.109206
376883,0.2108986061226529,20.95322988437498,2.03045074607643,Amor,0.425631
377097,0.5561066757092209,3.936318046577698,2.7367677105714,Apollo,0.0192042
377732,0.6205034292056534,23.55914364436031,2.68424490449935,Apollo,0.0159673
377972,0.4248372634549162,3.042948217405339,3.30656830675393,Amor,0.265162
378124,0.7228244487081523,31.83743057661868,1.41890441325313,Apollo,0.24991
378160,0.300243125835009,11.64309324611388,0.877389666500744,Aten,0.0294497
378358,0.4392058305467891,16.50571375706389,2.26759152186596,Apollo,0.0354603
378526,0.1968391610397562,19.23563560784813,1.97475764530736,Amor,0.280668
378610,0.4262777202392829,13.5798921017459,3.12649644854797,Amor,0.298162
378842,0.618379653658817,14.45387372509098,2.45799401636255,Apollo,0.0909824
380128,0.3169446887455273,3.390671371752638,1.76364207137361,Apollo,0.0509751
380160,0.4373956892101846,7.332490740178907,3.15708467935787,Amor,0.195005
380188,0.582593632958773,9.927986591266913,4.3701021004142,Amor,0.209941
380205,0.4673358982635403,21.40464555340615,3.31354232246284,Amor,0.30082
380321,0.4922843163256813,4.764125445393108,3.52544548534437,Amor,0.183378
380359,0.4474047641858778,19.83909072145515,3.56641130014538,Amor,0.489751
380455,0.7935920306651157,14.42606335908969,3.38408921791897,Apollo,0.228009
380476,0.3991350483262196,14.25962262942032,1.24578956690127,Apollo,0.227667
380524,0.2180602174203082,23.43664831225196,1.74243308105325,Amor,0.120649
380636,0.26668433296427,10.74366709892427,0.899122907710674,Aten,0.00318868
380818,0.5123974588145611,14.14100405099146,0.886715478226773,Aten,0.154269
380929,0.4198967351136677,24.00792867080246,1.75485807761942,Apollo,0.117002
380981,0.3951802906002827,9.661461449135953,2.27122741735381,Amor,0.0319857
381181,0.3204295991648438,14.89284346068808,1.78496105403782,Apollo,0.0866303
381564,0.3892893606633071,9.417036795661762,2.48011212910347,Amor,0.14424
381677,0.4559023256801785,5.841375253666206,2.51812250222142,Apollo,0.097891
381906,0.6456388823738003,7.311178629597963,1.91694249879616,Apollo,0.0113369
381989,0.4958282759960785,26.71681205523816,1.56401606633681,Apollo,0.105111
382395,0.7628888239203201,11.61757484107209,3.05949757901951,Apollo,0.0328936
382406,0.7814482541892618,2.53955165477874,1.50005586837089,Apollo,0.00486624
382459,0.3102024659512128,16.83887692983508,2.56751137711834,Amor,0.408312
382503,0.2331069818004879,14.04096458892057,1.90440902723219,Amor,0.161269
382625,0.481596410840605,19.50969625024962,3.58698432071953,Amor,0.396454
382745,0.3269253813147346,2.326690688216988,1.83809349478179,Apollo,0.0355743
382758,0.3174152563767789,4.674809641873722,1.62081425422391,Apollo,0.0234733
382825,0.3932573005265755,29.95913453228589,1.66611807394154,Apollo,0.0143974
382875,0.1806738811422043,2.882997668499813,1.48003063711588,Amor,0.0720649
383610,0.3045402522744118,56.07513079901944,2.36216677728744,Amor,0.274665
385186,0.07557631220957636,24.09954816616299,1.16158172522117,Amor,0.0182142
385252,0.1836537372776041,50.06281538257591,1.08057608988352,Apollo,0.0296538
385268,0.6428295709292774,27.41023066530594,5.75060906013162,Amor,0.152945
385343,0.6050905198847236,29.53139686118586,3.5209882220345,Apollo,0.00664285
385402,0.884516364151677,51.27190697530215,3.86352141231101,Apollo,0.129978
385423,0.3287475878045123,23.19205083812559,2.21560221787969,Amor,0.291055
385497,0.4591303082335279,11.58163698846586,2.0028116673438,Apollo,0.130946
385580,0.5537056065370576,25.92664932771583,4.36850234499214,Amor,0.468819
385605,0.5736678346145142,8.86478028756129,2.23025366647282,Apollo,0.0177445
385843,0.4791600726127461,6.862221246511282,1.19492745071755,Apollo,0.0668641
386259,0.5297478334849187,38.79498749073863,3.00744026202444,Apollo,0.27477
386281,0.4700389364900364,16.26045762761678,3.19518628947077,Amor,0.232148
386298,0.1925394806239591,15.313918886036,1.52093307759645,Amor,0.133912
386454,0.9091970892560178,5.437722857464803,1.35137532070974,Apollo,0.00460148
386504,0.5552098583342222,12.5726490612452,1.73736205770208,Apollo,0.207586
386720,0.5825789726868125,25.78253177239369,4.30274050751288,Amor,0.392824
386847,0.462455980783345,5.833272314816201,2.20056465448724,Apollo,0.0291229
387505,0.8733562996740645,2.288963433180385,1.91489812415319,Apollo,0.0182981
387648,0.4377090090474181,28.87571822596957,2.68845856452189,Amor,0.330214
387668,0.4334004803177614,22.89415808324533,1.47738566275767,Apollo,0.00293392
387717,0.4769778324015523,36.31923555098825,1.22536273252089,Apollo,0.28724
387733,0.2186218189066264,12.02922539429868,0.84361027934981,Aten,0.0856866
387746,0.5130988337926145,3.910560809375983,2.74975759913041,Apollo,0.00217678
387793,0.7418231744625708,23.75819112942889,3.70641205562662,Apollo,0.305281
387816,0.2500732030367278,6.761456841172986,0.832860423282681,Aten,0.0592854
387871,0.6000560307035621,10.39569106872064,3.04475332889448,Apollo,0.118692
388185,0.5091985681003489,26.9814638549864,4.13050095976454,Amor,0.260342
388188,0.7761376890946518,11.77380218688521,1.59400747393797,Apollo,0.0166678
388189,0.3365024522133008,26.53569853978563,0.802827129624139,Aten,0.155085
388468,0.2998890936342169,10.90346174987896,2.31570135391161,Amor,0.220453
388567,0.462197628194554,5.219673375355299,3.59586493392141,Amor,0.262936
388798,0.7245862344309164,38.40758805670421,1.49444105706188,Apollo,0.252076
388838,0.5065029580631993,7.985195077590858,3.02453258054237,Amor,0.0806393
388945,0.3916765378869434,8.686592357558043,2.00965955588717,Apollo,0.0159891
389694,0.4921670818417978,19.07113144037106,1.9209250596734,Apollo,0.0179948
390522,0.3526388559148287,18.38308062673863,1.29116633445169,Apollo,0.0602177
390536,0.4617868091405583,7.095704033543279,3.07866313658458,Amor,0.153311
390725,0.3803377383126903,18.1208677996081,0.783254582240618,Aten,0.0471802
390929,0.2245426142094541,18.80139455980939,1.49649475247491,Apollo,0.0136306
391033,0.4341030985497316,3.906685215771633,3.07974124121878,Amor,0.191102
391151,0.8811006493103296,24.79569839327428,4.15343743412177,Apollo,0.106337
391211,0.4499537404201531,12.41280906888303,2.61396996129092,Amor,0.0334547
391275,0.477474881988343,26.10733119582739,3.27154842042729,Amor,0.296251
391449,0.5056008215820771,28.73046753091456,3.60469383301062,Amor,0.148909
391451,0.2728632954515209,7.609369841318153,2.3217579639497,Amor,0.307013
391508,0.684269393265905,11.11360248084054,3.07978996834231,Apollo,0.120501
392211,0.4232375877438189,40.81508588471754,2.77576034950303,Amor,0.139844
392476,0.6603394357208122,13.69107323830102,1.54452404803379,Apollo,0.218468
392704,0.4723891151279763,10.04907549963588,1.85196674485667,Apollo,0.145403
393359,0.4835647931141301,6.013422580320512,3.21713373646864,Amor,0.110744
393569,0.3151841321774523,8.507006374831722,1.10115906406782,Apollo,0.142821
393908,0.5458491347371269,44.77546523359792,2.2688701055075,Apollo,0.0799819
394130,0.9684252670868954,33.53302841112699,4.16516785383968,Apollo,0.112776
394155,0.5124132968736786,4.594314771759688,4.06087360586133,Amor,0.231042
394392,0.8858927901537118,20.73257856614488,0.766138765755679,Aten,0.143115
394783,0.3361294436471823,52.00568265134091,1.20348763221359,Apollo,0.180345
395143,0.4389817851037984,20.96843895133053,1.83516874304117,Apollo,0.144444
395207,0.489670855610791,27.83970124440169,1.96320203584484,Apollo,0.00938206
395289,0.3473288498230405,49.8990181480826,1.46560940912182,Apollo,0.0930045
396593,0.4993924622509997,23.73520997872128,0.817977244135864,Aten,0.103895
396730,0.5790253214159016,23.61881872965163,1.5413902815798,Apollo,0.299221
396793,0.6084155568441477,19.76205366129829,1.10335964436369,Apollo,0.286236
396794,0.6644866913965599,43.62964899109537,2.52486136859239,Apollo,0.186659
397237,0.8871656715589201,37.85165691269824,4.00716442478051,Apollo,0.530554
397326,0.3750240871802866,4.494559848470351,2.25609662822178,Amor,0.0924013
397471,0.2710109676459799,16.99664744323522,2.34028635990967,Amor,0.405874
397474,0.8354033018057747,18.54573229638408,3.18888351662319,Apollo,0.254763
397847,0.4481855484808349,14.83492810412679,1.64935455930763,Apollo,0.145755
398188,0.2733341370704085,13.25204539413435,0.80387455603729,Aten,0.0218667
399307,0.4280928779945015,8.95430323947156,3.28494167224945,Amor,0.262514
399308,0.238050281839386,15.46354534137051,1.15744906570354,Apollo,0.141663
399325,0.6147514033060606,24.4268961020921,1.22761017552416,Apollo,0.0631385
399433,0.7766512739163746,4.376982159823678,4.32560482921638,Apollo,0.0645874
399446,0.3998686109531269,1.818698264619228,2.97607363552716,Amor,0.232399
399457,0.9563850912387427,25.95122929361456,3.96984614105302,Apollo,0.0260269
399611,0.165885546404471,15.24818743309003,1.40095071230613,Amor,0.0842543
399774,0.5170507188433835,12.69670810302434,2.92335216779209,Apollo,0.00806144
401856,0.4780095184996687,24.27100386331303,1.75045347968818,Apollo,0.0459668
401857,0.8554143307715711,22.04719119112371,4.7507540185875,Apollo,0.211861
401885,0.342289350352623,7.529280480915658,0.874891091247397,Aten,0.0971918
401925,0.4752487769473788,36.38130374450735,2.60649303878684,Apollo,0.310378
401954,0.2865910263077222,1.349458823550156,0.748618758516039,Aten,0.016743
401998,0.8759525789284331,21.46362204025291,2.76367729342045,Apollo,0.218118
402267,0.5294380777975328,12.95382984186322,4.55827848160413,Amor,0.357537
403039,0.1306171649070841,11.5711990342525,1.44149450270258,Amor,0.132426
403247,0.3174168996449349,9.470266778649753,2.18937181719364,Amor,0.145027
403775,0.6800677445406555,5.464874143539515,0.908972847279737,Aten,0.0059819
404108,0.6869724031697979,20.78773576700117,3.9650668194245,Apollo,0.165251
405189,0.08044853110236297,13.69667722250498,1.53130122127138,Amor,0.234067
405212,0.7314291337098539,5.042102660151345,1.60936094823994,Apollo,0.00166153
405427,0.4373151442556757,12.22522019824975,3.3678866505437,Amor,0.31443
405562,0.5436980463766886,4.513909488181292,4.43614137847029,Amor,0.24069
405762,0.4480292198068467,5.771345403152055,1.80160941891389,Apollo,0.0375678
406213,0.5456923284187254,1.457203592427936,2.65816146537995,Apollo,0.0130765
406952,0.7175161596858095,32.95481855479527,1.38231333673785,Apollo,0.0893665
407324,0.5225351834424561,9.133151269629966,2.05561762209073,Apollo,0.112485
407338,0.4760667139538107,4.922962893306199,1.99372805301457,Apollo,0.0643599
407653,0.5123929350806848,9.76874429705915,2.94303273177958,Apollo,0.0716266
407656,0.4918879697115521,10.00049793041452,3.26461317781524,Amor,0.184014
408751,0.5344169980378962,3.348061299930325,3.38391641649738,Amor,0.0543042
408752,0.7923429069138582,7.929727344301603,2.92557451367838,Apollo,0.110793
408792,0.3775993664086306,9.631008363340772,1.55248853779712,Apollo,0.0105643
408869,0.3282284129290978,14.38082604018838,2.58947926970358,Amor,0.377548
408980,0.722462952497755,15.02053206723542,1.70917774251856,Apollo,0.0812617
408982,0.6004218253050776,20.85185942593597,0.860278045422193,Aten,0.195366
409204,0.5829498322108104,23.94474808791986,4.96491030222951,Amor,0.29053
409256,0.521460365097803,25.74418618599498,3.27817828675806,Amor,0.331229
409266,0.4255333996657378,6.22680642509525,2.48924190562494,Amor,0.109462
409342,0.3008342105342965,5.358032281549664,2.48970313449525,Amor,0.306178
409836,0.5741603566880201,6.404491325419259,2.66876188427756,Apollo,0.0319225
409934,0.3699712560635738,20.97894348302997,2.61428123490786,Amor,0.203913
410088,0.6293367672908134,8.324986241324215,3.95507854948609,Apollo,0.0572517
410195,0.4674798194301611,3.832208221588826,3.46556111921647,Amor,0.235956
410622,0.3774296090368025,3.785437254871355,2.99290637859848,Amor,0.285363
410627,0.4429543785692712,13.08887116067323,1.51000612312004,Apollo,0.0137974
410649,0.2337144047253281,7.138391844189392,1.53545552689818,Amor,0.0891151
410650,0.5842672480619583,6.721374474979211,5.07624086484785,Amor,0.248031
410777,0.4931011610172778,3.12496517456349,1.25578304818459,Apollo,0.00209876
410778,0.7189978124140317,54.49717472986917,4.96599802283748,Apollo,0.0252661
410832,0.3424166854736269,32.98771284149559,2.58185010307654,Amor,0.459586
411165,0.5028004148678828,20.08688166463793,2.02182309540217,Apollo,0.0428362
411201,0.3418123498276834,12.03462744626082,2.07360897758398,Amor,0.171666
411280,0.41438162455197,3.043931857683135,2.83860022752238,Amor,0.198807
411611,0.4833011515572749,3.397815183108495,2.88300789317893,Amor,0.0810638
411655,0.4221395785946855,7.612667910598903,3.17818934656654,Amor,0.23679
412976,0.2336614964548228,15.84502499092971,1.58958968145714,Amor,0.115212
412977,0.7727851193909567,31.59054827869236,1.40941101707755,Apollo,0.205006
412983,0.2900054488073339,5.814657002585748,1.7316315699955,Amor,0.0408638
412995,0.09061442605633517,16.313252033324,1.34617794462116,Amor,0.156874
413002,0.329621850360185,2.849935561330927,2.11227402820283,Amor,0.122563
413021,0.4572821999192823,7.669407867062295,3.47490520283758,Amor,0.253129
413038,0.576974425711317,23.97351620372898,4.31163884448708,Amor,0.340925
413091,0.5036857495596913,38.04868813611765,3.23855535069155,Amor,0.443179
413123,0.5561873952932272,10.93945818397516,4.36668719910461,Amor,0.205427
413192,0.6570636127504348,9.11737046541958,5.84562648590779,Amor,0.17435
413216,0.3016769550161778,21.96192377095745,2.10345566692987,Amor,0.144029
413260,0.3813756924591724,12.18835283953465,0.684553464517932,Aten,0.0252597
413421,0.5845658207553501,17.82476907478414,4.94585266633939,Amor,0.235831
413563,0.3722609304813971,23.33462004607172,0.562415981189324,Atira,0.198393
413577,0.5697176680961532,14.32034066151488,0.905882388360257,Aten,0.00558755
413820,0.3671777610254942,9.24081569273451,2.59577222427654,Amor,0.270812
413989,0.5218747827924326,30.84340906466557,1.18472817468214,Apollo,0.034764
414286,0.1992048958817206,21.84519034895384,0.886907962577683,Aten,0.0305733
414287,0.7597148288979529,13.50224525968865,5.72798519532294,Apollo,0.0124966
414429,0.489401622537986,20.84454574031434,2.41568276789229,Apollo,0.0952988
414532,0.5563851691147456,12.72936876579926,4.77964979848019,Amor,0.260138
414586,0.6331306332250031,8.338964791512295,5.65015074136644,Amor,0.220954
414746,0.5229896037517138,23.87146221670451,4.24298994893268,Amor,0.26692
414772,0.6719578378046233,23.10638227930625,1.30566289453949,Apollo,0.333228
414800,0.5156231803940439,6.183480937346839,1.86107436220441,Apollo,0.0558538
414903,0.2777256536389714,13.62790165194818,2.0332863551967,Amor,0.284859
414960,0.3272145256742821,7.703536402856703,2.03924830997696,Amor,0.156641
414990,0.3352098953472392,1.864702106852987,1.51913665211687,Apollo,0.0130635
415027,0.3863903425276351,26.62153874607588,1.49928821198686,Apollo,0.17395
415029,0.6537389285398846,34.88596648629357,3.092034695958,Apollo,0.0157246
415267,0.4764328969876361,15.61042623058353,3.59145219399103,Amor,0.305816
415710,0.5591661987123362,26.60694021423741,4.08856544377742,Amor,0.441769
415711,0.1100024891226348,40.69995513530521,1.23621745892662,Amor,0.0849234
415713,0.3675917562087972,6.973022825058717,0.637977364900685,Aten,0.0159192
415715,0.4101997766543453,20.44767533211639,3.1799927845478,Amor,0.403143
415745,0.4572690460204231,10.56339497702734,2.3080002137168,Apollo,0.00434887
415746,0.4292983051982921,21.41661290203883,3.39635968652971,Amor,0.443584
415949,0.3873399146672901,30.99293965214567,0.813804730201252,Aten,0.0578326
415986,0.5460506015724208,25.72582089952728,4.34923633977222,Amor,0.219699
415987,0.4360685662968138,37.89718724666071,1.18874616058668,Apollo,0.200895
416002,0.546397948316197,27.7606735139777,0.818514447233405,Aten,0.0899648
416032,0.409298752474259,2.513970799805775,2.59123476098807,Amor,0.130157
416071,0.617092190803316,22.2728886471773,4.35392927656832,Amor,0.306551
416151,0.3062620548623272,4.574596433223783,1.17217264855463,Apollo,0.0503598
416186,0.08269476462738125,7.410825391615012,1.31804559323297,Amor,0.116271
416195,0.1599336394610358,26.91669766504125,1.1175271741431,Apollo,0.00355762
416217,0.1435603814036324,14.24859841782056,1.70585815254286,Amor,0.298086
416224,0.3779994632067765,20.18072545702711,2.39651558538604,Amor,0.317133
416231,0.3493728473110058,9.772989922616578,2.4386536621381,Amor,0.184038
416283,0.2562997016314882,8.544489126554014,1.0809376680246,Apollo,0.131883
416567,0.6612842703162829,21.09095702355679,5.48027706275626,Amor,0.196599
416584,0.5173610262366711,8.46045583244806,3.23403589588554,Amor,0.0628825
416591,0.7346357447403234,10.98384442029223,2.54606033371785,Apollo,0.0277554
416675,0.5578062723858987,35.97708683162436,4.84903985808391,Amor,0.315165
416680,0.3768892969810606,20.65266471968207,2.46612457780179,Amor,0.277865
416694,0.6983594452739458,20.445502977607,5.38062702589253,Apollo,0.245604
416801,0.4975414672494553,16.53646014077614,1.30381006107946,Apollo,0.00561383
416804,0.5843149924389976,5.406208400325883,4.42778219708482,Amor,0.132924
416851,0.3179990450188566,22.99537348092778,2.20637928566404,Amor,0.309635
417167,0.3678878572184058,40.4646646758177,2.2322172798445,Amor,0.215537
417201,0.06402774086870751,34.14701079477591,1.48850514952134,Amor,0.237884
417210,0.4142221265159022,16.84809636092726,0.694561530893658,Aten,0.0962618
417211,0.4872145169958737,10.90523446257039,2.26930547435006,Apollo,0.0439478
417217,0.5503115267152824,19.59850815055621,0.599603687970145,Aten,0.0300882
417264,0.604620819408699,21.12648714887587,4.42804630942947,Amor,0.146082
417419,0.1274263074048209,9.35548758688182,1.31301298627202,Amor,0.0469152
417581,0.6781534087101208,53.37157770374973,2.02932467721041,Apollo,0.29167
417612,0.3935158723528389,8.076022588509316,2.02617251405797,Apollo,0.0195202
417634,0.5955715709755495,20.49428276875356,3.85419346218676,Apollo,0.0149426
417655,0.4035008685261954,10.53553578142614,0.88083658266853,Aten,0.0818139
417816,0.2658148809467336,16.33032247943304,1.39761438762629,Apollo,0.0288226
417871,0.6998885970815836,47.70835067615531,2.56996779938309,Apollo,0.0271176
417874,0.8871434361521299,19.29177072967834,3.82388542116091,Apollo,0.197888
417949,0.1976636355247081,38.28927790987573,1.41777733727203,Apollo,0.00455747
418094,0.4407666322445138,38.34230505462296,1.8120586777388,Apollo,0.018974
418135,0.3365282202302878,16.00756461609843,1.76201369258738,Apollo,0.0172483
418198,0.3796729004434492,24.45473680456302,0.786051800386564,Aten,0.0906357
418233,0.4516517516315346,31.29921659544284,2.27662830683657,Apollo,0.213986
418265,0.3049608285523895,28.26280846489473,0.483412101276736,Atira,0.179901
418416,0.6252268270052588,4.7149856724098,3.01975183587129,Apollo,0.00617023
418797,0.3257607090008344,26.20273143547442,0.862251828472053,Aten,0.209338
418846,0.291669612630837,16.6946608598363,2.0215016386875,Amor,0.150065
418849,0.1063806648071678,33.52298370697508,1.00899821030011,Apollo,0.0349087
418896,0.4287805888958683,13.83330818792456,1.49947172548722,Apollo,0.208662
418900,0.3534183109131351,23.44300275847205,1.94746883375483,Apollo,0.0559799
418929,0.6407473747656398,15.19828089979893,4.92249563412209,Amor,0.108821
419022,0.1427935841765878,42.41176285389062,1.80905780476223,Amor,0.285358
419464,0.3214298729914419,15.23578065859095,2.564725204643,Amor,0.302176
419472,0.2002040843252399,23.76707975075995,1.35581762935263,Apollo,0.00882107
419624,0.07541455565173301,14.51339190022559,1.00593912163702,Apollo,0.0306051
419829,0.5221903199437834,15.38493335721729,4.10804513440343,Amor,0.268
419880,0.6719574814523122,9.659370865571265,4.06833203905525,Apollo,0.0352552
419922,0.6411889758184822,8.084147037115718,3.72804548241293,Apollo,0.0900911
420048,0.4118919401840188,28.21013925613538,2.04116843211167,Apollo,0.105181
420187,0.4825979066056314,8.731386663406912,3.1979651109399,Amor,0.140165
420210,0.2347071844481439,10.62308628137182,1.45409391724516,Apollo,0.0102279
420262,0.4228111084730371,17.12842263980101,2.00156583374879,Apollo,0.11452
420286,0.5318014023200281,36.5868852039387,3.11576618505911,Apollo,0.302944
420302,0.4621564581938628,6.668870650838062,3.12494228784043,Amor,0.1486
420591,0.442572967852731,9.105862996795574,1.9366024707948,Apollo,0.0679886
420738,0.1133766624358904,16.4628685496125,0.984571144505693,Aten,0.0897175
422637,0.6093455435585272,9.827168095331299,4.75181751435613,Amor,0.113082
422638,0.1451041911485532,18.25556646032947,1.23231450816579,Apollo,0.0545187
422659,0.1732755455965738,22.50737105197053,1.73267376691552,Amor,0.181084
422686,0.2865479256793216,4.700310017256532,0.788795463729985,Aten,0.0461527
422699,0.5918894158028799,7.700773397385261,2.82536049860215,Apollo,0.0270893
422787,0.6180125619473759,13.23410807551936,4.17341166080862,Apollo,0.0118009
422977,0.2392838943312927,10.37751305727989,2.13268856906202,Amor,0.253992
423022,0.4744119009943778,17.45319957715351,1.51438292291832,Apollo,0.112694
423100,0.8426565837226373,20.17510422126774,3.71362397157586,Apollo,0.295493
423210,0.4156709942086769,24.25011685482968,2.45606079952346,Amor,0.297476
423321,0.4501838462586857,2.389833606788371,2.51640130588087,Amor,0.00675935
423709,0.4047240151558023,13.00241568739794,1.78554545044451,Apollo,0.01055
423747,0.2960202075522303,28.96083769945862,2.24338561215322,Amor,0.224003
424089,0.5016419781067637,23.25547452709238,3.86488047170523,Amor,0.368412
424392,0.2796757558209198,3.308915635893453,1.15882592134567,Apollo,0.0512224
424482,0.243450780432213,5.655680881646058,1.40897106253978,Apollo,0.017754
424532,0.4737901180040864,8.431013439909448,3.75351495603387,Amor,0.257799
424965,0.4870080738307863,28.87184186129502,0.732411521038581,Aten,0.0530518
424969,0.1292101433610814,21.21594660743646,1.52294370094123,Amor,0.252006
425047,0.4433650250760049,8.48706030242779,3.27259998273589,Amor,0.253222
425250,0.2877469526659444,13.02544200740111,1.95505885597263,Amor,0.257597
425450,0.3709994492862668,7.940615456474697,2.51685838997848,Amor,0.192001
425713,0.2237480342532635,8.75446781651417,1.94586339097796,Amor,0.215726
425755,0.8703302897925963,9.469913334696267,0.870567211885602,Aten,0.0191211
426071,0.6487111975191848,19.29896485768949,1.03825000969821,Apollo,0.129175
426082,0.1273227789968118,20.2679487943671,1.57286847684379,Amor,0.207529
427499,0.4645508157052495,18.83314046548022,3.23752352829696,Amor,0.381945
427621,0.4032348575836416,6.898187301370815,3.16857625448266,Amor,0.301206
427643,0.3786264229218776,53.59324552865866,2.16864144495655,Amor,0.313399
427684,0.400312949658108,23.02002166053638,0.91765766880673,Aten,0.124902
427778,0.4211000592529931,31.19276091733861,0.830987946782513,Aten,0.231943
428086,0.61640570279106,14.19636817808346,4.63972877530306,Amor,0.0877505
428209,0.4921823709304421,12.25339005192272,2.70544481596931,Apollo,0.0184437
428223,0.8696189246153394,31.81092846666455,4.42942882236946,Apollo,0.399321
428681,0.5071300208558479,24.21321165570733,3.5187283426724,Amor,0.235496
428694,0.6480023142525773,19.14093431467028,2.02619882157236,Apollo,0.0580155
429073,0.5710337308473825,11.83024836225337,4.51770653965405,Amor,0.264395
429094,0.1701798320480577,25.97715141677999,1.18678748797704,Apollo,0.0344263
429382,0.53279142326932,3.408640853319034,3.61060128276505,Amor,0.112357
429389,0.1759760800497359,9.16169831948143,1.31152156367362,Apollo,0.0545339
429584,0.6998612899408814,2.574543179126307,3.95966417544546,Apollo,0.00326295
429733,0.4915591255028533,22.56341355758322,4.06806044100834,Amor,0.382051
429736,0.4155048549393037,12.60441572157346,1.066863517752,Apollo,0.103742
429746,0.5327759610180062,20.12038548448449,4.51590604331437,Amor,0.324678
430439,0.5940472586739002,15.61799908826787,5.0680673006957,Amor,0.208951
430440,0.5956128270236328,18.80454477264527,3.75489206863481,Apollo,0.0400146
430544,0.8067095996066491,3.346787196757814,3.26535268926967,Apollo,0.011192
430552,0.5605219784729779,20.77801132378361,4.35848074513117,Amor,0.156127
430802,0.3522023007937211,8.44687407252173,2.47067370067736,Amor,0.229742
430804,0.7547004929046538,12.37567329103213,2.72250020668525,Apollo,0.0174231
431107,0.5839755255822168,17.70074429016836,4.43287285815868,Amor,0.153524
431394,0.3908845326781951,0.3202301720891613,2.66438450590676,Amor,0.152803
431698,0.7568972870001931,9.117641174147893,3.47948453657554,Apollo,0.152078
431760,0.950517903641707,9.837094078229732,3.40142952331131,Apollo,0.0836329
431775,0.2912350682891977,26.66472614579797,2.41480844549517,Amor,0.304715
431776,0.4304047767921069,9.591215595348203,3.44530566071463,Amor,0.323598
432226,0.3219133514950974,16.70447923207434,2.02513947972798,Amor,0.0879254
432509,0.8279882408695395,16.18357560876403,1.66540396310295,Apollo,0.138913
432655,0.2102879620870674,12.67098629119674,1.89297168011072,Amor,0.276009
433303,0.1697208310278785,6.32195920356861,1.04892880470289,Apollo,0.0561139
433939,0.4369927284542118,15.06406284465868,1.06083070078446,Apollo,0.14192
433953,0.2008558012181735,7.191137548424689,1.11697310712272,Apollo,0.00110091
433960,0.2008466434925515,22.45590730960985,1.78063036818409,Amor,0.272839
433992,0.5979404493869556,49.24946991174372,4.98592076858426,Amor,0.273529
434007,0.540070623620342,9.318900649401124,4.58284605603512,Amor,0.332656
434051,0.1782605330414724,37.59932382123652,1.59333763681776,Amor,0.239604
434053,0.127780736151759,25.81977749740961,1.80971976604075,Amor,0.309369
434096,0.767940611881953,13.76640491453252,2.61029565517265,Apollo,0.0310813
434154,0.5006516761456208,6.541182612827162,3.26682666180068,Amor,0.0946566
434188,0.7626670990053857,23.33671148336352,2.11071655019072,Apollo,0.0327686
434196,0.1346544495428405,19.77977669464444,1.09535330874695,Apollo,0.0400691
434313,0.4884405919678105,14.55071555533011,0.581325402948565,Aten,0.212884
434326,0.5311181416743326,18.94296519234564,0.506300179781581,Atira,0.0406425
434344,0.2856041855395424,36.86872085375011,1.61588363325385,Apollo,0.230473
434500,0.2573156962767461,13.20902654516954,1.42059861422615,Apollo,0.0857759
434632,0.251294966749484,12.36597541692377,1.23508952335077,Apollo,0.128688
434633,0.3553224715891516,22.87873455213193,1.42035014846586,Apollo,0.0454421
434677,0.3665988715168814,68.42114046236172,1.81883079172014,Apollo,0.0375916
434734,0.438150345963715,24.64135074893854,1.82766739143869,Apollo,0.00330022
434740,0.379780767107504,12.48374250115871,1.88765216073293,Apollo,0.0828354
434751,0.5850343624041012,6.009741123776235,4.49319562285361,Amor,0.116055
434786,0.6514216308865559,35.91533640466272,1.62337799798659,Apollo,0.320395
435058,0.1401805939103745,20.11764980339433,1.55376945159481,Amor,0.138085
435138,0.4968036698235843,30.86188366879683,4.04611667440124,Amor,0.457966
435159,0.6319211060165999,17.09991418349298,4.2010785783511,Apollo,0.0128957
435302,0.4482850216698496,12.39023604054338,3.3100164100594,Amor,0.280304
435404,0.4423612264182351,8.864661594620346,3.28493444786575,Amor,0.291615
435441,0.417518491939563,8.072575684422747,1.40293478414144,Apollo,0.103628
435548,0.5284564439417574,7.250743212286697,2.85367150968104,Apollo,0.0118115
435730,0.370904941059795,34.66653695360574,2.83620951211227,Amor,0.561176
436030,0.4784370271428611,19.62164558226118,0.837297241054262,Aten,0.0567461
436035,0.4351900374862119,5.730722729768431,3.05080300797612,Amor,0.18903
436037,0.6580103074459979,8.240013239579817,2.55364222326507,Apollo,0.0808786
436094,0.4731912799570211,6.927358572241887,3.14201271707575,Amor,0.122188
436116,0.219648076710409,12.21738620536664,1.51497471844409,Amor,0.118064
436324,0.1441105704262348,44.83878814639201,1.65890524939635,Amor,0.308641
436325,0.8455748205876317,24.13188642139966,2.47854907595982,Apollo,0.282652
436329,0.6988969082783975,21.82429631276296,5.12168292996929,Apollo,0.000480978
436568,0.7027973993640209,30.00185357488347,3.63432669823912,Apollo,0.274838
436654,0.3267351707395592,7.083890173612291,2.2910441550834,Amor,0.170847
436671,0.6081078809795889,13.39200347014158,4.27650337695792,Amor,0.0213433
436724,0.3766978687062783,4.573218115022545,2.06291300525801,Apollo,0.00418955
436761,0.5931842448836018,19.94886032643389,3.3408002941997,Apollo,0.10332
436763,0.6651773926419712,22.62492729644023,2.78358441703493,Apollo,0.303111
436764,0.3975038464063365,5.179311179437157,2.86718859423484,Amor,0.232853
436771,0.4324321664357729,24.72930606192651,0.94358720755068,Aten,0.11274
436774,0.4864364737235271,21.38675712295574,1.36659228148211,Apollo,0.0250605
436775,0.7645031171955003,34.38162666670389,2.8502490597382,Apollo,0.21669
437316,0.4684161194870033,29.89530154904149,2.4736711342772,Apollo,0.0774757
437841,0.3126319970594057,7.814055146647768,0.945491659238306,Aten,0.034766
437844,0.6653474171628178,2.031729317901686,0.553396346734654,Aten,0.00587818
437846,0.3524368457239019,25.77470523415281,1.79859996682285,Apollo,0.107626
437879,0.5461930824212649,13.08595960105771,4.60180243898543,Amor,0.297925
437905,0.6638054843300488,8.928435584395249,3.25782619492323,Apollo,0.00350832
437908,0.4518742813420608,4.615728096178379,3.45256190023011,Amor,0.251449
437965,0.694826952308422,9.658403158833433,4.04870507088756,Apollo,0.107202
437994,0.7033891955959543,19.81406839143067,5.93923152092226,Apollo,0.254241
438017,0.3660737099627668,24.6107774193699,1.74545244749668,Apollo,0.0596287
438105,0.8233587537677538,1.562467459362293,2.648031338757,Apollo,0.0186202
438107,0.6863773219489058,12.6474597982104,2.51391164736098,Apollo,0.214727
438116,0.9074213173676111,36.50551506635711,3.2992171471041,Apollo,0.122977
438317,0.2719976762636514,23.894892452032,2.23453616424802,Amor,0.293976
438429,0.4510074214842377,4.014686576956301,3.04400402867966,Amor,0.160315
438430,0.2409516838196689,20.39084299615258,1.58247571047196,Amor,0.159947
438452,0.2440248959883821,21.01211774965716,1.85548255288898,Amor,0.313344
438661,0.2931390546755118,17.72383483700017,1.3292271377947,Apollo,0.0478077
438897,0.2215401446659052,32.78800262606354,1.62129058888995,Amor,0.174222
438902,0.6559375616292613,16.97015664194296,5.41408599902866,Amor,0.278314
438908,0.5433820726613342,0.3485009056181161,2.53496081733429,Apollo,0.00188448
438955,0.4744920257127252,1.467364731461715,1.23942251823802,Apollo,0.0180512
438990,0.7485169066933287,33.79759593169118,1.40167593887621,Apollo,0.064053
439313,0.5437024817003121,9.930971728852848,3.06990134395685,Apollo,0.0493948
439437,0.5499304138304714,6.547400408663769,1.0342713832179,Apollo,0.0148474
439854,0.3071831920972685,31.75765736840054,1.94529311042879,Amor,0.130481
439877,0.3692233600913615,21.62275571718801,1.374337133982,Apollo,0.034969
439889,0.4579950747585824,6.121297447539594,3.01792761883109,Amor,0.115691
439898,0.2454296319272586,12.00045686903612,1.87695628655029,Amor,0.162605
439908,0.2252127087165345,16.94678745773865,1.88442490437984,Amor,0.31138
440012,0.4539265969220336,3.09825972017524,3.21911409151612,Amor,0.184101
440212,0.4301792721999148,3.442042703122066,2.17946875814961,Apollo,0.0116201
441058,0.8110018416130658,53.24774302194145,4.06089729991543,Apollo,0.469226
441103,0.546450073812831,14.10570790639982,4.09557982959794,Amor,0.195186
441304,0.1024188118196992,2.664089530285057,1.64743905998383,Amor,0.268698
441641,0.5624674364201393,8.19776754987235,2.81878160188996,Apollo,0.0135207
441823,0.2383248531406895,8.555143220663219,2.01598553827474,Amor,0.204444
441825,0.2229546773458454,30.81552208603865,2.04498419526343,Amor,0.404562
441952,0.5869800693200143,4.713532323215084,5.44823642871289,Amor,0.299613
441987,0.3701373271117372,11.54366168918306,1.00543135752106,Apollo,0.018476
442037,0.687405847256398,17.60360837183801,5.01046078105676,Apollo,0.0025698
442177,0.06315963381679986,38.95149951527175,1.31468398066792,Amor,0.142173
442243,0.4962775217013262,16.16044815839819,3.95519610900269,Amor,0.277262
442523,0.4250913309307046,6.714593380474856,2.15121985880905,Apollo,0.046442
442559,0.3156543915290431,39.12949494373802,2.13489375978605,Amor,0.252461
442605,0.5437092608183854,14.69735682439382,2.82265402381943,Apollo,0.163111
442609,0.5142258665103202,18.97009124038275,3.26473612252632,Amor,0.0892924
442742,0.38418582031237,22.56789468570957,3.04314475360044,Amor,0.348005
443103,0.1921699156407879,21.46965915069462,1.05278820451162,Apollo,0.0124589
443104,0.2032296299062752,6.993559772148989,1.06921788246628,Apollo,5.17994e-05
443806,0.2477851373702149,26.38477857290115,1.41443206416455,Apollo,0.0397458
443837,0.08083575510752855,39.53895792970438,1.2500600706455,Amor,0.0977658
443880,0.4265434777362859,12.67339358713493,2.33502922271899,Apollo,0.0292203
443923,0.4825620984939594,28.89787089998157,3.21326604009578,Amor,0.247959
443972,0.1357961537994679,19.22911242996005,1.71507863290189,Amor,0.292526
444004,0.1744203350054619,17.21611094019638,1.10735677795582,Apollo,0.0218028
444185,0.4988183500689184,3.262663551749103,3.30945918137873,Amor,0.103391
444193,0.1944135556502934,24.83249132952998,1.10614418478936,Apollo,0.00227905
444584,0.5389702040599059,4.745011991977362,1.82606089175121,Apollo,0.0140298
444627,0.3552175384526231,2.904866698700184,2.39198906163012,Amor,0.15777
444628,0.2406362959443786,14.41195912580437,1.791519392656,Amor,0.118266
444935,0.4334395439146129,3.346495834913438,3.24709856260749,Amor,0.235609
445025,0.8092266571409269,13.46982274515334,3.73730090046703,Apollo,0.169954
445267,0.4097888750414429,8.123947197380563,3.04375638174638,Amor,0.222885
445305,0.2926019334394395,25.59928397596993,1.49308701468538,Apollo,0.00703251
445775,0.7592241194042888,5.19296040140024,3.06963473963242,Apollo,0.0504143
445830,0.4411145375981341,2.866427312254455,1.95116862582578,Apollo,0.0114436
445974,0.3637766504065807,3.710953742069957,1.79664937681008,Apollo,0.0256852
446789,0.2355593932957439,14.62823333809661,1.65033943933045,Amor,0.0939229
446791,0.7055169277321398,7.302631237296986,3.34572738559147,Apollo,0.0277398
446804,0.3705420204406797,19.47542998645611,2.28193921078326,Amor,0.167656
446826,0.5936069006805282,3.45974084283415,4.62600569500248,Amor,0.128517
446833,0.3813456348731844,6.611808706360867,1.07908668956331,Apollo,0.0667829
446862,0.3482375396134211,4.236339748502515,1.76144712528631,Apollo,0.042472
446924,0.4366142518911583,9.699325301259638,0.766540148381338,Aten,0.0875757
446935,0.4829475891530788,21.63703445274602,3.29866549720386,Amor,0.279988
446938,0.1235542786257565,15.54642334997157,1.45981673932856,Amor,0.228976
446955,0.2898699515201901,43.46625342177797,1.72538179010093,Amor,0.200295
446963,0.4467356167267402,4.382781691484595,2.9791915918802,Amor,0.128645
447221,0.1503432340973301,19.67949538734137,1.25127720489105,Apollo,0.0988455
447655,0.1427528337073607,28.22502326124028,1.82355599241105,Amor,0.422161
447755,0.5262265938788859,4.205157402890187,2.23447045822492,Apollo,0.0322905
447795,0.5073949959239749,2.274290999309207,3.95356055961892,Amor,0.213785
447903,0.5996736470649816,10.64825304025787,2.2032406478608,Apollo,0.150282
447977,0.5384785042726304,24.96151276586042,4.16596287133925,Amor,0.282175
448003,0.4133883136454439,14.75604961315354,2.24519105640728,Apollo,0.00701916
448628,0.6530875075938574,22.15335044429105,1.38775158028399,Apollo,0.230029
448721,0.4123291473824464,3.93471727302489,1.91907146020669,Apollo,0.0156505
448724,0.3047007944726987,17.12291379368752,1.91358502091809,Amor,0.0573665
448818,0.5247936919762233,21.97914905771041,3.91660248247437,Amor,0.260489
448972,0.54531054981897,5.966562646090713,4.7942176713257,Amor,0.301261
449074,0.2625160217458056,39.52428601553173,2.14288113928809,Amor,0.465499
449089,0.6319017072293883,12.6071389373914,1.5142470961971,Apollo,0.185954
449107,0.3899038051442413,15.72187407169752,1.5843914799911,Apollo,0.0701613
450142,0.5418061808767987,1.789905808925184,2.825138978943,Apollo,0.00818255
450143,0.4660314022384489,18.17748786005847,2.30788524089629,Apollo,0.175294
450159,0.7024904092885029,9.444665506690995,2.6402063578418,Apollo,0.0962494
450160,0.6674427296867208,57.25447532902187,3.79516576695267,Apollo,0.1549
450185,0.2440562698992438,27.33362499987009,1.73839312342691,Amor,0.210216
450203,0.2886346066492197,19.97381553392838,2.15028559258648,Amor,0.216611
450237,0.2176759602313167,2.121380193274862,0.869917400607879,Aten,0.00287023
450238,0.4267086155976406,25.61812680560178,3.19699303969854,Amor,0.311804
450259,0.4532361961480043,17.7984190366853,2.41555100235033,Apollo,0.191205
450263,0.4091625726199706,16.72794854648401,1.70351654297836,Apollo,0.0458033
450270,0.33273438556562,18.72495608626371,1.71296129593724,Apollo,0.0231838
450293,0.2756587184096395,35.34372493165944,1.36637309613196,Apollo,0.0106967
450300,0.3378066329126648,6.247433756270075,0.913912678697,Aten,0.013801
450648,0.2818234316267572,16.66794663075312,1.78737176896496,Amor,0.080233
450649,0.1573435456628986,26.21634634883372,0.899186666088489,Aten,0.0539537
450779,0.356451267328148,48.28437861855582,2.74020330276504,Amor,0.272177
450894,0.5946032883653721,8.145571138754706,3.3063583066355,Apollo,0.0133489
451003,0.4636026015778093,6.481355237368255,2.24592559095365,Apollo,0.0500769
451124,0.6983714895607268,10.00821782548867,5.75067877310189,Apollo,0.00649061
451157,0.2796641741664131,4.017817943888305,1.45611041059401,Apollo,0.0376732
451217,0.6106271752152138,14.05779342344254,6.03535802140262,Amor,0.379967
451297,0.4960031069423521,30.79258110786372,2.49584612770289,Apollo,0.0110651
451370,0.2308738463432729,5.522796500265006,1.29467080823246,Apollo,0.0382368
451397,0.5438130838030013,17.94361620933179,3.69957466481371,Amor,0.0732301
452302,0.8268018502635442,3.581749024213511,2.21297995424193,Apollo,0.0140185
452307,0.3179601027336151,44.27320645597315,2.55115591572775,Amor,0.582292
452313,0.5816518504730217,20.49663330404145,3.42531089645996,Apollo,0.160271
452314,0.4674523505738781,9.202669300081698,3.13754408946902,Amor,0.12506
452334,0.1889827389375179,20.7987239328831,1.37409648064291,Apollo,0.0710241
452376,0.493651841841174,16.54618998697102,2.33473017687668,Apollo,0.0481153
452389,0.03013889699948199,14.16397312814371,1.16726320398303,Amor,0.0661185
452397,0.343465452707145,8.784504832147325,2.58130362809337,Amor,0.28694
452421,0.5098292754745934,24.48105135384671,4.28307864019988,Amor,0.52265
452474,0.4873368669334686,34.11850949472253,2.36674590736502,Apollo,0.227628
452561,0.6550086417409148,8.152491045073772,5.77414523735032,Amor,0.17021
452639,0.8728176836187547,12.21863674265489,3.37219259269229,Apollo,0.179799
452807,0.2726970019970243,3.5539750966277,1.23311862762658,Apollo,0.0134941
453100,0.5065968363132852,29.23094725854391,4.07969395733676,Amor,0.506473
453309,0.331983155997309,11.57909730099254,2.31569737554732,Amor,0.234879
453563,0.2775844521681399,10.02472878748314,0.742579214707391,Aten,0.0108696
453687,0.3091450353251928,19.9750627067785,2.43407915418327,Amor,0.298663
453707,0.2287436432218669,31.48215608398871,1.20626407804609,Apollo,0.0474217
453729,0.2779940260895179,20.36709239560454,1.62220134972996,Apollo,0.021052
453778,0.4646038809838977,6.695789004096129,2.64077961722664,Amor,0.0216103
454078,0.4892664986123801,24.99999836896813,3.35229328980055,Amor,0.208581
454094,0.144746899303745,11.85017730698627,1.02258838979202,Apollo,0.0241667
454100,0.4183671818447369,4.543246160553259,1.53597703826963,Apollo,0.0179567
454101,0.6289108457902719,6.849302088337335,1.53114066477371,Apollo,0.00204754
454177,0.490744327641732,41.20267239202515,3.12604642142166,Amor,0.181324
454266,0.2910621048202794,19.05101923926077,2.33289330458858,Amor,0.283968
455146,0.4245611404999087,10.1119936821887,3.32302006573854,Amor,0.286474
455148,0.2927013929041248,5.212720868435378,1.37947079476177,Apollo,0.024135
455157,0.657781247254386,3.850236649656176,6.01705630150189,Amor,0.150023
455176,0.7386960587690714,3.918448100658617,1.50405795535113,Apollo,0.0342642
455184,0.5666296993561851,13.77900555171356,0.763031816214275,Aten,0.0359861
455185,0.5827530391527087,24.25775838694289,5.37013256749857,Amor,0.363351
455192,0.5767232755559362,2.682944324913067,4.89134162034584,Amor,0.232546
455193,0.3245523229146977,35.30962241313665,2.47947781678213,Amor,0.400483
455199,0.372932319258805,26.05601085477768,2.15181593182407,Amor,0.168492
455213,0.4730643401675357,9.354239899500373,3.44020123249687,Amor,0.206878
455299,0.5802218913977882,9.527603098617535,3.48683676055107,Apollo,0.0453506
455322,0.5947057828586666,2.986295796837972,4.19551857926055,Amor,0.0671394
455407,0.2360005436869627,36.100290738639,1.86058632870078,Amor,0.302072
455415,0.1912697730647132,3.842487636168188,1.45085361198679,Amor,0.0601412
455426,0.9223324112340372,6.833539075455204,4.03291955385948,Apollo,0.0538176
455432,0.3662857813729139,31.23331248215529,2.28211602231494,Amor,0.102106
455550,0.5682488992713735,18.75835961134454,3.47108434133744,Apollo,0.112126
455554,0.7048324074186966,11.1235792665626,3.73538477590273,Apollo,0.122313
455588,0.2440831076238965,17.46168669633364,1.38289721044517,Apollo,0.104712
455591,0.4491346577673744,7.542384898249042,3.60462442179694,Amor,0.319761
455594,0.6583436197467206,41.17362656302868,2.33314535714585,Apollo,0.0920288
455659,0.3563167724809078,10.67398371752027,0.925023800541033,Aten,0.150548
455687,0.480277669260891,14.19279307895032,2.78090437552154,Amor,0.036787
455736,0.3733307020389995,32.04097485277546,2.79152076373645,Amor,0.431825
455795,0.6540043163996925,10.10991645151592,2.72705098947768,Apollo,0.130757
455956,0.2753136064195876,22.41564282855756,1.09729984346737,Apollo,0.199961
456051,0.598019064915212,10.45444541928211,3.29589833547853,Apollo,0.0663762
456301,0.4809836973940845,21.51292626735152,2.55342993173895,Apollo,0.128352
456536,0.3097145703491532,12.81070284099181,2.21331994550489,Amor,0.200524
456537,0.3305585431377029,12.75374052794974,0.698027084658235,Aten,0.0523123
456618,0.3965826205416921,23.26939644284267,3.0637865686093,Amor,0.450395
456651,0.3767945420156391,24.38457303564947,2.54152532660553,Amor,0.381139
456863,0.3753925509583552,16.81782082312889,2.56979325051251,Amor,0.312683
456898,0.6711020058936771,16.11063703373998,3.68090452027922,Apollo,0.14764
456938,0.6220232571479053,6.243520494705276,1.97991823648912,Apollo,0.00487706
456946,0.1107524601143938,27.18374980983149,1.33199994017265,Amor,0.184403
456973,0.4711632214430135,14.14630949456235,1.99946423985721,Apollo,0.157373
457059,0.7389915563234501,26.78675698733866,0.915504951576486,Aten,0.253406
457212,0.1774454505071516,16.81405307076983,1.64632563807966,Amor,0.274696
457260,0.4599620572348017,4.383763143312659,3.300726102994,Amor,0.217889
457647,0.7133076400335734,21.7526995228059,3.45888988124119,Apollo,0.311916
457662,0.3021578084888845,14.11432935141487,1.75243072371579,Apollo,0.0433441
457663,0.2853766555302489,7.861449185244227,1.73120956493961,Amor,0.0587624
457768,0.5245336674787227,9.140056597038893,2.70441399259913,Apollo,0.0109898
457912,0.4391832023647199,16.98591845442584,1.4469737770734,Apollo,0.107105
458062,0.5629444339611429,32.00775601775725,1.40220557335159,Apollo,0.469485
458116,0.5657169038389709,20.53875379186376,1.0458960908155,Apollo,0.00515628
458122,0.6691593448119194,2.11560978925108,2.97347211635991,Apollo,0.0190544
458135,0.467703977671141,21.61187199970663,2.97112608435246,Amor,0.223011
458198,0.4074180246199492,2.264957663476904,3.08389435353486,Amor,0.242069
458368,0.2852382240592724,27.02447038711033,2.41108939497713,Amor,0.455946
458375,0.135544740569298,5.983857424461698,1.63028032193908,Amor,0.231964
458418,0.5375532416102952,38.49834388882866,2.52545959277771,Apollo,0.0069313
458436,0.6362542473199966,13.44475868078763,4.69126294824046,Amor,0.0387386
458452,0.276918891108417,10.22575187320885,0.81640980771465,Aten,0.059263
458723,0.5023159075008248,19.28924130478469,2.43629054839897,Apollo,0.0425806
458732,0.6024873028925264,10.54945713816448,3.91829813509913,Apollo,0.0610925
458745,0.5146567640005767,7.570575876417147,3.92017096617444,Amor,0.260012
458964,0.2877054916025471,15.87206746659498,1.9476699043335,Amor,0.170411
459046,0.4870434582931241,12.50018091321127,2.01765521348527,Apollo,0.141212
459119,0.8332288887042457,21.30017115104886,3.38618157075253,Apollo,0.15961
459200,0.1654415823463843,6.266750909195846,1.38573828331016,Amor,0.0668302
459386,0.5715001853139929,35.84701861646419,1.96452380960982,Apollo,0.184514
459451,0.4962904208514401,17.61497489974111,2.48456563522552,Apollo,0.0709683
459458,0.7730228039129222,11.98751375287635,2.85569760676863,Apollo,0.195441
459462,0.4743455383994096,18.35412443039533,1.50653534012025,Apollo,0.0813293
459683,0.4529960027405148,2.996707958707732,2.14270062949163,Apollo,0.0322337
459872,0.07005884563411936,4.803239069517552,1.01343554603761,Apollo,0.0306221
461353,0.300769881638325,13.05343604185668,1.01505971561673,Apollo,0.0493067
461365,0.454346473454484,11.3906987113344,3.22584986372167,Amor,0.209471
461397,0.5286306995329652,25.26151103498469,3.43184183269355,Amor,0.135513
461501,0.5677003276080627,4.321773854464752,4.38697072381399,Amor,0.162782
461852,0.4959709383277272,30.51869485030311,2.53387756543016,Apollo,0.00841882
461912,0.6503551426870634,8.582461470490548,4.42835439913961,Apollo,0.100523
462041,0.7630264490466773,19.6399590857181,4.34872769604755,Apollo,0.179588
462238,0.3477553141312881,7.21726444455704,0.676461207282247,Aten,0.0335952
462329,0.5278397581672976,25.46282975762384,4.15533399122226,Amor,0.488701
462550,0.7236034880067,21.50318654332702,1.0989044930591,Apollo,0.011864
462559,0.08074703936925814,29.38874663495929,1.38374286305147,Amor,0.194733
462736,0.78550970224137,59.92023193718256,3.3160010338758,Apollo,0.522638
462775,0.2342452593087999,21.90750744970063,1.45937165767196,Apollo,0.0926233
462959,0.3178981129924259,2.922548849804512,1.26821720744748,Apollo,0.0177412
463216,0.511321679935112,28.21201038433656,4.18409194149812,Amor,0.434551
463257,0.3313457458046288,9.986358036067658,1.98957461615803,Amor,0.0813591
463282,0.7404736229942289,28.24237124512558,3.88598712500678,Apollo,0.277487
463360,0.334024399677161,11.2157332237858,2.06357520742972,Amor,0.205886
463380,0.4058722536572752,28.70521757616149,3.07384187102208,Amor,0.305118
463387,0.624796051215673,1.79833560140872,3.00841526533364,Apollo,0.012895
463664,0.5928793567033155,19.9593665581103,2.08542037171512,Apollo,0.202239
464639,0.3995937449871829,3.579165632193885,2.48813592646971,Amor,0.120054
464797,0.5308487123874157,52.63287321627622,2.40249435007153,Apollo,0.227482
464798,0.2656796530747692,10.53491909467477,0.85611212933218,Aten,0.0947343
464885,0.267736196626873,34.89798757357806,1.81801633210026,Amor,0.176445
465098,0.5895400020302374,22.21891879276813,5.16993442607122,Amor,0.350295
465166,0.2758229082117697,34.32541894331366,1.8312197356183,Amor,0.197022
465402,0.9600469793113228,10.46619209673383,4.15803085072128,Apollo,0.107395
465616,0.3650039066157046,37.64188485783735,2.35121438769069,Amor,0.203353
465617,0.2290856438602473,9.124667256233026,1.38226114958766,Apollo,0.0326352
465633,0.351307954667653,3.950971334997432,1.40110050406535,Apollo,0.0246913
465749,0.5832286211262269,28.78561368376008,5.40624134898923,Amor,0.343231
465824,0.3654878607091084,14.24375475768723,1.20360927782629,Apollo,0.0055354
465826,0.5469054711361943,7.684380330085862,3.03569310715838,Apollo,0.0479014
465853,0.3231721055823355,33.10149802390418,2.0793959637321,Amor,0.27927
465892,0.6605674188410178,25.43387822203445,1.99258656367225,Apollo,0.020561
466053,0.3769277720169655,24.56578932421758,2.55474863795604,Amor,0.164037
466130,0.6103866606210456,75.64384642812449,3.91100478682124,Apollo,0.0296395
466191,0.3566708481177729,25.11922444298257,2.19237634522019,Amor,0.0882014
466507,0.5034379474265726,26.95721756244954,0.963581239511101,Aten,0.161873
466508,0.4184268916150097,39.61421686012204,2.04259522270962,Apollo,0.0248088
467309,0.5180821193312285,4.766583198324147,1.90031877337302,Apollo,0.0404599
467317,0.4689384537143578,4.153602005348292,2.72064671075434,Amor,0.0288114
467335,0.4828789635894875,10.4876832049989,2.79913529216025,Amor,0.0874878
467336,0.3136824646549002,6.176151543515054,0.777093953136104,Aten,0.0338645
467347,0.317709159030415,55.82850594090535,1.62941101241047,Apollo,0.208968
467351,0.5108003078636103,23.49140806124217,0.620791652344324,Aten,0.00032026
467352,0.330844858700466,23.89087120329392,0.924706971180057,Aten,0.158318
467372,0.8967247800410934,71.17059874011287,2.9669920042827,Apollo,0.51818
467460,0.5818942758506792,5.936108821093043,0.550313578400125,Aten,0.00367626
467475,0.3503006127180662,22.02511289198939,2.5874058406534,Amor,0.226687
467527,0.3808945184287986,8.719078054410986,2.26940634264653,Amor,0.0574634
467609,0.336755141060868,15.29249918242143,1.29769547939015,Apollo,0.224056
467835,0.2422323125467944,26.48006487933297,2.04948354557398,Amor,0.385172
467917,0.5696622820304666,15.34475750069019,1.38970711921889,Apollo,0.145106
467963,0.6163859118283815,14.31771481706068,3.90016060150879,Apollo,0.103874
468004,0.2346101208746404,19.06391706449424,2.1967864375405,Amor,0.402326
468005,0.3657696764750998,3.722123794394323,1.5220785690188,Apollo,0.0147385
468117,0.6382375733904031,21.7728330557678,1.92309637690258,Apollo,0.365629
468446,0.2837363623574969,25.61015426836785,2.39426380571831,Amor,0.447777
468448,0.5272072906276641,9.56624154287142,4.31322628695687,Amor,0.241893
468452,0.4706892478477234,8.250599407424662,3.25966398554688,Amor,0.145718
468462,0.3851243764133085,25.65025040455293,2.22860262231358,Amor,0.191321
468468,0.4981291786134629,22.13237706435764,0.600994302095808,Aten,0.00469974
468481,0.3509912811226228,25.37320643817205,1.55815740671513,Apollo,0.116734
468540,0.6051885308863786,27.2735049817091,0.767937052531063,Aten,0.22737
468541,0.4577080543673154,11.8556826843257,1.31090273888142,Apollo,0.204931
468583,0.6815421895617482,6.374819476229815,4.42352720165189,Apollo,0.0621717
468681,0.4529619209417812,5.960699909911269,3.51568150777276,Amor,0.252382
468684,0.2828921189308817,23.01168650016153,1.78818925850385,Amor,0.224112
468727,0.437026999660813,16.90909136169699,0.859775423488971,Aten,0.0355434
468730,0.2441136689295626,33.62808763587765,2.0155371285904,Amor,0.324421
468738,0.4449114028750942,4.720971506631848,3.06242101578556,Amor,0.162836
468741,0.4429781962822733,5.826603782467004,3.05288959470697,Amor,0.175613
468813,0.2597521107264187,5.755120446363152,2.02928343799317,Amor,0.176482
468837,0.2651855622839518,6.275491573578658,2.07711863382866,Amor,0.203013
468909,0.34639501767045,39.46341787038985,0.970118037202917,Aten,0.292247
468910,0.423316329511006,4.770879668323605,1.01132647421838,Apollo,0.041382
469219,0.1023678916441888,7.803080175783069,1.00148395129097,Apollo,0.0292138
469356,0.671956186534052,6.55739847749816,2.67172150976993,Apollo,0.0784334
469373,0.4752145683349681,15.65442440966383,3.71940597467331,Amor,0.320278
469445,0.4958087399948634,0.766091548323261,0.611077821918882,Aten,0.0113761
469494,0.3381876104297717,11.62858198850809,1.83282788943031,Apollo,0.154755
469513,0.3055419339278261,17.16478224573027,1.44563451756712,Apollo,0.0692745
469634,0.3026502831679156,26.22546196977719,2.40805042012063,Amor,0.247974
469722,0.5476704210751796,23.6300221177206,2.75161264267147,Apollo,0.121658
469727,0.7271460862567849,33.56497407118401,2.03182421312323,Apollo,0.494834
469737,0.4833829654214192,6.07167412035326,0.687876944532805,Aten,0.0533731
469896,0.486568333864526,19.98102526023464,1.65743102551396,Apollo,0.0139632
469929,0.122394698818788,28.94897336071459,1.24448020345734,Apollo,0.110504
470004,0.5857727765410572,39.29342836370975,2.56866156535942,Apollo,0.157261
470310,0.3952184393579536,25.19395059394975,0.90890311732207,Aten,0.00786104
470510,0.3389838471150179,13.3144307082811,2.31126954951712,Amor,0.197042
470585,0.5180840834505195,14.51419380337745,3.86105793057591,Amor,0.193288
470594,0.2477260149964513,37.2262413088587,1.61488196567403,Amor,0.139507
470678,0.5116345887971278,4.097941604876677,4.01535897416368,Amor,0.23086
470864,0.1725873204486674,12.60133139547918,1.70853121111494,Amor,0.255321
470909,0.51275401236378,26.3056766034558,4.25588873399882,Amor,0.531879
470951,0.2912990928206343,44.9992364121813,1.41904804861367,Apollo,0.0901961
470975,0.1790713812005377,6.841388503277618,1.42261239922337,Amor,0.0543527
471034,0.3288972812601721,17.45657341712138,2.43985727958965,Amor,0.333611
471083,0.2468934931690326,14.0147534066778,1.45764517574536,Apollo,0.0629557
471108,0.353609604685803,19.99130067132814,2.40953237894968,Amor,0.368044
471240,0.3024536401752326,1.661860445402827,1.47017456214758,Apollo,0.000512374
471241,0.7321251910030381,14.69517603698029,4.85072054407215,Apollo,0.0373464
471323,0.4937119872664124,23.65791881572198,1.26520390490394,Apollo,0.0446639
471487,0.4218803529487196,9.111567059709579,1.37818032270489,Apollo,0.155895
471926,0.850843672087146,23.54206938332101,1.77449651214349,Apollo,0.0502458
471956,0.6485861896854078,10.15914660759859,2.03197207765269,Apollo,0.0727849
471984,0.2255920516065767,3.356631600948643,1.03955231486965,Apollo,0.0233821
472263,0.4864166122310514,21.08680422779501,1.05467586559914,Apollo,0.0938887
474158,0.1327459281816653,12.0290211176591,1.11969891243259,Apollo,0.00524153
474163,0.06450672390692673,13.36940496379712,1.13030018074337,Apollo,0.0130599
474179,0.223063384642511,27.97084631945897,1.31051924739227,Apollo,0.120359
474223,0.3476976557084145,39.96807427262902,2.10715202626782,Amor,0.282118
474231,0.4984626001020769,5.426937645562965,1.78160165490386,Apollo,0.0470984
474238,0.2406497988936952,13.88750211175186,0.93829948861712,Aten,0.108254
474425,0.333863977264767,33.6823431731717,2.32430983027965,Amor,0.428641
474451,0.2783201010989066,14.0851749862598,1.44397311526745,Apollo,0.0698074
474474,0.4250925273372301,6.178247625838909,3.27409516982148,Amor,0.285152
474532,0.5810409012195524,8.889306592317297,4.40554478272383,Amor,0.173732
474549,0.602944287523547,32.53521767424802,3.23211104270621,Apollo,0.0861941
474554,0.6181654655770191,8.530990184481242,4.32173436463861,Apollo,0.139094
474574,0.2849840217388024,24.17131713783359,2.31758074818546,Amor,0.26615
474585,0.3113617312782471,55.02777248889407,1.63384450178452,Apollo,0.0677953
474611,0.2377947244647099,18.69287129983598,0.805677297565269,Aten,0.0545066
474613,0.5310143537125972,12.54072198656588,4.01306871170655,Amor,0.197278
474674,0.4921992626500929,26.65504483003453,4.07503543634565,Amor,0.52008
474706,0.1991524359345537,28.27728848624064,1.81822320180754,Amor,0.235132
475016,0.582593527938056,7.703566844223843,1.56984210293287,Apollo,0.00185697
475354,0.3610828448294349,44.30038158248993,2.37323466816927,Amor,0.256377
475462,0.3952787936880968,9.017063321628155,2.48305203321851,Amor,0.163488
475534,0.5802934789003668,5.502000582935413,0.921120456346243,Aten,0.0152634
475665,0.6142037772152908,4.676268791820823,4.98595142619304,Amor,0.137422
475950,0.5487536393669521,9.852626365608545,2.86495908860908,Apollo,0.0691247
475967,0.5878226168761693,25.39940116880127,5.37289363948914,Amor,0.385328
476093,0.7099203401879889,10.46929529704388,2.97621083042442,Apollo,0.136292
476187,0.4253892018112539,29.2971211409754,1.25761236276906,Apollo,0.29322
476438,0.2172157231275474,21.34694303286349,1.95353782463835,Amor,0.344169
476601,0.525150176361616,29.611635151645,2.07270836956389,Apollo,0.0257734
476904,0.3786348202728472,15.4556740105313,1.64911105016369,Apollo,0.0703125
477051,0.5073404518777848,14.63505579660535,4.1697718229823,Amor,0.403552
477162,0.3292449800573844,30.33166901068023,1.72136074302058,Apollo,0.0401794
477248,0.2784287385989108,24.93584615223951,1.7929868704351,Amor,0.0667477
477327,0.7056002711198224,10.17602401144928,3.43265158542697,Apollo,0.0796726
477465,0.5338096324160612,8.16042896666369,0.79167485791016,Aten,0.0422188
477490,0.2260541571650448,10.15477481860886,1.72550851062861,Amor,0.129307
477491,0.5787229499217017,20.75475726833356,3.39216237867159,Apollo,0.0721057
477492,0.1864694466085255,61.93745496198677,1.95461459826309,Amor,0.3694
477519,0.2452996041160161,34.84431437411994,1.39742029914039,Apollo,0.0265479
477524,0.04405073242834003,37.54191017809447,1.44446922783567,Amor,0.224552
477588,0.6395246249075348,24.62237986258798,1.70589722923594,Apollo,0.284114
477719,0.4760764942338123,0.827979508983962,2.99548649584306,Amor,0.0910037
477762,0.4943368992975768,11.84752117142208,2.95692670368056,Amor,0.0622645
477885,0.5185451505111962,19.05129744645749,4.42465320736726,Amor,0.281488
478574,0.381609065191334,32.66571179458743,2.03966670048963,Apollo,0.00664227
478784,0.1396500751375273,2.10182335243674,1.0131578858218,Apollo,0.0118237
479325,0.2526706151446929,18.77328630015364,1.54051851067589,Apollo,0.119775
479345,0.3726171136297778,19.82549532042481,1.55540949788619,Apollo,0.134766
480004,0.54624955535875,32.23739999791213,3.61039187890453,Amor,0.217174
480808,0.5261839768283243,28.16952520639342,0.549506325363104,Aten,0.0359038
480817,0.5021491471672492,10.3928723244278,3.55292694031232,Amor,0.16861
480820,0.4437625684650814,23.74767087796312,0.784775690103969,Aten,0.0365858
480822,0.7195662602681575,3.432068565602802,1.794655785885,Apollo,0.0465856
480823,0.6203016266888534,8.340639021067565,1.38114146718771,Apollo,0.128402
480824,0.4969037610630545,27.8146952429466,4.14956705149,Amor,0.486782
480854,0.611124539053099,19.87886770680347,5.34854686437134,Amor,0.385843
480856,0.4036842280630832,24.6028118891704,2.8654119422236,Amor,0.186825
480858,0.4548944430095002,7.180199240666668,1.77903679865914,Apollo,0.0287207
480883,0.5404289966067984,4.853064468912513,0.556886101218993,Aten,0.0311966
480885,0.5027978647167933,26.61405035930037,2.10408039102733,Apollo,0.0747001
480922,0.3593385209787453,21.53076555090275,0.933304851543316,Aten,0.103396
480927,0.7960136638032901,19.92694863883574,2.70861461038813,Apollo,0.320678
480934,0.5391751355936022,1.25730259315952,4.66892970070356,Amor,0.287789
480936,0.2201378515429114,17.61896822685274,1.41367455192532,Apollo,0.00531814
480984,0.4309220242601483,2.653639429053631,2.61080040341444,Amor,0.0922252
481025,0.5124103550647402,14.9035244987205,1.07799901994526,Apollo,0.172372
481027,0.5710661903626981,2.751461069624102,3.81578559448325,Amor,0.0578634
481032,0.6771728546121959,56.16351673109361,6.32894985259956,Amor,0.314633
481052,0.2623931002462702,22.47493509682227,1.72926631303274,Amor,0.0559116
481127,0.4160490181444915,18.99980204768793,1.10435983233275,Apollo,0.124765
481327,0.2456943864355136,27.16007050112978,1.58961583918113,Amor,0.0486148
481381,0.5909415071142857,26.43826794621893,4.84839272529763,Amor,0.310987
481394,0.2805352479164701,5.839781341281371,0.926194350532829,Aten,0.0190927
481442,0.4474704158208555,21.2148889286894,0.715170374500766,Aten,0.131879
481457,0.4250498100891457,3.560936966279417,1.42561204410845,Apollo,0.0180858
481482,0.8221142602262747,9.622133729374465,4.70015976540656,Apollo,0.0192727
481532,0.5157903030345272,29.55439680270021,2.49252681646711,Apollo,0.0447363
481542,0.3834907997483257,31.91407764233362,1.09777585187879,Apollo,0.208397
481543,0.1118419248205678,9.839555208399132,1.47771630636799,Amor,0.1758
481775,0.4837315092951872,6.488370806277843,3.79785639739606,Amor,0.250718
481790,0.3198403253027384,24.06298535213796,2.60640688979422,Amor,0.42307
481817,0.3798992192764836,24.31060025324055,0.579429853087537,Atira,0.0265858
481904,0.1481373614039188,19.47641043368913,1.61170313600741,Amor,0.264642
481918,0.8302795786571149,20.98845176321751,3.97654312812549,Apollo,0.263251
481965,0.4542647083415943,12.50691591511708,1.16384250072752,Apollo,0.199111
481984,0.4693100895392536,9.455389547505307,3.26318948096717,Amor,0.16281
481985,0.4872826573698245,17.9280812983178,3.35008000163305,Amor,0.349357
481989,0.4978070974649456,5.048809749972029,3.45562913954511,Amor,0.155216
482049,0.1895564532209084,59.90322093000556,1.70606762099974,Amor,0.167786
482054,0.3769739728486317,15.97579877265425,1.81636956653765,Apollo,0.145714
482055,0.5500865357174557,43.35499745982327,3.461619803554,Amor,0.21033
482111,0.2179428489620711,39.52500022570303,1.76118502066399,Amor,0.205311
482228,0.3724950723952583,12.45726428273749,1.99151230707204,Apollo,0.150369
482234,0.1626592974692053,4.531125932700531,1.518018669487,Amor,0.11667
482244,0.0517516829909466,16.20593393762544,1.50807469098869,Amor,0.294929
482250,0.09640692830080423,24.67642682754245,1.20770080370763,Amor,0.0130939
482344,0.2819164989030398,18.39149527486095,1.57161998614473,Apollo,0.0423988
482391,0.3634827640853049,6.168004413949916,2.51712267940038,Amor,0.204352
482467,0.6197535698441765,10.13775097790169,3.97886785383501,Apollo,0.0469645
482488,0.676645487786037,10.08315010919037,3.87583249061035,Apollo,0.0061468
482505,0.3835453028297452,11.38026799214588,1.31599397629913,Apollo,0.0828946
482533,0.8016713623525032,19.78334621794619,0.696739269558767,Aten,0.0885246
482562,0.5065663530682797,9.719170253484092,1.93149682333542,Apollo,0.116692
482566,0.3075404357839213,4.291835415530927,1.32301313570248,Apollo,0.0592427
482650,0.4945988308731198,28.8833756622464,2.07446674855867,Apollo,0.0215638
482718,0.1799634586054114,12.31700274640488,1.38467429569756,Amor,0.107474
482766,0.4980554465486177,10.01436333167997,2.75795509243363,Apollo,0.0131178
482796,0.4250513484866881,18.1509472285892,0.939513142839518,Aten,0.0252941
482798,0.8297682866239052,18.96917105776862,1.99656419629359,Apollo,0.0258186
483408,0.1570859525461324,32.00542977841269,1.86412751287399,Amor,0.364158
483422,0.1667570815489774,12.26479611306275,1.21328007800395,Apollo,0.009066
483423,0.6821908290992444,3.460678724307074,1.70948415485198,Apollo,0.0136118
483432,0.3707520369471923,18.4729844484519,1.33963123541213,Apollo,0.0182595
483453,0.3352304110434948,19.86625227216737,2.44997431532831,Amor,0.332767
483459,0.1414007234236988,31.75830207007855,1.2493759659837,Apollo,0.0510265
483468,0.5959971529786319,24.3186256748504,3.56238048426341,Apollo,0.0699981
483471,0.6969529517868677,8.854971653247272,2.38259437783082,Apollo,0.126135
483472,0.4336089826648471,15.0058300360427,2.29792697730946,Apollo,0.103869
483504,0.4406057648046111,11.79582100845359,2.35086333597374,Apollo,0.0788067
483506,0.5374504673443502,24.45038424487044,4.56999643656778,Amor,0.533754
483508,0.4628586361593616,12.72458975501362,1.75087262189556,Apollo,0.0266948
483509,0.5215632039062017,36.47675104639918,3.52272025532705,Amor,0.19467
483531,0.3798616974058047,11.69829113448799,2.58658267746901,Amor,0.178665
483547,0.566332724140063,12.23165044021468,4.23352557165533,Amor,0.229223
483560,0.3676038233613441,12.15909523808225,1.76945307464801,Apollo,0.0142747
483563,0.8295025233268883,19.2425510127947,2.62151118757928,Apollo,0.196881
483566,0.5187553037980479,23.98449325907098,4.41604205724293,Amor,0.549552
483656,0.3862748996145579,20.81440253692132,0.666886143783255,Aten,0.0515033
483662,0.351779272325868,30.65513955344245,2.41886700299111,Amor,0.213076
483856,0.3924240510639632,5.932619385645192,2.7401825380078,Amor,0.221745
483878,0.4446507595181261,33.98437799604699,2.76163196847707,Amor,0.113976
483989,0.4839830477835899,6.770702337692162,2.74383569939021,Apollo,0.0114653
484199,0.4640753693013398,17.99147850542807,1.349370431783,Apollo,0.206637
484402,0.2348581320064381,27.42889700176238,1.29325922665708,Apollo,0.0136621
484403,0.1322535805997623,24.48962984455792,1.28670838416506,Amor,0.0649556
484462,0.2228148083310599,21.07175614255718,1.49191540154016,Apollo,0.0843248
484506,0.6239135508954187,2.237148724752238,1.8124648658496,Apollo,0.00103467
484517,0.6213135228494898,24.85441651527919,4.55341779247365,Amor,0.0224995
484725,0.3468315249999364,23.24120360121503,2.59548072690839,Amor,0.245613
484757,0.6012673984776007,7.044228976579782,3.89387407246238,Apollo,0.0726453
484795,0.2757212059917451,20.05981882994997,1.1468549714659,Apollo,0.143647
484850,0.5103830860422212,24.82410732289691,4.13840749208019,Amor,0.475953
484976,0.5756108725119106,37.43425355348435,3.55170896171523,Apollo,0.0248692
485051,0.482896112820433,6.283160214173837,3.5240697871418,Amor,0.195196
485110,0.2085739817923413,22.88192808320822,1.39523428881471,Apollo,0.106747
485652,0.7275814572812387,20.16680798331051,5.26582433109605,Apollo,0.0150252
485823,0.4977009851029275,5.311192684190451,1.23110140189778,Apollo,0.0677773
485882,0.5812607372856303,35.94574083775692,1.74922569200103,Apollo,0.226815
486001,0.1902458124946085,22.69126115383184,1.94036537959823,Amor,0.279546
486607,0.5298403759993026,19.06914099259584,4.23664995274543,Amor,0.279945
486692,0.5882269727734514,7.190980944839328,1.88130535155277,Apollo,0.0578236
486739,0.4198589303698658,8.57749414845112,1.58605635860079,Apollo,0.110565
487577,0.2357854185192411,10.91769446348067,0.94616065512396,Aten,0.00259974
487580,0.5642250356913489,17.32712162495179,1.20361067449804,Apollo,0.270467
487583,0.3095072792434838,4.425872811366554,1.03699776798935,Apollo,0.0116497
488450,0.5831423666921121,32.16946975384021,4.54194532913095,Amor,0.141409
488453,0.7335854534963178,4.330306123499825,3.58884878889892,Apollo,0.0202248
488461,0.7620145703441965,38.80284342849947,1.74472893973479,Apollo,0.143723
488465,0.426816636185798,7.921461960577594,3.17267821358399,Amor,0.232589
488474,0.4179192113994392,18.21468722004523,1.20422527732949,Apollo,0.216318
488486,0.5115627284097984,27.61413197193522,4.17418115244475,Amor,0.493483
488490,0.2770245265303636,2.407418839939894,1.05262533963974,Apollo,0.0180445
488494,0.4557484226865998,10.19953550066288,3.38912491202429,Amor,0.224603
488509,0.145386567764589,26.46189901207447,1.43960299658583,Amor,0.126916
488515,0.4953229074698745,8.812962642145868,2.69044713698781,Apollo,0.0116759
488579,0.19436702509648,34.93680965252484,1.8765922048701,Amor,0.348028
488580,0.4013309864641979,38.9917627567121,2.49926291277539,Amor,0.40556
488615,0.1959883436800653,6.690705433937849,1.2810878646022,Apollo,0.0510019
488636,0.4338441742326344,20.59759436306255,2.76527412547758,Amor,0.129666
488640,0.3979229026946289,40.52528256903147,2.80256469168499,Amor,0.425987
488645,0.8560550275585622,10.31928980582773,3.36000237929975,Apollo,0.0893167
488693,0.5697356358399919,46.85249769727102,4.19193144535387,Amor,0.134095
488698,0.6796854440598149,11.57743202804714,1.71911744662037,Apollo,0.104483
488789,0.6885535745544198,38.22779954631326,1.74828094774811,Apollo,0.0419819
488803,0.3947228960317414,9.146871000128849,0.703738588833269,Aten,0.0743195
489203,0.4782752644630897,36.37902455249153,3.72451492888061,Amor,0.265986
489235,0.1729051151300501,26.60564827466838,1.39717482735769,Amor,0.164474
489337,0.5396211771803741,15.88905543815019,3.33920731436815,Amor,0.150296
489453,0.359932839479842,14.81070394403807,1.63283337635822,Apollo,0.125404
489486,0.1291108559505021,15.08942496704752,1.09311810741155,Apollo,0.0230978
489885,0.3545346933164466,35.14119606879714,2.25605071350928,Amor,0.114223
489900,0.789563841559375,59.85322607214872,1.15469763207261,Apollo,0.362847
490354,0.4091786736539815,0.5584799595534059,1.33569410932543,Apollo,0.00423585
490581,0.1926244042694324,9.83505189534955,0.791298688038041,Aten,0.0301853
490636,0.3957624631407727,36.4522908136244,2.34667086094825,Amor,0.292081
490684,0.5544333270406975,22.7258700642714,1.44776953249711,Apollo,0.0626907
490791,0.3624043903007442,7.148767312609018,2.81904061131758,Amor,0.313424
491007,0.7070233664669902,15.69548331839447,1.21691862668665,Apollo,0.0543801
491424,0.5662599371716427,66.22771204664706,2.17900330141404,Apollo,0.277291
491565,0.4924892359551585,28.23737323135592,3.39712803341493,Amor,0.196556
491567,0.528329739960043,15.90419867990323,1.97712513939801,Apollo,0.137731
491842,0.4871525119200173,5.470971940097965,3.7573077647907,Amor,0.256437
492143,0.5089889130377134,9.785694915003559,2.89889735441496,Apollo,0.062886
492478,0.68599054320715,17.02287520716719,2.1682891906261,Apollo,0.28753
494658,0.5718227063767463,8.911119391684979,2.67990113190281,Apollo,0.00945936
494689,0.6456267002953378,45.46635307276084,2.60010340954641,Apollo,0.238029
494690,0.4499597665864869,32.83300370421316,1.30379969433209,Apollo,0.0338843
494696,0.4166270012673793,8.828101348594032,3.28630912604187,Amor,0.311792
494697,0.3339835788795166,8.785305654133838,1.70570433315476,Apollo,0.0312706
494706,0.8959668392707666,20.04726164840594,3.13425657064808,Apollo,0.182018
494710,0.4107698097579788,6.317454719591565,0.802398735816877,Aten,0.0433776
494713,0.3733020010535026,47.78397820296253,1.37224819479558,Apollo,0.123627
494880,0.2978171405467224,16.57048155743439,1.57516495592445,Apollo,0.153474
494975,0.3852754641274039,17.3514271094409,1.61094603554757,Apollo,0.0504191
494999,0.546013081562803,36.21575780784982,0.881211109685875,Aten,0.0057797
495021,0.03311368173642163,4.050004963581329,1.43331744584224,Amor,0.256824
495102,0.4820111867742784,9.925985326169087,2.46653248742145,Apollo,0.0764215
495168,0.3923394553059953,36.32336712257335,2.52246312397669,Amor,0.421224
495187,0.2150216834686423,36.95272869280944,1.32153056334359,Apollo,0.0326825
495222,0.2734191348131342,17.85476129699803,1.98489140910793,Amor,0.245961
495278,0.5280859630505749,11.57734446235635,4.42391692537939,Amor,0.342887
495316,0.4689840988580101,7.19720231696258,3.05990770072186,Amor,0.149138
495323,0.5632564922966302,17.9215687482545,1.52279463914993,Apollo,0.272129
495331,0.4248123151765835,6.970570003583799,3.12944753076648,Amor,0.225183
495417,0.4163283333078411,1.850092329900129,3.19469945360296,Amor,0.250732
495511,0.4299890040645505,6.477486295929898,3.1004164526282,Amor,0.223946
495615,0.2374927099535791,34.60295496623744,0.973662391149172,Aten,0.179761
495829,0.7906250143435877,43.58807441500885,1.09836704027047,Apollo,0.223086
495833,0.4816696803048547,8.809031484461267,3.43571223517418,Amor,0.209698
495848,0.6475213438471333,11.63351134875247,3.7673432886595,Apollo,0.100229
495857,0.5609183744227766,25.16370094712536,4.65665755415572,Amor,0.293895
495858,0.5618578719737095,5.306748796246551,3.49388555139876,Apollo,0.0915817
495891,0.4643430348648428,20.28554869759939,3.21096934545611,Amor,0.381687
495930,0.4176442546020608,29.9761342307753,1.81585446526109,Apollo,0.0597744
495959,0.4658287568419449,11.3980472909857,3.33662662320964,Amor,0.213533
495960,0.6132042709652314,16.64599854976129,2.50788850575666,Apollo,0.164742
496001,0.617513904215087,23.48820056458104,4.41563119336263,Amor,0.198865
496005,0.5568156173328067,6.239920076106208,3.39076640156021,Apollo,0.0243518
496013,0.4806635027582032,13.13766930593366,2.27250248119475,Apollo,0.021253
496018,0.5306601289269743,10.71764867818306,4.5529305081968,Amor,0.279401
496124,0.4252742934099729,14.87465942404787,3.39043220878301,Amor,0.409143
496174,0.5831797089922872,23.74469323553462,2.83204041146556,Apollo,0.165904
496230,0.5037435491905877,36.03409079672328,3.24102153227964,Amor,0.358495
496326,0.5215851053553878,32.01087600638687,4.2004864939612,Amor,0.333356
496327,0.5031038341301597,52.23423815664213,1.89650326114927,Apollo,0.219252
496816,0.472272164900047,3.854844605892148,2.53961295599133,Apollo,0.00561681
496817,0.4601554142382565,2.184361419397165,2.54056793712157,Apollo,0.0165535
496818,0.4164356093047559,5.604566575713946,2.65717769243405,Amor,0.168714
496837,0.1614435591844527,15.62539490203416,1.35826365447704,Amor,0.111828
496860,0.6466062054325661,8.913919846198565,2.4531287940256,Apollo,0.00509845
496861,0.5586300953299906,10.1158149230088,2.55610968036066,Apollo,0.0605621
496869,0.6474192713650668,22.32444663018088,3.44662904951325,Apollo,0.145234
496901,0.6939154514565923,9.281183665463224,1.50597800040771,Apollo,0.0127638
496962,0.3310847297658486,8.106811396007581,1.45645015491468,Apollo,0.0813387
496981,0.3905137808580843,7.994728179037938,2.14159806629419,Apollo,0.107904
497025,0.3315950475066496,11.27955990915636,1.08075629669052,Apollo,0.0650969
497094,0.4227546462274452,16.00292677035472,2.81947965015048,Amor,0.259963
497096,0.5214173697731815,4.301925821826243,3.50967259399847,Amor,0.126816
497113,0.2506652305511651,11.64283436811721,1.39676142517,Apollo,0.0345247
497117,0.2638563624154315,23.24864989633407,1.41475098878098,Apollo,0.00262964
497135,0.6970086536903283,17.52969297468477,3.20439714177884,Apollo,0.284914
497174,0.2986803157056536,24.60361110082128,1.08796840452951,Apollo,0.258253
497176,0.5167464676767656,10.47278529487917,4.37937844289923,Amor,0.30559
497230,0.4673754630905979,8.820968152938752,3.80370856591141,Amor,0.321035
497232,0.166345686247665,18.59070676977477,1.32531809759847,Apollo,0.144354
497236,0.5400290759933344,7.159189576356693,3.879812183097,Amor,0.173376
497245,0.6515171344587523,35.1506125507894,4.43908883711727,Apollo,0.0517893
497626,0.4727140766049207,24.47499340566583,1.80464907817035,Apollo,0.063075
498066,0.4413354205369612,10.76496516275853,3.28631086337081,Amor,0.216808
498068,0.4485387611418342,16.80984585746346,2.48895740894186,Apollo,0.224157
498125,0.47347637985247,4.597679944036427,3.38593735639469,Amor,0.207923
498143,0.5614732412496255,43.48219032438653,1.24018446131918,Apollo,0.295642
498441,0.5285279814813373,3.874626381857189,4.27496427477807,Amor,0.239022
498548,0.2810217876910638,29.23858216944232,1.43650271742981,Apollo,0.0612498
498550,0.2779241999942298,20.81525160933922,1.70348363543117,Amor,0.174653
498918,0.3067349998691392,51.70814830044558,2.47160856219813,Amor,0.256321
499307,0.5541734969236312,7.153796855195322,4.00445839589347,Amor,0.127984
499490,0.4713054627923361,21.35165615541038,3.43555467759554,Amor,0.385397
499496,0.3907327644737359,34.99340996247589,2.28274099283303,Amor,0.149684
499582,0.3100953302538413,6.826128548802257,1.77212023676434,Apollo,0.0363707
499672,0.4544151799128839,5.052235586307713,3.61261696893595,Amor,0.293401
499986,0.1952852140711326,39.04660410007959,2.00925727522826,Amor,0.264368
499998,0.2165699644954285,2.220729948445384,1.50947497469974,Amor,0.0454384
500080,0.6751231570459446,6.01600435749723,4.67806811572603,Apollo,0.0184296
500094,0.2789654432368828,23.8375044159712,1.61006032719692,Apollo,0.145243
500136,0.1970697347048119,3.63015571001697,1.51799395933524,Amor,0.0889312
500749,0.7511292419690758,21.88640351228927,4.85177144270619,Apollo,0.118537
500922,0.612205114237194,45.56415303191459,1.9346554782876,Apollo,0.354188
501243,0.3545891867579231,7.80209655417045,1.06791720945933,Apollo,0.101539
501567,0.4209297320660462,2.175978699251139,2.9341208641062,Amor,0.170944
501647,0.3308730109980072,4.591318251130745,0.967538597911497,Aten,0.017312
501878,0.7615721247198534,17.81844319109756,3.40602122580272,Apollo,0.286777
501934,0.4671518271605046,11.04031840308386,3.39272697547079,Amor,0.195776
503274,0.2485173037135381,11.37155308844069,2.01000056000177,Amor,0.236221
503277,0.3029148219661991,12.25014977299159,2.1432819143092,Amor,0.244069
503293,0.2425352975671483,7.01263512033019,2.21141147292993,Amor,0.316268
503861,0.55671563674605,4.312708845560265,3.18237764870481,Apollo,0.021968
503865,0.279113449232788,17.04980119882589,2.01418892750051,Amor,0.177274
503871,0.3950058965005372,38.34584968673142,1.91130481246889,Apollo,0.122663
503880,0.830593475677306,43.85157564216672,2.7430441075285,Apollo,0.332887
503892,0.6097312704739131,31.25868110740502,1.21903295038546,Apollo,0.311691
503911,0.3421325079885589,10.06282250000888,1.36941971561728,Apollo,0.00422185
503941,0.7627087264349458,5.931406806983326,1.75254221415856,Apollo,0.00782918
503960,0.2906167683912271,17.82488809528585,1.07801307109178,Apollo,0.243101
503966,0.8113436958534171,28.99441544806732,3.28674125839362,Apollo,0.271827
504025,0.5499234395989206,12.46171654077447,3.96895125700183,Amor,0.136387
504033,0.8583426316397099,44.37746739735335,3.98039770047974,Apollo,0.409507
504034,0.8318751044231923,35.60652220275165,6.10961017235906,Apollo,0.0412853
504074,0.4898920933103789,54.98749781309998,1.07335676531845,Apollo,0.175248
504181,0.912017977199565,19.54745756712048,1.90794393180345,Apollo,0.14446
504256,0.4838847887496321,11.71572941390564,2.7184813354467,Apollo,0.0313774
504392,0.4005580530811819,9.623532824683542,2.50271394371126,Amor,0.140971
504505,0.5755212649350602,7.727969595127754,4.45921802781465,Amor,0.138783
504680,0.4807630207047331,11.47771305229197,2.2400548617512,Apollo,0.0130549
504711,0.355964312909571,25.62452907130396,1.57844138031759,Apollo,0.0597106
504800,0.217873389613728,24.01799216195689,1.01913399203123,Apollo,0.021462
504827,0.5111629105573511,33.18869351874074,3.42410984565298,Amor,0.168628
504887,0.535967231619946,22.86007854980151,3.51232958261891,Amor,0.19215
504928,0.4526753815375484,32.4536497211524,3.41419584951774,Amor,0.259752
504994,0.4603317566732985,56.10116119297238,2.85853229088744,Amor,0.26772
505019,0.2334529839908474,22.8428771857329,1.49534675415593,Apollo,0.191453
505093,0.4368491428499122,7.194096599854389,2.95988255985458,Amor,0.221687
505169,0.5671996482234652,29.47278733007125,5.19122053539583,Amor,0.349564
505178,0.5488411371603326,7.468045806490156,2.44717809514461,Apollo,0.013912
505657,0.3038419225977058,29.79561145720989,1.48122530458531,Apollo,0.0349663
505667,0.4138526789119611,8.862529874259629,2.86255556931683,Amor,0.206938
506074,0.6874392332069712,6.008092231221025,1.94467982607114,Apollo,0.0479823
506425,0.6299339269917007,58.2555204710043,6.16374400177041,Amor,0.706981
506437,0.7172859578422748,10.26317535570842,5.56181823518974,Apollo,0.0638294
506459,0.1260948611686641,22.99697977961116,1.05712618493294,Apollo,0.0757364
506491,0.8385098381589087,3.754608996363836,1.26505501471315,Apollo,0.0181936
506590,0.4188487792993534,8.710046623552545,1.20351780784436,Apollo,0.0704299
506732,0.2944960380370071,10.05029508035701,1.37388526796311,Apollo,0.0166835
506779,0.4058753348472623,31.42271612920142,2.81211460216819,Amor,0.385693
506859,0.7349266188581988,5.833554194923858,3.34385086248385,Apollo,0.0321813
506951,0.3888152489162355,21.05554739928142,2.22377131072756,Amor,0.183267
507355,0.6928124121102225,25.31409106913959,1.49607638648319,Apollo,0.35485
507366,0.6640742849794173,23.86762973721113,5.80219182537941,Amor,0.141595
507422,0.3688310840514368,5.750422442813377,2.53592225591914,Amor,0.184954
507716,0.619099083817404,47.83156269832298,4.03596434498905,Apollo,0.0439649
507847,0.529787899412341,7.460147127205563,4.00170039667281,Amor,0.241934
508767,0.3937829603010907,25.51376818832562,3.09212473961944,Amor,0.450381
508772,0.4329105194770263,21.96923862576756,1.3559701700264,Apollo,0.122451
508774,0.7016722254603577,20.91111413241598,1.52212744231591,Apollo,0.0240029
508786,0.636086916433272,14.61140586241743,4.54030502360729,Apollo,0.151564
508796,0.5616477779928644,26.28767792240263,4.48566778190698,Amor,0.451391
508861,0.673982547455174,4.168176279935306,7.43803642422724,Amor,0.263142
508871,0.518019557602733,32.06607335390662,2.5086578735239,Apollo,0.218104
508905,0.4915476657142869,13.03361831906198,3.49339010052315,Amor,0.216007
508908,0.2670716364563784,5.755524581419091,0.825108392743107,Aten,0.0116182
508912,0.5192257254523809,24.46906856183974,2.78827536045582,Apollo,0.114695
508918,0.6131794418548946,36.1818429016874,1.57280288747883,Apollo,0.160141
508967,0.8109953130621382,20.3981687587972,2.6091179430124,Apollo,0.00185596
508997,0.7078457405201661,28.50348050477205,4.40236547534451,Apollo,0.229962
509073,0.5524124570070427,3.224395368448316,1.33216119933253,Apollo,0.0504179
509102,0.3478735588030834,32.57194287067328,2.41859664694197,Amor,0.229151
509191,0.6520788366764055,4.745040060978942,3.72040649105414,Apollo,0.014233
509192,0.1661777702281152,30.33423169495549,1.54187440749246,Amor,0.103539
509352,0.3742275784631062,11.94462698913059,0.611845967489467,Aten,0.00380024
509353,0.3756902593239899,13.63088449349198,2.20368038959238,Amor,0.109539
509456,0.4197960834841788,6.993911914708942,2.18201365361373,Apollo,0.00494739
509505,0.3594670583143,9.34100710268032,0.905579431080517,Aten,0.110288
509520,0.7095878463567539,13.72386271323985,2.1579033482901,Apollo,0.187663
509523,0.8877821302967864,13.13047160297702,3.36467134173366,Apollo,0.0765586
509569,0.1520668036503982,17.33564496413317,1.66666499993358,Amor,0.281889
509821,0.6071341877259645,0.9174223800737384,2.28239382404278,Apollo,0.00798232
509935,0.5408720155575762,4.240984668779857,2.68326456373329,Apollo,0.0282826
510055,0.2104478914289445,16.79570417483098,1.3566138987445,Apollo,0.0369879
510073,0.6585595301086848,17.31227849547136,3.33465552314431,Apollo,0.150209
510160,0.1116706454757201,40.57675899712105,1.1803372068629,Apollo,0.0828147
510190,0.3227035936042822,10.52578826631293,1.48072128656249,Apollo,0.113616
510238,0.4408423753042478,6.686714056035058,1.18835187883534,Apollo,0.113494
510262,0.4176356510655246,21.08103887883734,1.80716764141264,Apollo,0.123669
510529,0.1508104945987863,9.020790769190825,1.23066717046721,Apollo,0.0281483
511002,0.1765946163224366,29.14750629836278,1.93470508686964,Amor,0.460801
511008,0.6513852981617664,13.65697539944592,4.18430648972967,Apollo,0.0297572
511064,0.5801615782203546,24.91493210046616,4.21260978041644,Amor,0.322139
511137,0.4246036125021697,38.3649636914889,2.15269308185497,Apollo,0.106539
511243,0.2169905526359211,11.64402580880032,1.97945683005645,Amor,0.313553
511520,0.3526355464242293,9.774142575198594,2.83030403578585,Amor,0.338423
511523,0.3652379286315629,11.4554957298999,2.08539530209279,Amor,0.079196
511600,0.7326704536301467,68.95101289302247,2.52958400747926,Apollo,0.519449
511684,0.5684479973339669,4.156457201738325,1.01032144417463,Apollo,0.0246617
511777,0.2836629418490149,13.21297769820526,1.59336511824888,Apollo,0.0844784
511808,0.6096906792400556,11.09367152733217,2.90904312341344,Apollo,0.126836
512234,0.6000106426263708,14.02318155094975,0.929041839012125,Aten,0.0434712
512242,0.3139827863464577,31.46001182525445,2.01977503600496,Amor,0.0989569
512244,0.5409358682045574,31.02689381428981,1.05647327702411,Apollo,0.122371
512245,0.2002582782935431,9.183874516030333,0.973190079935605,Aten,0.118826
513125,0.6532944779550403,5.921878280179532,2.89499651928588,Apollo,0.0710057
513126,0.5826151362179839,9.35095495202027,2.38663612671376,Apollo,0.0136033
513138,0.3842261799479622,8.294279073726152,1.59639264469909,Apollo,0.0607116
513163,0.4775013827447386,5.478227101096374,3.53508558742695,Amor,0.245716
513165,0.8320046288727557,12.24720202778994,3.46650439213391,Apollo,0.069621
513170,0.1701695009785909,35.06999022635166,0.942235400950327,Aten,0.104182
513171,0.5630519017933242,29.3180244331261,0.927299692912789,Aten,0.00996026
513181,0.3853010347864015,16.69777106365678,1.18019983596833,Apollo,0.148213
513182,0.4363573187918747,11.86972078984362,2.59999800494985,Amor,0.163816
513312,0.527716467673804,2.263846707812782,1.28369965798149,Apollo,0.00760284
513358,0.5942764871132599,25.02909670315142,2.55390115437514,Apollo,0.0910129
513472,0.6570902760737528,30.11360814384155,1.79004342917507,Apollo,0.250641
513489,0.5233689441102621,17.0015510375623,2.27235434402441,Apollo,0.03047
513497,0.5919097880949098,11.14811939641278,4.63702519532623,Amor,0.187994
513529,0.7333582064286788,25.75243156274767,1.60634065673708,Apollo,0.0670401
513550,0.5697619012393285,26.65612650780125,4.21618905302952,Amor,0.120327
513572,0.4218427037794861,11.31173732195775,2.40128654701132,Amor,0.0598403
513711,0.1840816980359802,14.40870571827507,1.52995321410676,Amor,0.159376
513776,0.5464553431621646,6.856912244484824,4.84418832312875,Amor,0.33664
513916,0.2101554189575355,22.04615057961187,2.10162166351254,Amor,0.412856
514041,0.5986276895933881,35.07231652076086,4.94041083099734,Amor,0.195746
514150,0.4039162946102333,2.626946771200792,1.94673639129758,Apollo,0.0123473
514568,0.6035612027370267,4.757471419542737,3.40610225397905,Apollo,0.0378056
514571,0.138530313578282,36.56989546325903,1.30672572793215,Amor,0.125176
514596,0.7150014132261502,15.66212106162822,1.38347703504962,Apollo,0.0431834
514597,0.5944497521585264,5.792675722483432,1.77725829856939,Apollo,0.0982218
514652,0.3827843078646573,32.38426207639719,2.63951744164975,Amor,0.330641
514846,0.2232130268282579,5.967291845894446,1.67625412176862,Amor,0.132011
514914,0.634163543844622,9.41936704887554,2.46241800590397,Apollo,0.138464
515010,0.4718038582851894,38.22449983817015,2.25422298283967,Apollo,0.165973
515049,0.6565384850399347,11.38659779565393,2.65514631669904,Apollo,0.141517
515082,0.2174315892318245,8.603809138403422,1.70442949697167,Amor,0.134365
515335,0.4192778771556767,28.17062870267658,2.41259416171783,Amor,0.307669
515446,0.2883348666620016,23.33203445490934,1.94394529110383,Amor,0.299615
515639,0.339169399679222,8.480533483887768,1.05942240355466,Apollo,0.133017
515742,0.2038618902187117,35.37517873576814,0.957425510231383,Aten,0.163528
515767,0.3491049082475047,16.42200003354001,1.05115413791138,Apollo,0.0424021
516154,0.4600854703846929,12.21571047473012,1.91688876428293,Apollo,0.0241389
516155,0.4772799423937774,13.32605147119071,1.0340763731949,Apollo,0.0319994
516396,0.2895835010862218,19.44892900957738,2.0972091219434,Amor,0.176856
516398,0.2529865735496764,18.98582971058553,1.88394750170204,Amor,0.132087
516420,0.5022571303522502,13.22377662667663,3.75579153256495,Amor,0.218658
516423,0.5596849925126958,21.03421717879154,5.00257848568586,Amor,0.459078
516428,0.5667486808742298,60.47326441180837,3.79178220275317,Amor,0.243182
516435,0.3491827695123392,33.43940499257773,0.872741040363458,Aten,0.130825
516454,0.7644765526270074,29.34913794111819,4.34253447179426,Apollo,0.0525933
516457,0.3100975678205838,28.32286279025642,2.17441636173637,Amor,0.152463
516641,0.3261143339585484,36.13142982475617,2.49118750332993,Amor,0.314369
516734,0.2721222408542598,69.81544484404695,1.30440147331965,Apollo,0.129534
516803,0.3844756959243151,30.61035094841252,1.61005178915818,Apollo,0.052566
516868,0.4032427422649972,44.64523351270243,2.36093423090601,Amor,0.220601
516976,0.4799185362608395,7.553048063164623,2.97980306999085,Amor,0.136314
516984,0.5315850576963159,24.48008396961318,2.37558158679636,Apollo,0.15175
516986,0.3544484108839893,15.66038205017578,2.32238295272604,Amor,0.310106
517046,0.6673900324967746,27.87062163959014,1.45222002763239,Apollo,0.34755
517103,0.3179856134538168,8.36350751452365,1.60587628006902,Apollo,0.0429891
517681,0.582473100048554,12.24157560433951,2.96492973346533,Apollo,0.0426728
517829,0.6141084469417711,8.526178316579456,3.11826202712151,Apollo,0.105881
518424,0.5429264560785575,24.16843245935565,4.17060918235775,Amor,0.454855
518426,0.4035285367951072,10.46166593652909,3.21286658409695,Amor,0.28752
518440,0.5349171163116004,15.16828746111277,2.78357838292332,Apollo,0.0720028
518463,0.5613386190404679,18.22547568837243,4.28633632049627,Amor,0.182692
518469,0.5585999205303962,15.87536175486534,4.29843767048374,Amor,0.149346
518507,0.2764041390204428,36.40448902319874,1.31890358220228,Apollo,0.0724988
518635,0.6511050220678597,14.08373576076693,4.97553205846624,Apollo,0.115049
518638,0.6186797237606302,10.71170534609749,2.52503867242829,Apollo,0.142549
518640,0.4543815344534957,8.360602432110243,2.50394456634818,Apollo,0.00212348
518646,0.4457568746809981,6.912920959804094,3.38354642407342,Amor,0.272161
518678,0.5724000649849587,30.25339992673509,3.24291559988219,Apollo,0.0268091
518735,0.1706917973274269,11.51308936601726,1.28169763440038,Apollo,0.0759483
518737,0.8120789148664959,13.60917094451108,2.06973402200762,Apollo,0.0740414
518771,0.3346815986056153,29.01946873165069,2.38763860955008,Amor,0.250088
518810,0.2699143225159338,7.177770861899858,1.30319408594847,Apollo,0.0321436
518847,0.8398365790945822,5.002026070060789,3.00020024269724,Apollo,0.0324527
519307,0.4464800473273425,0.2529915049231976,3.49467170508836,Amor,0.262467
519354,0.3803484826447108,7.420297710285659,1.01174716604545,Apollo,0.119095
519504,0.4788084727393965,22.62429903754468,3.01014765674453,Amor,0.347562
519824,0.6689052763926551,30.62456423745385,1.63184741303118,Apollo,0.207692
520585,0.2667280839013793,6.180549857534237,2.02906925200955,Amor,0.158388
520808,0.4180092953934586,52.67467318913651,2.04911508151046,Apollo,0.131442
520862,0.2955008593479097,35.34431197118161,2.07583309598524,Amor,0.307561
522684,0.3842173059045759,11.31586762304703,0.993056711984486,Aten,0.0295626
523585,0.3629103777952277,6.291394418410155,1.03544599393194,Apollo,0.0757435
523586,0.3326046119935959,11.92769565333106,0.863577377963202,Aten,0.0269297
523587,0.5974904743323645,7.949452211110401,4.69688708169045,Amor,0.132033
523589,0.7934329484238714,17.17768328860403,4.41231207756667,Apollo,0.0251508
523590,0.3795906452526895,20.59108871648786,1.54349018583456,Apollo,0.0714239
523592,0.5939851670731199,20.76166180329939,5.68584030386241,Amor,0.428
523593,0.4392671980894662,39.61181143049247,2.85099051498118,Amor,0.170134
523594,0.1658250495082294,13.12585817134871,1.55042603661935,Amor,0.174053
523595,0.4535975121745615,26.81139957529711,2.66840265983879,Amor,0.298203
523596,0.4579478711295721,6.421810058341717,3.19802070633979,Amor,0.172261
523598,0.5469423636247739,33.72441026327343,1.6855732342529,Apollo,0.0253922
523599,0.6062923989514949,11.00301403781651,4.9697689768291,Amor,0.161424
523600,0.3711225040951953,42.31595502220825,1.88339406447261,Apollo,0.25582
523602,0.3267670079108723,39.55590323122397,2.34449203023543,Amor,0.186673
523603,0.3301631685965313,14.50697415769855,1.73456445746946,Apollo,0.0913444
523604,0.5031275231766752,4.820941306971075,3.47057186738152,Amor,0.160468
523605,0.3513119377445313,5.958621953623586,0.882219365020497,Aten,0.052225
523606,0.52561559580769,1.082001200390441,2.31376945465324,Apollo,0.00731572
523607,0.5468326497368811,23.48736023149572,4.24466525649682,Amor,0.452763
523608,0.4247285790202449,6.857923411845469,2.57816277646543,Amor,0.0943408
523609,0.659419817630939,17.42655573011027,1.3115087028079,Apollo,0.0442707
523610,0.5399546509420454,11.10518190153554,4.3626119025523,Amor,0.242427
523611,0.4169512973163521,7.132330009967194,3.32495029238419,Amor,0.31697
523612,0.6451857336911919,31.08854506069941,5.82792833022698,Amor,0.39172
523613,0.4554446304084613,2.422313466281399,3.02074251239042,Amor,0.155448
523614,0.8381142860704375,18.95925665762446,3.96529267797203,Apollo,0.252247
523616,0.7384035089446005,28.38465961412555,1.50500440317314,Apollo,0.287912
523619,0.5328756167162791,40.46270030612001,2.73580314752833,Apollo,0.248942
523621,0.1597287155867344,3.097795099019843,1.83102252588775,Amor,0.26182
523623,0.6533973466137668,7.270275254232939,3.63593914566211,Apollo,0.046569
523625,0.4502251849931004,41.09746221431901,2.48955434025365,Apollo,0.0785565
523626,0.559173006513562,35.58596932838181,4.97687544878506,Amor,0.516076
523628,0.461752011922045,2.220646082482268,3.36496079961118,Amor,0.216369
523630,0.858402327638006,48.40856511086111,4.45149981611712,Apollo,0.0433195
523631,0.4472680712651478,8.292066349061997,2.26002830205368,Apollo,0.0725845
523632,0.08351604224460425,10.80407018651705,1.29700006177935,Amor,0.148541
523633,0.2888519689692302,26.722798137643,1.82093820077074,Amor,0.152077
523636,0.5938619451321535,15.52354443379684,2.62897337996122,Apollo,0.15753
523637,0.3708423809648062,31.87006006692189,1.56757485319819,Apollo,0.138898
523638,0.5076348500395355,37.33930621637133,2.69911127988362,Apollo,0.199516
523641,0.6076717607235886,18.08394532248329,3.97839132198342,Apollo,0.166528
523648,0.4425675657316148,18.15664437945825,2.83444518330946,Amor,0.182809
523650,0.4121396770641541,65.15765425776843,2.00525619163606,Apollo,0.0289397
523651,0.498595471796195,9.979334944613543,3.45638858528628,Amor,0.13199
523654,0.7057247678637764,29.13016951298649,1.27888618228624,Apollo,0.000400926
523656,0.4977894037918333,60.93464563621943,2.29044291356349,Apollo,0.0294784
523657,0.3397559353830736,7.845538415840204,2.40487120921804,Amor,0.24751
523660,0.4719954043134043,23.05866590952242,2.89705659776418,Amor,0.133136
523661,0.483163266629026,11.65657974054741,0.849402042420958,Aten,0.112045
523662,0.5128015047184539,11.20306952529205,2.95112656255971,Apollo,0.00114114
523663,0.3959371498094062,21.84211442086059,3.1002114199162,Amor,0.338057
523664,0.5029109311432205,42.26154214933152,0.754494106550237,Aten,0.0390984
523665,0.4077385402097023,5.367889818339096,2.94511577157987,Amor,0.223648
523666,0.4357564447358769,5.024284176574352,3.04645782826335,Amor,0.195689
523667,0.4420715340298864,4.492402541615509,3.07954808855899,Amor,0.177974
523668,0.4391004807391463,5.172821712629944,3.05824644801838,Amor,0.165027
523669,0.4689797473785619,20.3962466081003,3.19454935076997,Amor,0.316369
523670,0.2510255607698488,23.06265508913187,2.23358169246845,Amor,0.272721
523679,0.4983657581656373,23.07203824437895,3.32684496324578,Amor,0.221309
523685,0.4937340568279353,4.301482421132079,2.51319245090761,Apollo,0.00269119
523694,0.2148538882378414,8.185463051615233,1.91445798116937,Amor,0.198682
523707,0.1911031516531189,8.481480588955273,1.957262650845,Amor,0.255099
523728,0.3417724437185587,25.69551084531999,1.0055075284686,Apollo,0.227929
523732,0.4527235072936832,3.793718307268881,1.32416347008676,Apollo,0.0229982
523737,0.2446569739892509,19.5357387898556,1.94752884000472,Amor,0.274901
523747,0.758509681349963,14.65083641278603,3.27482010981725,Apollo,0.230965
523775,0.4831415851158556,12.63479218614516,2.57122682242097,Apollo,0.0233898
523779,0.5554249012153484,9.250937279790998,3.84794044132632,Amor,0.13207
523781,0.2894483524855729,12.62524009620606,2.1415354156618,Amor,0.196462
523786,0.3658834496781312,59.4746519717389,2.80463778771892,Amor,0.601474
523788,0.5500441841596351,2.67762552033062,3.0912990571389,Apollo,0.0297237
523792,0.522372813602474,32.13836495435333,1.54356774123474,Apollo,0.341406
523795,0.4822693248909383,3.704225493686253,3.1282500556459,Amor,0.102811
523796,0.6613683845688176,30.94162205297595,1.14684376396136,Apollo,0.295326
523799,0.36808495528591,57.30473138884038,2.3254052179863,Amor,0.195755
523801,0.4192450597331314,6.037522527574474,2.79750259993451,Amor,0.201146
523802,0.4589589483589852,17.67115671890608,3.27038610974565,Amor,0.17567
523803,0.5109258793617675,4.750800047716104,3.80422974725417,Amor,0.202275
523804,0.371428827102084,6.29577069647167,1.82280244082416,Apollo,0.00958158
523805,0.4930323577274821,6.82841328771821,3.3979357186529,Amor,0.199077
523806,0.6528092769913127,18.57930999538491,5.25691589161634,Amor,0.291788
523807,0.7353827900188356,11.88820223355849,2.64381348062776,Apollo,0.182646
523808,0.3584390379345964,33.43441614010189,0.661036719973668,Aten,0.0244705
523809,0.3483709695745306,0.9318310691239662,1.37864519465232,Apollo,0.00156405
523810,0.7677212054003915,10.7337431264879,3.24357891070464,Apollo,0.175716
523811,0.4195979482926514,3.870230001018315,2.50087691558317,Amor,0.102066
523812,0.3914486837256864,3.247310477858707,2.49253086169239,Amor,0.117189
523813,0.2750423724659983,10.31567596284516,1.44431819362329,Apollo,0.0218183
523814,0.3119295285692861,3.748416281875424,1.688481012794,Apollo,0.0482557
523815,0.5921917847933571,41.10513893341435,4.40024404649937,Amor,0.317345
523816,0.7185309420513741,15.73158684593937,4.43778524585172,Apollo,0.037196
523817,0.203734200739031,20.17469893410132,1.49437508207563,Amor,0.0406806
523818,0.1369553013516347,13.86164117752178,1.32447363944687,Amor,0.042278
523819,0.06723265045785015,16.06046448845268,1.34371398438405,Amor,0.138814
523820,0.5975270780243845,55.00951901516103,3.36339245293843,Apollo,0.00567431
523821,0.2957073987238439,9.523308006441358,2.3477057725962,Amor,0.292544
523822,0.7364560582798514,15.30076546267029,5.87783299937304,Apollo,0.143016
523823,0.568119381499489,5.736274886983104,4.1188867571051,Amor,0.135407
523824,0.3329123730157761,13.68309471245373,1.93786030471371,Amor,0.0542849
523826,0.1707644000252346,28.21718944464439,1.53363638545511,Amor,0.200233
523828,0.3521842999479353,14.34536065753261,1.69499548923266,Apollo,0.103655
523915,0.8166183043316745,14.47161283584127,4.21063677274674,Apollo,0.112588
523934,0.3123179549624255,38.6897128555174,1.40327453054038,Apollo,0.0280694
523941,0.3314962351321329,7.621930215163998,1.62437914383122,Apollo,0.0755268
523945,0.590848203369444,26.93751014865758,4.21511095174149,Amor,0.207745
523950,0.5067351365931695,23.64115840935813,0.861146590094985,Aten,0.0071676
523966,0.2473033676135951,15.59776712892491,1.81883608560346,Amor,0.221386
523967,0.4763393238775309,59.72866551740874,2.89158394128942,Amor,0.156348
523971,0.2771055237939877,10.0899194635357,1.24642493200247,Apollo,0.163603
523972,0.5979684553280226,33.63079823956999,3.34677493002588,Apollo,0.235442
524150,0.4585077926730204,16.03233289428897,2.97574682541532,Amor,0.190822
524196,0.5302236560759328,4.517265119312834,3.35185377637427,Amor,0.0662127
524268,0.5411499808903449,6.843420663226998,2.5653748979077,Apollo,0.0505973
524391,0.2467741112150343,32.39772439239705,1.69776993424983,Amor,0.0964358
524392,0.7541589052841876,9.175113583121416,2.87126658043353,Apollo,0.135647
524459,0.5170035464583146,12.65565576767603,2.83648524499214,Apollo,0.111161
524471,0.2663386241801273,11.7619826473869,0.852371625179998,Aten,0.115033
524474,0.4891896010899541,6.401682761122887,3.41722168882717,Amor,0.181729
524475,0.555761595301827,27.89848999293895,3.41980844753921,Apollo,0.0241355
524516,0.6102129677334914,26.17524225336726,5.21176301662715,Amor,0.255146
524522,0.4101068193826284,9.037157417844465,0.615505493633314,Aten,0.025887
524530,0.5898746807973452,10.78814955236814,1.79491530576558,Apollo,0.121955
524536,0.4521361918114652,21.08893948828926,3.18584702941894,Amor,0.349419
524594,0.6429298521076672,6.156680343024255,3.77480207899069,Apollo,0.0256188
524597,0.1606753999688047,16.15341262233142,1.48612667167994,Amor,0.0904367
524599,0.5836355145275433,22.95264100954894,4.82538434067727,Amor,0.185427
524603,0.5470970856543103,8.3448653246018,2.2887086709374,Apollo,0.0501369
524974,0.4936649998289965,22.15207524494041,3.44340256574202,Amor,0.229464
525229,0.2732526545360557,29.96938541149603,1.35745575743298,Apollo,0.0266133
525231,0.4090943462100968,10.85856399245198,1.76168497782616,Apollo,0.0434395
525234,0.2965364377809198,23.65390637805426,2.32165833798098,Amor,0.258424
525268,0.4103897450808576,21.46471786328319,0.661976269246894,Aten,0.0272776
525319,0.4524553408265274,24.18776344242769,3.50923709391906,Amor,0.336075
525356,0.7273408129695531,21.68347774389413,2.81340335256995,Apollo,0.0291456
525364,0.100533300644851,31.28313745020786,1.07426881316993,Apollo,0.065351
525477,0.5895840047603649,9.863841378398103,2.77112141684795,Apollo,0.0758017
525484,0.3063451225639001,15.89584908099447,1.08552876845929,Apollo,0.00644147
525498,0.2458743965044885,5.575100362513269,0.939007012739235,Aten,0.00535912
525552,0.4517622321773826,36.62749249812244,2.83932153796131,Amor,0.0909737
526238,0.3951369766988625,4.604700171158484,2.60536439653463,Amor,0.166572
526449,0.2949512304750664,37.01468350055682,1.85935946610998,Amor,0.276964
526587,0.3245102438978228,27.56589059884216,1.95220912438738,Amor,0.0480469
526670,0.3485824130794087,9.922372589244787,1.71077217671648,Apollo,0.0213205
526742,0.3760021141526808,16.7917583752875,0.863832167530454,Aten,0.191257
526798,0.4203706513610059,6.798592421099073,0.794913901516751,Aten,0.0155542
526825,0.4633967671389395,32.39753393661935,2.40781039882513,Apollo,0.238288
526826,0.3437064041108493,29.9708933478669,0.805514080198582,Aten,0.131916
526878,0.456396216716622,7.00250790352132,2.40379406117009,Apollo,0.0263393
526898,0.741514499579574,11.97234128886942,1.10198455560308,Apollo,0.110775
527115,0.4657223857141838,4.785567636122429,3.63468359079347,Amor,0.258627
527671,0.5288803992084132,19.71527833881395,3.71667405794873,Amor,0.297537
527715,0.288006341444688,26.45598678769616,1.21834810724417,Apollo,0.0104222
527841,0.4621821031392508,45.77892002821736,1.23247068073987,Apollo,0.379929
527959,0.4144743804484065,5.368972241719226,2.7574117551101,Amor,0.158213
527977,0.7599526222286246,19.78775419881502,0.643115700105412,Aten,0.0388405
528159,0.2254778986362624,8.173960919116153,1.56875023022829,Amor,0.0349023
528284,0.4086034285901941,7.432360478941173,1.20893499712968,Apollo,0.104804
528507,0.4860951849488968,8.419468955170197,3.28448874114801,Amor,0.155377
528609,0.7746474968932463,11.9770297577379,3.64768721661212,Apollo,0.18448
528650,0.5750774396412763,23.92979542068137,3.30802989075354,Apollo,0.143021
528756,0.4777187201297898,5.678237724838129,3.44898926563102,Amor,0.219489
528804,0.7125519601906648,13.02250629815857,2.51503082921735,Apollo,0.0163723
528807,0.2657413481025978,5.545647533979041,0.906568549217321,Aten,0.0107956
528857,0.6384739362584717,3.845369178352733,2.52962876642623,Apollo,0.0584916
528859,0.262418658007945,5.052003794974963,1.11578056354322,Apollo,0.0670832
529032,0.5575063248737714,10.11169651999405,4.31699046951423,Amor,0.254197
529366,0.1689239374415309,25.76678250557939,1.28259225467937,Apollo,0.000111209
529450,0.4678184422013958,11.06397811786674,2.27543641017808,Apollo,0.0721183
529668,0.7348359704700367,5.377853897470765,4.38122696191426,Apollo,0.0312203
529670,0.4029588968329245,44.42978937311233,1.80864079515127,Apollo,0.0556041
529718,0.8826116191695486,60.74620316204987,3.93085421980125,Apollo,0.70834
529720,0.3793779950689694,25.92024585631608,1.17039830756077,Apollo,0.313557
529752,0.5254085546444347,3.325940799784629,3.84257140608277,Amor,0.170156
529753,0.5882406511558097,9.099362447813919,3.94969606404539,Amor,0.0409581
529819,0.4597228943342276,13.59048765646119,1.60574859887821,Apollo,0.0974803
529920,0.5172724381890231,25.12279330334593,3.80270806062974,Amor,0.373139
529951,0.2640629767720089,26.28656523695198,1.15015663950689,Apollo,0.0156089
530085,0.8489656671424537,9.116845788485028,3.99807963361465,Apollo,0.0318813
530151,0.5171220034532752,21.91157566692648,1.16227495293174,Apollo,0.175921
530520,0.2873471129128943,20.8975165178707,1.1532606823992,Apollo,0.00403457
530531,0.1585652305458109,15.73199079587559,1.35038797509685,Amor,0.118094
530743,0.600023017639567,24.80964111552138,4.12792572424842,Amor,0.253154
530871,0.7433457578833437,46.79656416722722,1.01422230308421,Apollo,0.0940336
530938,0.4634223846284908,20.72007453755024,0.694093377242854,Aten,0.0534941
530940,0.4697473341130991,18.3052860379253,3.54116686193886,Amor,0.358637
530974,0.3947659733911927,4.356709983392435,1.75975854434892,Apollo,0.0210559
531060,0.5152584793528748,53.63476242394734,0.878923758588629,Aten,0.0278479
531277,0.6481452116985787,3.184363432641589,3.07277403430081,Apollo,0.0113356
531898,0.3874545284748414,2.425553618578891,2.92835001127845,Amor,0.253148
531899,0.2974002289586271,31.00800054311082,0.869899300512731,Aten,0.0446359
531914,0.5334942937178068,40.35849185376223,2.95190949914646,Apollo,0.028095
531944,0.1827669662669827,10.34084427232306,1.45591757523155,Amor,0.0406141
532058,0.2652497290262236,22.78356496717973,1.99898895444754,Amor,0.188137
532874,0.2617412868263975,31.21617779239127,1.63974105300816,Amor,0.135099
533011,0.2825335704271849,5.708616805322499,1.70195425400871,Amor,0.0357075
533372,0.3525061755998992,39.15039520552634,1.59808513279032,Apollo,0.0152715
533541,0.2676030298751033,26.77505723346347,1.72267120400478,Amor,0.0721288
533638,0.1677559037340819,22.45989430181005,1.29372683345929,Apollo,0.0993617
533671,0.8955233742226443,24.28283530029516,4.9131639757439,Apollo,0.0264379
533722,0.6584891706259031,3.858851194085119,3.68431806071768,Apollo,0.0357768
533990,0.2235318207526016,2.821637462007125,1.67702818511735,Amor,0.094535
534676,0.6039796690418615,16.36907781277802,2.49224847871423,Apollo,0.0953409
535148,0.5324708049900053,27.13333471282321,4.16176561663928,Amor,0.427128
535221,0.3280673108880217,22.21708221990357,2.03392774449817,Amor,0.0616617
535844,0.4009974224860935,4.754905035014825,1.99919023042282,Apollo,0.0232964
536531,0.4025682733788937,13.19737923582356,1.90829229996044,Apollo,0.00739805
537098,0.487515997512398,5.679578674379881,2.94611929097187,Amor,0.0915894
537342,0.3908515448208653,18.55916390931538,2.02648457912762,Apollo,0.0749244
537395,0.1816528846786553,21.28561812066294,1.41367955669505,Amor,0.0171961
537467,0.3437959092070716,14.13819551887383,2.10048547328429,Amor,0.244151
537686,0.3168944663967213,42.55948645641037,2.13599296363705,Amor,0.188541
537829,0.489293294694757,13.91937760805654,0.598479928460696,Aten,0.197023
538085,0.5645492351988438,62.60741502785712,2.5633200320433,Apollo,0.160203
538212,0.7811620120643227,1.257224585710844,2.8948934205709,Apollo,0.00703858
538644,0.7934371426557629,16.20965103509306,1.14100894119908,Apollo,0.1637
538648,0.7764122690414759,37.17643578249979,1.48069022203687,Apollo,0.445318
538979,0.4279377581904031,22.74252965375512,3.26431429157922,Amor,0.463543
539063,0.7158569225854625,10.77808015513879,1.83811484474413,Apollo,0.0241264
539694,0.1757129107518159,22.73267239880089,1.05351626763394,Apollo,0.153007
539856,0.5575245594073197,16.49729897443668,1.01530475594002,Apollo,0.115044
539940,0.4585305071155136,33.93429376656606,3.12611065126326,Amor,0.154662
543319,0.6243488831500198,34.17198375876271,2.9707940312405,Apollo,0.0943547
545274,0.7849100804498608,13.30660019576715,4.35359478274491,Apollo,0.178878
549328,0.4715837296830726,6.665079674241021,2.52723859570397,Apollo,0.102771
549459,0.7392433282696615,23.91268656390758,3.01535743489179,Apollo,0.27765
549948,0.2834152769205687,14.13114153300756,1.11862840235768,Apollo,0.00151657
550271,0.215782908277713,24.09888818525124,1.55907202248448,Amor,0.0687912
551685,0.4230113143309652,2.915621694841961,1.15546578304219,Apollo,0.0266855
554126,0.4714184146906502,7.373501114253785,3.02367206377635,Amor,0.0971563
555122,0.7174998714561334,28.27066350481612,3.49703622780145,Apollo,0.336587
558307,0.6317038466329394,20.39504535464565,5.76167861368241,Amor,0.237997
560563,0.6517031997565459,8.013517845563678,2.05042499632867,Apollo,0.100972
564883,0.3230137560798435,60.6485418170117,1.93833192511426,Amor,0.347806
564934,0.3516277726283981,5.590084962387444,2.81823763830165,Amor,0.326054
566540,0.4443677064040245,9.240643254200256,2.05250936269836,Apollo,0.0630504
567077,0.4921721591314331,8.016244376686716,3.68865468262435,Amor,0.201701
567092,0.5862030509199184,6.752314805686964,3.90522087461599,Amor,0.056367
572822,0.4534598771190655,10.26440810370431,2.77667889352125,Amor,0.107606
574660,0.496188782712304,5.310741579078703,1.24937607800153,Apollo,0.0874348
576330,0.4771827896423739,22.31170932354284,2.35932965169144,Apollo,0.0575157
576763,0.460731346340823,6.063420242199016,2.65308525010441,Amor,0.0301163
577723,0.5125819990325285,17.24727744180257,1.58753943330957,Apollo,0.287309
580109,0.4306483462864746,5.792707433556659,2.98113518909751,Amor,0.200615
584604,0.2174352137815123,4.656743043279058,2.00816973882255,Amor,0.234778
584693,0.3380288986341697,17.09703822398491,2.05502333594657,Amor,0.205494
585185,0.4724225014037975,6.568052279659805,1.51905961835483,Apollo,0.0893734
585310,0.3349322769897676,20.87431129186289,1.53019749755928,Apollo,0.00131516
585428,0.2309152009454369,27.65701502804329,1.03431981521507,Apollo,0.196981
585734,0.3857166578535522,26.8295696305132,1.99707015680554,Apollo,0.18905
591179,0.193075089015627,3.872837584137348,1.58705873552264,Amor,0.0912175
592968,0.583877930774637,6.242915187985145,0.794836951574165,Aten,0.074718
594769,0.3120448498565648,26.59479677440071,2.10575974158632,Amor,0.305395
594913,0.1772111982749285,15.86855228676348,0.413860376338067,Atira,0.34713
594936,0.7370344321871186,6.762630735826321,3.92615037244739,Apollo,0.107619
594938,0.4707455709029569,29.64976487984469,3.23503161173587,Amor,0.166507
595116,0.02813942423240273,7.266830851251633,1.5006778715003,Amor,0.299845
597171,0.4674476038709136,7.452472027764419,3.55095197503204,Amor,0.241118
598001,0.144526761202131,17.04666747763579,1.71339055727735,Amor,0.296491
601696,0.6887270455968314,24.02626049004508,1.80951614618651,Apollo,0.294238
601798,0.6903328397633292,9.278695554539183,2.59696016057907,Apollo,0.154125
604197,0.553676515061336,25.00134932554781,1.36589376412277,Apollo,0.234559
605070,0.5379666639725944,8.95917460419387,2.76199212870038,Apollo,0.0480207
605489,0.3989579569342636,5.281892531659979,3.05719086659454,Amor,0.268795
605911,0.2948403994762901,14.49896832362152,2.37958673676068,Amor,0.285742
606367,0.5026658710549062,25.55342632224665,1.98983337941155,Apollo,0.10668
606438,0.3687599660219435,27.10550587098918,2.0332089982372,Apollo,0.130571
606441,0.419543849456048,36.48550366225918,2.40654626189113,Amor,0.0402748
606605,0.6816621935156487,29.02865241013425,4.21574515720733,Apollo,0.157289
606702,0.5951639978372816,43.26150420147393,1.15475025756318,Apollo,0.540464
606900,0.4276890299932349,6.430762919015402,3.15137788305746,Amor,0.221448
606908,0.556577828168093,24.94630326607425,4.28197895974063,Amor,0.441312
606939,0.1997082591141835,19.00015514468839,1.95268891041234,Amor,0.285615
608017,0.4595015689044805,27.56519379075764,1.43396053332199,Apollo,0.252078
612012,0.7144610989056365,1.56350749021881,4.20136611167589,Apollo,0.0249942
612013,0.5693131429576269,14.87725436742349,3.34059946663841,Apollo,0.0841019
612027,0.2704135584340112,25.03245762837959,1.13039777585748,Apollo,0.149613
612050,0.7843768364469633,6.679762138326299,3.42201415706083,Apollo,0.00404473
612057,0.5364689510190703,28.11846549732757,3.69842773568354,Amor,0.363821
612058,0.6174229135141427,9.197929524392636,5.48973211636861,Amor,0.236608
612061,0.4463768477479745,6.072061417083339,2.73804445306996,Amor,0.104951
612064,0.4552633773831274,4.832167031414166,3.0606510271579,Amor,0.158702
612089,0.2746731055825121,21.95620248821798,1.4387337275115,Apollo,0.0596655
612091,0.5441462914561237,6.497112300432942,4.1041486939354,Amor,0.190083
612094,0.1086111295208155,8.680189731060848,1.17896802091063,Apollo,0.0152867
612098,0.6446923318644577,10.89140056527191,2.18390296711764,Apollo,0.00387953
612103,0.4418431026291737,6.962016231173858,2.34369810297922,Apollo,0.112985
612143,0.5999751689529915,6.342924115287093,2.21600239721361,Apollo,0.0477381
612152,0.3897286412528014,4.391601610426052,3.01875239741202,Amor,0.268722
612162,0.9446542071054873,16.58218885486392,3.22785790503816,Apollo,0.104841
612171,0.4955708882339305,12.21312491190472,3.49532516071287,Amor,0.158133
612197,0.288428948440883,7.678758756648112,0.789793232277882,Aten,0.00341822
612199,0.2986078820816763,18.27239060015237,1.71348393348286,Apollo,0.161093
612202,0.3763069723813217,4.42443034733038,2.10317061264832,Amor,0.0549635
612210,0.3254241124044318,12.96702728012619,1.8128225813414,Apollo,0.139722
612227,0.1877268945875875,6.236368956458896,1.19920789344925,Apollo,0.0286833
612267,0.3473296178660372,7.772138907722293,1.58321207443387,Apollo,0.00587672
612324,0.580019970751333,19.52156178379048,4.78601542230696,Amor,0.216276
612326,0.579874663147607,2.893311594066847,2.37055460606088,Apollo,0.0286978
612337,0.4863883313907339,21.727206966,2.26656895088749,Apollo,0.000313964
612342,0.6671447171104132,6.727065557219598,4.71601123047274,Apollo,0.0340361
612343,0.4626427275546979,9.4890366122369,0.982583092205039,Aten,0.0403084
612346,0.4783249433451506,6.268452541518581,1.23988367055158,Apollo,0.0979148
612348,0.6403472464106271,5.321564791730169,4.73776036625426,Apollo,0.0380118
612356,0.3049640831588488,4.382975991807355,0.676095924862454,Aten,0.0209626
612357,0.8276614184662439,13.39357692360033,3.39142398289156,Apollo,0.172001
612358,0.4165532530577175,8.773015948243659,1.10052726993335,Apollo,0.00757799
612362,0.5190045201228941,29.59358333779291,1.2829981784826,Apollo,0.239448
612363,0.5676436625043618,29.19267930426446,3.82990669426676,Amor,0.0872741
612364,0.540397389466584,11.37573337067247,2.8164920642026,Apollo,0.0830642
612380,0.3660933344168315,13.86015757125774,2.1076608152078,Amor,0.0336065
612383,0.3811591874446328,14.20566034316445,2.35274248426819,Amor,0.0836173
612443,0.3097522505320552,13.54008652569076,0.950476323796068,Aten,0.140461
612472,0.382575002819702,16.81998689305979,1.69390238301743,Apollo,0.0831752
612484,0.4884937422980644,9.696403875793202,3.59679002767934,Amor,0.232643
612509,0.5754545314951494,5.366040603250052,1.52283324927438,Apollo,0.0123252
612522,0.527185500488594,10.12248222898097,2.86958831850089,Apollo,0.0244348
612529,0.2959339359803423,3.77454326396864,2.10897779831265,Amor,0.182339
612536,0.2893221652727764,13.78250922029792,1.69447690399371,Apollo,0.0316402
612541,0.6245909653294296,45.67393278824056,4.18311559172342,Apollo,0.313783
612552,0.2584160224593525,38.38989429519579,1.88413666360141,Amor,0.204088
612556,0.3480125871357724,17.67224250380705,2.42613818059419,Amor,0.202866
612558,0.5547616952228525,8.114373789720876,4.95685313281616,Amor,0.315181
612563,0.7098182997170537,10.33389801810054,3.56793557456245,Apollo,0.169828
612589,0.4344846912074766,7.428240165057391,3.15360085774511,Amor,0.22677
612593,0.4577005620164226,45.37629030829837,2.14983009243822,Apollo,0.0606217
612600,0.08200100150212243,2.79611507801968,1.19385804861925,Amor,0.0509568
612608,0.6389220144266762,20.91047038430722,5.30026322719383,Amor,0.30221
612723,0.4848435285934792,4.887100748030541,2.83370327625878,Amor,0.05382
612750,0.5035904525049332,23.44214512283389,3.36670928311763,Amor,0.303184
612760,0.05498882651998921,4.542326858037625,1.34635162090807,Amor,0.159584
612777,0.5316559805276789,9.809962905454638,3.20780869684686,Amor,0.0684794
612780,0.536275755728749,9.772877883651393,2.65393822201191,Apollo,0.0142958
612781,0.6383710293532827,35.09334143964315,1.2257716298028,Apollo,0.0710236
612786,0.3418171686352506,2.577252281008886,1.68877560228781,Apollo,0.0229598
612800,0.4377485364896768,9.0373454539458,3.15973066407547,Amor,0.232139
612801,0.329199275114414,12.31425540306414,2.29333556917269,Amor,0.17717
612813,0.6038245372972522,23.29042571734349,3.18417379951997,Apollo,0.0325817
612856,0.3892322875748255,7.48918819156703,1.46731208495233,Apollo,0.0283971
612901,0.1585951600581796,32.94882036703855,1.07887777269968,Apollo,0.00304991
612922,0.6873234680350403,16.97272158912869,5.63799167954748,Apollo,0.19771
612924,0.7544765739894304,4.448924586931846,2.80044144747,Apollo,0.0239367
612929,0.4685900435711222,26.04594193963781,2.62868729725116,Apollo,0.0614622
612955,0.3263024051661882,10.87642712808238,1.55452866132647,Apollo,0.110872
612970,0.3356524590889342,7.90179025476412,0.791212270861428,Aten,0.0781824
612982,0.4635715750193754,6.535619234394326,3.09641526943481,Amor,0.168213
612989,0.7156786075757648,28.46356093020405,2.80403381579572,Apollo,0.0271688
612991,0.5353397361559359,6.901161909639449,3.2341438280392,Apollo,0.0531402
613010,0.3198803902853444,12.52194099566602,0.963827028402811,Aten,0.126253
613014,0.4793879733882888,15.79974458031393,3.76310380735958,Amor,0.32029
613096,0.5095939570372986,7.375241470865074,3.20031904523266,Amor,0.104996
613217,0.5895241107833539,37.17389864221304,4.56697628892822,Amor,0.146061
613234,0.7019705258896038,19.32081433381168,3.03612457713264,Apollo,0.145415
613286,0.3336100816473304,22.22668794345017,0.640911897386761,Aten,0.0192407
613291,0.7328435445020602,4.630308780347372,3.21361554591021,Apollo,0.061122
613315,0.1265637349717759,13.66362826364279,1.61633900314045,Amor,0.234761
613397,0.5288870599651617,13.77945997323228,1.60974481868733,Apollo,0.0745826
613398,0.3432822837674307,14.61224912515316,0.886124710137933,Aten,0.193418
613400,0.1982418464648723,1.583252127684341,0.933632981361661,Aten,0.0171372
613401,0.506610509391139,15.16836980993232,3.18404142715492,Amor,0.0891243
613403,0.1795035509046626,10.06520740754096,0.938518077328863,Aten,0.00883868
613420,0.4041453143165898,19.58694868371539,1.25412787545639,Apollo,0.291299
613422,0.4657908472885718,6.328304559889921,3.49914338845656,Amor,0.225045
613433,0.8592583862363447,14.16945363809609,3.26001480649407,Apollo,0.214593
613434,0.3094042303987943,38.16754444803987,2.55764653433197,Amor,0.47573
613439,0.4657848428085603,5.007425664031789,3.26971925637752,Amor,0.183535
613440,0.3784085985845198,10.83318506468033,1.88128091867374,Apollo,0.122831
613450,0.6403966083693656,2.850402279866061,2.60958652526955,Apollo,0.0258519
613471,0.3003466852074616,1.414568281437076,0.92665532710792,Aten,0.00139665
613496,0.3017373912621699,35.74918232456428,1.86598070501807,Amor,0.295183
613512,0.5364774208337542,34.65559182778189,2.57708734702338,Apollo,0.131458
613527,0.321640313722849,15.85382174474335,2.60377566931679,Amor,0.370977
613569,0.4703355841050325,2.950346399473171,0.785524344012692,Aten,0.023685
613626,0.5319639725869968,14.26820151124967,2.16607661490086,Apollo,0.0834028
613676,0.1830150336891774,24.76684393398719,0.695155131661855,Atira,0.101437
613714,0.4764801969785432,4.672703529986396,1.75970673035617,Apollo,0.0462872
613726,0.4101164839268024,21.73452253292755,0.74296765006356,Aten,0.0258816
613763,0.08467661002658285,18.01360804613739,1.47753858553222,Amor,0.191486
613775,0.4499313031748129,7.015455122978689,3.46570901656173,Amor,0.271164
613814,0.4990822497218872,19.70395889942802,1.07513093257299,Apollo,0.299314
613829,0.2044003325205453,10.24751402540426,1.08456345650363,Apollo,0.160892
613862,0.1760043898004523,1.02264112875053,0.924927554050504,Aten,0.00562499
613910,0.6751365387900139,18.97659077085336,2.35485605015959,Apollo,0.283531
613913,0.6013709000585444,41.324986711236,3.28206445851132,Apollo,0.0594742
613939,0.587503796920683,20.36678006660902,0.539606153443566,Aten,0.224968
613940,0.418139884918274,22.94242595266421,3.28416254064045,Amor,0.501096
613949,0.5014281756001553,10.1739315878967,0.933508051458791,Aten,0.117099
613959,0.1643162331337056,31.52491066089279,1.78634269865923,Amor,0.331435
613964,0.5972340396424696,44.64272703057016,2.6067663988168,Apollo,0.0734412
613985,0.1343378514703362,17.59246688851937,1.80948013436948,Amor,0.303179
613986,0.2958024772355109,7.919437110486973,1.07802956882327,Apollo,0.048892
613995,0.3339828833049822,1.429746081186508,1.00748674634999,Apollo,0.0151842
614088,0.562334773171629,19.98340638787494,2.38690825244863,Apollo,0.0615633
614134,0.5544184024409541,10.64632758315475,0.689349583100833,Aten,0.00334686
614266,0.6371917027664662,12.86443322760473,5.38821909060041,Amor,0.249766
614313,0.749036225568476,8.497502882569938,3.39881119352475,Apollo,0.128843
614316,0.6205232164160814,16.54275753743681,1.05703775780912,Apollo,0.0510099
614374,0.6982546012781925,28.00585029141413,5.09575709803553,Apollo,0.106038
614406,0.5873852649511744,45.92880409168967,2.37285165408077,Apollo,0.171495
614417,0.5888161754143986,10.0809340826916,3.8111810058679,Apollo,0.128059
614427,0.425087246908617,8.914560078600651,2.71330293836135,Amor,0.161183
614433,0.4554790539901399,18.21397116416432,1.84110548345533,Apollo,0.00159892
614449,0.7834268023836314,15.5277749292319,3.37594797542953,Apollo,0.261831
614470,0.5954250705444722,6.733326352064646,3.62387162719284,Apollo,0.0108979
614478,0.4077336622769419,6.539449476019334,2.79283667381159,Amor,0.213522
614521,0.4830290879187049,3.532357490357805,2.78087049299553,Amor,0.0584085
614599,0.545422143619489,33.27168828003508,3.38923538901083,Amor,0.207886
614603,0.5298651862878717,7.431011577303623,4.26144964554385,Amor,0.268317
614643,0.6084357315029508,20.83624846646394,4.47767156284389,Amor,0.157517
614689,0.3871879161302991,13.84701014855133,1.00113855741084,Apollo,0.0768942
618348,0.3322590941044601,21.60313289219517,0.795716263208942,Aten,0.0694845
618350,0.4737751966059564,7.917662358889091,1.93828600500281,Apollo,0.0342162
619034,0.572124057475506,8.936295957392343,2.25920252726065,Apollo,0.12172
619106,0.5743157841581482,1.20071143156381,2.12867849816187,Apollo,0.00560517
619492,0.3128287654164835,7.891868477390529,1.90619403631785,Amor,0.102694
619920,0.6489038266480872,7.472251723265338,3.47323704732387,Apollo,0.0497044
619926,0.5318380264991598,24.73383329457642,4.30023805731926,Amor,0.46593
620000,0.5522863006756428,21.41936620112079,1.44394063560201,Apollo,0.31101
620055,0.70621200634445,20.66028885115123,4.55605971646864,Apollo,0.0206532
620056,0.6168463663061846,4.077501947793296,3.20698469542937,Apollo,0.0185806
620058,0.8315504783567432,17.31288754683478,2.81251331834654,Apollo,0.228408
620059,0.5024059955841061,19.98854428062059,1.30232696017177,Apollo,0.107119
620061,0.7021310381789406,9.575954108880369,3.03788130800867,Apollo,0.163464
620062,0.443076298793243,24.14437965467287,1.49884636152505,Apollo,0.129073
620063,0.6001340893610899,53.69122587591453,2.51386524901168,Apollo,0.0198881
620064,0.4950473046754992,6.403489333749832,3.79425442063821,Amor,0.249945
620066,0.6070451871087194,0.2487655413906556,2.54771062569257,Apollo,0.00115131
620067,0.7042369981253517,9.422050627864795,2.44085166005558,Apollo,0.15306
620068,0.4400701383112723,8.944205599493584,1.81987003070732,Apollo,0.128945
620069,0.5218571192391134,24.90467354783151,4.41630151840309,Amor,0.502515
620070,0.5476816411574904,8.919760499501162,3.46868219909921,Amor,0.0686398
620071,0.8580965053505145,33.41991928275046,1.34249274372762,Apollo,0.0034724
620072,0.561303249417926,11.33367486392037,2.69156285723654,Apollo,0.0871608
620073,0.3947902904595439,26.34642444663304,1.37143782139368,Apollo,0.159402
620076,0.6031742902927069,24.97791015089446,5.66059393297542,Amor,0.277959
620077,0.4100557649562928,32.07474348428804,2.05945377581106,Apollo,0.0816662
620078,0.5938498732362054,31.14672712434154,1.2152129609534,Apollo,0.429637
620079,0.4804523087343643,53.23221050271224,2.29961917940083,Apollo,0.0941014
620080,0.644905330483268,21.58912923699035,2.48153276021475,Apollo,0.293152
620082,0.7160098299234217,4.426976334703978,3.02784625314023,Apollo,0.00864938
620083,0.6902320939380449,24.4623869264941,2.10789310667841,Apollo,0.147348
620084,0.5030209553824886,8.472533900301556,3.03209788665851,Amor,0.0369961
620085,0.3332044466698179,25.12359227030632,1.47489081184416,Apollo,0.01057
620089,0.5294990931760027,47.70844070840788,1.6176610868627,Apollo,0.35259
620090,0.6790504598671813,36.50281172874698,4.82054187445571,Apollo,0.0975231
620091,0.67506236467171,20.54069823639797,0.933535485795666,Aten,0.125194
620092,0.5714695333878489,5.703231484126657,2.52318050399364,Apollo,0.0263599
620093,0.2281343408853044,25.86892387010267,1.7283344767507,Amor,0.193837
620094,0.8160732895721263,22.56755726056221,5.89047434611455,Apollo,0.0146984
620095,0.6318118435801826,9.873529122775883,3.98262448820751,Apollo,0.000839028
620096,0.615877950549431,5.149135775194925,2.44066810316448,Apollo,0.00790534
620097,0.7413468313587064,35.77507386145051,1.58153907404425,Apollo,0.161033
620098,0.7460057792552264,26.02470477221379,2.71450223733392,Apollo,0.419507
620099,0.4522884103752539,8.235432017101434,2.05329393953114,Apollo,0.0452803
620100,0.5031989486573988,2.888865855513148,1.55091619006265,Apollo,0.000264814
620101,0.1612036130718074,22.48576972749514,1.49231969413806,Amor,0.087694
620102,0.4609830134237183,34.0818653528795,2.96223891566194,Amor,0.138863
620103,0.5479574806392052,44.35810019752704,1.56143489972932,Apollo,0.0482656
620104,0.3985046790356647,48.93950647193887,1.84097024494228,Apollo,0.0644474
620105,0.4331853326108075,17.74842984526058,1.82880309210336,Apollo,0.141561
620106,0.5253972744558959,7.967851523444197,2.63497347153712,Apollo,0.0573451
620107,0.5588950138691062,8.075478582883312,2.85456469932103,Apollo,0.0413349
620108,0.2662784420501728,19.1659745802755,1.93884169147475,Amor,0.166298
620844,0.3615989428492751,35.57255712902467,2.80201113654204,Amor,0.550443
621890,0.6342729994091271,5.742110899433341,3.99010544932883,Apollo,0.0339528
621911,0.7998160836051179,6.885010870602065,4.01775349203538,Apollo,0.11806
622484,0.3503737057875802,39.72340882936393,2.03311849560458,Amor,0.0583838
622577,0.4496392669321949,25.31140087164397,1.45994383503702,Apollo,0.197313
622591,0.5387854168477768,11.65976974674742,4.57151507919944,Amor,0.302042
623769,0.7132339607393698,37.61248007025718,1.52604534961534,Apollo,0.529632
625646,0.5450920218320102,8.232554143477111,2.32981089998434,Apollo,0.0946412
625788,0.6264602065316033,5.793883573001701,4.61278660139478,Amor,0.0859948
625991,0.5018561429040668,19.43420879155415,0.775485308972467,Aten,0.203679
627157,0.2775031253500268,29.73837397294133,1.32464009073694,Apollo,0.0342024
627523,0.5066749496587578,7.960769019195161,4.05738362751093,Amor,0.287298
628250,0.4030714507850003,3.591030376434856,3.00865757725929,Amor,0.233142
651565,0.3492077863168098,26.54980095921392,1.40325614128786,Apollo,0.135095
654647,0.2224752585993081,5.474125989054405,1.79338964856725,Amor,0.167282
657084,0.3799333515125974,23.65282137184353,2.03851825121225,Apollo,0.0238295
658883,0.7811686355434118,38.38101554851721,2.12520189729723,Apollo,0.170438
659609,0.2484690733814983,22.45195020877124,2.18358037800712,Amor,0.287885
659952,0.1953426246167912,16.00718180719972,1.94785550759099,Amor,0.304299
659955,0.2868453611741184,17.86703537750152,2.40838753734309,Amor,0.290867
660096,0.4181326990775314,19.05518719622933,1.64022435316074,Apollo,0.0218449
660483,0.4422279264252826,16.83555250930915,2.3240765253411,Apollo,0.166861
660599,0.6499372427190322,24.7199367623461,2.87239472219437,Apollo,0.301876
661492,0.6336462714893092,4.919498321479666,5.9267000300572,Amor,0.217315
662203,0.5464656028699019,7.841566865494515,1.89579777704735,Apollo,0.0755722
662390,0.5539973801951135,18.6917924791431,2.55964667202345,Apollo,0.0556996
662564,0.657991333345348,42.50186873231434,1.12810246896725,Apollo,0.225662
663005,0.5270060354378253,28.95951446444471,4.24145552901576,Amor,0.280335
663216,0.4189955411885822,32.57946656991317,2.11957234877301,Apollo,0.208715
663491,0.5858214389745824,21.28243399222211,2.1497411908255,Apollo,0.235053
663927,0.3572374514183425,15.61653761996938,1.44917666509121,Apollo,0.148355
664078,0.4734639709678148,18.63764282615633,1.14691584343724,Apollo,0.0407052
664220,0.6055622386981413,72.85686390310222,3.71300158714084,Apollo,0.246284
665151,0.7577756456261383,21.97727490448947,2.76282457996863,Apollo,0.273376
665250,0.479863192764915,31.72508098642793,1.84877263839265,Apollo,0.183485
665326,0.3074796361348731,16.52926478510165,1.07822109596502,Apollo,0.196792
665382,0.4232768036056225,37.97801725784887,2.14789716927969,Apollo,0.198567
665390,0.4766372076856019,5.801507269294811,1.4038636022523,Apollo,0.0811887
665429,0.3325651660489747,6.941657500709948,2.15913006350489,Amor,0.170488
666220,0.248434472267011,11.05657265294703,0.928256599053209,Aten,0.0813274
666241,0.4478830423161062,6.047089581780794,0.859931791898619,Aten,0.0329321
666332,0.2022288530894073,56.99376635043637,1.54565998790827,Amor,0.113834
666360,0.4674963722920957,30.42696097219143,1.09726063442209,Apollo,0.435997
666673,0.2987939550039915,21.41775974437507,2.13487469010062,Amor,0.166254
666729,0.5189490827385798,9.793792332114803,2.21471768826121,Apollo,0.0445755
666966,0.8528405125826709,16.2093231397,3.28847022759518,Apollo,0.200262
667255,0.4187784669971289,20.10677979869923,1.62138521177382,Apollo,0.0440975
667303,0.3466595796413224,3.617794926965742,1.08834599140954,Apollo,0.061042
668499,0.3274938531944139,27.75823405198847,1.99180601640197,Amor,0.0962086
668727,0.3959628010337586,13.43853476037815,1.36726532250039,Apollo,0.115432
668779,0.4626305143631971,7.165171221215063,2.99641393024695,Amor,0.113819
668935,0.5404389390948375,8.315839299273922,4.42974379821345,Amor,0.27128
668949,0.6063855292241678,5.672739953249438,2.80675235992668,Apollo,0.0265134
669051,0.572715431421385,7.914464902604233,2.75250604515068,Apollo,0.0177088
669555,0.5629529754786611,5.146130808699984,2.82323483631182,Apollo,0.00640448
669608,0.4879018884315295,19.00338379389119,1.17596573575284,Apollo,0.18073
670011,0.4040918123826879,7.095325635713987,1.56774655296422,Apollo,0.087314
670246,0.4093009740471434,32.67999219323234,1.61273559226584,Apollo,0.176378
670295,0.7944508204024219,7.95400782212634,4.99861859348716,Apollo,0.121162
670610,0.584539342054254,19.40801359419353,1.36024752882822,Apollo,0.185551
670931,0.4534834815993785,26.1414617274265,1.54510303528712,Apollo,0.236317
671076,0.2600943201758903,5.056176735443769,1.26224026137472,Apollo,0.0257253
671243,0.3296649691273504,14.33308023288314,1.47599324102851,Apollo,0.103221
671294,0.8867245717527927,25.14792618058664,2.96873833061106,Apollo,0.0056072
671970,0.4698334524136,10.93334868596143,2.48682320152135,Apollo,0.012674
672457,0.7288369040039007,6.576703847086352,2.97519389606275,Apollo,0.0287013
672531,0.3567447948711538,21.07535204514961,2.86260619781452,Amor,0.329867
672745,0.5156602549276909,5.522139250959698,2.51010615889358,Apollo,0.0301219
672881,0.5206146669637322,57.13220759605333,3.02001438666525,Apollo,0.156652
673011,0.7012607636627238,9.229848389076775,1.630576327316,Apollo,0.0174642
673566,0.5222473891160432,18.70836557572002,1.29615836263744,Apollo,0.110064
673675,0.5770549278429553,4.681118237131476,3.00426146347458,Apollo,0.0478545
673677,0.4156416328538656,15.36158710385381,1.88516546454564,Apollo,0.0778933
673713,0.6204696907772543,4.548126517000555,0.798345563013083,Aten,0.028385
674207,0.4524071240884914,17.75458039892415,1.34629629353685,Apollo,0.240093
674590,0.2665888799340329,5.355608931934955,1.34407623035501,Apollo,0.0108724
674942,0.5527737946864889,8.582475282281283,1.99053934524363,Apollo,0.0975281
675214,0.368701457997978,19.23846053337009,1.99762885690885,Apollo,0.147731
675481,0.7020398923354292,17.93823336077482,4.1309204956392,Apollo,0.191763
675603,0.3891023064991906,2.047628558670398,1.54300378695438,Apollo,0.0150219
675689,0.655553046408378,9.553386499202041,1.92493323890515,Apollo,0.0601325
675797,0.5616090217755266,9.88211167487226,3.88679252955108,Amor,0.177909
676261,0.8112502262688857,29.00979120428627,4.13620520988617,Apollo,0.478353
676362,0.6944699518363765,16.62382705443577,3.94817751753378,Apollo,0.225245
676480,0.2292452446865817,6.570120980543603,2.03512642988469,Amor,0.259413
677578,0.5120262885964851,36.49092880007586,1.99555692713393,Apollo,0.233344
677579,0.9497216891473818,20.87774620203382,3.90306948357068,Apollo,0.155857
677600,0.691277739756583,6.233447485867369,2.30382502372444,Apollo,0.0800111
677781,0.1457654360489778,28.93345771530996,1.75697714857453,Amor,0.283421
678010,0.4059117431498525,53.56537623776315,1.78968772302546,Apollo,0.0526637
678263,0.4575176833246943,24.22338592679509,1.22894288299681,Apollo,0.358348
678413,0.3052294950615482,22.72804262192227,1.4877437660579,Apollo,0.00746513
678715,0.8459424650081986,15.87167050052706,3.34936436695921,Apollo,0.047872
678861,0.4822602124179111,19.85037621668025,0.505513056977752,Atira,0.116235
678899,0.3908555517680156,23.75258081316917,1.93095849669324,Apollo,0.0569465
678927,0.3977098115965108,3.334657415444561,1.94235221472347,Apollo,0.00322029
678964,0.5456262711890153,5.887514592061097,3.00117640110539,Apollo,0.0274598
678976,0.6125149503424973,6.185910385765692,2.95745773388231,Apollo,0.0242065
678989,0.7100942461517248,17.23873417836389,0.879747680354125,Aten,0.17615
679164,0.5269907632597527,6.13763686582415,4.51105688395244,Amor,0.320839
679337,0.5329237095546033,46.96190485880138,1.28414063452209,Apollo,0.46521
679420,0.6576047099403922,66.37062969142808,1.63705583729899,Apollo,0.401647
679440,0.5107808109337024,6.737064965194558,2.49461034114891,Apollo,0.0445629
679648,0.3264548181958379,4.446895956291173,1.0089757888873,Apollo,0.00384531
679655,0.7456398659462601,4.626949594415119,1.81896768642786,Apollo,0.0358843
679656,0.3522636503779603,8.141223055879848,1.96325508410668,Apollo,0.0100197
679657,0.8954639069093949,16.53341061187125,2.043837592704,Apollo,0.129394
679756,0.2913200076458591,31.3586413826253,1.99920482738858,Amor,0.11329
679757,0.6363878947313049,13.01939581875048,3.06233267745002,Apollo,0.0575445
679786,0.5651923612592183,7.425499812454603,3.01952915130167,Apollo,0.0163715
679814,0.3986218155242647,4.595978407218245,1.70055889200962,Apollo,0.0356289
679829,0.4925414167538706,16.70526676816241,3.35885334793072,Amor,0.126872
679885,0.4936958662968726,1.420451563002116,2.04582270596564,Apollo,0.000127931
679969,0.2904341802182616,5.670947931571478,2.19086240986814,Amor,0.187603
686964,0.519065069840071,49.32719389446858,0.691123762382646,Aten,0.024691
688126,0.4197064833342007,15.64518130902675,1.34293017852917,Apollo,0.125607
688841,0.7323128713234817,7.380147431746966,2.96442908705216,Apollo,0.108521
690253,0.8251095759260906,26.65717356126001,1.79265357374461,Apollo,0.334646
693691,0.7373805847074106,36.89513518456024,0.918439312857189,Aten,0.171672
696314,0.4720058962233125,20.1880807292867,1.99371200245292,Apollo,0.0778525
696513,0.5449822965326088,4.60020373706821,1.66817645757244,Apollo,0.00314677
699726,0.7393011315101007,13.72326838158689,3.01556885300961,Apollo,0.103205
706765,0.1903335837988096,20.90535521758466,0.997876156084111,Aten,0.081988
707657,0.4100133673388444,7.473716874235487,3.18574147190228,Amor,0.274214
709992,0.5867413930610474,30.65249819576794,2.17284611714135,Apollo,0.145516
710271,0.5043501303457213,11.08634347289045,1.98680778466566,Apollo,0.0867592
712200,0.4226769115935312,24.2139036066342,1.32382364514738,Apollo,0.00547982
719002,0.2992569130619067,12.8299898719179,1.93299150216428,Amor,0.097393
719194,0.7870048509783628,14.3511063753848,1.96221760379066,Apollo,0.031526
719979,0.8419743551532511,34.46278160337162,2.94057166486306,Apollo,0.497954
723136,0.5758924573304534,20.08331683003723,0.780585661983171,Aten,0.055802
723661,0.5951260545966713,35.19019772947773,1.96672401514675,Apollo,0.355101
726196,0.4031261959387388,17.27397769355257,1.86695018434625,Apollo,0.071211
738442,0.6964241446584643,36.4154802140843,3.10845275828542,Apollo,0.347752
741081,0.4637075179703496,6.020655302928803,1.72570617224494,Apollo,0.00116442
741126,0.4032542386151476,5.63481710228878,3.20548709232404,Amor,0.303447
741232,0.5966356316929771,12.42219550364447,1.70257787797586,Apollo,0.00922623
741491,0.7382297476098622,16.44745209597771,2.09974413611886,Apollo,0.00588914
741537,0.3155799451883107,32.01563441334127,0.773309015924098,Aten,0.016853
741640,0.5034584672634084,27.23663959770022,1.21562915658807,Apollo,0.138688
742415,0.5004188180717947,15.62999714211215,1.12861820619822,Apollo,0.0278872
742677,0.4277292134898429,6.165378196679588,3.27783600766715,Amor,0.259952
743213,0.4629951323641042,5.606149266831395,3.43032857378994,Amor,0.219036
743995,0.8477352774326486,18.87834151161411,3.74020017780595,Apollo,0.219541
744103,0.5345540567379372,11.31119057830371,3.27646478721692,Amor,0.0346501
744281,0.6890482762255598,18.68100678623914,4.60295280155067,Apollo,0.0157377
744852,0.1837667587830756,10.89479307735852,1.89736838040764,Amor,0.266626
745227,0.5317632124394644,12.36769524084488,2.21448347644081,Apollo,0.0487407
745311,0.4199058677959346,8.24021900035784,0.626803439283282,Aten,0.00233907
746190,0.5147973735100216,21.09032765830719,0.845058776139934,Aten,0.0505693
746192,0.7197521963392491,3.133239160227782,1.82083337470482,Apollo,0.0156664
746333,0.2595719880555384,1.721589995508195,1.12264145756706,Apollo,0.0159372
746849,0.6066083935205918,31.29828600877759,2.83301902829448,Apollo,0.0340803
747011,0.616053096917546,6.531118795811935,0.766127904339695,Aten,0.0534494
747127,0.4508508244181251,46.44110990967348,1.41332769064594,Apollo,0.307259
747164,0.4502100334522718,37.4127934122514,2.24640144413893,Apollo,0.149221
748147,0.6693085449649084,9.255538881128132,4.39863834005068,Apollo,0.0217824
748258,0.1505560614258531,17.7307141357046,1.61067372329708,Amor,0.283943
748283,0.7704694823988179,21.28884940437388,2.91414779364347,Apollo,0.284857
748318,0.4726304099979897,6.20226524647556,3.43624856331662,Amor,0.19587
748611,0.5435734010349867,12.69822165068502,4.75000935215991,Amor,0.310428
748940,0.728416598321055,65.96057733453317,4.54943613900479,Apollo,0.0800184
749081,0.5638768119965282,25.50543440738744,3.3862460151364,Apollo,0.263591
749593,0.3151246788707887,25.87319719886517,1.34148381287125,Apollo,0.0504772
749629,0.7118763617913778,9.023728473206125,4.8400226031079,Apollo,0.0857615
749995,0.7196003716945402,8.771777168115747,3.95738008823999,Apollo,0.134562
749996,0.3441883555382196,17.47869022681794,2.49003283215899,Amor,0.268793
750500,0.329147943059036,6.085862369311966,1.38637330271561,Apollo,0.0177487
751530,0.6143472282965602,19.9309350266898,4.86085796338484,Amor,0.10356
751784,0.4564414699620946,10.13656771531464,3.62746571951335,Amor,0.297737
752033,0.4984979048557829,28.66241366764233,3.45470264895343,Amor,0.147227
752296,0.3947564886040208,40.42599380704934,1.97632264480313,Apollo,0.132797
752877,0.4769190191420893,27.17122376180888,1.90998454703937,Apollo,0.193238
753099,0.5974464859274923,24.45084620034678,4.07801386419257,Amor,0.307018
753131,0.7991846041873191,10.96193356932056,3.93249579741467,Apollo,0.159354
754217,0.4667323773017761,7.507447531518362,3.61461941898956,Amor,0.260435
755140,0.338152341679169,2.27927057646545,1.50689931043098,Apollo,0.0294663
755902,0.6293175979830017,44.90513844804924,3.50547286441801,Apollo,0.0395828
755919,0.521820172637277,14.45161570176271,2.55846115427506,Apollo,0.030397
755963,0.679551573295279,22.40979279751582,3.55983904226157,Apollo,0.205883
756064,0.7271930875857671,25.49087870133754,1.32660273909597,Apollo,0.00280832
756065,0.60309616678359,1.968638221791024,3.03297028007073,Apollo,0.0138996
756170,0.4223238882131656,14.71354511605416,1.95008743304552,Apollo,0.0911815
756248,0.4361456498285291,2.120596416689471,2.87849803456436,Amor,0.155726
756316,0.6335892809234059,11.22958630191757,4.15700872555377,Apollo,0.0334616
756327,0.4140313233011486,2.021438226275193,2.03959341592034,Apollo,0.0258455
756476,0.1276934466535366,6.806914956792902,0.987674989968378,Aten,0.0573347
756519,0.407714250533139,37.99291037828733,3.06848341434742,Amor,0.475101
756710,0.4777624283215614,5.77581362905191,2.91422313568722,Amor,0.0895993
756769,0.5193070046843457,7.307162245549657,4.16371893013161,Amor,0.233632
756876,0.7195932586171582,42.4669542361391,2.17231237323186,Apollo,0.519498
756880,0.5428965233336045,8.599181435027782,2.05015930217187,Apollo,0.0316905
756955,0.6530871593853295,24.2346453204623,4.59290375530539,Apollo,0.0463743
756956,0.4978771701690102,30.5591322403614,3.75683359438006,Amor,0.200927
756957,0.3977434480523136,6.403578715219133,3.12559641503797,Amor,0.280104
756958,0.5974074486517604,10.57378104279912,4.27149922974294,Amor,0.0797081
756994,0.5116097726017405,25.96874808974347,2.18852096931724,Apollo,0.180234
756995,0.3683629336217141,38.4756327544645,2.74864014488286,Amor,0.35442
756998,0.5496768713090278,4.367855923470796,3.61574859779439,Amor,0.0431908
761121,0.5959090782047083,2.279293445531085,3.72420965718778,Apollo,0.0100028
762379,0.1585749973080245,2.756941551539466,1.27783630252474,Apollo,0.0293004
771893,0.6221619291467302,4.37332459518003,3.04127417486779,Apollo,0.00553286
775475,0.4864774135032772,14.32520682604228,1.89117428518654,Apollo,0.0711295
776617,0.1373713316662156,30.02277913100665,0.94216105482415,Aten,0.0997807
778852,0.1488406171240213,9.142091863617967,1.27625395804326,Apollo,0.00872742
779817,0.606211660269251,5.219368253495585,3.25388247033156,Apollo,0.0252967
780896,0.2458741447411872,32.54974153624121,1.72242749301954,Amor,0.103028
781912,0.5331792054049844,7.199712818797823,3.55398495276729,Amor,0.103279
783796,0.4804916307002393,12.78826336549568,3.57243691281067,Amor,0.244529
784199,0.3209337586890955,4.286012871700867,1.98324856163709,Amor,0.0923804
784815,0.1907196703913941,21.09490442465775,1.26101037657053,Apollo,0.0383754
785648,0.2670299085793899,9.157866500532199,1.79228879009779,Amor,0.0997849
786229,0.4633326917483095,32.98463386566925,1.8050577023185,Apollo,0.0506923
786479,0.4126776035583237,7.191358964648711,0.741768808278387,Aten,0.0059883
786484,0.09191357549314849,9.981033574498293,1.51225358029051,Amor,0.224822
787933,0.5478033215616941,5.968600067638829,3.92029364150215,Amor,0.164209
788042,0.4971556829427949,20.17667749298809,3.12329417823504,Amor,0.290473
788283,0.5088882066877612,12.41759806617632,3.86089432277648,Amor,0.22492
789058,0.7522009368169549,8.505398005727928,3.65595835048206,Apollo,0.0107178
789529,0.439259754107468,24.97700933657085,0.96952894395538,Aten,0.0509371
789530,0.5268104924199868,8.796170257651404,3.08521531953191,Apollo,0.0479703
790012,0.1836610045433215,10.38748930888583,1.40960760426859,Amor,0.0110881
790039,0.4753941442013266,15.09478894934641,1.92317647862959,Apollo,0.0730517
790064,0.2011799419175792,32.24142815714097,1.02789287572835,Apollo,0.0773129
790747,0.6653792815162188,20.53318480739348,3.16324450806508,Apollo,0.0452893
790748,0.6196361997358617,20.29047622422233,3.0465414921875,Apollo,0.0385648
790911,0.302453519905119,22.34908605537652,1.04071618230538,Apollo,0.277696
791223,0.6538811377746222,12.08149519101537,0.956392567648471,Aten,0.102126
791587,0.5947468302330321,2.642748626695415,0.97426599053772,Aten,0.0157269
791942,0.2933096681715264,6.469155640555495,1.96103629720684,Amor,0.16777
791983,0.2335668035544338,17.46866492696807,1.31968951327588,Apollo,0.105672
792104,0.4069777350929668,22.68876332248405,3.10905333646051,Amor,0.353572
792156,0.6140733886496702,13.92823405366228,3.97186799037841,Apollo,0.00184926
793297,0.5368030478326797,25.60209501110279,4.38849509921161,Amor,0.452448
793349,0.5635403273425758,10.33506749526992,2.46598329722175,Apollo,0.0213633
793384,0.7158381802343363,7.202212570372829,2.44883873549022,Apollo,0.0807266
793531,0.3882867678497594,4.262419813418915,1.61198663458932,Apollo,0.0215169
793565,0.1134887185209124,27.47330576243566,1.60662937083697,Amor,0.207573
793578,0.5134382101775229,15.82787873942155,4.21630592612958,Amor,0.268339
793950,0.4759514813349383,5.453287149388857,3.44145369298799,Amor,0.204974
793962,0.5981749743120125,3.645052001039562,4.71658754654971,Amor,0.146467
794283,0.4684503900815692,5.355951306861132,3.17037479473879,Amor,0.164725
794730,0.5373758353671684,16.29312569188741,3.6009732664485,Amor,0.204365
794904,0.1465102766771317,9.061255010040153,1.06741106291457,Apollo,0.0122582
795322,0.2588891998576252,28.32764095758803,2.13007698698338,Amor,0.453983
795378,0.7176284810464315,8.011694324778992,2.81998677218777,Apollo,0.112827
795661,0.5932997150091985,19.71744711490574,5.21313125981647,Amor,0.354039
795994,0.316874328415804,4.876938345569481,1.77636626837387,Apollo,0.0221367
795995,0.3908858330411811,12.65680261981541,1.36881431577037,Apollo,0.166149
796068,0.8607948413230423,10.01098943534993,2.79369566735758,Apollo,0.102557
796120,0.5544418686377016,17.99654629401594,4.0219323588382,Amor,0.13407
796132,0.3788604615271616,12.74187985458479,2.68591392317865,Amor,0.287459
796478,0.3285518969386991,15.80585948420127,1.63088025766288,Apollo,0.0882065
796585,0.4084261647996568,1.536699420352749,2.50811754113052,Amor,0.104487
796734,0.1844042354108396,18.95748932712986,1.96711974361459,Amor,0.322417
797155,0.4316923611812684,29.9241332249458,3.35645022182327,Amor,0.290136
797455,0.5161515108939382,1.116190395090646,1.39922419533507,Apollo,0.00578622
797489,0.6649839232731899,7.299674542660211,1.56925322827915,Apollo,0.0244876
797490,0.3024726255791405,6.543067799105573,2.3811735743669,Amor,0.255757
797508,0.3148409414602729,13.06625416574633,2.04836107651658,Amor,0.0993292
797571,0.1609795736602396,9.25828433021146,1.57485829481039,Amor,0.173159
797684,0.4407560651874896,6.55958977679368,1.299138090895,Apollo,0.0317429
797937,0.6660594525967432,11.36138341773082,4.3220100613754,Apollo,0.0646189
797988,0.2876656018506422,16.93309853811099,2.15675329915684,Amor,0.236881
798099,0.2350887324236984,13.89916912297402,1.85711141863962,Amor,0.179512
798171,0.6886836151297699,10.15717705628066,2.59613262807633,Apollo,0.127523
798412,0.4533188652212711,9.508561865216608,1.86485363856056,Apollo,0.0572074
798730,0.3970890246194304,11.69338819726176,2.40033219274019,Amor,0.109711
798790,0.5530551355573884,16.28088559528611,3.93440162405656,Amor,0.150287
799061,0.5811673481577232,5.544952667450111,3.92353587201678,Amor,0.102746
799164,0.5929026023768965,24.12127760661214,3.86236829086666,Apollo,0.0516597
800056,0.4850131872993289,16.57434496068168,3.6457823284996,Amor,0.227933
800599,0.336887387506701,18.16938461148573,1.85358395884739,Apollo,0.0997314
801525,0.1398913205254385,36.01982226896234,1.41730322554916,Amor,0.187652
801944,0.3354276348866008,22.78540931100195,2.47824480730754,Amor,0.380065
802885,0.6940404527370128,14.120023395684,4.50369299820037,Apollo,0.0472426
803308,0.5355482136175248,10.42110817883742,3.40154232415833,Amor,0.0467353
803401,0.418934422952085,15.21610892402208,1.81325233592448,Apollo,0.0535445
804323,0.575633247460888,11.83203210056707,2.03478872481424,Apollo,0.0430455
804325,0.4968157255490862,3.9455345098817,1.40271322724963,Apollo,0.0652252
804841,0.3691655191419022,5.838868529416931,1.45057313101073,Apollo,0.0800366
805071,0.3003818907168755,13.03825840136938,1.83138741405415,Amor,0.172661
805737,0.1621394157928477,9.03770828402756,1.49260492117194,Amor,0.102368
805893,0.5299903159994436,42.4392030419865,2.29601003872214,Apollo,0.142977
805936,0.3840394581566169,8.298577324049292,3.02695426494564,Amor,0.281614
806009,0.4204725965848023,4.775234935510285,3.04961818492267,Amor,0.20968
806713,0.4645607376947755,7.492515554565182,3.06204940579829,Amor,0.113806
806899,0.7757247708589421,6.654821583815125,4.05472226425805,Apollo,0.11062
807393,0.2228049486770441,13.12832589016118,1.64774053927221,Amor,0.130192
808521,0.4751301428022062,28.27225093499364,1.69170547378566,Apollo,0.108763
808588,0.5535732195169679,3.630933917792,3.60396802577236,Amor,0.043462
808862,0.5313593973111337,1.746396473453109,1.39563986132538,Apollo,0.00777657
809043,0.3359442524071396,51.19701296720754,1.93210213692838,Amor,0.0677332
809561,0.3629289487685553,15.83206298238506,1.68194456759807,Apollo,0.0731877
809699,0.4257389040465167,5.41328913485729,3.16126460294073,Amor,0.242522
809757,0.6049065563048768,14.03300403102381,3.04976341784027,Apollo,0.111789
809875,0.527225797989296,40.05594479287956,2.02486017029077,Apollo,0.00283845
810074,0.748667168571279,11.05409945227255,2.51168070719396,Apollo,0.166011
811221,0.5160802295597979,5.26005507295959,3.00572842021236,Apollo,0.00965431
812544,0.7731918541814695,13.78721800131168,2.41764542123637,Apollo,0.200669
812769,0.5609988565196078,14.22901825436439,2.84812964436556,Apollo,0.0391285
813064,0.4327219039931005,3.074451197811671,3.15699124585141,Amor,0.212669
813247,0.5104876524299857,6.415244311220024,3.18007076513807,Amor,0.11258
813475,0.3612489339084871,7.722595114665025,2.8904109116345,Amor,0.335614
813870,0.6245060592128442,30.15036187148771,3.04160381843811,Apollo,0.137849
813899,0.3649101786297731,22.85501729391901,1.22751973696403,Apollo,0.0110813
815335,0.3832622633788606,38.95523689717806,1.86072116454469,Apollo,0.0326689
816502,0.4364819046014097,70.07066957402206,2.79222511711513,Amor,0.29519
817368,0.3378806107398486,11.89310383351002,1.14062661959067,Apollo,0.143931
817851,0.4273483594103163,7.592042250642753,3.33906288622713,Amor,0.280891
817966,0.1220726213942135,32.6019421415624,1.31145948410063,Amor,0.0340464
818015,0.2345820933236313,13.2628929308151,2.0616910026134,Amor,0.231732
818155,0.4078584732178757,6.852941859155953,1.79992085604409,Apollo,0.0774825
818298,0.5812549963358788,32.10825621540417,4.05516495441452,Amor,0.241065
819229,0.5216359799223557,4.757002124761392,1.38030366526646,Apollo,0.0646415
819287,0.242669842305038,36.39840881986871,2.20768013868531,Amor,0.442561
819795,0.4937783587974926,13.51984213313186,1.48054954032267,Apollo,0.215312
820090,0.3161582811443317,20.78363841036621,2.21702738642901,Amor,0.151664
821523,0.7698189031693573,18.25734644402278,4.93675618321867,Apollo,0.236019
824839,0.7656984125007139,46.7846691650015,2.80393073407896,Apollo,0.544628
825328,0.07931562900681521,5.433562745094091,1.37904473245954,Amor,0.171573
825486,0.1449543315825005,21.52879843186404,1.85802731963464,Amor,0.331801
825909,0.3498837538564625,18.10252141260693,1.33711659722846,Apollo,0.189252
826212,0.3895076687350298,6.102419716179359,3.10494799306911,Amor,0.307176
826387,0.5041780614934165,11.7896139051705,2.54932139750309,Apollo,0.0265754
826640,0.6802373489459188,5.863336485438798,2.04256305851514,Apollo,0.0910105
826663,0.2461278797318038,10.15296181706275,1.35663907201086,Apollo,0.00429202
826726,0.5411746212096405,36.50949012662043,2.91403762898555,Apollo,0.304658
826749,0.6980845349022617,9.256138525836198,4.03729503032526,Apollo,0.136855
826775,0.4783432423522426,9.854283195647785,1.78819155248622,Apollo,0.130472
826799,0.6491490489584184,40.26019527889338,4.03602472568073,Apollo,0.00905773
826847,0.6992125328339527,33.09096952924627,4.17588311080013,Apollo,0.222742
826869,0.4683557103498039,11.78933189970884,2.11447162008193,Apollo,0.0548434
826914,0.4697967356176826,1.070514151765063,2.89550236498312,Amor,0.068379
826936,0.5036549760594595,8.428684914845098,1.94464097234787,Apollo,0.00239756
826941,0.5781738493397076,7.867834580731878,3.56946516960546,Apollo,0.0100985
826946,0.4581315674484153,2.505241995704977,3.36900842004919,Amor,0.219005
827103,0.2459617530190422,0.5970683657085626,2.20662050687315,Amor,0.29277
827121,0.2315377661548111,14.16499061321902,1.787485527969,Amor,0.127216
827146,0.5503163041377233,5.593233870316085,3.55683142674254,Amor,0.0466888
827552,0.8280647606616772,11.77906852362897,3.09453769891866,Apollo,0.0940346
827574,0.4371741145120197,4.404359671658057,2.85655976843168,Amor,0.144749
827991,0.351135225935955,2.189691948781316,1.11462308007068,Apollo,0.00636272
828093,0.4490686994462878,9.039016792853033,3.4677777159121,Amor,0.295096
828399,0.616335177463023,8.181836654805663,2.65782196392888,Apollo,0.0694013
828465,0.4496642944621961,7.615262033465156,3.58332537482992,Amor,0.296566
828534,0.8610974078682818,4.19497319318261,3.34568696155675,Apollo,0.0231838
829223,0.2306680040240289,2.741645169356245,1.14840829704325,Apollo,0.00195374
829386,0.3657567606136744,16.59263444027019,2.37117764031352,Amor,0.196252
830406,0.4007058693047714,19.10066312806213,2.62553644192882,Amor,0.238601
830529,0.6074097334308918,7.729999854043564,4.23342933454479,Amor,0.11561
831325,0.4848152853898778,7.316879922050958,3.21240718311817,Amor,0.135459
831340,0.6245909896697618,16.60390533733226,5.3097612550266,Amor,0.277357
831781,0.7096106130404294,36.86659045746372,3.07671720917781,Apollo,0.0758257
832667,0.4767699341364201,44.11547257060996,3.69436723323046,Amor,0.607678
832994,0.575509734779632,32.4325153011607,1.4308435426939,Apollo,0.440739
833009,0.6363676681960655,17.7951168842048,2.2683437360493,Apollo,0.299084
833459,0.4816679387278787,16.6581480403525,2.2133651767089,Apollo,0.114086
835475,0.5343213674640723,25.33062343534662,2.1600485228174,Apollo,0.198839
835579,0.6642138407763571,19.24049340634272,1.64895357268944,Apollo,0.000567252
835889,0.5116723653767936,20.2879174870036,3.53835342831638,Amor,0.257396
836356,0.3948369544001245,7.097197678599495,1.29809259961597,Apollo,0.0158777
836372,0.5379183430550674,21.20628748445633,3.23936898995711,Apollo,0.193745
836411,0.4827707839064886,5.742880863255637,2.14576947537515,Apollo,0.0677563
836755,0.4757610805468116,6.658660210901125,3.88279752710422,Amor,0.335495
837134,0.3153490498565256,9.054765718645388,1.44552403903184,Apollo,0.0581017
837253,0.3618282311466794,23.41702788634004,1.18739133284251,Apollo,0.0128179
837449,0.4572975179921774,7.036502770944256,2.04903856733485,Apollo,0.0459172
837610,0.1999926059522157,10.43381386648084,1.09161003467483,Apollo,0.144296
837683,0.5957458019958861,17.33192732737048,1.28532044150446,Apollo,0.0928876
838181,0.5857394676308593,29.44632855476118,2.82835474182482,Apollo,0.148761
838545,0.4581529818754881,11.75391499121652,3.57502508849942,Amor,0.256544
839444,0.5867887465895505,6.439855583568111,1.59812098560911,Apollo,0.0184805
839546,0.4638681725322195,7.491832538007426,3.70423193269232,Amor,0.288278
839556,0.4369788399386813,33.36989300648129,2.71869424927722,Amor,0.332171
841508,0.4428567237459305,6.050090410299289,3.37457906646171,Amor,0.242378
841631,0.5203666894164448,18.51704963654932,3.38072409206881,Amor,0.259855
841645,0.2396162170020841,3.592862180649535,1.99705235618739,Amor,0.19755
841703,0.635718837102621,12.0903205477138,2.51296753809577,Apollo,0.180571
841704,0.5127305787005636,23.60283442154818,3.34771367540008,Amor,0.193295
841851,0.4729873394756162,22.75837507666448,3.36744559028394,Amor,0.355114
842474,0.537515950635268,3.913096476821345,3.52999394337642,Amor,0.0834499
842527,0.2960095187062665,10.89779159407116,1.29267827166483,Apollo,0.134901
842528,0.5684651089240321,23.66573144283459,5.22508713091234,Amor,0.419417
843003,0.5200477500238257,4.440129076199637,2.95113576238103,Apollo,0.0567777
843079,0.5996290525338831,2.630425040313721,5.05336745779955,Amor,0.196197
843295,0.694687445391781,8.80847503365216,5.15585485411944,Apollo,0.0737814
843651,0.7574964071217152,15.32045007802629,3.12293556327178,Apollo,0.259411
843691,0.3928929138316682,18.52011012191202,1.50717247666374,Apollo,0.107467
844394,0.3483605854398262,4.477870235294985,1.9807356091816,Amor,0.0644825
844507,0.2285069550504801,8.457078014574929,1.56787151167186,Amor,0.100603
844707,0.4653683792748963,23.89710140470011,1.93109961391897,Apollo,0.125675
845303,0.2566141312139886,8.149111700240987,2.10137205203769,Amor,0.228352
845838,0.4575213597777282,5.318149862009546,3.47107454885844,Amor,0.236713
846080,0.362785832179347,35.50511230268221,2.77736398939539,Amor,0.450182
846169,0.1457513532515151,7.820961804274438,1.57865336982228,Amor,0.183302
846374,0.4534075461115764,9.870768950444363,1.86356940046922,Apollo,0.123154
846509,0.4269772977791144,22.97017660126623,3.28811834045236,Amor,0.368642
846584,0.3331099096292594,43.39998041259624,2.12843789126785,Amor,0.209849
846655,0.8307296256401328,22.06915561986244,2.72034713347972,Apollo,0.0657827
847034,0.4643065204729382,5.702535249368403,3.75213889845463,Amor,0.293149
847260,0.3982433397440909,37.99362699139373,2.49904088095975,Amor,0.263945
847304,0.4850139040350716,2.598325902215751,2.91829331471759,Amor,0.0706309
847328,0.212607694393354,47.26163845942555,1.84444609987535,Amor,0.258253
847344,0.4726645578004206,11.44421830108014,2.01642295849502,Apollo,0.115521
847349,0.2583283464609091,39.0242780628318,2.22096130272223,Amor,0.410519
847353,0.4408624514111762,32.5627935013914,2.96235968703918,Amor,0.216733
847364,0.4228846930942368,30.63817382051246,2.52989075855301,Amor,0.347391
847431,0.3254632272095699,2.308030134520441,1.81921984297021,Apollo,0.0312168
847517,0.7090724780701296,6.86845392783818,3.12712897375464,Apollo,0.0673297
847576,0.4545915808265337,38.17675351300562,2.20003948515954,Apollo,0.185544
847906,0.6319589837603685,8.310137295090563,3.77888021927995,Apollo,0.0973718
848125,0.7765299808898061,5.571913265079579,3.21575036760517,Apollo,0.0706222
848953,0.5931386325926958,8.518252504586343,4.74694909367067,Amor,0.142308
848974,0.552874238179011,8.9170955626986,3.81044357499334,Amor,0.0748784
849066,0.5096048607867192,10.39596917131211,4.27399800104119,Amor,0.274636
849426,0.5242548614011051,4.406500038258876,4.49455729448276,Amor,0.311181
849725,0.5420490455168573,10.21787603346552,3.40971956783068,Amor,0.063176
849742,0.4716123271004269,3.788669680360288,3.46621701291237,Amor,0.200419
849775,0.5478550096523018,10.31329263931194,3.73453626050653,Amor,0.143213
849800,0.4824494901802614,4.972457888062283,3.61698950675738,Amor,0.226314
849833,0.5193042626909186,19.54340856131887,3.75745970578299,Amor,0.145652
849835,0.4671255766698242,5.744492926290856,3.2052339265032,Amor,0.161297
849877,0.2745964811446535,14.78905663600483,1.89330398230465,Amor,0.241306
849935,0.495431425308231,1.798446610415491,3.80655959958681,Amor,0.247485
850338,0.424066287924754,15.36350355437224,2.31766716357733,Apollo,0.0194065
850450,0.4655626857801121,18.26233973185613,3.21509559316985,Amor,0.364465
850536,0.5728299346571041,5.813017202372299,2.22997451352013,Apollo,0.0954642
850956,0.4453686477634536,3.74146594101868,3.52584435746981,Amor,0.280305
850976,0.5168998322959558,2.523922518740551,3.78562101672453,Amor,0.162087
851470,0.4526871170394386,12.6670267359835,2.1556416245614,Apollo,0.0914102
851471,0.771058547926022,11.86861351629314,4.64442200351212,Apollo,0.10113
851534,0.5980075878401252,16.57634981179228,4.77485305018736,Amor,0.177696
851933,0.4171616801294341,14.10344313066449,2.8624288294714,Amor,0.253818
853110,0.4922619947161472,25.47854261469254,3.24844312603515,Amor,0.226729
853358,0.3073222254134629,7.915366324581579,1.7659473579737,Apollo,0.0104443
853424,0.6146490213899861,12.84896478013105,3.68538409206649,Apollo,0.0407964
853531,0.7024182823227051,5.85423125556636,4.36391392801293,Apollo,0.0322518
853873,0.5844629620437721,3.835337812373843,2.20761768964183,Apollo,0.0133781
854275,0.5627210626188893,18.27806814711503,4.38424484763432,Amor,0.209909
855077,0.5567245580065032,13.60909628576211,3.6495555330207,Amor,0.163146
855197,0.5791702343166908,17.31860425414563,4.71264860248273,Amor,0.197187
855525,0.4764702845685894,11.44380833630135,3.65309012372965,Amor,0.272863
856574,0.3504333974878187,26.19731753621759,2.74485169794079,Amor,0.356051
856903,0.5823547582910219,21.62575521776711,3.95947499261956,Amor,0.0575546
856955,0.5986301976610927,9.082583193436507,2.77962627463921,Apollo,0.0472289
856979,0.6884438744664816,20.76579531680104,3.26801694057559,Apollo,0.127617
857380,0.5789134463792933,7.858634938536339,4.21932560719898,Amor,0.0884968
857421,0.4408042211601205,19.48518349594254,3.32035149639054,Amor,0.392327
857478,0.5329767051008178,2.728452554864044,4.29571355039748,Amor,0.220729
857494,0.6583678152412568,20.65228383001961,3.08117634915786,Apollo,0.0486396
857541,0.5134956883854729,0.2035405221879542,4.06560876291484,Amor,0.228956
857652,0.4927873370327467,29.20531813630448,4.06281092515285,Amor,0.429357
857653,0.4843391062698963,7.385913910976708,3.62469063689573,Amor,0.209103
858130,0.9121007068914986,51.88895358622945,8.86788055027576,Apollo,0.0937719
858610,0.4702312435738118,9.915478698890329,3.69111287647056,Amor,0.333367
858620,0.7107795231776214,4.01845400492141,3.06570318406825,Apollo,0.0648867
859061,0.4772666457248952,21.15103243703738,3.31380407474295,Amor,0.308929
859365,0.4483956603443536,6.593124872730973,3.41966712588688,Amor,0.255137
859487,0.5199621135988454,7.392298085192238,3.58564217347763,Amor,0.108877
859506,0.5025178230032048,6.492817211113136,2.96613441409397,Amor,0.0742855
859524,0.559655356749626,34.9684165387487,2.72794237367598,Apollo,0.112975
859642,0.5301107888602343,6.531206383983888,3.9636717466095,Amor,0.223958
859716,0.5338814884596537,25.12326514973078,1.60097430489533,Apollo,0.0278462
859815,0.4281805012369823,26.50034285333959,3.37230541275491,Amor,0.337058
860019,0.4640313971896114,7.002062500187988,2.95296131136559,Amor,0.17128
860288,0.05278444561260261,4.641855805886858,1.57552571944906,Amor,0.300468
860375,0.4292681841124996,8.850097537931987,3.03838416213341,Amor,0.213601
860519,0.2182324156938757,11.24833496727316,1.78847547639837,Amor,0.201398
860591,0.5452821142978482,26.08421794528976,4.04446503049228,Amor,0.410007
861115,0.603738220645366,36.9517820241065,4.08110816126284,Apollo,0.314214
861128,0.875597599878,25.70924215797964,6.07220485872725,Apollo,0.394076
861366,0.6283169037639974,10.37737939085865,3.30565325140777,Apollo,0.109912
862524,0.503298062716252,5.979239016412988,2.70382188316413,Apollo,0.00882566
863777,0.4139256994444682,36.96699167673504,3.1615250956298,Amor,0.297037
863778,0.255157797366548,18.48229066482607,1.73755603362494,Amor,0.089967
864101,0.2348051458895898,7.95466646021725,2.15535242364344,Amor,0.292177
864393,0.4781793557221915,4.529174676207893,3.17996603831827,Amor,0.138584
864405,0.786564791598398,35.00593338441071,4.91692364235605,Apollo,0.266343
865465,0.3373086661297166,4.890811063649189,2.5899609220995,Amor,0.274633
866329,0.3901128457540012,0.08165478881533175,1.49927125974989,Apollo,0.000506937
866580,0.420358612524928,16.91328287357363,2.66944809026251,Amor,0.271502
866876,0.5990683398671607,9.589612143770696,3.26572023795059,Apollo,0.0282626
867840,0.2508004305745197,4.521254584035224,1.49727837703911,Apollo,0.0389975
868894,0.1049771320186525,13.15019769327758,1.70583740515333,Amor,0.271053
868895,0.3283682890763496,23.78851557677092,1.72513678079185,Apollo,0.0140654
869228,0.4862798320404212,7.668095136533757,3.43145422362161,Amor,0.170081
869521,0.317932432640085,10.43298593778929,1.62808332067604,Apollo,0.0284054
869522,0.5258565299387987,4.846005724026549,1.40325041037374,Apollo,0.00642634
869984,0.3289236667309507,30.27834814205214,1.80043552702842,Apollo,0.01313
870028,0.4183935744626679,8.298752613279142,2.92206654358887,Amor,0.215377
870296,0.5739633082455305,9.845940128501953,5.09432837681682,Amor,0.28859
870462,0.3929678722059219,6.247330982247265,3.04230937983579,Amor,0.302551
871181,0.2994202211294242,3.999722625319056,2.51786801789682,Amor,0.28903
871271,0.5493351785077842,22.42031884786048,4.06566458740978,Amor,0.141234
871399,0.4880819587349388,7.493838085093447,2.95216281724686,Amor,0.0721426
871972,0.5019906538044713,45.08370853076843,3.45895868961782,Amor,0.204276
872436,0.3634660386963725,14.02543831465097,1.89354412620631,Apollo,0.159779
872502,0.3887151985774665,8.28414169486628,3.07670544321213,Amor,0.279302
872737,0.2004266699163067,7.610132735223466,2.03300019150132,Amor,0.289399
872894,0.2998178807545513,1.231644196374747,1.68628239891587,Apollo,0.0129803
872932,0.479697476656211,8.345348119657425,3.14078065695354,Amor,0.178863
872992,0.6344924219586835,17.75796936577486,4.02640142057608,Apollo,0.00343951
873204,0.3870985880744793,33.8571955362798,1.89552198303993,Apollo,0.0203534
873893,0.5196492163203205,11.6848727986696,3.11437076876395,Amor,0.0118317
874272,0.5801637661058152,17.51271980109427,5.34751280181284,Amor,0.449293
874493,0.4195179344924004,4.381798304878652,2.95820264957887,Amor,0.205314
874728,0.4159125286815035,9.505024081684338,3.20650811545875,Amor,0.292743
874868,0.7371843280923243,5.048370419140934,3.84397765843501,Apollo,0.0731223
874981,0.5723958180709576,8.085415576734436,2.40132285458128,Apollo,0.110063
875006,0.6528759973540346,23.6424522593881,1.70453212890776,Apollo,0.103378
875047,0.3123399965588073,30.80264370115316,2.58289982146076,Amor,0.434253
875056,0.3324739874578557,6.221471780190636,1.954457766523,Amor,0.100758
875163,0.7138619584522917,2.425916861963009,4.5432445299344,Apollo,0.019202
875181,0.7613380268977475,8.626191902581644,3.2303206836622,Apollo,0.0506462
875182,0.6047052942690352,12.37741938012836,5.18061816779929,Amor,0.305459
875188,0.6100899702343925,8.771929127202107,3.24957496089481,Apollo,0.0938728
875192,0.407580236148962,4.681479294419821,3.10146752010004,Amor,0.258766
875207,0.1565120390911758,20.13888638946619,1.04501120355923,Apollo,0.122524
875236,0.4914017499602089,3.938791706962519,0.921626827724656,Aten,0.032345
875249,0.51347104767907,7.547603597691768,3.30411906947675,Amor,0.146172
875272,0.6687054442718213,3.239459515935359,3.99624563548644,Apollo,0.0375495
875461,0.1987950222366172,19.47102038234269,0.89758264288215,Aten,0.120301
875493,0.4100242031315104,13.80673684190043,2.08956461625772,Apollo,0.0875538
875496,0.1675409692348875,23.19400505491408,1.38484668403122,Amor,0.0460846
875565,0.640007996544551,43.8122800383895,1.61198688965605,Apollo,0.333135
875754,0.7117981788668407,18.38720617375457,1.06198574318836,Apollo,0.0691217
875759,0.2664885176813065,17.21929534020785,0.771396419254726,Aten,0.0271555
875786,0.8272430527920105,18.1143948050703,1.6678599877709,Apollo,0.147202
875832,0.2875664003001412,27.71154214423395,1.28060904584287,Apollo,0.085765
875863,0.1820136869692739,14.56171830397789,1.19187552859013,Apollo,0.0608214
875904,0.5603946032407653,20.05460489974771,3.17852143040777,Apollo,0.229497
875992,0.6681373813054565,41.1327927515621,1.82196387674541,Apollo,0.254881
876021,0.3124373966920355,31.59423843074989,2.24850245966056,Amor,0.214052
876034,0.5369071615744737,32.17077437495234,1.58292863834049,Apollo,0.272514
876049,0.6984917887644665,11.26458360160563,4.80607371884072,Apollo,0.102108
876091,0.6274612918150517,15.46388630512641,5.95352435572329,Amor,0.223546
876174,0.6685387006181821,3.568220518583585,2.56595394531407,Apollo,0.0465474
876393,0.6496083274275996,29.18284848975752,0.754321761213313,Aten,0.0942724
876446,0.3174527562793307,12.49024505276438,1.88839576167039,Amor,0.176067
876453,0.7367258583582109,7.249802034732919,2.23053976443624,Apollo,0.10345
876588,0.3349196605555442,4.019477432044945,1.89636810139167,Amor,0.0397127
876653,0.6812394756912945,21.74614001233737,0.739031830462951,Aten,0.0786611
876813,0.773712202106574,6.550016421998422,1.87776602021079,Apollo,0.0416979
876841,0.3726440862092608,12.6837336236925,1.53808830953264,Apollo,0.0453435
876912,0.5596709406377588,1.86646737283221,0.907444491532145,Aten,0.00412708
876954,0.4684188829026039,0.9792898310300502,1.78837174459837,Apollo,0.0146589
876982,0.5620744931760489,9.02165021260071,3.15555835010037,Apollo,0.0923578
876995,0.674702004511346,52.66927625656358,3.28736919167163,Apollo,0.0426288
877413,0.6980769057671832,19.12355923265425,3.74164750134111,Apollo,0.193272
877458,0.3074277820281691,43.83177056784378,2.14979873622194,Amor,0.401492
877685,0.1812892459686922,19.19672695692781,0.880170179242241,Aten,0.0136495
877717,0.2839150815746049,4.536462555631273,1.23584674148744,Apollo,0.0712533
877718,0.5034932901479049,3.702021816823144,2.77144949352101,Apollo,0.00914182
877756,0.6101366255774536,18.14790982248811,1.6594705111299,Apollo,0.0968863
877808,0.6901880812000503,3.908576043165305,2.81982788059176,Apollo,0.00644657
877855,0.1393097332399234,9.967725797740721,1.53830746167179,Amor,0.141126
877877,0.425814254000098,15.74827176881532,1.16839501741642,Apollo,0.0933492
877915,0.7271237702583783,24.84642720166608,1.57586291077433,Apollo,0.307628
877916,0.1892089978591146,41.12408934974312,1.50863954496749,Amor,0.141424
878008,0.7994799892017539,17.67198348383613,4.67809556032885,Apollo,0.111928
878228,0.5186479812998107,12.0931107463698,3.97019140828598,Amor,0.273737
878285,0.1341579053296732,21.60034777457504,1.40837054290724,Amor,0.171734
878293,0.3306801507384971,25.22674646129229,0.931938176789551,Aten,0.242136
878300,0.6966121613300896,20.31039974842599,4.72584389177049,Apollo,0.144319
878384,0.5319673382326267,10.23797523591058,3.20390125169934,Amor,0.00690893
878420,0.3814622618805124,42.3213808098735,1.54513397807885,Apollo,0.0066342
878421,0.8392558981537835,33.10497999167601,3.47247258198702,Apollo,0.375135
878692,0.5314272936201134,6.222054326818555,3.21976994504137,Amor,0.0809846
878706,0.1429697002639614,27.17276364326095,1.65607742729143,Amor,0.217271
878758,0.7350153309462149,21.8789782594983,1.21606198408246,Apollo,0.105948
878899,0.4186000207216932,22.31169758572403,3.2878366622329,Amor,0.37267
879232,0.5566845389407292,32.06665395367792,3.96937036991332,Amor,0.463086
879426,0.3230418623059302,25.74871878020057,1.08568325972935,Apollo,0.300317
879537,0.429808270005858,2.796223523677688,2.38741922985856,Amor,0.0222536
879598,0.5586561019376691,42.14266203994838,2.41706480265473,Apollo,0.0014595
879864,0.4776308887923529,6.050703781327546,3.52705092445069,Amor,0.211588
879908,0.4470249794355354,7.319263360507195,3.04590295298666,Amor,0.176886
880019,0.4433302468449699,10.5475335382597,2.72527587134164,Amor,0.0774853
880080,0.4428989483627688,7.707681414379757,1.56962643750832,Apollo,0.0738365
880116,0.5317439313576332,27.48493597512332,1.73306049349742,Apollo,0.312283
880302,0.3174643609311899,9.442371343531251,1.2611099051838,Apollo,0.0081916
880750,0.3893457039142102,5.280827481156915,3.10120557810405,Amor,0.292796
881303,0.4745205012709039,35.13121865274313,2.42874425249612,Apollo,0.0407401
881898,0.4157184130132108,3.780399809147196,3.08120529634639,Amor,0.220492
882173,0.4240462516974052,26.34015668180139,3.3449908278735,Amor,0.305887
882273,0.3322357935908694,16.37984463931864,2.4927320346993,Amor,0.357324
882782,0.1081890902379089,14.58157071392618,1.72608950366698,Amor,0.316445
882844,0.1533197871706478,4.766628815251402,1.50060979947374,Amor,0.114842
882845,0.6184868542002018,12.35340844821083,4.31312097841966,Apollo,0.0066623
883024,0.3256376097419312,13.29486878633312,2.21727711389228,Amor,0.273837
883073,0.1756722091797036,5.487571842416958,1.80333452427967,Amor,0.223249
883081,0.4721143077193609,16.67680118176438,0.745141879357106,Aten,0.111252
883088,0.5336871077790576,3.880877420917134,2.4712029682534,Apollo,0.00916048
883378,0.7221911822555378,19.21935065096352,4.62717361097751,Apollo,0.14905
883465,0.6814623165407064,10.22061271068761,3.01596219441348,Apollo,0.146701
883607,0.7815502187722803,32.32664758258382,4.42078468100382,Apollo,0.40641
883801,0.2210035074053149,26.68871732950832,1.40506761430944,Apollo,0.111288
884011,0.3505794040573271,13.11796403546631,1.53381715276723,Apollo,0.138499
884090,0.6922487008214987,12.25784496055114,2.05045301376687,Apollo,0.00597451
884186,0.5461675317032743,19.94704828787346,4.42381434293022,Amor,0.304284
884385,0.6896134559008975,41.34390784213153,2.86927601200233,Apollo,0.133704
884403,0.3370136550687908,23.60770621453629,1.49013606704554,Apollo,0.109751
884785,0.5553159450773524,11.48162293332412,1.60515105365264,Apollo,0.198287
884793,0.2693245685737235,9.216568858355469,1.60210448666064,Apollo,0.00684174
884829,0.7982993047667315,10.54412971260444,1.97852098980643,Apollo,0.143548
884842,0.5925717653851045,15.75358922992221,3.50067521665126,Apollo,0.175379
884903,0.4256147233351178,20.04914462843083,1.33628616487267,Apollo,0.121067
884904,0.4484563339684455,7.478827119365848,3.06497583088897,Amor,0.211389
884943,0.3206275149884755,23.99732512609626,1.61107882616487,Apollo,0.0802197
885020,0.3651017712560681,23.01128377631369,1.3848229871156,Apollo,0.224547
885021,0.3815266685594501,8.997326086424911,2.10194935161287,Apollo,0.040267
885067,0.4860690108433054,4.32778084911294,2.58027287923874,Apollo,0.0467426
885120,0.297172676224737,28.14901835610615,1.693601757039,Apollo,0.0046094
885268,0.5154109454146049,15.38318699776391,0.695227406853973,Aten,0.132894
885322,0.8421074945007696,4.60834432028625,3.46138155453865,Apollo,0.00494865
885347,0.597863320955876,13.51155716545876,1.00680823784721,Apollo,0.148698
885376,0.5587335942889168,18.07787200014341,3.51779592856202,Amor,0.0501727
885377,0.4758095085902572,11.19185368264401,2.34085674986287,Apollo,0.0563927
885551,0.3229806988741952,15.0621976031226,1.9488949096725,Amor,0.090516
885552,0.4520470110974408,17.52501723904938,2.59847658518039,Amor,0.0272005
885617,0.4139669867671545,31.32082973730867,1.6632267194398,Apollo,0.112146
885677,0.297275333473959,8.468983636962642,0.985804284525817,Aten,0.0752505
885992,0.2694508515324293,25.21785525384797,1.47510170088362,Apollo,0.0329725
886039,0.5947850489363973,4.522111349681543,5.66420600450307,Amor,0.305396
886097,0.3374932870980512,12.55626126298423,1.34616436211422,Apollo,0.00844729
886138,0.6794646978208029,26.60712995360137,2.81840420688918,Apollo,0.288395
886139,0.5485756848393294,12.84769055488234,1.81249929587913,Apollo,0.168874
886181,0.7105449970514043,25.11451875687297,2.4733965739236,Apollo,0.295437
886275,0.6009878668359133,21.59627513328017,3.1072284888607,Apollo,0.119749
886345,0.6522112916478888,34.44360656444989,1.95272848113719,Apollo,0.249492
886371,0.6668455534113578,40.31628597312498,3.81655188763907,Apollo,0.143234
886456,0.5056010918343627,24.691814227831,1.52944462994994,Apollo,0.189565
886505,0.747851772633925,18.18340396467082,1.23018440128846,Apollo,0.0658707
886605,0.3521925765240416,17.42169281491271,2.6669670426289,Amor,0.3157
886606,0.6196407952057654,18.20875715775056,5.15914634828268,Amor,0.23925
886662,0.5766063236466926,36.15713056272674,2.01502795888755,Apollo,0.0402157
886663,0.2893495274058224,18.5117184155879,1.83032715569295,Amor,0.0611333
886700,0.3742378171124924,17.9699347944384,1.0176357289551,Apollo,0.073343
886709,0.5383827397418242,55.58410949139756,1.89738598310443,Apollo,0.257313
886732,0.3512680326303655,7.219149754914413,2.07016289074486,Amor,0.1156
886819,0.1138985745514755,2.479929149237864,1.41865803285261,Amor,0.115326
886832,0.5071032238840937,11.62769196838274,1.01212145279157,Apollo,0.174719
886858,0.6463760883062809,28.78491060751824,1.32063994668264,Apollo,0.0562711
886859,0.3933724101501586,20.29952520988911,0.998711396999958,Aten,0.0975774
886889,0.4825161023360681,10.27962001302276,1.04525688841729,Apollo,0.159365
886890,0.4941253023507834,28.5907912921959,4.08881497040605,Amor,0.332457
886933,0.2231168355643834,27.66773832788931,1.52112048419999,Amor,0.0435442
886985,0.6481542005892221,24.0632928739393,3.31846567874844,Apollo,0.156979
886986,0.445800753939356,20.36786441271479,3.06075118452268,Amor,0.280871
887017,0.4570679995265916,23.91650941159072,2.06214685501543,Apollo,0.10679
887030,0.4511165284061015,25.31323404572109,2.05632618723965,Apollo,0.00501303
1979 XB,0.7084495059291489,24.73412122397795,3.32587579522273,Apollo,0.0238628
1982 YA,0.6919062117291049,35.17673174380501,6.95919601029535,Amor,0.211484
1986 NA,0.4020736363293355,9.44465639340938,2.68754840692577,Amor,0.164712
1988 NE,0.4444075608477249,9.658309039074812,3.36642880471324,Amor,0.231932
1990 UN,0.5280519814485182,3.684150707320433,2.23582680915592,Apollo,0.021933
1991 BA,0.6732249052774221,1.937990056842139,3.23847736919146,Apollo,0.000342552
1991 GO,0.6542279329894064,9.554568968911488,2.67271261077131,Apollo,0.0250623
1991 JR,0.2609248281018883,10.14324619762087,1.66652944191939,Amor,0.044246
1991 TT,0.1609721478602963,14.78772576500683,1.30474127421335,Apollo,0.0306366
1991 TU,0.3343780460637522,7.733628971334505,1.6933844413984,Apollo,0.00447237
1991 VA,0.3546451814785391,6.567243085375122,1.71714339279128,Apollo,0.00717236
1991 VG,0.05243533400522739,1.429713534927547,1.04892560354627,Apollo,0.00192621
1991 XA,0.5669046296868157,5.240207210141753,3.40035846365452,Apollo,0.0472695
1991 XB,0.5817871829784385,16.23538141697047,5.10260222608385,Amor,0.25455
1992 DU,0.1742226475262583,24.99373900498189,1.24715178600934,Apollo,0.0378759
1992 JD,0.03124950127310617,13.56444742254532,1.05460922940586,Apollo,0.0143999
1992 SZ,0.4582737682756486,9.28704843960554,3.21640910703579,Amor,0.201064
1992 YD3,0.1283357362720736,27.67629004968467,1.23741791114256,Apollo,0.0236131
1993 BD3,0.3753712861103654,0.8895245548303159,2.09206792248894,Amor,0.0374945
1993 BU3,0.5090076930868628,5.281519979609532,3.74725337697639,Amor,0.208478
1993 DA,0.09310788840208045,12.39454761969295,0.905417882679189,Aten,0.0331962
1993 FA1,0.2890100860836199,20.4572100376882,1.70370375919654,Apollo,0.0252887
1993 HC,0.5078778138172222,9.430604855613174,2.80695973639665,Apollo,0.0684186
1993 HP1,0.5139337325497814,8.024433341678476,2.83050114236963,Apollo,0.0048451
1993 KA,0.1974850066720976,6.048175732836194,1.40638653238247,Apollo,0.00246552
1993 KA2,0.7743508412253705,3.183491028129013,3.31644145441383,Apollo,0.000246364
1993 TZ,0.5659099998134843,4.15202691455024,2.86481001641356,Apollo,0.00451649
1993 UA,0.525289761588142,4.606460769776771,2.86959826580718,Apollo,0.00296202
1993 UD,0.1946451310801746,22.78958734279365,1.51644350884277,Amor,0.180922
1994 BB,0.4258939327963602,1.142686292431434,2.8750687804272,Amor,0.177432
1994 EK,0.6386001385773715,6.041755008848125,3.15392553740942,Apollo,0.0308411
1994 EU,0.2762504972515055,6.437660443565709,1.6101223497088,Apollo,0.0300052
1994 ES1,0.5844447023961219,1.147263196720189,1.6231612551547,Apollo,0.00052642
1994 FA,0.4184928439973759,12.94792894631276,2.28960170379735,Apollo,0.0430979
1994 GK,0.6044885648673957,5.658689324161334,2.72863033001719,Apollo,0.00300999
1994 GL,0.503924655737974,3.679386817265907,0.564974335270476,Aten,0.0123764
1994 GV,0.4890936614829938,0.3747027782965586,2.53828051565144,Apollo,0.000266554
1994 NE,0.6064319729732133,27.5908068890992,2.92819002087608,Apollo,0.0160469
1994 NK,0.5349257530778575,5.721838517318923,3.61821095156038,Amor,0.109005
1994 RB,0.6373910562406494,26.58124468746266,3.89265843330674,Apollo,0.0388928
1994 TA2,0.5269509580109913,7.009297690970422,4.27526155823761,Amor,0.260128
1994 TE2,0.4415644717091494,5.681826756288501,3.36882282947524,Amor,0.258054
1994 US,0.5698776741705157,8.491725254063368,4.52459280616859,Amor,0.214875
1994 VH8,0.4473180394199187,3.403352227849209,2.11013120824399,Apollo,0.00282684
1994 WR12,0.3974846716985706,6.84653041166877,0.658339160962438,Aten,0.00146614
1994 XG,0.4988376652737256,11.45826077531495,1.98518030543564,Apollo,0.0676306
1994 XM1,0.5527235913518688,5.618202017303298,2.83737817084844,Apollo,0.000621135
1995 BK2,0.5498526942766482,24.72111205027042,3.81169947062238,Amor,0.118579
1995 CR,0.8684105558502822,4.082140906949584,0.863735361416262,Aten,0.0126048
1995 CS,0.7723746638577079,2.589622243893637,2.66636092189534,Apollo,0.00137676
1995 DV1,0.651922823471575,3.500510065024308,4.62041050163027,Apollo,0.0498903
1995 FF,0.7105412238980678,0.5588017319718609,3.52656585635017,Apollo,0.00150228
1995 FG,0.3727018721676211,1.965065147293372,2.51608311297986,Amor,0.152425
1995 FO,0.3645626654450749,11.23802905040853,1.81613975107598,Apollo,0.132487
1995 FX,0.5401225726359767,21.42934479516126,3.39983408909331,Amor,0.0759426
1995 HM,0.219739131280601,3.984990647615933,1.76302352706475,Amor,0.127547
1995 LA,0.5236728056702246,8.709883851210904,3.09536807626185,Apollo,0.011134
1995 NA,0.3894721684228475,12.77257071259438,2.18333041208106,Amor,0.0508158
1995 SB,0.08518739659195465,14.82994617140266,1.51535309006757,Amor,0.278953
1995 SC1,0.4751953469084669,6.826421622374323,3.08487720550954,Amor,0.108894
1995 SD1,0.5767345432587621,9.465993792892746,4.60269867682853,Amor,0.171056
1995 SA4,0.5777492178076741,2.82289604265326,3.95410972244923,Amor,0.052335
1995 UB,0.4123581473660634,8.978948595220588,1.65685773353407,Apollo,0.00266897
1995 UC2,0.3407217054245614,28.88173764863936,2.36315150867989,Amor,0.41912
1996 AP1,0.4958555608570233,5.465460621441323,2.65533990171094,Apollo,0.0231811
1996 AE2,0.2565510131275166,37.36679624535868,1.59915882409555,Apollo,0.120607
1996 BT,0.8321052513844105,11.98662235686789,1.3180225848273,Apollo,0.032656
1996 BA1,0.371868204027574,6.651908710534336,2.79610160134935,Amor,0.259197
1996 BG1,0.2802013079556657,3.826537409626583,0.849062150124374,Aten,0.0267032
1996 FT1,0.3987998169252986,2.699356424967684,1.75550421675663,Apollo,0.0247703
1996 GQ,0.4947175891551247,0.8848019806372198,2.80677358718641,Apollo,0.0217437
1996 HN,0.4122419896715283,8.59688127761204,3.26936652909113,Amor,0.292428
1996 JA1,0.7002056367389154,21.59414250305909,4.12042466444671,Apollo,0.01725
1996 KE,0.5356973116474283,24.256715111381,4.11332422786498,Amor,0.19231
1996 MQ,0.573166484124226,3.499598646519543,3.73273066156053,Amor,0.0253313
1996 TC1,0.7186005957298448,14.49920447870633,2.53568239918192,Apollo,0.0123274
1996 TP6,0.6383072382986379,9.273389371555798,4.27777873631466,Apollo,0.0942063
1996 TD9,0.4044233199798127,5.027871507095401,1.54017284787909,Apollo,0.0222699
1996 VB3,0.5468223568843067,2.795377831658385,2.08270340778222,Apollo,0.0225481
1996 VZ4,0.3624165154451084,24.2792942891104,2.03638708075918,Amor,0.0436654
1996 XZ12,0.4926516251154479,5.559980365608745,0.964830864026297,Aten,0.00594669
1996 XX14,0.6493955225272522,10.55782748211009,4.0709001039412,Apollo,0.0977478
1997 AC11,0.3679776632738691,31.69721164260529,0.872732788433987,Aten,0.103169
1997 CD17,0.1414045371631722,15.09999453215157,1.18917572881238,Apollo,0.00703363
1997 EN23,0.635526735697138,6.949819897930577,5.8316747660464,Amor,0.187147
1997 GK3,0.2899760059622743,18.36951366108216,1.69958519948098,Apollo,0.0887996
1997 GD32,0.5987619814088422,5.260500379437936,3.05284244361722,Apollo,0.0144198
1997 MS,0.7284245357318,54.90639971235822,2.68817943011252,Apollo,0.172435
1997 PN,0.4213532854254795,26.50197962128613,3.31999233474471,Amor,0.276532
1997 QK1,0.6464564834838221,2.851575330357084,4.64304940503648,Apollo,0.0171157
1997 RT,0.5241755085442442,6.169138053375276,3.36833208575018,Amor,0.057761
1997 TZ16,0.5953910845038335,3.797511728387672,2.84625111789893,Apollo,0.00805776
1997 TC25,0.6237435118226394,0.2508939890646966,4.17592341580963,Apollo,0.00125108
1997 TT25,0.4181135053280654,7.609305157625668,3.0936491724113,Amor,0.24764
1997 UR,0.3119924428460917,2.264817074890914,1.76236264536203,Apollo,0.017598
1997 UZ10,0.6116092819380715,12.68014607897843,4.73465111544335,Amor,0.102374
1997 UA11,0.6185622501181396,3.285318685960427,3.63575334514902,Apollo,0.00105195
1997 VG,0.4013645248751383,30.93011172079421,2.3128970622348,Amor,0.0818466
1997 VN4,0.5522840706526978,7.518029408047123,3.81798330669,Amor,0.103275
1997 VG6,0.5615209610250539,18.4252155056404,2.02777517201736,Apollo,0.0478967
1997 WQ23,0.4948339900515252,2.447718563445435,2.29016049875359,Apollo,0.0101696
1997 XS2,0.5180203038402893,19.37259418746297,4.35569038441061,Amor,0.321062
1997 XE10,0.4781415367047088,6.289064215901542,2.56067480547768,Apollo,0.0147304
1997 YM9,0.1039942441570615,7.842771229706085,1.14740386432802,Apollo,0.0307576
1997 YR10,0.3326366847126326,36.70426368863802,2.24867374500597,Amor,0.166103
1998 BY7,0.6087015383668293,3.281684241794422,2.87032094489384,Apollo,0.0230571
1998 BT13,0.5990131429229585,1.417348574757415,3.839662352093,Apollo,0.000510985
1998 BR26,0.4894948049802397,12.22905885353527,2.10408564034599,Apollo,0.0157771
1998 DX11,0.6045826597506584,6.524249664583272,3.93587901634241,Apollo,0.01099
1998 DV20,0.6083355796463015,19.69164553078633,2.79581249152635,Apollo,0.0701253
1998 DK36,0.4160165290189738,2.017520293212931,0.57598272748587,Atira,0.00843783
1998 EE3,0.6097777972592261,6.450667583503311,3.55218288698943,Apollo,0.0102206
1998 EP4,0.44124344999762,7.190697647495068,1.94810298571382,Apollo,0.0621807
1998 FL5,0.3647261070053586,14.53424816787104,1.92046310656077,Apollo,0.103813
1998 FM9,0.4424167384333924,10.34887610230814,3.46174029742348,Amor,0.292542
1998 FG12,0.5810807968450604,8.658029306340412,3.35427479155697,Apollo,0.107269
1998 GC1,0.2924407827554659,18.72783014802026,1.73002957721488,Amor,0.132928
1998 GL10,0.6689580632072647,8.694113123066694,5.64032151277406,Amor,0.151333
1998 HH1,0.5104570833859147,16.01332259357713,3.16639644541029,Amor,0.0512847
1998 HM1,0.3583475262492619,3.23197114299316,1.66663051810094,Apollo,0.0158635
1998 HT31,0.6927963025044666,6.790490792676688,3.9790953344468,Apollo,0.0311527
1998 KH,0.7137761210421192,26.23803567868633,2.12019926688375,Apollo,0.0664966
1998 KD3,0.5097994896878824,29.46579061949872,2.91825679048993,Apollo,0.0491686
1998 KF3,0.4172756567745733,27.10885363868654,3.10903977027996,Amor,0.262715
1998 KO3,0.7757659658444244,54.81734687445675,4.34463176359116,Apollo,0.0799075
1998 KJ17,0.4822159112789037,9.129965047239674,2.805054118045,Amor,0.0257318
1998 KY26,0.2001096420877922,1.491152969487916,1.36228097804664,Apollo,0.00296641
1998 LE,0.6979776030272098,9.145422830477047,1.86061922284614,Apollo,0.0628833
1998 MS2,0.4020008642818226,19.24763868732742,2.27997404887485,Amor,0.0795957
1998 MV5,0.1850281739318803,21.17506476837811,1.32243401026166,Apollo,0.0151101
1998 OP4,0.5350778180724851,13.31344178769548,3.38169523495046,Amor,0.0391324
1998 QQ,0.6845069858678858,37.17359317577782,1.38637479181208,Apollo,0.173739
1998 QH1,0.5558281270547215,12.29948337446273,4.03501169868793,Amor,0.159299
1998 QV3,0.5101476707468698,14.22071590511957,3.52669718725227,Amor,0.162951
1998 QH28,0.5906137349994509,13.57481108844349,4.84501446723671,Amor,0.192616
1998 QA62,0.7415328335436624,24.8380785150126,2.91782636280881,Apollo,0.016909
1998 QA105,0.5315773542547743,8.302610376865637,4.44574408734998,Amor,0.282922
1998 SS4,0.5107892027889255,9.59415538118492,3.43291864505816,Amor,0.109105
1998 SU4,0.5804567364202625,23.14387316372135,1.22989555389155,Apollo,0.0194444
1998 SD9,0.5043839135184204,2.987374702343988,0.588798559517677,Aten,0.00859122
1998 SY14,0.6695470404439885,3.46883828729091,4.77910628544528,Apollo,0.00848258
1998 SZ14,0.4835220246502281,5.615080408596788,3.72083535859703,Amor,0.257786
1998 SE35,0.600418907420562,14.0781046158865,5.19068794579329,Amor,0.253601
1998 TT3,0.5030227048694652,21.59174567955013,3.5429632450625,Amor,0.253921
1998 UR,0.3793331824702366,17.38930457179033,2.12255133367154,Amor,0.105248
1998 UM1,0.4009749718153984,4.865048757234763,2.21539134326222,Amor,0.0150014
1998 US18,0.6775280398509728,9.661030848693038,4.20055509305159,Apollo,0.0315402
1998 UY24,0.3223796623573823,16.93541030159399,1.59669814592386,Apollo,0.127818
1998 VP,0.4814674909513792,45.06316588996732,2.77234273813846,Amor,0.313389
1998 VS,0.2772723294537103,6.830468649009985,1.65574170293742,Apollo,0.0405734
1998 VE31,0.1902036580508454,21.94834029881506,1.07694115941762,Apollo,0.124014
1998 VD32,0.3163694122640764,1.951574912421138,1.16014822849655,Apollo,0.0300475
1998 WY1,0.3568484560688293,24.6567099513863,2.0509447859973,Amor,0.0683685
1998 WA2,0.588966422689029,22.39921036629244,4.40769937134152,Amor,0.231562
1998 WB2,0.5866222038761859,2.372467728013826,2.7702792503463,Apollo,0.0146465
1998 WL4,0.7329159182981054,23.67779257136956,2.34807454219441,Apollo,0.215955
1998 WR5,0.5134395799371891,28.33800510717885,4.13025396108534,Amor,0.421783
1998 XD12,0.6239398658817188,13.52538384527563,1.6546176427168,Apollo,0.0321511
1998 XN17,0.2105168735159162,7.238336474801318,0.974428678517784,Aten,0.0557358
1999 AF4,0.6078606085849512,12.67623907457109,4.8115326425783,Amor,0.151443
1999 AM10,0.5133956955932121,6.802054126539652,2.41652905053233,Apollo,0.0615326
1999 AO10,0.1109211169271055,2.62398207350439,0.871138024782237,Aten,0.02135
1999 BO,0.4486030415083208,19.7030275235936,3.08902058497391,Amor,0.261982
1999 BL33,0.5340453848058786,10.02917596828135,4.42674640852873,Amor,0.272068
1999 CQ2,0.3810494480503667,3.697694838986976,1.84309263725075,Apollo,0.00518917
1999 CG9,0.063528359132729,5.157829927352249,1.09426281302669,Apollo,0.0233337
1999 DB2,0.617298569472344,11.06115868142094,5.23660740302806,Amor,0.248118
1999 DY2,0.4653813874679503,7.636111213166107,2.90978174033297,Amor,0.104114
1999 DJ3,0.3244008306556307,29.4379274080515,2.1729141106447,Amor,0.2722
1999 EO3,0.6059689628774697,23.84952945767816,4.38514463384536,Amor,0.204955
1999 EF5,0.4271933540178047,31.04800374466272,3.32646514285264,Amor,0.277404
1999 FR5,0.4786856196380721,3.859402891533799,2.52156955210775,Apollo,0.00693617
1999 FQ10,0.4808189922879021,1.074066924015688,2.64576272214162,Apollo,0.00932917
1999 FN19,0.3916746612922429,2.257376263456906,2.11437974994472,Apollo,0.0156015
1999 FP19,0.5190451250768922,15.08502760991821,2.70851962630582,Apollo,0.160417
1999 FR19,0.4771127175167155,20.84287102053317,1.92071986371803,Apollo,0.0339106
1999 GL4,0.6026212927356591,7.262836340545602,3.0861768505574,Apollo,0.0260429
1999 GR6,0.7610849077529607,29.1841275393457,1.55554421170584,Apollo,0.171875
1999 HC1,0.5074332470563864,1.286616483308252,2.91232554936402,Apollo,0.00855474
1999 HX1,0.5585460143896042,8.288529887020003,4.13255606113146,Amor,0.188286
1999 JZ10,0.4732135750116157,25.92003583846975,1.49294755306554,Apollo,0.0376094
1999 KL1,0.4287721636891382,9.665654245404298,2.25663589632921,Apollo,0.0839205
1999 LJ1,0.3083089681484686,4.56051072646961,2.06352865446333,Amor,0.108366
1999 LT1,0.6420066861115865,43.09320183769255,5.18682854905392,Amor,0.0851911
1999 LW1,0.6820916342469393,6.669964979228395,1.7244516930945,Apollo,0.0998656
1999 LX1,0.7267978047318616,19.80559720175241,1.25675430784463,Apollo,0.0242292
1999 LD6,0.4886714825595107,11.29510278841452,2.44405530532704,Apollo,0.0828884
1999 LE6,0.3300540650294709,27.14124552405838,2.10658393427354,Amor,0.0840562
1999 LV7,0.4710351822801756,30.54249063370968,3.27648549473019,Amor,0.170169
1999 LD30,0.6304943794468642,8.13357408969416,4.8521655175873,Amor,0.0624044
1999 OQ3,0.4240572155062856,9.161084104338006,2.61239185839272,Amor,0.0842622
1999 PS3,0.4878695824269846,3.586472069510474,2.91865305911219,Amor,0.0713156
1999 RU2,0.5604675939952685,5.451968875737444,4.70040711254735,Amor,0.238398
1999 RN28,0.454426256167375,8.774713418124142,3.19412945852088,Amor,0.17689
1999 RP28,0.2403038976092193,9.232264740882613,1.79189418727487,Amor,0.130912
1999 RQ28,0.4239584910668918,3.557558995577324,2.6370596707016,Amor,0.123574
1999 RZ31,0.6014547706365292,2.968911116396311,4.15552008447998,Amor,0.0217977
1999 RA32,0.0903912475244785,10.52097785544628,1.03960627902107,Apollo,0.0584265
1999 RB32,0.5704834444550992,3.807633378398353,3.78990871857764,Amor,0.0586926
1999 RJ33,0.1888433926811816,18.52212047142401,1.40424413010106,Amor,0.0267058
1999 RK33,0.589685888534108,2.959761349576733,3.88894873967461,Apollo,0.0386395
1999 RO36,0.4859275711956372,3.301333047375361,3.68169143474499,Amor,0.22373
1999 SE10,0.6188711636996144,6.884039830029842,5.7855084080707,Amor,0.234444
1999 SF10,0.2535574923211154,1.20810705181476,1.44728056531205,Apollo,0.00383054
1999 SG10,0.6133638358625966,23.56396506127448,1.75315962408097,Apollo,0.0289198
1999 SH10,0.1309148469054257,9.588174958102337,1.15169766032902,Apollo,0.0086699
1999 TY2,0.6080030374322299,22.95158320761055,3.42076667010629,Apollo,0.0260783
1999 TA5,0.4913835902788709,4.221367806508687,3.70199070537733,Amor,0.233542
1999 TD5,0.5319112292548033,4.160935921446402,3.86518039822086,Amor,0.174427
1999 TE5,0.4835425179468316,6.594598944608936,3.35321209713964,Amor,0.15559
1999 TJ10,0.365519015729306,19.41092834083149,2.17734602373856,Amor,0.219368
1999 TM12,0.4653801908715329,28.68015859772184,2.01242687876294,Apollo,0.0663603
1999 TM13,0.5700905656903584,2.955213275064319,3.94448654617158,Amor,0.0759905
1999 TN13,0.5262789582374234,9.493033343133842,2.89600734724409,Apollo,0.0247399
1999 TO13,0.4359275327986272,20.25053841061249,1.99222810597528,Apollo,0.0306712
1999 TT16,0.6631597652474153,1.987482065251881,3.16752132723369,Apollo,0.0228592
1999 TU16,0.5047965023628593,18.81333650934454,4.12007351369332,Amor,0.275721
1999 TV16,0.4099906709289311,1.103472004920573,1.98294373787112,Apollo,0.0141216
1999 TW16,0.73476800554899,34.68510597534427,1.69942555950543,Apollo,0.152464
1999 UQ,0.01562245131843415,24.8153265236442,1.14445137041968,Amor,0.0705856
1999 UR,0.5039915534710764,3.59197452105927,2.61577504765418,Apollo,0.0141408
1999 UZ5,0.7946277685721671,10.35829580673109,4.167700433289,Apollo,0.0672465
1999 VT,0.4861065195721894,14.36981482052468,2.83465765863143,Amor,0.1508
1999 VN11,0.5462643734112829,31.06303687810178,3.8155820835188,Amor,0.171157
1999 VK12,0.7758245172981011,9.511251861530475,3.35375988237893,Apollo,0.0153287
1999 VU25,0.4787611247628186,5.980606019017451,2.87842574923714,Amor,0.0677592
1999 VV25,0.5585896556158718,7.472067829244084,3.33111720757668,Apollo,0.0199148
1999 VW25,0.1116451412671509,10.75876052973894,0.89602035812373,Aten,0.0432147
1999 VX25,0.1390697012755733,1.659656406510226,0.853433027195871,Aten,0.00593057
1999 XS35,0.9472967956326448,19.6075824072061,75.192197770901,Apollo,0.000186243
1999 XK136,0.7028230361472492,2.660863103113572,3.68023721373941,Apollo,0.0112798
1999 XN141,0.6206808114345516,7.377057921881972,4.02448535648074,Apollo,0.0542415
1999 YD,0.5932783124809109,1.375218267805134,3.86684525965834,Apollo,0.0261163
2000 AA6,0.5193511442728316,2.032275627830144,1.45896956840804,Apollo,0.00765728
2000 AB6,0.4763333947755866,3.797447783357243,2.38827883434823,Apollo,0.0152823
2000 AG6,0.1891204963960041,2.438398311665197,1.02519282675127,Apollo,0.00409442
2000 AE205,0.1376106340898331,4.459430928084708,1.25680858184342,Apollo,0.030057
2000 AG205,0.5194398668612468,18.38921776118992,3.47409377613204,Amor,0.270305
2000 AH205,0.4069536145618952,2.590662070164908,1.22967845460036,Apollo,0.0154517
2000 BH19,0.4539337115295353,1.311432639400957,2.88694852767029,Amor,0.123325
2000 BK19,0.5865053063782675,14.74461194819852,3.72750327812614,Apollo,0.0303061
2000 BO19,0.3847191364870599,16.86263016651151,1.3163213600708,Apollo,0.00437551
2000 CL33,0.5543120548497276,8.87424971858765,3.88537127789554,Amor,0.162699
2000 CM33,0.272040240259128,11.55027836970522,1.52123777161969,Apollo,0.0426564
2000 CN33,0.5869394600021853,17.70107958123724,4.19414696096899,Amor,0.0922013
2000 CO33,0.5647412358785758,18.21416685649892,3.56678982357883,Apollo,0.0296057
2000 CK59,0.3114493503398887,5.707396632648797,1.79427014711311,Apollo,0.0375994
2000 CP101,0.6194894914937206,10.44150653121939,2.36412130788203,Apollo,0.0439526
2000 DN1,0.6808531881733221,8.042620540565705,4.79301532963841,Apollo,0.0218583
2000 DO8,0.6182456311143498,0.2846898196716981,3.87602485894168,Apollo,0.00374347
2000 EB14,0.4955805699743105,11.57297979567527,0.847448444424448,Aten,0.0305722
2000 EM26,0.4667439650377282,3.836232608822626,0.738800313207158,Aten,0.0184543
2000 EU70,0.7673502914167617,13.01739105167708,3.29831852516794,Apollo,0.0368659
2000 EC104,0.3704211715305492,31.744528555683,2.37653406506981,Amor,0.134911
2000 EZ106,0.4477025059602474,40.5075678601807,0.898076310228443,Aten,0.0638755
2000 FP10,0.23766814669263,23.57873212083954,1.72922655197455,Amor,0.10598
2000 FX13,0.3370978882739744,11.53442986482275,2.46421407294343,Amor,0.306594
2000 GB2,0.5952825070491946,7.123987504381213,3.88557975499137,Apollo,0.106972
2000 GT127,0.4691352397282556,14.44235891067497,3.80709223683007,Amor,0.305027
2000 GV127,0.6168876232369235,17.90288494199851,4.78266463422958,Amor,0.085231
2000 GW127,0.7271615633228551,6.648204717939418,3.36788207965136,Apollo,0.0971842
2000 GC147,0.6125474936488298,2.326679387084198,4.63284784081277,Amor,0.0984049
2000 HB24,0.430425512249595,2.66775161529742,0.735972888591051,Aten,0.0156049
2000 HO40,0.5171278020306979,5.835451284281993,0.644618704314018,Aten,0.0379169
2000 HP40,0.1600345766544805,14.14136237132535,1.46727441160925,Amor,0.0785802
2000 JF5,0.555129986404845,13.70865645651826,2.93079702761498,Apollo,0.0209388
2000 JX8,0.3316179884538565,5.980817049939399,1.89991212641143,Amor,0.0187915
2000 KA,0.4619523483663663,6.730462753069283,1.53723729889889,Apollo,0.00189087
2000 KC,0.4683868980335518,10.55684714685854,3.38093547312976,Amor,0.181109
2000 KL33,0.4298996245393102,6.922029784298876,3.07142694306398,Amor,0.191397
2000 KE41,0.8674012057522272,50.3363147882427,5.17857186744295,Apollo,0.176945
2000 KP44,0.7514668380473967,28.22470351557746,2.6431985358818,Apollo,0.238604
2000 LD3,0.7406639697676891,37.16660010231013,1.72631907938182,Apollo,0.130919
2000 LF3,0.6545209332813342,14.59166468748532,4.1848097797425,Apollo,0.00411174
2000 LG6,0.1105119187692454,2.829326428908963,0.878228206918648,Aten,0.00114416
2000 NQ11,0.3681231672476977,7.626380481234032,2.9427991046681,Amor,0.297868
2000 OH8,0.5045668365013134,5.938600917871647,3.72160031276755,Amor,0.178421
2000 OK8,0.2208112332712039,9.98389704229456,0.976956516791558,Aten,0.135123
2000 PN,0.7623571328255533,22.86678200407609,1.03245586548787,Apollo,0.0190766
2000 PE3,0.6556355475275387,17.49999159472393,3.48088610902016,Apollo,0.0908754
2000 PF5,0.6581763476251105,6.051511154747302,5.64506402957758,Amor,0.11064
2000 PY5,0.6028832159799282,3.794186232356681,3.5172856534336,Apollo,0.0453099
2000 PH8,0.4522647353523219,3.010605267150895,2.85219373482851,Amor,0.0854263
2000 PN8,0.2171347890271358,22.3952243619178,1.40192137938289,Apollo,0.0787677
2000 PQ27,0.4214556488806689,7.285105696893922,3.32417914235284,Amor,0.300056
2000 QS7,0.6666733902794165,3.200779849101107,4.36819348056196,Apollo,0.00652689
2000 QV7,0.522912044492074,9.123033446323657,1.67180420346015,Apollo,0.0169377
2000 QX69,0.2713553420727813,4.575180922825672,1.01486381765757,Apollo,0.000584338
2000 QJ130,0.4966977310165079,7.485787326120372,3.91214325212022,Amor,0.242589
2000 QL130,0.5296362618740919,8.93052197568675,4.18151141673834,Amor,0.221548
2000 QO130,0.454827844272453,5.89985474633224,3.37517708400474,Amor,0.216556
2000 RJ12,0.4827372374542255,7.144043726340811,3.1564826233431,Amor,0.113172
2000 RK12,0.6886385875828002,31.97688813847248,4.00758061733737,Apollo,0.0527019
2000 RN12,0.6160290155654776,16.86894619330031,3.4644328444365,Apollo,0.13393
2000 RD52,0.4447039219008143,4.93164898028116,3.26756928848125,Amor,0.214163
2000 RE52,0.2478333046288963,18.45808682655168,1.24041376543916,Apollo,0.0303672
2000 RF52,0.5419723236156433,5.005201971210803,3.57029502934847,Amor,0.0636333
2000 RK60,0.4892875527255921,6.614861000808885,3.21347581815553,Amor,0.129886
2000 SE8,0.5984075324161343,0.6513389153673499,3.91063682488752,Apollo,0.00687165
2000 SF8,0.3452200027492632,17.44189293426254,2.11778352583862,Amor,0.0860877
2000 SG8,0.8985646159408317,24.23711625735225,3.89096274250386,Apollo,0.182749
2000 SJ8,0.5529948340191578,7.268399209776589,4.35201887250552,Amor,0.220534
2000 SL10,0.3387101465857263,1.464453274115971,1.60667523214733,Apollo,0.010752
2000 SM10,0.5405717444047514,0.5525133752867712,2.14929855314589,Apollo,0.00873424
2000 SN10,0.5509094309323249,11.7765321901081,3.93362370531168,Amor,0.113431
2000 SU20,0.6308960396861194,20.08040932037491,5.66990812845885,Amor,0.170503
2000 SB25,0.3539740710110136,6.152860134436737,2.52910904318245,Amor,0.236357
2000 SR43,0.5492772335621194,25.92902937768199,4.05955603953291,Amor,0.397838
2000 SS43,0.4094267499809327,4.093539751823827,2.27827177861879,Amor,0.0206038
2000 SZ44,0.5005806159458455,5.686071330523265,3.82483059571481,Amor,0.244937
2000 SB45,0.3984067237006788,3.666634808821013,1.95528419100563,Apollo,0.00131562
2000 SZ162,0.1676562421977766,0.8883000974891776,0.895288573292129,Aten,0.00227192
2000 SC241,0.5244376588325433,22.09289555944813,3.94844775740549,Amor,0.189214
2000 SG344,0.06688329499114389,0.1131098762144948,0.966307180995202,Aten,0.000855877
2000 TH1,0.5404122913421561,12.14957263233417,3.51606194643682,Amor,0.0804436
2000 TL1,0.3002268365035845,3.605732380927223,1.5480641349423,Apollo,0.0351769
2000 TE2,0.2140887947512098,6.220403767568623,1.51782092177548,Amor,0.0393001
2000 TU28,0.1828194049085174,15.59505284057207,1.1110080488844,Apollo,0.00176086
2000 TV28,0.4900865838208197,1.869581394133385,3.98575257551567,Amor,0.289943
2000 UK11,0.2484892136330021,0.7856565735492098,0.830167318689491,Aten,0.00412339
2000 UR16,0.4388000715763298,11.75014870297115,0.860469466775529,Aten,0.0125035
2000 UO30,0.4508278134553725,12.5891198337432,2.43220074556509,Apollo,0.0382744
2000 UQ30,0.4550999924352032,4.258208325149679,2.30855836512747,Apollo,0.0122547
2000 UY33,0.05435363365118232,26.03620892227859,1.1917640423589,Amor,0.118029
2000 VZ44,0.7374159993026485,5.286653320945061,2.95261777520759,Apollo,0.0514521
2000 WC1,0.2621137702001701,17.41508170925515,0.823329800473,Aten,0.00513429
2000 WG10,0.2053080429915021,6.308665726370337,1.25494781363208,Apollo,0.0353568
2000 WH10,0.6616242806186696,13.26922636454984,4.00780363793778,Apollo,0.0489846
2000 WM10,0.5541529826398361,0.7103632178079862,3.48113266860978,Amor,0.0382631
2000 WS28,0.5653652854573821,7.748965396669358,2.96409110835644,Apollo,0.0170938
2000 WT28,0.6052770536440929,5.498482231141348,4.08888147172825,Apollo,0.0327749
2000 WX28,0.5992172295237319,5.441312325534325,4.79149386624831,Amor,0.178517
2000 WG63,0.474596654012736,9.194174573895882,2.63996298270643,Apollo,0.0179727
2000 WH63,0.5364416868614412,11.9433670159941,3.63727495379493,Amor,0.112743
2000 WJ63,0.5922479645445909,2.776420113220536,4.77193346003353,Amor,0.173639
2000 WJ107,0.5575895369050944,5.992702161177284,2.71820006356441,Apollo,0.00397952
2000 WL107,0.6539094334625538,4.911901275100973,4.94296389420243,Apollo,0.0193598
2000 WM107,0.6085895060554306,19.35623266812922,4.04854610183891,Apollo,0.231492
2000 WN148,0.173368742418279,12.43108482034802,1.42358748394418,Amor,0.0599096
2000 WQ148,0.5917713187692375,1.877501812005485,2.89096677221421,Apollo,0.0145188
2000 XF44,0.5598403241599125,13.24070627184867,4.06124337222861,Amor,0.133571
2000 XJ44,0.7071720205506309,10.60221502818608,3.11612508838119,Apollo,0.0993945
2000 YA,0.6512609139860925,2.648936404662276,3.65841977914632,Apollo,0.00633685
2000 YG4,0.5008172964153352,2.569354928000422,3.29665410189889,Amor,0.124389
2000 YG29,0.6835417059492963,18.86250770711361,5.77493847234688,Amor,0.0348904
2000 YS134,0.2242322252523998,3.519279964003246,0.791425331020836,Aten,0.027268
2000 YT134,0.3609697966982287,40.86121880254382,2.06193811191979,Amor,0.315324
2001 AV43,0.2408816892852256,0.200727225618249,1.45430594094443,Apollo,0.00166573
2001 BF10,0.4405256735205746,1.488265695726664,2.04553467101263,Apollo,0.00117556
2001 BX15,0.5913482794729558,12.15335756923649,2.6693006424687,Apollo,0.0810609
2001 BY15,0.517505697934632,32.39138846140786,4.32305226998865,Amor,0.406677
2001 BA16,0.1374216852528684,5.774905012459565,0.911448526220606,Aten,0.000474762
2001 BB16,0.1723751319713021,2.02910667125979,0.791217026495222,Aten,0.0048259
2001 BC16,0.4426084073659374,10.20337058499173,2.23693915954602,Apollo,0.0378187
2001 BD16,0.6808060937232012,18.10230626573868,2.05731061210134,Apollo,0.0665085
2001 BE16,0.4038073211420208,39.39132020520382,1.40567381046849,Apollo,0.0640465
2001 BB40,0.3866234104016004,16.73530850412265,2.10024718606737,Apollo,0.0332023
2001 BO60,0.2638539216942294,35.93875168314151,2.05351526868628,Amor,0.434217
2001 BM61,0.1906695035458668,24.95176216548695,1.62788781558149,Amor,0.15869
2001 BN61,0.4643314508164005,9.726504189545988,2.47640558668186,Apollo,0.0230997
2001 CA21,0.7752475393648628,4.955716377029161,2.14507997900023,Apollo,0.0374804
2001 CP36,0.4071623851880555,10.55483713087007,0.604028635474526,Aten,0.0103338
2001 CQ36,0.1772650293826205,1.255069611566883,0.907599672111777,Aten,0.0137584
2001 DS8,0.5125343096536876,2.432882681316771,3.10310650504326,Amor,0.0630651
2001 DT8,0.4679903474393068,48.56983452692423,3.41634555361634,Amor,0.22059
2001 DG47,0.3275979711545559,16.85015797329177,1.73939467655748,Apollo,0.0966988
2001 DZ76,0.6119253556788433,5.834628373664182,3.6705553567121,Apollo,0.00522455
2001 EC,0.765589228505064,0.606796570701106,4.18650290300692,Apollo,0.0035114
2001 EC16,0.3640063932402938,4.711860104897948,1.56101481132789,Apollo,0.0114496
2001 ED18,0.05729655050478104,11.63118330072983,0.984065986701303,Aten,0.0233812
2001 FZ,0.57525874284003,7.127946153048472,3.77334632654994,Amor,0.0971927
2001 FE7,0.4762990402462829,6.358469233886124,2.93711318229538,Amor,0.0774907
2001 FP32,0.3336610963321563,29.29875609456341,1.58524396822379,Apollo,0.0523691
2001 FA58,0.7195780651330518,8.217164589234422,3.38851646370644,Apollo,0.0434602
2001 FB58,0.3581402787929372,10.5276190122288,2.29223858632116,Amor,0.119795
2001 FC58,0.343364482159275,6.773545703500084,1.03128963608775,Apollo,0.015064
2001 FR85,0.02789980235772818,5.246256812791886,0.974390421160929,Aten,0.000536516
2001 FB90,0.7713306564601744,1.831562587859197,3.72473003380306,Apollo,0.0302954
2001 FC90,0.3773952919746844,12.63165609718877,2.4568719732922,Amor,0.136723
2001 FF90,0.6288408028983655,23.30805986076861,4.15977226123771,Apollo,0.168246
2001 FO127,0.1582058217990131,7.306616146889869,0.837330346752809,Aten,0.0151011
2001 FR128,0.4039847145085268,45.32967176837955,1.38769229677436,Apollo,0.140489
2001 GL2,0.6416305297522336,35.07850994552731,4.32465960066104,Apollo,0.0530283
2001 GM2,0.4848684048891811,21.16881287225457,2.17331596432735,Apollo,0.109925
2001 GO2,0.1683145667151755,4.624283444382109,1.00999585760342,Apollo,0.0047415
2001 GP2,0.07234136116743044,1.288094663271099,1.05270732495768,Apollo,0.00174289
2001 GR2,0.6222119186570824,11.82927107832785,2.5421382108956,Apollo,0.0110597
2001 GS2,0.3820046083985055,18.69111310252102,2.37598641791232,Amor,0.133321
2001 GT2,0.6297884391002423,3.732238462665086,3.72595092661788,Apollo,0.041647
2001 HW7,0.5120250089999234,7.736411688545484,3.20495362194013,Amor,0.142077
2001 HX7,0.5101122863451222,56.72418685145316,3.40624386537664,Amor,0.193571
2001 HJ31,0.5857049048263226,2.835610663876908,2.97596933559701,Apollo,0.00421037
2001 HK31,0.5763630013629515,6.85736466045635,3.79472816653141,Amor,0.114822
2001 HL31,0.786743761076794,13.52568357074244,3.88122239304664,Apollo,0.0753593
2001 JV1,0.4360689230944748,6.623097211803175,2.22604369072384,Apollo,0.0234516
2001 JW1,0.06869237039878642,35.39302435668353,1.27915836313171,Amor,0.147287
2001 KW18,0.1577722828920623,7.216791761189733,1.38490550411538,Amor,0.0338087
2001 KY18,0.5936908124207244,19.35999553458245,5.26378447929875,Amor,0.418406
2001 KM20,0.2092318588556117,3.728446705115106,1.28789225053303,Apollo,0.0158652
2001 KO41,0.4389286551290281,5.065334354515911,2.87345004176828,Amor,0.149948
2001 KF54,0.6500765483553003,1.631605046601077,3.57589902052671,Apollo,0.0206551
2001 KD55,0.6258326145330445,9.988460885990106,6.07981030818291,Amor,0.234797
2001 KU66,0.2253354846703199,18.93918843504262,1.47046137659058,Apollo,0.0125909
2001 KD68,0.5060058201960392,2.04423956528786,3.68068702983033,Amor,0.165435
2001 LD,0.3757346115121581,30.15609934095222,1.69362428648466,Apollo,0.0343236
2001 LD6,0.617573214482702,9.148396101014123,4.57328494231924,Amor,0.137639
2001 MD1,0.4935762133508123,5.864227723916752,3.05673579742117,Amor,0.0626841
2001 MS3,0.5353850243698024,4.390889262876038,3.11147014565362,Apollo,0.0230071
2001 MY7,0.6367932378122944,20.56061747901088,4.95682951727144,Amor,0.0793288
2001 NY1,0.5406009230107542,11.75869638644125,3.36636699354149,Amor,0.0139864
2001 NJ6,0.41013474233984,5.081128893387308,3.19922105192315,Amor,0.270903
2001 ND13,0.435276582646066,8.431567276950457,1.85044335423767,Apollo,0.100729
2001 NE13,0.4204374167265444,7.701396288298699,3.05903421758924,Amor,0.20762
2001 OT,0.3227839300950383,12.05921093174362,0.902707974885929,Aten,0.0622807
2001 OD3,0.5162324746023165,14.84607870103311,4.23415504421625,Amor,0.277078
2001 OE3,0.3355488512717853,11.98238324230774,2.04350246941992,Amor,0.106411
2001 OV13,0.4508264711950211,6.314894981438052,2.80298186546429,Amor,0.0789887
2001 OX13,0.4653624982258898,4.178825681846486,3.67038415950482,Amor,0.272925
2001 OF25,0.3511478574195367,20.38051879897394,2.07650163817571,Amor,0.0568187
2001 OC36,0.4757483849206794,2.289392415075623,1.65997594439136,Apollo,0.00428424
2001 PJ,0.4988279129630251,5.785247328104818,3.05719275463991,Amor,0.0723326
2001 PH9,0.5412462327942325,5.449170713597071,4.48347976259291,Amor,0.258711
2001 PU9,0.5044478334237121,29.14213753852306,3.36295931083162,Amor,0.11884
2001 PF14,0.4102776937905474,6.777723810539656,3.08616076331967,Amor,0.264562
2001 PG14,0.3354825674666665,10.73847717237366,1.78871190693417,Apollo,0.0762344
2001 PJ29,0.3924653855559734,6.646062494649964,1.74594665056608,Apollo,0.0237055
2001 QJ,0.4660974959754171,6.973236923363499,3.58186208060352,Amor,0.237771
2001 QB34,0.4177667894328536,5.73538503411512,3.27555348410296,Amor,0.300063
2001 QD34,0.512950776661189,8.243614516563284,3.12282755449295,Amor,0.0585322
2001 QE34,0.7324692956224333,5.621438569181538,3.17580572007572,Apollo,0.0691574
2001 QE71,0.1586617109638443,3.035708458892509,1.11953672124284,Apollo,0.00609889
2001 QF96,0.3629130173857711,6.652013122894085,1.92157400076752,Apollo,0.0320015
2001 QJ96,0.7971099916175542,5.873514568192333,2.00909807682459,Apollo,0.000557939
2001 QG142,0.5491278075135785,31.04614705880516,3.63609246157897,Amor,0.14275
2001 QJ142,0.08698827259710942,3.089827034013746,1.09618174111886,Apollo,0.00862555
2001 QM142,0.428298403633142,5.85141238549662,1.37229626395683,Apollo,0.0351276
2001 QN142,0.678862210067388,10.27462431840202,5.57905707050499,Apollo,0.11674
2001 QO142,0.7466764076711685,5.500612074754521,3.10334353628847,Apollo,0.0872939
2001 QP142,0.5674879820667063,9.778558211738392,3.72243415035054,Amor,0.0445127
2001 QK153,0.6877745901638013,7.55872436578804,3.8164784712727,Apollo,0.115749
2001 QL153,0.4451198248924243,22.5497725357707,3.5516791210899,Amor,0.397193
2001 QL163,0.4425197959982749,8.165713470613321,2.33489472483798,Apollo,0.0570508
2001 QM163,0.7364262494146794,9.356413421885744,3.52684298102575,Apollo,0.155503
2001 RO3,0.5975266581695339,8.676677871459264,3.93189084856733,Apollo,0.0083254
2001 RP3,0.5599808690913015,9.29684711267356,3.58256383715721,Amor,0.0386931
2001 RQ17,0.4948862368898508,1.331311612976203,2.83784740807512,Apollo,0.0217962
2001 RW17,0.659866767431196,8.708017722668433,3.62224865619172,Apollo,0.0523864
2001 RX17,0.5344540095370396,10.4394204189993,4.21421905804741,Amor,0.241357
2001 RA18,0.5959237222863096,10.9985056021636,4.19260160002459,Amor,0.0731235
2001 RX47,0.4221713489139129,10.71767867991645,2.86712155035277,Amor,0.161164
2001 SQ3,0.2545135182763062,23.89564708445109,1.16928707114496,Apollo,0.0284169
2001 SJ9,0.3788373124768685,20.2517900324879,2.94344751594169,Amor,0.27431
2001 SY169,0.3842996323860778,4.851496843581522,1.32362937845004,Apollo,0.00422177
2001 SZ169,0.2308598925800501,6.342111261285129,1.54461191619599,Amor,0.0263749
2001 SA170,0.5042763298942379,2.628471838525744,3.0481957038144,Amor,0.0389285
2001 SB170,0.4638575825925639,34.51880008459943,1.58718872504147,Apollo,0.00288222
2001 SC170,0.539011470209969,10.96506903225522,3.39901004386226,Amor,0.16616
2001 SJ262,0.5740849882319936,10.79675731752181,5.06599818813259,Amor,0.262212
2001 SO263,0.4371686807242547,6.907315159979866,3.33454698786543,Amor,0.24963
2001 SP263,0.542089781464506,1.509309952402671,2.83613959140431,Apollo,0.00300868
2001 SR263,0.4282531364556897,5.084553583975573,3.39558685381562,Amor,0.296115
2001 SL264,0.4003745562426084,5.325827747837259,3.12286526460854,Amor,0.286264
2001 SX269,0.3464669382150085,4.024167305524188,2.57804405233389,Amor,0.223917
2001 SY269,0.5973946251460797,1.863610025425953,2.1770823230161,Apollo,0.0201685
2001 SZ269,0.6648723428041745,2.455177421681666,3.62592897131487,Apollo,0.0338679
2001 SD270,0.5453537704258212,24.14148380857073,3.66149253843236,Amor,0.165688
2001 SE270,0.4817210649827274,5.406229126766463,1.33830728361498,Apollo,0.0149949
2001 SH276,0.1806644388571177,20.39835978062133,1.04244186148809,Apollo,0.0937591
2001 SD286,0.5659239919632758,6.236297690125581,3.00801474151993,Apollo,0.0111563
2001 SS287,0.6777023695336702,18.51717948098173,5.80311617750053,Amor,0.0527701
2001 TB,0.5233207694554498,4.032884471492014,2.22952763759649,Apollo,0.00293701
2001 TC,0.5400347012924487,17.75256145031604,3.51284738205215,Amor,0.154345
2001 TD,0.1662609280121987,9.01189638834405,0.931410763399469,Aten,0.004609
2001 TY1,0.5939658499882258,5.857723003019863,3.72750704662171,Apollo,0.0052654
2001 TA2,0.6474223649852595,3.260492921603505,2.35742418319435,Apollo,0.0364775
2001 TB2,0.2262978341524055,25.69585227934098,1.76535383291899,Amor,0.135661
2001 TY44,0.5220352911041222,2.525166585427614,3.6210923286451,Amor,0.147764
2001 TB45,0.5725755701955264,24.97369147984603,5.22430636358806,Amor,0.35828
2001 TC45,0.6429010328926725,15.47288028097897,3.30371591464037,Apollo,0.0239318
2001 TE45,0.4641011042346513,14.63724161950653,2.43908078843384,Apollo,0.0971338
2001 UO,0.6735540420098823,10.08090535403892,4.06538277838871,Apollo,0.0149886
2001 UP,0.2872142842615518,7.691555420647503,0.830828910548401,Aten,0.00680491
2001 UX4,0.7530816653552777,8.974633984704898,2.25700594745794,Apollo,0.10866
2001 UZ4,0.5524876830045752,24.01081869632479,4.9226615362048,Amor,0.303418
2001 UB5,0.3374507503112279,46.84558100094179,2.20154576305063,Amor,0.128475
2001 UC5,0.6270785209339556,30.44789165861061,4.54039906513676,Amor,0.0598576
2001 UD5,0.6662959985911301,2.533251852195081,3.44298038545646,Apollo,0.00266033
2001 UF5,0.7037197979497948,0.9220731596099586,3.55928216633557,Apollo,0.00587852
2001 UN16,0.4513073740425945,1.647422199656218,2.41473424471291,Apollo,0.0094297
2001 UP16,0.4176052492781272,4.328433839261193,3.30246524865213,Amor,0.301019
2001 UQ16,0.5627476880204855,30.82995944843567,4.57124417295628,Amor,0.215815
2001 UT16,0.5308990132957214,7.021732517766169,3.18226932298981,Apollo,0.0248845
2001 UU16,0.4152799185218474,13.29304859387089,2.27214600369253,Apollo,0.0309181
2001 UW17,0.2322839549414024,12.904712842024,1.94439039667588,Amor,0.23436
2001 UD18,0.445901945728331,2.7878481232257,2.44911009056375,Apollo,0.0129634
2001 UE18,0.1801034925109732,15.33838343263377,1.58148124609443,Amor,0.191069
2001 UG18,0.5400701469813323,8.632638352785543,3.7452648587862,Amor,0.159943
2001 UO27,0.5200318962333987,40.38850356680809,4.25348684892712,Amor,0.303277
2001 UU92,0.6665057635518505,5.367701978621871,5.66244742470597,Amor,0.121961
2001 UQ163,0.4931672966674827,6.772368886183942,3.20634975005209,Amor,0.150424
2001 VB,0.9001705334418848,9.527297561948233,3.69946099701658,Apollo,0.0224824
2001 VC2,0.1321314465311262,12.50918968886711,1.06231936756802,Apollo,0.0208133
2001 VD2,0.5857708218288578,6.06000865872806,3.76915398587775,Apollo,0.0210973
2001 VE2,0.181037581398873,4.391584006126466,1.16280130985406,Apollo,0.0128257
2001 VF2,0.3848468123369834,8.90708406929503,2.45198947184966,Amor,0.134386
2001 VH5,0.1866611984058122,26.51926216648641,1.43821501875428,Amor,0.128187
2001 VJ5,0.5615252468147176,6.05979313357444,2.68608372498558,Apollo,0.0256566
2001 VM5,0.5862609944210176,5.851899951717431,3.75428953710338,Apollo,0.014092
2001 VG16,0.4329738575801224,11.68011223129416,2.33338589956436,Apollo,0.0158302
2001 VF75,0.5581732460412637,19.41163752314615,3.02499557165582,Apollo,0.153132
2001 VJ75,0.6041495291377242,17.23049848060455,4.36754697270798,Amor,0.0711265
2001 VE76,0.5147476324851484,4.171882306040278,2.30260423594051,Apollo,0.0328315
2001 WH1,0.799978250776411,15.5655580615355,3.86023245669695,Apollo,0.0442102
2001 WV1,0.4520487960504427,1.501132741944203,1.65963360292155,Apollo,0.00174657
2001 WH2,0.4255160875268164,15.01716682809471,2.91815301896619,Amor,0.197486
2001 WJ4,0.2166038696273827,7.904379467509573,1.40747066904026,Apollo,0.00476024
2001 WR5,0.6297142644769614,3.080006482115115,4.66515304789362,Amor,0.0560136
2001 WJ15,0.5665945576776593,8.948342234394769,1.80905474475205,Apollo,0.00640671
2001 WK15,0.1368137492352845,24.5107032743654,1.21848662971409,Apollo,0.0752805
2001 WM15,0.5929044923099667,5.40269395202917,2.53930680005002,Apollo,0.00486786
2001 WN15,0.8336691969076873,57.21051991943725,3.44811274686635,Apollo,0.220257
2001 WO15,0.4939411714492596,7.720140018221802,2.42439892661922,Apollo,0.00975548
2001 WP15,0.1855789490837176,21.32989958600954,1.65102071577261,Amor,0.152977
2001 WF49,0.3707340345011058,17.95150337618814,0.652216809615086,Aten,0.0428479
2001 WH49,0.3205392127125418,4.773506046372578,1.77738403928881,Apollo,0.0322708
2001 XP,0.4653549278327737,31.46798941016242,1.20931545275002,Apollo,0.15898
2001 XQ,0.7211078363554668,28.59167887468087,6.92486340065801,Apollo,0.033323
2001 XG1,0.6000478673105626,2.984578563653843,2.82543370792854,Apollo,0.019225
2001 XU4,0.1636035896760048,12.6768586428138,1.02947898390061,Apollo,0.0520269
2001 XX4,0.556891487474222,0.8494382573077315,1.00969827531204,Apollo,0.0113235
2001 XW10,0.7683930865360004,4.650154396436938,3.04757556023872,Apollo,0.0784216
2001 XH16,0.6292975935083484,2.649436472358153,3.07255492391491,Apollo,0.00541601
2001 XP31,0.3853783047882232,6.132796172593807,1.22740603553055,Apollo,0.0113794
2001 XQ31,0.575857372513619,20.14293384724976,4.79894215157182,Amor,0.243774
2001 XO88,0.60321386213631,7.164557034112535,3.96069580349506,Apollo,0.0558799
2001 XX103,0.6648259626693008,6.20173225822032,2.93407733989543,Apollo,0.0159678
2001 XG105,0.3346661857917081,21.95847256894111,1.84235605455791,Apollo,0.0790623
2001 XK105,0.5021271513376847,7.63623514306003,3.106236598765,Amor,0.076734
2001 YA1,0.4715559004328866,27.97557592792448,3.17979019791037,Amor,0.163457
2001 YB1,0.2901058944296652,26.2775974997311,2.14682020136784,Amor,0.197018
2001 YC1,0.2734361051616584,20.27907064602788,1.30589490940416,Apollo,0.0316244
2001 YD1,0.4646520386098235,7.037033989033591,1.81609178864403,Apollo,0.0165072
2001 YE1,0.5016661397171975,4.45958153318234,2.64422378865525,Apollo,0.0583476
2001 YM2,0.571087683455147,4.661401676460335,3.6764215462081,Amor,0.0766955
2001 YN2,0.7152377705845594,1.628649657977091,3.96932494173908,Apollo,3.0725e-05
2001 YO2,0.6882925578907066,48.01897763569284,1.47232945912698,Apollo,0.154036
2001 YP3,0.6225347463228227,7.931533980534703,3.93652964584315,Apollo,0.0170855
2001 YR3,0.3775118904135214,23.47129456861095,2.20436909191499,Amor,0.0915134
2001 YT3,0.4630946566390139,2.760211841926972,3.65749372418818,Amor,0.289985
2001 YU3,0.4633638504152054,8.541467269687878,2.71168048299843,Amor,0.15588
2001 YV3,0.7185525330502727,5.199845410816965,2.71518744029699,Apollo,0.0333634
2001 YM4,0.3890718137133818,26.21875223893567,2.25785271830094,Amor,0.308379
2001 YB5,0.8637740103330924,5.551310275053132,3.58105453637984,Apollo,0.0029099
2001 YX11,0.3895646822282288,5.479354580925655,2.3186015481713,Amor,0.108033
2002 AV,0.6571917087185407,2.847872502043538,3.8833878896514,Apollo,0.0200574
2002 AY1,0.437131543867617,29.89760984966875,0.687778854416638,Aten,0.0076805
2002 AZ1,0.666636845124246,8.136943000749898,3.08359334966227,Apollo,0.0155463
2002 AA2,0.5266537711130889,35.00652649430662,3.39122275510792,Amor,0.0879967
2002 AB2,0.3843315020346615,13.099946687368,0.771217801141916,Aten,0.0489492
2002 AQ2,0.6015995746947468,11.62539541118624,4.37461827476673,Amor,0.0925254
2002 AY3,0.350234510236053,20.49970649354377,2.15815462243321,Amor,0.101156
2002 AR4,0.6231554959790438,7.753683389062676,5.18740208273199,Amor,0.19893
2002 AS4,0.7937446238062243,26.29581084924646,1.37372406377459,Apollo,0.0356491
2002 AT4,0.4466512426725249,1.498143586855827,2.54997876207036,Amor,0.0406768
2002 AC9,0.5602626412561716,2.276435785704208,2.22274604718208,Apollo,0.0287922
2002 AO11,0.1620928484030356,13.0592711272513,0.878411117976862,Aten,0.00247113
2002 AK14,0.1056966961017327,18.0183802617075,1.02484264276358,Apollo,0.0835592
2002 AA29,0.01301769448259856,10.74823891329897,0.988970370832574,Aten,0.0114567
2002 AD29,0.4742395935318029,31.69923064848559,2.32917684233759,Apollo,0.250149
2002 AE29,0.6097660561262698,3.567731216508229,3.64440855195539,Apollo,0.0220257
2002 AF29,0.6068697465866387,7.963203490582021,5.93828355468744,Amor,0.337066
2002 AH29,0.5574708922511887,11.35162779790219,3.75677029980569,Amor,0.120117
2002 AL31,0.2473192261448893,7.608272719979337,1.2757453671345,Apollo,0.0124864
2002 AJ69,0.4181402064080974,27.26891746924235,1.31120072224745,Apollo,0.220474
2002 AN129,0.5249591028513216,0.2884226879560569,2.45197741424396,Apollo,0.00206314
2002 BG,0.1642861269243316,23.05223161159465,1.51405356764567,Amor,0.141253
2002 BM,0.6081413426547833,11.88386693412368,4.06826852491336,Apollo,0.0206362
2002 BA1,0.4573124257653801,2.6632985576232,2.95954463719612,Amor,0.129186
2002 BJ2,0.6539750847754533,26.09570265260274,2.93312519265713,Apollo,0.0784131
2002 BM5,0.2989372878501986,14.66501090069151,1.92019241061533,Amor,0.120864
2002 BF25,0.2215395457259835,6.312856117144533,1.1139588043566,Apollo,0.0191195
2002 BG25,0.2340947418660651,48.82000222887409,1.3674618223727,Apollo,0.0517102
2002 BM26,0.4447830174745716,16.22150737293376,2.4798871543579,Amor,0.0300429
2002 CP4,0.3798918914481315,14.42858676689567,2.30956842094323,Amor,0.146022
2002 CY9,0.5073876902157549,41.96623661790684,2.11316806813358,Apollo,0.00570784
2002 CR11,0.589722632821871,20.94767313458168,3.92390932183023,Amor,0.16842
2002 CS11,0.4051756545408509,9.825285719173644,2.86658158398145,Amor,0.216544
2002 CV11,0.3953442448442132,17.11335383054348,1.93988910371274,Apollo,0.0347475
2002 CW11,0.2253183286234734,3.136253082645132,0.80382228802679,Aten,0.0104031
2002 CC14,0.4029837013835575,12.65400704010221,0.743300795262793,Aten,0.00961065
2002 CN15,0.6961513275310666,6.128399276580532,1.52437367151271,Apollo,0.0616388
2002 CB19,0.4515897080508096,17.12905668885938,1.45268698942901,Apollo,0.00185599
2002 CA26,0.664159829605694,0.5026607586828162,3.66886146395356,Apollo,0.00253249
2002 CB26,0.7230384810715313,6.819023675010004,2.72887903092942,Apollo,0.00142911
2002 CC26,0.5393489546551247,5.359231116596113,3.39230400178131,Amor,0.0600255
2002 CT46,0.5248676892679595,15.68028502349076,3.64856329408798,Amor,0.135619
2002 CU46,0.5649116789630032,32.17318744679702,2.28773637200468,Apollo,0.0936175
2002 CV46,0.1979013483439389,36.6510620792388,1.68589737499742,Amor,0.170123
2002 CX58,0.6443893914838953,2.478998707739011,4.81633370940157,Apollo,0.0454294
2002 DH2,0.5396479020147997,20.88851484405905,2.9416323352547,Apollo,0.0737286
2002 DC3,0.4027938946493007,3.369331337942029,2.21708049922791,Apollo,0.02671
2002 DO3,0.4991239578753897,3.799577312019224,2.53719663989249,Apollo,0.0299686
2002 DQ3,0.2545073298317562,5.050352007357725,1.63302545176039,Amor,0.0497731
2002 EA,0.4230848341887197,11.29214191223978,1.61718190427643,Apollo,0.0356133
2002 EC,0.517201290223856,0.9093921833445585,3.15690435455086,Amor,0.0495937
2002 EV,0.5807741775789033,10.40887801740567,3.85715814683728,Amor,0.0424916
2002 EW,0.7877935977109144,6.711545077958762,1.95424955176116,Apollo,0.0663838
2002 EY,0.6309659241873107,20.21158921343714,3.1210736388095,Apollo,0.109752
2002 EC3,0.3462163751355453,13.90085921638252,1.46063118791653,Apollo,0.0562092
2002 EM7,0.3633715654431734,1.547602316254985,0.883812892113885,Aten,0.000667195
2002 EN7,0.3616829844264686,22.13428097279287,1.39208139475656,Apollo,0.0612861
2002 EW8,0.4599481008123336,11.37517995054619,2.51106271720136,Apollo,0.0402616
2002 EX8,0.5483168888792077,26.07475231245252,2.60346758074148,Apollo,0.0652102
2002 ES11,0.4017212159975268,6.183298260134419,2.45102586964121,Amor,0.128827
2002 ET11,0.5336827735241938,10.91721987847931,3.69429327104398,Amor,0.219973
2002 EU11,0.6885356928243374,2.943515314938129,3.71114489132626,Apollo,0.0146423
2002 EV11,0.8895950438497807,11.59314350671247,3.04280126242714,Apollo,0.0443722
2002 EW11,0.4281405085220931,3.796505046476096,1.86960725447949,Apollo,0.0126257
2002 EY11,0.4783921723127238,9.832363348019685,3.30696535034561,Amor,0.184719
2002 EG116,0.07787563853392578,12.16955430094551,1.65066055826501,Amor,0.31536
2002 FB,0.1864771441616988,7.035795045070457,1.32311942288312,Apollo,0.0133956
2002 FW1,0.3420462116518263,6.628297816053213,0.748027765504622,Aten,0.00849048
2002 FP5,0.2993665538689869,21.57491873332697,2.2960816914847,Amor,0.220886
2002 FQ5,0.5895681709397267,7.55264596535933,2.6486054108884,Apollo,0.0335254
2002 FT5,0.3003796360766999,28.06029730744302,0.950955046132658,Aten,0.16315
2002 FU5,0.7016872458051514,4.239308031629434,3.93001732459266,Apollo,0.05304
2002 FS6,0.4523634465744129,7.530146040380822,2.48362465418527,Apollo,0.0373516
2002 FO7,0.4464366015895686,26.02319199891607,1.344973185133,Apollo,0.301012
2002 GQ,0.3751501805324836,10.61430502324573,0.673617672899757,Aten,0.00338534
2002 GR,0.2075136982180819,7.328244233830276,1.31695205622746,Apollo,0.00525373
2002 GG1,0.5662435191371777,5.800219812447358,3.53576482955403,Apollo,0.0346722
2002 GJ1,0.5021170091067196,6.982267477178421,2.82216925204815,Apollo,0.0326355
2002 GK1,0.6249581384867078,13.6705039462877,4.03734457694891,Apollo,0.00430558
2002 GM5,0.6953635328763719,7.302578898022912,3.0944101352698,Apollo,0.00825137
2002 GN5,0.2901095989521486,6.118916254091046,2.03112968612793,Amor,0.137699
2002 GP5,0.3029403975310807,31.00164794977547,2.35546784289307,Amor,0.254861
2002 GF8,0.453017723169552,4.849166206316509,3.45451146347488,Amor,0.246848
2002 GG8,0.5725050150019477,12.3932207636984,3.49208056275945,Apollo,0.0331532
2002 GJ8,0.6826464443943874,30.24359947635666,5.79641334112125,Amor,0.0125807
2002 GD10,0.1305440202580317,19.24172894179968,1.34223885828727,Amor,0.0582724
2002 HE8,0.1243185953015755,24.38730107547045,1.46903634988478,Amor,0.125285
2002 HP11,0.7645919811031561,5.133955090872916,2.97537298952865,Apollo,0.0158979
2002 JZ8,0.6300567558257025,11.35752392372411,4.62209406594975,Amor,0.0373327
2002 JD9,0.4403516454417795,6.612519639855756,1.0847737461443,Apollo,0.0535409
2002 JQ9,0.3945426174229494,24.99629946373367,1.24389466677225,Apollo,0.0472663
2002 JU15,0.2138042055327212,10.73025908674532,1.28862594048134,Apollo,0.00381373
2002 JQ97,0.493372646730994,0.8260240096632585,3.02352703975411,Amor,0.0418035
2002 JR100,0.2988780529948123,3.708936667084509,0.887742043946143,Aten,0.0197048
2002 KM3,0.343421131572299,9.437439857281971,1.42305190564393,Apollo,0.0471009
2002 KG4,0.6598774773932031,27.62297159374039,5.04286161004792,Apollo,0.0388621
2002 KK8,0.4653723226169239,24.52431095140217,2.73258197129971,Amor,0.0300266
2002 LK,0.148563507006933,25.02889089335567,1.15929928447926,Apollo,0.0210866
2002 LW,0.1017068329315711,11.17459396815769,1.02453073765288,Apollo,0.0338695
2002 LY1,0.3786490300799938,2.894826574284359,0.934056061643227,Aten,0.0116898
2002 LG3,0.7491505666777152,6.143818667209294,3.61833486465501,Apollo,0.103718
2002 LH3,0.4552863593927493,6.389315073201391,3.09413525770859,Amor,0.144898
2002 LR24,0.2027984228930677,20.00292135075544,1.40394833339958,Apollo,0.0201546
2002 LS24,0.5527333363886353,8.254266123049533,3.40744307509274,Apollo,0.0594331
2002 LD31,0.256686669866133,19.5260056927009,1.77267939548622,Amor,0.0972701
2002 LZ45,0.6376358899175353,6.164723634400886,3.50405561261169,Apollo,0.00564045
2002 LX64,0.5707272158025364,4.846384430829882,1.58095485771652,Apollo,0.0414209
2002 MN,0.4995261267908903,1.047106433322256,2.44784826033259,Apollo,0.000353729
2002 MX,0.7964307678608904,1.962172702008874,3.97130080525431,Apollo,0.0149292
2002 MY,0.2114253652453126,14.72263864886447,1.54250211721571,Amor,0.0403355
2002 MT1,0.4940755026334746,4.725438720047055,3.67020363505478,Amor,0.206546
2002 MR3,0.6176081749861426,9.721707212989832,1.83552098503262,Apollo,0.0414489
2002 MS3,0.6139720248611117,21.75774664261474,3.69638168384585,Apollo,0.083115
2002 MT3,0.6705581354039196,6.264031034979165,4.87303878008145,Apollo,0.000472082
2002 NW,0.6688108766895432,6.058811374506651,2.04825208684355,Apollo,0.0132283
2002 NY40,0.7080616046625974,5.894048782500948,2.93570359682473,Apollo,0.00124293
2002 NE71,0.5845365975374541,7.193815217168172,2.65001890670844,Apollo,0.0503368
2002 OY21,0.6702226781854517,13.94416905766355,1.58304169876039,Apollo,0.0873802
2002 PB,0.3434184138125302,32.94911936853351,1.11037106489041,Apollo,0.165965
2002 PN,0.06868703044694079,9.14422224652257,1.02165680477564,Apollo,0.00332414
2002 PR1,0.5873111478460117,6.583294126388674,3.94081821234828,Amor,0.0432338
2002 PN6,0.4445642850604257,5.279219678366559,3.41911288931526,Amor,0.272772
2002 PO6,0.5194375991091227,20.65350788389274,3.34047978614784,Amor,0.19226
2002 PQ6,0.5271207313410065,8.79155454971268,4.1091293123689,Amor,0.223914
2002 PC11,0.4341325370961069,4.167569689428487,3.30789426893228,Amor,0.259899
2002 PD11,0.8631123248166352,12.15384757194438,3.31808602771943,Apollo,0.106818
2002 PW39,0.4942065386472793,8.454009530686834,3.29027096120248,Amor,0.164705
2002 PX39,0.593879464991177,1.801987146904546,3.84975599564539,Apollo,0.0109474
2002 PY39,0.4864080130896405,5.620106923633716,2.91043169768877,Amor,0.0803655
2002 PE43,0.5035164263216216,7.77361985383321,2.98157938150652,Amor,0.0184785
2002 PE130,0.6246626795310168,15.54337918909827,4.07661362029903,Apollo,0.016112
2002 PM203,0.4102389718909,4.160313733227452,3.25848073656431,Amor,0.294228
2002 QZ6,0.4430598258583587,22.23574977003877,2.75871844871328,Amor,0.0818793
2002 QH10,0.5598615146846503,4.782852755327324,3.63065185127376,Amor,0.0498944
2002 QQ40,0.564068316338185,1.722019166537813,1.33905019473669,Apollo,0.0280884
2002 QE47,0.3655658257784531,0.7309167592452576,2.4721497819246,Amor,0.169949
2002 QW47,0.5182186264263428,4.220748732748763,2.76845627356748,Apollo,0.00323344
2002 RB,0.4343675931063872,7.645333321677972,3.25244376117325,Amor,0.229222
2002 RT,0.7260878222583801,38.84546526138575,1.84190708607436,Apollo,0.168174
2002 RO28,0.3311062300249333,6.187150525782569,1.84139262570455,Apollo,0.0213274
2002 RC117,0.6248225102161699,2.472777631658591,3.77201012890936,Apollo,0.000390919
2002 RZ125,0.5345968565262331,28.94557260073158,1.68198268479349,Apollo,0.171876
2002 RA126,0.6135975150007918,3.14790406032716,4.40237014095323,Amor,0.0605982
2002 RS129,0.3290289761162167,8.44737309073906,1.04667616844982,Apollo,0.0162311
2002 RT129,0.7553256989650623,19.57353309809686,2.47708559522055,Apollo,0.0948507
2002 RO137,0.4521236046305162,7.018263640199636,3.16268159110949,Amor,0.184408
2002 RP137,0.08254107598767821,14.20128432422526,1.25293256496181,Amor,0.126576
2002 RA182,0.4179144609363524,7.60711197418793,3.17502878115694,Amor,0.269656
2002 RB182,0.6503584275164045,0.2276952829953693,4.06039812079988,Apollo,0.00203658
2002 SF,0.3909047843492075,4.952377276929042,3.10866145410743,Amor,0.29908
2002 SN,0.3779849912961414,6.423053536160853,2.7206092529621,Amor,0.217559
2002 SQ41,0.7988951400631209,25.10475125131525,4.22593079428138,Apollo,0.0157639
2002 TV55,0.6528353468627652,11.18072489308293,4.95066952329116,Apollo,0.160749
2002 TX55,0.5721380275881106,4.388676800197326,3.34408835317797,Apollo,0.00285262
2002 TZ57,0.2376344286491004,16.07652508917309,1.33265563954012,Apollo,0.0419793
2002 TA58,0.6269429529390005,1.690964061226822,3.97229799397379,Apollo,0.00233521
2002 TD58,0.5622316701290245,14.6210675061896,3.94606633326886,Amor,0.0970789
2002 TX59,0.146449146679498,13.03837343850742,1.35547471474624,Amor,0.0795435
2002 TY59,0.2328714824888854,6.606662153521642,1.02707913296193,Apollo,0.00188597
2002 TZ59,0.8434163716760176,16.5254772098386,4.24013808343657,Apollo,0.0160053
2002 TA60,0.5222259216552885,28.19810172759722,1.23859646097675,Apollo,0.120789
2002 TC60,0.494913699572969,31.58958713887869,4.06073408271729,Amor,0.459486
2002 TG66,0.5413229624390887,4.722617117072189,2.61117048462752,Apollo,0.0161667
2002 TZ66,0.1206970622181983,8.476243973976704,0.896399637640386,Aten,0.00344924
2002 TA67,0.3566682197151945,30.085416390606,1.24731445764386,Apollo,0.00988334
2002 TR67,0.3417873322297033,11.97142767844313,1.96420029953169,Amor,0.0390434
2002 TH68,0.2542562363769903,19.93757105236689,1.71977676040822,Amor,0.0878114
2002 TY68,0.5149945471363383,20.79408721437753,3.29930372407414,Amor,0.211171
2002 TZ68,0.5365299628272475,3.041540190777439,3.28924371405727,Amor,0.0258739
2002 TA69,0.584595947971834,38.64616053583691,3.43346357423379,Apollo,0.0735161
2002 TB69,0.4031857049237806,37.41898813199107,3.06526567517576,Amor,0.29242
2002 TP69,0.4697019065351338,1.974079606067488,2.71778586953901,Amor,0.0492859
2002 TS69,0.1300571100732309,8.454060133112826,1.27573589660905,Amor,0.0296977
2002 TB70,0.131773300378746,16.6589961502556,1.20575272491769,Apollo,0.0166695
2002 UL11,0.5570178004238929,9.737067772600438,4.72288965068459,Amor,0.26399
2002 UQ12,0.6986562386757172,2.860408311354217,2.336658126391,Apollo,0.0266425
2002 UV36,0.5985504573548238,2.866014970780044,3.848800705294,Apollo,0.00507937
2002 VQ14,0.5151961693801369,7.324214590595787,4.14225779852861,Amor,0.261493
2002 VR14,0.4994671988351298,5.5323128767177,2.0772864143123,Apollo,0.0273149
2002 VS14,0.3022139365835982,23.54162418199217,1.0133192154509,Apollo,0.125392
2002 VU17,0.6160005087653185,1.496714614463476,3.88233710756807,Apollo,0.0100449
2002 VX17,0.5690680223353047,4.924991372073801,3.88477229109076,Amor,0.082909
2002 VO69,0.3487419038268685,20.94178098823444,1.72745235108234,Apollo,0.0559883
2002 VO85,0.2223336325696501,20.13028643849948,1.53186833743013,Amor,0.156108
2002 VP85,0.3804624706014903,37.42324025707054,2.26012807258349,Amor,0.140584
2002 VR85,0.6039508789009242,6.033725334843894,2.44382564276881,Apollo,0.0279738
2002 VS85,0.5621295775449142,24.77611801728237,1.73023008185159,Apollo,0.0317319
2002 VX91,0.2012904722690953,2.342385709668833,0.97622772537576,Aten,0.00189042
2002 VY91,0.5811518968894598,3.400232751499672,3.5512970629017,Apollo,0.00649082
2002 VZ91,0.3847526569722645,3.487053115041389,1.98023260221314,Apollo,0.00788025
2002 VR94,0.5589558077103135,5.575615228738491,3.67394805946957,Amor,0.0727009
2002 VT94,0.5913755960829041,25.21981450310036,5.39047948839408,Amor,0.270647
2002 VU114,0.2856565248741339,2.774494543931819,1.28253416878934,Apollo,0.0347602
2002 WQ,0.4764133107626551,34.13032353189949,3.45641068586707,Amor,0.242841
2002 WX12,0.6586620644488713,8.698170894065992,2.32240511026036,Apollo,0.128311
2002 XA,0.6245773239334017,3.300351471742509,4.76171396893912,Amor,0.0838113
2002 XB,0.2375982971912621,25.53524198713624,0.86250817564517,Aten,0.129913
2002 XO1,0.5717498407144082,6.483759430338936,4.72788491304334,Amor,0.225997
2002 XT4,0.4224859732914059,7.511102728447843,2.04156767354787,Apollo,0.0186823
2002 XU4,0.1411940037991569,10.72909480457284,1.53364362303477,Amor,0.205739
2002 XW4,0.5034987810435423,6.991660323115979,3.7986833705564,Amor,0.227489
2002 XM14,0.1895501424204993,62.38941937510646,1.45301094433021,Amor,0.117818
2002 XO14,0.6476012574737319,2.618032109927134,4.64278654893027,Apollo,0.00143088
2002 XS14,0.4979100252750688,4.486023016727804,2.84499305591691,Apollo,0.0251962
2002 XM35,0.8380819673626795,3.059308962641307,3.54821802007538,Apollo,0.0195554
2002 XY39,0.167070227289139,21.44398626663722,1.74210885576083,Amor,0.244983
2002 XB40,0.5538179341514072,6.798423189243461,2.52774605219004,Apollo,0.010539
2002 XF40,0.4264275596907378,10.11204548047221,2.1799517375123,Apollo,0.0210163
2002 XO40,0.594479797743474,49.21454784119534,3.90768005592274,Apollo,0.0964155
2002 XE84,0.6359750753700066,27.92666666657054,4.2645674648975,Apollo,0.126711
2002 XQ90,0.5734203130080773,3.25840323536694,3.20464171635926,Apollo,0.0276712
2002 XS90,0.2418022600643885,34.17023372885511,0.728702082177625,Aten,0.0209637
2002 XT90,0.2238512767527092,43.38670823726559,1.04493715663792,Apollo,0.174718
2002 XV90,0.3771577910766377,9.972914384415038,1.98831836325328,Apollo,0.000865677
2002 YO2,0.2951613049278816,6.436700029013658,1.83985395324327,Amor,0.075673
2002 YG4,0.3093408611511401,9.735721801346147,1.77030679369244,Apollo,0.0273383
2002 YR5,0.5682453067489138,22.85079823905986,4.06765555309445,Amor,0.167293
2002 YC12,0.4388075912293671,11.47291745899248,2.24895310221581,Apollo,0.022427
2002 YD12,0.4978003672220338,14.67755994084278,3.30895482178012,Amor,0.137458
2003 AC1,0.6457094283360973,23.11992741082671,5.66988279891863,Amor,0.214294
2003 AM4,0.5363225400413343,7.701603342474028,3.58826105274845,Amor,0.139304
2003 AB23,0.423349271326839,13.37387486670158,1.93879744572013,Apollo,0.0812682
2003 AC23,0.5816770396109268,2.058386311539683,3.19953964364871,Apollo,0.00667313
2003 AF23,0.4258693607239053,23.23315348726977,0.817718090045812,Aten,0.0324486
2003 AS42,0.3421348214810401,10.01534512151887,1.84387446594271,Apollo,0.0242654
2003 AJ69,0.6176571984157556,1.46446999201331,3.87851327818015,Apollo,0.0098064
2003 AK73,0.6982080694155595,4.0390047548768,3.82384033455611,Apollo,0.0581903
2003 AA83,0.7773163570960273,6.765659721685985,3.80131736175116,Apollo,0.0661529
2003 BN1,0.4869443884847153,61.05597914436978,1.90591917790461,Apollo,0.0558709
2003 BM4,0.33761026584757,9.63098203892415,1.31348104750608,Apollo,0.0204744
2003 BN4,0.1715727507551765,5.588091267197692,1.43164285575017,Amor,0.0679394
2003 BB21,0.5537770230190772,4.770169412676387,3.32952652224162,Apollo,0.0264249
2003 BW33,0.5278302365789108,24.95884546083581,3.03371303583334,Apollo,0.169399
2003 BS35,0.2065140764427545,8.476010474360464,1.40562285195705,Apollo,0.0262487
2003 BV35,0.5883919278039085,30.80554716460905,2.24810111630493,Apollo,0.0507894
2003 BC44,0.556167019300313,7.06792662829978,3.04944917896926,Apollo,0.0521357
2003 BC46,0.3881582220585463,4.535167709541629,2.87479172944616,Amor,0.260474
2003 BR47,0.5002257597716134,4.423097495215883,2.07722181013683,Apollo,0.00748097
2003 BS47,0.5219904084303004,4.890129135741894,3.05538487750977,Apollo,0.0213571
2003 CA4,0.1190091333547023,7.491945822224651,0.883530547325593,Aten,0.0407397
2003 CC11,0.5877037543496209,11.51198572586607,5.58882867020222,Amor,0.311947
2003 CG11,0.7344053100688223,21.28145668910766,4.1733134418514,Apollo,0.0183604
2003 CL18,0.6444426441380683,14.45666756825499,4.05351573640193,Apollo,0.117765
2003 CO20,0.5410632866234281,20.48753730707038,3.18688679278419,Apollo,0.0281573
2003 CQ20,0.4960968764532014,15.78622881836112,3.03477534457317,Amor,0.0657124
2003 DF6,0.1727287830876181,25.78354176353506,1.34882045126537,Apollo,0.135799
2003 DG6,0.6059217462269555,8.903165459892717,2.83481012316886,Apollo,0.0659755
2003 DH6,0.3131213912629688,19.1548703116765,1.7736840270216,Apollo,0.0147245
2003 DW10,0.3606946355195186,2.191932068741293,1.73913136631079,Apollo,0.000505277
2003 DY15,0.3284266078931399,6.315197226262742,1.36535350341973,Apollo,0.00339666
2003 DZ15,0.4869603295703923,3.675724835101426,1.35031450241345,Apollo,0.000445114
2003 DF16,0.4366480862267624,26.27637471688388,2.38065117911367,Apollo,0.248009
2003 DU25,0.6062811835616624,6.24273529160359,5.19063273511366,Amor,0.190792
2003 EM1,0.05249225220154645,15.26440512114246,0.935742928837179,Aten,0.00911885
2003 EP4,0.6448770265500063,0.511713937636712,1.58551040357063,Apollo,0.000851133
2003 EG16,0.6898390231796235,20.40353628087065,3.69575393459374,Apollo,0.00247296
2003 EH16,0.534426114984546,18.03228223450293,3.58283153519545,Amor,0.290629
2003 EP16,0.3967468541984884,8.508743214887964,2.25800220397481,Amor,0.0975499
2003 EZ16,0.139325347087654,5.804858635786894,1.27414675559827,Apollo,0.0665032
2003 EC50,0.5804553766036874,5.890472688144983,3.19561496113296,Apollo,0.0307985
2003 EJ59,0.612383903713175,13.40389610541673,5.84680333214634,Amor,0.266569
2003 EW59,0.67585944517245,5.438452306452279,2.60551635267804,Apollo,0.0132586
2003 FK1,0.4856904621709731,23.34911460636346,0.595114563429169,Aten,0.013855
2003 FU3,0.394014593896707,13.03997179194972,0.79533510217482,Aten,0.0816786
2003 FV3,0.4845839881876896,22.19202888344036,3.22339576985458,Amor,0.264421
2003 FB5,0.7886831146065988,5.351343286182147,3.99359967342098,Apollo,0.0237151
2003 FF5,0.3040222094092991,6.337565899586811,1.60294237757388,Apollo,0.0251406
2003 FY6,0.5820934465697442,6.595089828093698,0.62364269777741,Aten,0.00435012
2003 FJ8,0.516147509595603,1.573843364111884,2.4647365998828,Apollo,0.00292678
2003 GD,0.3670251275926336,31.35218291220927,2.0304581623839,Apollo,0.0307508
2003 GJ,0.5159624899773043,7.860156765397015,4.3481412252518,Amor,0.288172
2003 GX,0.2070221781019102,10.84834150234583,1.53338296157965,Amor,0.0550391
2003 GF21,0.4880437498695027,21.82039122494025,2.34364112010546,Apollo,0.0142715
2003 GG21,0.7119187818403152,10.16030578079718,3.12835742493059,Apollo,0.00912324
2003 GH21,0.2620177249627556,20.10102199517474,1.80549667484758,Amor,0.1583
2003 GJ21,0.4007986071476595,7.053934829706534,2.43671626799563,Amor,0.0872971
2003 GQ22,0.1813944370634251,17.02452830005949,0.81478984823293,Aten,0.0226583
2003 GR22,0.6089494149308512,6.16822963680085,1.9203019031312,Apollo,0.00713684
2003 GS22,0.5770408076474202,2.630946979449793,4.4837475508213,Amor,0.159776
2003 GV29,0.5442401413119432,21.86672116320695,4.78150309203214,Amor,0.423185
2003 GB34,0.67707501231442,27.22246234110935,4.1365519851239,Apollo,0.126497
2003 GU41,0.6707135223185536,18.94366291612655,2.92057751187677,Apollo,0.269204
2003 GD42,0.2288493213828712,12.24526962947165,1.47339264355889,Apollo,0.011402
2003 GP51,0.6021579239483119,2.855698295853746,3.15648298835663,Apollo,0.0374435
2003 HM,0.2696223253997642,26.27312127820392,0.734089686412416,Aten,0.00559886
2003 HN,0.5109728813940096,10.72014179342006,2.88409810931366,Apollo,0.103444
2003 HW10,0.5321935045861885,3.907821129730169,2.40967372297954,Apollo,0.00112615
2003 HN16,0.2109505129413875,26.19018529015495,1.46266920822296,Apollo,0.0206719
2003 HP32,0.7800432192624968,3.477286738527741,4.41281102340279,Apollo,0.0520605
2003 HT42,0.261660629081268,4.874057003638593,0.735389204607748,Aten,0.0120033
2003 JX2,0.2438613147113942,9.688017046004346,1.17877630805094,Apollo,0.00922315
2003 JY2,0.6041907694748861,4.951765529237893,1.71580374883672,Apollo,0.0149524
2003 JG4,0.4515696319091415,2.183341148157214,3.44426418898189,Amor,0.247241
2003 JD11,0.5446218180486342,8.534078326974361,2.32108360095579,Apollo,0.0218227
2003 JD13,0.2715591290118691,40.83212587658372,2.18004658101181,Amor,0.21672
2003 JO14,0.3406776705798535,7.107773679076119,1.3552870891919,Apollo,0.0128548
2003 JP14,0.540007733744853,13.66736492466066,3.07989865957692,Apollo,0.0738425
2003 JV14,0.5792754971390608,5.455556705176413,2.08913598483178,Apollo,0.0677497
2003 JC17,0.716693869497459,27.3137166086488,3.58804116049352,Apollo,0.203329
2003 JD17,0.5569635450631074,20.65915570772742,3.85423571292165,Amor,0.136422
2003 KF4,0.5741226067879338,8.300575532323672,3.54613835658224,Apollo,0.00335205
2003 KQ18,0.2229438991111469,21.47242644960567,1.74280925083845,Amor,0.130425
2003 LH,0.1490143784480003,10.80130117063859,0.942980897704405,Aten,0.00326634
2003 LW1,0.5101034753706197,12.41037880111151,3.08894273307421,Amor,0.0387297
2003 LW2,0.4710348902863957,2.220455379218311,2.50917195211288,Apollo,0.00169723
2003 LN6,0.2094488880512046,0.6655665226383833,0.793048699492739,Aten,0.00114982
2003 MN,0.6016483805524234,2.671433722159154,3.4902447733409,Apollo,0.0137978
2003 MU,0.4956824816493122,5.903263467989288,2.94102815996019,Amor,0.021839
2003 ME1,0.3028389694783611,21.05300534115629,1.06101074777757,Apollo,0.00314433
2003 MS2,0.1263249013695674,20.02589369589678,1.06397861786559,Apollo,0.024675
2003 MK4,0.1813057961215925,22.31653050652832,1.12331027796603,Apollo,0.00123092
2003 ME7,0.2947876661691227,19.11900624916811,2.37501142840078,Amor,0.241075
2003 MW7,0.5478927031294807,20.48490378679958,1.26372180013941,Apollo,0.0901889
2003 NB,0.4018155224543921,5.963396697136393,3.10094308704032,Amor,0.262697
2003 ND,0.4511144865429477,5.098252025996283,3.30723131322234,Amor,0.207106
2003 NL7,0.4500185834630098,6.87331009893785,3.12863724720208,Amor,0.162608
2003 OC3,0.5975133025439663,13.13064187795734,3.37500064218994,Apollo,0.0474367
2003 OT13,0.1714081389728355,13.09894686149277,1.27020845211652,Apollo,0.0348378
2003 PN5,0.2779285714423748,10.54628896401914,1.71951654660449,Amor,0.0561554
2003 QC,0.5301870341138395,7.843820217482249,4.12504399257319,Amor,0.218813
2003 QK5,0.1595346939723417,17.01839894690236,1.42515500129115,Amor,0.100145
2003 QU5,0.3272577889267133,2.150882858458507,1.7257271055346,Apollo,0.0291873
2003 QQ10,0.4260408413330971,7.031076432718812,3.37782435661829,Amor,0.284783
2003 QY29,0.595236359155493,16.5594000597806,4.25586398528789,Amor,0.0552853
2003 QZ29,0.6058116728397963,8.706099509850722,3.89578697671331,Apollo,0.10431
2003 QA30,0.5421717145618475,9.170000369795801,3.61017126666623,Amor,0.104933
2003 QB30,0.4177710856529924,0.6386928592558012,1.36589284130831,Apollo,0.00265637
2003 QB31,0.4297425557730899,6.014582280306231,3.14159420142727,Amor,0.230391
2003 QF70,0.4638489107576583,6.311233812811217,3.29392668598878,Amor,0.204193
2003 QL96,0.613501864382525,6.735203468893207,4.75508513353324,Amor,0.101927
2003 RS1,0.6413120977674899,2.656642002382226,4.62462364252687,Apollo,0.0016274
2003 RE2,0.5404232826202484,2.492291015656272,3.87304224168382,Amor,0.123935
2003 RB5,0.4716032442080816,44.62201261841747,2.58666884672287,Apollo,0.0244218
2003 RD5,0.2470386460802712,8.714495017432162,1.6534979499046,Amor,0.0445099
2003 RL10,0.551053099112638,17.80252582188149,3.84180985069862,Amor,0.161154
2003 RU11,0.1823351385338214,4.667056135813559,0.83766957595504,Aten,0.00776241
2003 RW11,0.8249947443586312,10.34108672749235,4.26302039267502,Apollo,0.0737329
2003 SY4,0.6119915694641879,3.92247867527136,3.89048213337156,Apollo,0.00412633
2003 SK5,0.456496692711671,6.666852911519776,3.04251771716338,Amor,0.144698
2003 SL5,0.474971414921858,6.100470965540545,3.07126566168126,Amor,0.146028
2003 SY17,0.5817945163271171,33.06132220520443,2.92400393337056,Apollo,0.0586775
2003 SK36,0.4711979616523518,2.810065322865563,3.58192004658691,Amor,0.2308
2003 SL36,0.4076280056860856,3.979387606282661,1.68522078618132,Apollo,0.00747082
2003 SH84,0.31522632439114,2.324696580202063,2.21638733967737,Amor,0.175213
2003 SK84,0.7426605137980883,8.952850531322554,4.04165664368109,Apollo,0.0449837
2003 SR84,0.4765816554738136,7.526218099975592,2.23032992773545,Apollo,0.00298549
2003 SS84,0.5717429798617455,5.492248242594737,2.68286390469776,Apollo,0.00548603
2003 SU84,0.3856666280908769,16.46497086297396,1.83551881230351,Apollo,0.132414
2003 SA85,0.4977098452501824,5.736138591019078,3.10521793777032,Amor,0.0952277
2003 SW130,0.3043308905151629,3.673783985767164,0.830793787084502,Aten,0.00065471
2003 SV159,0.5203899873508807,5.031284143259111,3.17927536562002,Amor,0.0605831
2003 SF170,0.4241483999468219,28.65546623625406,3.27124100068456,Amor,0.444716
2003 SJ170,0.5613794790066593,15.71453349846126,4.13707722535153,Amor,0.229651
2003 SN214,0.5498781452489011,8.352812250107881,2.9061175565588,Apollo,0.0705073
2003 SS214,0.536029969274683,8.114105709361402,3.6364266466237,Amor,0.109537
2003 SU214,0.5408841134006267,5.621464940679469,4.13366041371209,Amor,0.218602
2003 SH215,0.439091784192519,2.032080223389612,3.34681719516067,Amor,0.248366
2003 SK215,0.4462739504437634,36.02130789712713,2.52002894528527,Amor,0.240891
2003 SL215,0.5276447164805785,7.844262972772632,4.48110803947371,Amor,0.305105
2003 SM215,0.5636586812106092,5.017371307108938,3.08910121939826,Apollo,0.00394112
2003 SN215,0.5466768129528505,10.47808365437814,4.17729023789471,Amor,0.194927
2003 SQ222,0.518574883167207,3.556280703643929,1.84536817205198,Apollo,0.000235354
2003 TK1,0.2933270864750711,5.728354020773721,1.87736782307551,Amor,0.0788276
2003 TL1,0.5093733596237895,8.227548696005234,4.13501993936994,Amor,0.289733
2003 TM1,0.563017310318304,1.706253386277925,1.58924387001784,Apollo,0.0290142
2003 TG2,0.3159524549895147,25.45550124555646,0.865006908413172,Aten,0.194131
2003 TH2,0.6677190205149072,1.385368519527677,3.85569253482784,Apollo,0.00480207
2003 TK2,0.6471562836557884,4.285774589112254,3.60133340582863,Apollo,0.0208753
2003 TO9,0.6041653993651185,3.111208219269629,3.78283977645704,Apollo,0.0186622
2003 TR9,0.7013577769711125,13.44797360644714,2.10505980581958,Apollo,0.0200588
2003 TT9,0.2695245702494671,19.00175972953489,1.14774752188364,Apollo,0.0483296
2003 TX9,0.4730290389110436,8.404359606789832,3.15451571026936,Amor,0.21236
2003 UE,0.4480575927641754,24.56601990859428,3.59552646401606,Amor,0.341844
2003 UM3,0.440941236505103,1.516344722033988,1.6066220606446,Apollo,0.000223701
2003 UQ3,0.5191520605876703,12.77196518562927,4.26883799399379,Amor,0.27254
2003 UB5,0.604088705626025,10.62515954630127,4.19883462241535,Amor,0.0472515
2003 UC5,0.8187116796571238,36.76382103299222,1.29054630463523,Apollo,0.110507
2003 UD5,0.5625878920824989,5.345847713789569,3.58439146370253,Amor,0.0395419
2003 UW5,0.5781769259458384,1.862377215019156,3.88394068534828,Amor,0.0615499
2003 UX5,0.3408783474636837,21.44382600641693,1.73060587973985,Apollo,0.0496708
2003 UE8,0.4724666428181215,6.547562892536929,2.69292728840386,Amor,0.0274294
2003 UL9,0.229403738329521,62.86674280773529,1.0160876921629,Apollo,0.128151
2003 UC10,0.6317829034257196,1.506925389291813,3.71704862601063,Apollo,0.0116442
2003 UO12,0.6503943782182859,0.9831051979771038,4.75873210898662,Apollo,0.0175033
2003 UP12,0.4915248496091201,13.94512753701748,2.39423968536814,Apollo,0.0289401
2003 UQ12,0.5249269053786707,5.405550281725512,2.23439057829236,Apollo,0.0098214
2003 UY12,0.5945221892732337,16.40303698904701,0.587037256513197,Aten,0.0116752
2003 UY19,0.5787218059455074,7.63482010816247,3.86628546782914,Amor,0.0786406
2003 UB22,0.2258139637162534,15.88191725939588,1.34761725615621,Apollo,0.0478248
2003 UC22,0.4165884779665127,4.791536793995909,3.17412853648844,Amor,0.267023
2003 UE22,0.545606863462267,8.1195891566254,3.5717323497369,Amor,0.0663475
2003 UG22,0.3542290729982095,20.30041471185478,1.69932189275147,Apollo,0.123105
2003 UP24,0.4981408755747489,21.6504082718436,3.34470688285756,Amor,0.257892
2003 UO25,0.2291132769308274,15.4742377148016,1.02507493064474,Apollo,0.164448
2003 UP25,0.1558012233647451,19.93316040541321,1.42447240565015,Amor,0.0784575
2003 UQ25,0.6817833070644493,2.133856654401848,4.04708187612159,Apollo,0.0164102
2003 UR25,0.4891686487115792,5.559552691116613,2.60990652455649,Apollo,0.0352713
2003 UW26,0.5215254285886037,18.60507556990442,4.47235343525186,Amor,0.338094
2003 UX26,0.3654904482125539,4.546138658043925,1.24123559327744,Apollo,0.00917984
2003 UT55,0.1475752947223973,16.88714068349898,0.969188460077336,Aten,0.00722631
2003 VE1,0.4949423834806711,16.3321275124665,2.70765777831541,Apollo,0.0432621
2003 WE,0.2419678124326614,5.402514911044293,1.31477291643328,Apollo,0.0280921
2003 WG,0.7841705755623997,27.14521058477483,3.80609898311148,Apollo,0.0285912
2003 WP7,0.6454151846301442,0.9888729987567295,3.50127431024915,Apollo,0.00155037
2003 WP21,0.7811029507769075,4.308299981682586,3.42056353818131,Apollo,0.0337464
2003 WQ21,0.160804765397098,19.91627798784359,1.56044719230055,Amor,0.142836
2003 WU21,0.544848561635419,28.60006801051259,0.86692180926982,Aten,0.0699694
2003 WR25,0.707543549487116,8.968761763572573,6.18001747012486,Apollo,0.0968452
2003 WW26,0.7982469851030755,6.301978629241736,3.69108859009325,Apollo,0.0120185
2003 WY87,0.5188925912173165,9.450681169187746,3.75635857172173,Amor,0.175073
2003 WH98,0.5380849081617289,3.545214569263814,3.14829774032392,Apollo,0.00687341
2003 WJ98,0.205580418643258,22.85847284450345,1.41794332530023,Apollo,0.0455937
2003 WO151,0.6631705330350698,19.85278085550026,1.92018775607201,Apollo,0.256376
2003 WT153,0.178168986241011,0.3702549245752156,0.844969411514723,Aten,0.00160917
2003 WU153,0.3103968865880977,27.32873629969354,2.54427589226828,Amor,0.366706
2003 WY153,0.5891635507927561,1.170365016841431,3.88330030102194,Apollo,0.0293626
2003 WE157,0.5662844671382632,9.633774681277854,3.36854410105762,Apollo,0.142311
2003 WC158,0.6278740870631906,9.020834833766264,4.28540602530769,Apollo,0.0418914
2003 WH166,0.5575109430559461,0.7022568750176841,2.69361720427339,Apollo,0.00489136
2003 XK,0.7169699368918983,2.330823699829602,3.59314234898809,Apollo,0.00107304
2003 XM,0.6783235334538472,5.617764969915825,5.72534402785301,Amor,0.0498476
2003 XV,0.5544672016765444,4.543640262296115,2.7091414403561,Apollo,0.00344648
2003 XJ7,0.4656707175798081,18.17202219139693,1.38575654778593,Apollo,0.00150241
2003 XH10,0.2437546989360802,9.646118039911599,1.52003220686961,Apollo,0.0181078
2003 XZ12,0.3128584442178962,12.41423548505859,1.72562143451222,Apollo,0.016105
2003 YM1,0.5152746010830659,13.46785797111145,4.24328048756446,Amor,0.324935
2003 YN1,0.243519485778727,5.245620294006127,1.5439978492814,Apollo,0.0421027
2003 YP1,0.6424380545938922,7.494020687170167,4.32280383495807,Apollo,0.0440298
2003 YQ1,0.340978080066032,11.31969935613995,2.30687105657877,Amor,0.167735
2003 YR1,0.4508519380838908,29.33280667092759,0.852405916822103,Aten,0.0665898
2003 YS1,0.8455163616700294,24.82855317496509,5.47710299369572,Apollo,0.226801
2003 YW1,0.2969014123193794,19.3998705526846,2.14914647400798,Amor,0.187505
2003 YP3,0.4916952842854462,37.17680483650022,1.56052635781045,Apollo,0.0766447
2003 YN7,0.6967696679702362,19.71000145017839,4.59572336863713,Apollo,0.131116
2003 YS17,0.3127974323021581,6.528283501567953,0.896761240896139,Aten,0.0303732
2003 YD45,0.6927121614074283,8.42554592810956,3.93938315835481,Apollo,0.0287437
2003 YS70,0.2340192682399488,0.3555182744952248,1.45135826872171,Apollo,0.00088741
2003 YT70,0.345975330991392,0.3778170066536329,2.00038684883704,Amor,0.0540241
2003 YP94,0.5349885737371739,8.214987824984105,3.18761634874934,Apollo,0.0524295
2003 YN107,0.0139493607788794,4.320894478454091,0.983325406482938,Aten,0.00482817
2003 YH111,0.4859460666732929,4.368071747635996,1.68725209996844,Apollo,0.00821808
2003 YR117,0.503883335688358,17.33897226725855,2.53972886402791,Apollo,0.0228124
2003 YL118,0.4863152723198361,7.6067129750292,1.20293592804164,Apollo,0.0214325
2003 YG136,0.355014758091529,2.731774458843872,0.954376796140532,Aten,0.0122895
2003 YH136,0.8964871156801313,16.50490461263935,3.94192602125765,Apollo,0.011358
2003 YJ136,0.3929917195072729,26.94145619418876,3.1315257966601,Amor,0.319005
2004 AC,0.67303542097424,11.54071056639625,2.41589256729713,Apollo,0.195365
2004 AD,0.2626390253851647,7.30537990462344,1.41157020702785,Apollo,0.0242222
2004 AM,0.2412069663865743,41.70148325214194,1.97168466805771,Amor,0.377342
2004 AD1,0.5628978239120327,6.191560114509639,2.6473101055723,Apollo,0.0270955
2004 AY1,0.5728289094012533,5.511407280221365,2.58875098793555,Apollo,0.082547
2004 AE6,0.3761804523102799,6.690077209330511,1.81525066264312,Apollo,0.0551824
2004 BY1,0.2200073902157711,3.581895479385157,0.826428408617831,Aten,0.0183137
2004 BF11,0.4057652065774353,1.803135739668516,2.60603161480623,Amor,0.141616
2004 BH11,0.3283120492734252,4.359405011020697,1.42516072743705,Apollo,0.0176281
2004 BJ11,0.3971228630404836,4.267387237228993,2.31492416672144,Amor,0.0905604
2004 BK11,0.3930089376806041,5.373365341279395,2.96392340166295,Amor,0.272529
2004 BM11,0.5243176235777504,3.618656168280282,1.74125975850604,Apollo,0.0622141
2004 BV18,0.2542603776868378,2.171840204781324,1.54140559160468,Apollo,0.011883
2004 BW18,0.2530780054625114,5.112394291283088,1.60831975390525,Amor,0.0455194
2004 BZ18,0.4371904310434727,22.62196609585357,2.550799701586,Amor,0.229111
2004 BY21,0.4766069540820212,6.557329507893797,3.75939715028877,Amor,0.267033
2004 BG41,0.6097771010481974,2.979409103635182,3.9764773979772,Apollo,0.0131282
2004 BN41,0.5159848796743556,0.3977348469298393,2.93833572916721,Apollo,0.00988199
2004 BT58,0.3848743938229048,17.67372718902336,0.941657793292584,Aten,0.0781388
2004 BX58,0.6075886830183923,15.00277734458139,4.81154791634245,Amor,0.139121
2004 BZ74,0.8890780724343338,17.06220794921069,5.35662850345969,Apollo,0.0529219
2004 BA75,0.601463458844949,3.157098503409606,2.09409511302185,Apollo,0.0132532
2004 BB75,0.4470352015637273,16.58682793751553,2.51035256510452,Amor,0.0360935
2004 BF85,0.7229127891665518,3.709921115301202,2.47577397211569,Apollo,0.0571544
2004 BE86,0.2375509707935921,3.781818454557881,1.72970058812415,Amor,0.105883
2004 BK86,0.535252347239568,2.382802352699531,1.83745085801809,Apollo,0.000953265
2004 CC,0.3089039116070966,7.599638314654068,1.71052508887039,Apollo,0.0120465
2004 CQ,0.4949647819446787,6.413346844891478,2.89997248124197,Amor,0.0400415
2004 CS,0.3889155285738387,15.09061568090686,2.53731246126473,Amor,0.148119
2004 CZ1,0.45506901168666,2.002696054927428,1.91321733911557,Apollo,0.00419379
2004 CA2,0.6137152617111129,3.251161676086722,3.06075646424285,Apollo,0.00715645
2004 CR2,0.5325436295607737,3.108562820769569,3.88716513132911,Amor,0.151618
2004 CD39,0.5265254896769973,3.239341198088605,3.87301711344808,Amor,0.179614
2004 CE39,0.3913011102023705,17.71098169630138,1.04101665172388,Apollo,0.0770446
2004 DK1,0.3956785292880091,1.025073200620911,2.41224075274249,Amor,0.0813004
2004 DL1,0.6932068585112624,2.264362231723689,2.41427255213216,Apollo,0.0223408
2004 DF2,0.6530088510577483,5.232566911988459,2.13520885136748,Apollo,0.00436404
2004 DM44,0.7110116047768597,10.53787838461846,3.90280172441509,Apollo,0.0410339
2004 DA53,0.3300776290757982,5.135017326631419,0.829755909968213,Aten,0.0020514
2004 EH1,0.5334072133859251,7.520884001964436,2.84758639222118,Apollo,0.0337441
2004 EJ1,0.4423317068228251,14.23714841483234,2.64152602995681,Amor,0.0751689
2004 EL20,0.2686192390531523,7.598330718380589,0.735259566509593,Aten,0.00625866
2004 ER21,0.1709977380101695,7.948568173248881,0.852474145838664,Aten,0.0395703
2004 ET21,0.3239653007840327,41.6089468663527,2.08595389396095,Amor,0.273962
2004 EU22,0.1631200986740898,5.338209696842361,1.27609806341294,Apollo,0.0078523
2004 FA,0.5920828049609468,9.099437711028525,3.0958013034983,Apollo,0.0190836
2004 FD,0.6742934993956197,1.01587894746017,1.48530180437957,Apollo,0.0157464
2004 FE,0.5079963838242959,12.0374681574035,3.60027700498141,Amor,0.187414
2004 FH,0.2888540160606516,0.05488804714897456,0.741539624688856,Aten,0.000483556
2004 FW1,0.7171213575206876,10.15766305243317,2.04483740326237,Apollo,0.0474433
2004 FX1,0.2664076657030783,17.69985714117666,1.20356701617491,Apollo,0.0182447
2004 FY1,0.5880688618936388,8.976052727571718,2.72992685729995,Apollo,0.000407478
2004 FK2,0.2301717029991903,11.43021210482977,1.53523233688041,Amor,0.0366579
2004 FY3,0.556414769489444,5.421401541470312,2.78187132177216,Apollo,0.00516843
2004 FD4,0.3247849495496847,23.4071219478581,2.60013117412877,Amor,0.406365
2004 FE4,0.2347164337360811,15.7522452507297,1.6386784325066,Amor,0.0761652
2004 FM4,0.5926353154593609,2.683929339506661,2.87581099115758,Apollo,0.0109354
2004 FP4,0.4717173029791371,2.115379088392327,2.81973270769307,Amor,0.0463483
2004 FA5,0.2993392326191853,15.00612200877024,1.49330386494391,Apollo,0.0245752
2004 FK5,0.5517682787472514,5.530376390240268,3.3746234592117,Apollo,0.0137866
2004 FZ5,0.4034998284906161,23.338449904779,3.17059553500517,Amor,0.356576
2004 FN8,0.1444627171001401,5.258817317927254,1.26312291813998,Apollo,0.00871355
2004 FJ11,0.5618371256543169,2.387733044191108,3.37071552215114,Apollo,0.0208651
2004 FY15,0.4799253473576767,3.48590288066246,2.52479432348854,Apollo,0.000748316
2004 FB16,0.414005828617769,12.75670048200093,2.3961667453297,Amor,0.0518133
2004 FN17,0.3285768750092801,14.65208316111648,2.07922546433418,Amor,0.107318
2004 FB18,0.3679578731672617,5.733530576413235,2.14816085873155,Amor,0.0583421
2004 FC18,0.6473729547037724,9.786564819269286,2.62432808916994,Apollo,0.0166416
2004 FG29,0.4929047583275371,3.432820067928147,0.823176268268268,Aten,0.00991482
2004 FH29,0.4018439769910646,12.62090977198177,2.13034187091162,Apollo,0.0152328
2004 FJ31,0.3222142397642099,1.945864836718499,1.4334998810184,Apollo,0.0221074
2004 FY31,0.5543894562248823,11.17188313869574,3.19697694737049,Apollo,0.018498
2004 FM32,0.1618467594906037,3.743686129702617,1.15038052974691,Apollo,0.00330214
2004 FU162,0.3921717510663896,4.164655704774893,0.751895974322539,Aten,7.22623e-05
2004 GA,0.6319567734472333,10.56884237642837,4.75461570884223,Amor,0.0630881
2004 GD,0.307799721727869,6.209146624507382,1.0999186543049,Apollo,0.00673616
2004 GB2,0.6493904953833798,12.42241965146099,3.08285526562215,Apollo,0.0220263
2004 GD2,0.4996722883188601,1.76535461266655,2.910576856778,Amor,0.0252172
2004 GE2,0.706746940344791,2.162391817777038,2.92531755345202,Apollo,0.00572157
2004 GZ14,0.3238029165294596,20.91997355169665,1.6328793601248,Apollo,0.0281729
2004 GB19,0.3661428798008098,1.279926014279758,1.58129989973439,Apollo,0.0105689
2004 GC19,0.5565931164806387,8.668663183456959,3.12940513016429,Apollo,0.0352253
2004 HB,0.5865659386435831,8.434104043657314,3.65913216116194,Apollo,0.0215366
2004 HD,0.4651762855204182,2.540238287395661,2.67565596707069,Amor,0.0291885
2004 HE,0.6087065000687923,9.479797274568158,2.36050736628404,Apollo,1.33922e-05
2004 HL,0.3461250165955331,3.400099905654073,1.93702628136781,Apollo,0.0130456
2004 HM,0.4095195213116463,11.57523527589652,1.53574116616323,Apollo,0.00235227
2004 HZ,0.4421942640682123,4.223815661222756,1.48717158291158,Apollo,0.000830335
2004 HA1,0.7200284529504906,19.1209506512755,4.46139358025574,Apollo,0.0647417
2004 HQ1,0.2706671053217748,4.416465898103615,1.16871154639203,Apollo,0.00154061
2004 HD2,0.833776260737843,15.43572334686448,3.52608061481492,Apollo,0.0339729
2004 HF12,0.6487250274402018,13.41180784587846,3.12044067125874,Apollo,0.0188958
2004 HG12,0.344965959309269,26.53681383800514,1.73194566056997,Apollo,0.0267098
2004 HH20,0.4182458639318611,4.124936770680784,2.3694984454211,Amor,0.0303964
2004 HC33,0.4295230486386558,11.30437015992358,2.34653415491115,Apollo,0.0177964
2004 HT38,0.3765662871643379,13.11314243048455,2.28200776957128,Amor,0.0990671
2004 HA39,0.5392825780107088,36.14499560737362,3.14853996509602,Apollo,0.20708
2004 HB39,0.4545095206554017,5.498429814482508,2.68197993883477,Amor,0.0938138
2004 HC39,0.501423366861002,14.64325660428044,2.4422772970535,Apollo,0.00904647
2004 HW53,0.5810334625337913,39.12367608016175,3.21723640368889,Apollo,0.262952
2004 HX53,0.3338315563367879,3.557576124064084,1.30263587312987,Apollo,0.0208072
2004 HR56,0.4359548603938128,5.967671395580298,1.93943776212683,Apollo,0.0600861
2004 HS56,0.2856197532674039,30.03277100629506,1.7297767344962,Amor,0.0290235
2004 HT59,0.2233283105711714,11.1290081326953,0.970171727247527,Aten,0.00586178
2004 JB,0.5160860246358762,13.21964073049676,3.72547367652331,Amor,0.194808
2004 JC,0.6698707438451309,8.959184050019681,3.88566565453668,Apollo,0.121025
2004 JN1,0.1755911488988448,1.50223866572212,1.13063704652872,Apollo,0.0232965
2004 JO1,0.4750131532593196,21.5806038148311,1.03375056434032,Apollo,0.0586468
2004 JP1,0.219049208767489,20.92643225557071,1.20808898601951,Apollo,0.00466185
2004 JR1,0.5926787039347701,28.73814708382915,4.9277233399246,Amor,0.169571
2004 JO12,0.2554318120221154,21.70910239391944,1.63978980782671,Amor,0.0332725
2004 JP12,0.7769452177140702,8.227825259085476,2.62990556861875,Apollo,0.0317684
2004 JO20,0.43326793443343,10.25245562436398,1.78200318880434,Apollo,0.00722344
2004 JU20,0.2752674069017592,5.597507196609604,1.82661209170731,Amor,0.0985004
2004 JV20,0.3412113733268633,25.21461050123436,1.51507970786256,Apollo,0.0373781
2004 KA,0.4856071376404759,7.916142354665314,2.84374434884569,Amor,0.126935
2004 KB,0.2889992769225933,20.67765743266624,1.29488592957736,Apollo,0.022356
2004 KZ,0.3751876884341602,12.41810897907841,1.46474855918724,Apollo,0.0123752
2004 KF1,0.4434688049220415,9.41923521551927,3.08131293119468,Amor,0.164151
2004 KG1,0.4072204661611313,1.907762969976933,0.756434872550991,Aten,0.0028366
2004 KN10,0.4542656704958833,7.639367767935833,2.88129671637067,Amor,0.0981
2004 KF15,0.3543563671493045,11.06845998373245,2.47641980737084,Amor,0.190792
2004 KE17,0.6220101627123659,26.9573221470906,4.68333966817988,Amor,0.0456155
2004 KF17,0.4773184399156767,13.33122566839304,2.52803707328116,Apollo,0.00462256
2004 KG17,0.3205151618754116,0.4882309673250048,1.85254960541442,Amor,0.00986666
2004 LB,0.05289186948541929,37.32757623966209,1.07784600060057,Apollo,0.0194732
2004 LC,0.5543638269765628,5.242456301720876,3.04010393114586,Apollo,0.0130325
2004 LK,0.5116585454945081,7.792496771904838,3.02662372725908,Amor,0.0702409
2004 LV,0.6225931354504523,2.310366474778046,2.14517174938986,Apollo,0.0251509
2004 LB1,0.2456427754202682,22.9601937983383,1.44880224422162,Apollo,0.0316476
2004 LB2,0.5711613444811604,6.879791591677264,1.53979509970853,Apollo,0.00958765
2004 LD2,0.5533430013649387,10.75612951416811,4.85344862887241,Amor,0.294095
2004 LO2,0.3511516448160434,25.44455040216506,0.876611388404677,Aten,0.0124972
2004 LX5,0.2139551483095335,13.59374959917126,1.4952384890731,Amor,0.0135248
2004 LY5,0.777726455985576,16.0541321645298,2.47796838265376,Apollo,0.0182617
2004 LZ5,0.5515561979816581,24.89805313441617,4.17914374008863,Amor,0.219224
2004 LA6,0.3558943484111565,18.30759474367675,2.20078269672575,Amor,0.235427
2004 LA10,0.5820342423123078,1.05538668362504,3.94848756106589,Amor,0.0298642
2004 MC,0.596101356964007,2.417801908440262,3.7969409624783,Apollo,0.00039383
2004 MN1,0.4069145687810262,30.19655252722044,1.69292236647622,Apollo,0.0163558
2004 MO1,0.5032341753568819,56.48701966933673,3.04884410414696,Amor,0.0683967
2004 MP1,0.4361973654212455,8.621027621666306,2.36005087348425,Apollo,0.024796
2004 MR1,0.3729562373525936,1.781181899764416,1.8783253301203,Apollo,0.00097692
2004 MS1,0.5908177946253732,6.969562301686119,3.43858014301862,Apollo,0.00610466
2004 MV2,0.477046341193251,6.616923356650221,2.45410152117228,Apollo,0.0671005
2004 MX2,0.7182665836598237,18.09247384513721,4.59218216371337,Apollo,0.00117284
2004 MO3,0.3358277738379799,2.553672590092184,1.36830526608401,Apollo,0.0116717
2004 MO4,0.3885268057068556,2.219870883355727,2.21423564541718,Amor,0.021638
2004 MB6,0.7072763106088753,11.11944133330386,4.12258898399503,Apollo,0.0573541
2004 MQ6,0.649346712534605,35.51102859956435,2.48468181910768,Apollo,0.0716813
2004 MP7,0.7175644349021533,17.65437463224313,4.51775542961353,Apollo,0.0114105
2004 NF3,0.4800397955280961,0.7861997912312577,2.96908379954349,Amor,0.0578467
2004 NU7,0.5408977524312064,0.8352490697186914,3.33948394874594,Amor,0.0137813
2004 NK8,0.2809162217144348,15.93679124430539,1.52796870987336,Apollo,0.035923
2004 NM8,0.5090393346457421,4.309618074181849,3.99325134231838,Amor,0.225231
2004 OD4,0.5161857376298956,4.365211649911936,2.9199077807763,Apollo,0.000990497
2004 OF6,0.4142116746176096,8.942971135170122,3.23529259057275,Amor,0.317411
2004 OW10,0.2496889528151591,1.504256629804027,1.35504214166477,Apollo,0.00488499
2004 PJ,0.5333605375003275,5.408256726346995,3.37833665724037,Amor,0.0554874
2004 PM2,0.5266229746967288,12.56018231676802,4.12125764194672,Amor,0.219358
2004 PZ19,0.5500837716269231,6.885229496834848,2.91868941660764,Apollo,0.00149374
2004 PE20,0.4304174073950995,4.236473333862453,3.29024679742075,Amor,0.251171
2004 PF20,0.2950969041366737,17.40845923834317,1.96444443191281,Amor,0.108972
2004 PG20,0.26716752193801,5.199022065888155,1.73129890545471,Amor,0.0468121
2004 PY27,0.4421611476480483,4.775090880480085,3.49396488094677,Amor,0.282829
2004 PU42,0.4437060902325955,0.9914770636546856,1.97572270373951,Apollo,0.00105723
2004 PR92,0.339670186641781,13.00794521463729,1.20494358174849,Apollo,0.0260134
2004 PS92,0.500280833131418,26.40134077741413,4.15755632917437,Amor,0.518345
2004 PB97,0.1630029751350734,10.96777907304891,1.37251816485079,Amor,0.0278718
2004 PD97,0.493116352777327,8.208335926904427,3.45671741386877,Amor,0.14429
2004 QB,0.6551323262764408,11.09213543137921,3.06475611653609,Apollo,0.0199606
2004 QZ1,0.7108484590749599,5.506093263830955,2.54727451361112,Apollo,0.093433
2004 QA2,0.515497196872678,8.367765689903036,3.09293165188587,Amor,0.0280524
2004 QX2,0.9026960345255463,19.07434131112468,1.45887602630586,Apollo,0.0369358
2004 QB3,0.416256699636335,14.31358951241926,0.925975577949853,Aten,0.0200362
2004 QD3,0.3877276034574592,32.05233092989177,1.77567563242797,Apollo,0.101236
2004 QR4,0.4984107236400498,2.666180276836792,2.75834567994425,Apollo,0.00573609
2004 QN5,0.4045963294866227,5.616197222893979,3.06281779377145,Amor,0.243338
2004 QO5,0.4972539705980516,9.205800385755994,2.79218648533445,Apollo,0.0312076
2004 QG13,0.1734409297839522,56.3056624844683,0.93029841499654,Aten,0.104292
2004 QJ13,0.4811646928755535,3.021617583558809,2.88369197737275,Amor,0.0405468
2004 QF14,0.5094435604193893,2.763742054868118,2.77709322821699,Apollo,0.0182108
2004 QA22,0.1228082316415147,0.5774948238915378,0.927446665057606,Aten,0.00417893
2004 QN22,0.5916277485072089,7.110477199456926,3.92857731465704,Apollo,0.0117539
2004 RV2,0.2257601595146482,19.63953116613878,1.64047551958513,Amor,0.0965347
2004 RW2,0.3055372189704372,8.362963203603138,1.70143854749957,Apollo,0.0379952
2004 RJ9,0.6268901118096099,23.54303781068385,4.74798233526522,Amor,0.0525041
2004 RQ10,0.4413988514231784,5.683748830672572,2.54777634322266,Amor,0.0324416
2004 RW10,0.5950835462004307,3.110784654935284,3.59965894389753,Apollo,0.033547
2004 RY10,0.6227310452624438,15.52500862844425,2.17236814870535,Apollo,0.0444717
2004 RB11,0.5070515976990271,3.208335033656321,3.06803630238544,Amor,0.0366289
2004 RC11,0.4669603160788094,1.860776861390559,2.47160045413091,Apollo,0.0050609
2004 RS25,0.4791156959174831,6.671756068796448,3.1033546273963,Amor,0.11413
2004 RC80,0.3243572775793162,13.95143001150351,1.93637904010225,Amor,0.0436055
2004 RE84,0.6055356768739645,1.996601641938329,2.16622964331188,Apollo,0.0202821
2004 RQ109,0.5955108326395346,20.97745179181467,5.41879372722039,Amor,0.311425
2004 RS109,0.4945206619248214,33.86119475241676,3.56376671674427,Amor,0.182471
2004 RU109,0.4893291184266928,5.849539405573947,1.89692271960938,Apollo,0.000731116
2004 RY109,0.4249677606809685,26.13203946100392,2.07659665915171,Apollo,0.0475021
2004 RN111,0.3936752695161994,12.61008740047656,2.15454739890149,Apollo,0.0343969
2004 RO111,0.3321568457909465,5.401493366896456,0.941964881689889,Aten,0.0238547
2004 RG164,0.3780559597071542,1.276076856522706,2.03967749796462,Apollo,0.00657052
2004 RU164,0.619334502601122,12.70758589371999,6.14946836731244,Amor,0.322014
2004 RV164,0.5800618272777086,2.562676594235623,3.71408768101513,Apollo,0.00520537
2004 RX164,0.4846124116147443,12.48714519932042,2.22854851909744,Apollo,0.0792171
2004 RY164,0.315188559570835,35.86081563317372,2.26668040765031,Amor,0.30463
2004 RZ164,0.6071559630638297,13.84751176866017,4.10142505309864,Apollo,0.0304544
2004 RX165,0.5063302234003659,7.891637172316967,3.56156760570597,Amor,0.161728
2004 RL251,0.594122254020693,1.376562476489259,4.02339135901715,Amor,0.0253235
2004 RN251,0.5288665553714398,4.360053825696984,2.14003590102591,Apollo,0.00447552
2004 RC252,0.128350740122898,19.20269681145052,1.48975000437355,Amor,0.189888
2004 RQ252,0.3882264086458909,7.746407557930646,1.19224878340619,Apollo,0.000769636
2004 RH357,0.4288951912083185,2.676460467354361,1.86677352242285,Apollo,0.0159085
2004 SA,0.5407875930102073,18.4694224997158,3.43248283299846,Amor,0.04028
2004 SR,0.1605240030368788,8.628811035568727,1.22827525330194,Apollo,0.0245012
2004 SS,0.5290520930473205,6.51956095263287,3.2553509330115,Amor,0.0311263
2004 SA1,0.1510607644549055,17.13484484168078,1.2910021283716,Apollo,0.0217937
2004 SB1,0.4817037467264971,10.3362007715117,1.28095456792062,Apollo,0.0789748
2004 ST2,0.18719799532135,22.30050892989461,0.933271732293501,Aten,0.0461392
2004 SY4,0.5869658414835313,8.26579680534472,3.74019832736897,Apollo,0.0176272
2004 SA20,0.7106441337158453,2.845942897414574,3.75025268129091,Apollo,0.0329022
2004 SD26,0.7718264793394936,4.859682423936679,2.91288703266705,Apollo,0.0824163
2004 SE26,0.4562568750416238,10.73926153740199,2.27639380051517,Apollo,0.0066392
2004 SR26,0.2750392023136826,8.035181445995553,1.65363258964066,Apollo,0.00990314
2004 SS26,0.4409962880072247,32.2513005336527,2.00378673202307,Apollo,0.0332023
2004 ST26,0.673435103718908,7.324894661573079,2.33155978830165,Apollo,0.000416482
2004 SU26,0.5482636356802686,14.17606041565563,1.72940007714654,Apollo,0.0184671
2004 SW26,0.416156583046279,18.40939559259747,0.633742180605478,Aten,0.0414402
2004 SU55,0.2367735638763619,1.155447179958063,1.61233066736663,Amor,0.0506654
2004 SC56,0.4283815013726209,4.782786008389763,0.672532676767828,Aten,0.0106647
2004 TA1,0.2501602165839844,13.50101021777244,0.866036308020805,Aten,0.0906821
2004 TN1,0.6950690480117968,8.387895793840288,4.5776362864373,Apollo,0.00627249
2004 TE8,0.680503511714866,20.62386209779326,2.32131298143061,Apollo,0.254503
2004 TB10,0.09372369408892202,22.50334456557121,1.15906726349791,Apollo,0.0106213
2004 TD10,0.4428156650056894,2.600233752766469,0.651037206748322,Aten,0.0117098
2004 TE10,0.6700093672684082,0.4906908119673586,3.94679328940005,Apollo,0.00382874
2004 TF10,0.3364859477396682,8.953062822314546,1.69275293536492,Apollo,0.0613866
2004 TJ10,0.3300896704144891,24.7559482164489,1.49606968927657,Apollo,0.0442737
2004 TL10,0.6572499116848121,9.503653805749721,4.31753579566555,Apollo,0.0126252
2004 TU11,0.5211413733357936,5.262065920766585,3.95837744990395,Amor,0.212728
2004 TV11,0.5197980621729219,7.483340507925151,3.42020616762862,Amor,0.103387
2004 TW11,0.2754748659648547,10.60482355667446,1.62807324844187,Apollo,0.0542541
2004 TT12,0.5424636626041505,0.7279085126289351,3.95068613074901,Amor,0.145616
2004 TP13,0.1618798624480617,36.53097290692674,0.965011994135126,Aten,0.0810836
2004 TK14,0.2350318238140963,10.21590428597533,2.06284334994153,Amor,0.306796
2004 TC18,0.3636706105303935,8.381135241816246,1.54274165760206,Apollo,0.0289125
2004 TD18,0.5462403003967923,3.894950065301499,2.30894490408572,Apollo,0.00382679
2004 TE18,0.4078762734816804,8.984319686428284,3.0738905004412,Amor,0.26573
2004 TN20,0.2593313177806501,14.09501509557394,0.920940428807749,Aten,0.0217984
2004 TO20,0.2951796276975882,9.559797651848537,1.72517037726837,Apollo,0.0830753
2004 UB,0.6183600538058491,6.37506294699423,1.59767116634674,Apollo,0.0691551
2004 UE,0.6460366187908699,14.57001444857442,4.27035988417381,Apollo,0.0171973
2004 UR,0.4056592850943692,2.437224776012172,1.94696014314027,Apollo,0.0125589
2004 UH1,0.3964017921305865,3.695362993050797,0.93093758234012,Aten,0.00215233
2004 US1,0.4511948143298036,21.40484690720854,1.45555946186942,Apollo,0.0660208
2004 UT1,0.2215907205562756,4.411212393286871,0.953383651558095,Aten,0.00589995
2004 UV1,0.6509826901751576,20.77848748844,4.73683143785464,Apollo,0.0229259
2004 VP,0.4292489311602478,11.69619930931144,2.12980015313402,Apollo,0.102591
2004 VW,0.5141197191888559,12.68963438368744,1.83823625337688,Apollo,0.00259302
2004 VZ,0.2442125032200225,16.22802588234472,0.912010086087421,Aten,0.00362491
2004 VH1,0.471716335601024,32.79581177323961,1.93321021202521,Apollo,0.150686
2004 VJ1,0.1640628262604332,1.294545351949753,0.91683310881168,Aten,0.0136805
2004 VY14,0.6515472389855175,7.014396819356486,2.74380102998026,Apollo,0.0579567
2004 VZ14,0.5254402265769997,4.610804673730788,1.89005109028776,Apollo,0.0032296
2004 VM24,0.4292258386069888,2.919170184395092,1.21644064305819,Apollo,0.000624874
2004 VZ60,0.5810852706423172,3.088076989798067,3.87414154135293,Amor,0.0460789
2004 VB61,0.4967004473171148,9.267692387485495,3.48136813379283,Amor,0.17031
2004 VQ65,0.5168015133850721,9.254223307427399,2.80134830326996,Apollo,0.0131709
2004 WC1,0.1712600635978096,10.32168496511975,0.793886975295602,Aten,0.0153577
2004 WH1,0.2037067732918899,2.665799470937928,1.31131808760674,Apollo,0.00189004
2004 WK1,0.7302730336633256,34.45242889342614,1.12929315137774,Apollo,0.0418225
2004 XG,0.2987337481782649,1.198340791402583,0.765136887610944,Aten,0.0126946
2004 XJ,0.1696984897197961,12.19088794002257,0.835489011651459,Aten,0.041092
2004 XK,0.3984735853012413,11.13223601407758,1.94802416619481,Apollo,0.0151713
2004 XO,0.09674818505747017,26.00682334125145,1.05368124477118,Apollo,0.0205956
2004 XH3,0.5125976266436404,4.020346689205258,2.6544212699837,Apollo,0.00783092
2004 XK3,0.2604667590474322,1.481345756287943,1.36047877559763,Apollo,0.00106715
2004 XL4,0.3633639324228461,16.78014342811138,2.5573969583147,Amor,0.208801
2004 XD6,0.563291478443285,6.666487307125712,2.70985400170026,Apollo,0.0661683
2004 XE6,0.3521837041539633,31.15204571602804,2.54185334254335,Amor,0.301127
2004 XK14,0.4338781554815835,3.097155977524699,0.647637765075897,Aten,0.0251421
2004 XG29,0.3135367490037854,0.1534180005227784,1.67466406723144,Apollo,0.00198236
2004 XJ29,0.5249200548645544,4.638127682627842,2.82486883323719,Apollo,0.0542069
2004 XK29,0.6410132661218484,7.856962110777589,3.72467919569653,Apollo,0.0557781
2004 XM29,0.6318881708399823,2.578605101894063,3.12704646845412,Apollo,0.000279278
2004 XN29,0.7034853833465733,2.36341536672226,3.77012877255659,Apollo,0.0246756
2004 XO29,0.6720417437145079,21.66605600322804,1.3700396919148,Apollo,0.161025
2004 XJ35,0.3908554338310612,7.649174667674136,3.07936286262642,Amor,0.305041
2004 XO35,0.5672567919461126,9.25882921753846,4.15168649915099,Amor,0.192838
2004 XP35,0.53816340141441,9.408137570536955,2.84311203357366,Apollo,0.0138376
2004 XA45,0.500660934891997,34.91929652688275,1.9175277482944,Apollo,0.0791002
2004 XB45,0.5818278245108668,3.162604968133459,1.93093053294601,Apollo,0.000422377
2004 XJ50,0.5117242108503569,23.35456027225343,3.35210394699755,Amor,0.320929
2004 XC51,0.7332109343931719,39.75834687759176,2.93580251203357,Apollo,0.104827
2004 XD51,0.2414524731835593,6.818265238692145,1.38871185187673,Apollo,0.0253396
2004 XO63,0.6093228541813166,1.884352857239755,4.08116139192194,Apollo,0.0139661
2004 YA,0.3708615704162871,22.86114797087194,1.3856438907028,Apollo,0.0511808
2004 YC,0.3137546070744073,6.084889886808848,0.808194657751496,Aten,0.00284617
2004 YD,0.2403933817080122,12.09879944124007,0.773204676651184,Aten,0.0553571
2004 YE,0.5463919764316414,1.483900130082352,3.45412958111189,Amor,0.0511617
2004 YQ,0.4878582513112301,15.71162293312714,2.37442528838972,Apollo,0.0377587
2004 YR,0.4226720129920922,29.80925673356979,2.26384633410388,Apollo,0.185253
2004 YG1,0.1587951169859333,19.8178799889893,1.01496677771469,Apollo,0.0617983
2004 YJ1,0.2212895549894447,47.17883488425239,1.67595095939303,Amor,0.171126
2004 YK1,0.4152818667180264,8.648774601983147,2.58740282360538,Amor,0.18533
2004 YA5,0.5364114492583056,28.18005062839038,0.727522189730814,Aten,0.0519146
2004 YD5,0.7826044297048294,3.60964688544111,3.42473608553314,Apollo,0.000230663
2004 YY23,0.7096218864444134,28.66684607627363,7.85499925126381,Amor,0.164635
2005 AJ3,0.2003557105923026,7.545092068283288,1.43805946759479,Amor,0.0568076
2005 AK3,0.579372261900993,1.591883289164887,3.19333425006891,Apollo,0.00453212
2005 AU3,0.4727452680724618,3.766606497733002,1.38988638020287,Apollo,0.00149136
2005 AV3,0.584332925228112,14.25261695137369,3.58485148159071,Apollo,0.195945
2005 AO19,0.340937668754054,3.182748593368827,2.17707002045775,Amor,0.123861
2005 AQ19,0.2913648125931699,16.49263907093297,2.28893907647319,Amor,0.260465
2005 AV27,0.6471880921155235,5.886394201741737,3.40146495820312,Apollo,0.0393213
2005 AX28,0.6553866713995794,7.576535561145584,3.16789286206239,Apollo,0.0115852
2005 AZ28,0.3481746044684213,1.595416409064237,1.79877931032361,Apollo,0.0217457
2005 BD,0.46977054011465,9.17520884908913,2.66763345909937,Amor,0.0363503
2005 BU,0.3006299827147819,12.98574968571771,0.779678988719823,Aten,0.0145459
2005 BL1,0.318188888802111,21.68213011176509,1.85332866130821,Amor,0.0527321
2005 BM1,0.1655027584881314,15.49652028427439,1.01738735605244,Apollo,0.0279359
2005 BN1,0.5553487428791206,6.788064418059513,2.39743115820539,Apollo,0.0201568
2005 BS1,0.5682486502440568,2.650700511534041,2.7689827585268,Apollo,0.000501314
2005 BT1,0.7144394619349101,63.63137945876051,1.53388112447279,Apollo,0.363232
2005 BU1,0.3504068215621446,21.48619507092556,1.77555300436931,Apollo,0.0728489
2005 BW1,0.8748456522800657,62.27338435107343,4.26732748613254,Apollo,0.241003
2005 BU6,0.5262972961543377,6.15400615888655,4.26843454327348,Amor,0.280678
2005 BH14,0.6539879301423347,25.01999930991901,1.26280473695795,Apollo,0.0691586
2005 BG28,0.2271466354106879,6.132637192653078,1.03889726404969,Apollo,0.00965724
2005 CK,0.08918844293625725,17.22625681366432,1.15704886885848,Apollo,0.0223135
2005 CM,0.5471947938825121,0.7964371469825513,3.42897599872619,Amor,0.0465668
2005 CN,0.1849214856094028,2.300214804603121,1.02346837553315,Apollo,0.0290458
2005 CA7,0.4411670616368438,6.227929146615761,2.47805273342199,Amor,0.0377919
2005 CM7,0.6315794140781777,4.90643765157552,2.24189198195913,Apollo,0.00279624
2005 CP7,0.5640659564998262,1.281580940946427,3.41866080868097,Apollo,0.00635263
2005 CQ7,0.4978249997910718,7.813765193860866,2.53036523486994,Apollo,0.0293892
2005 CC37,0.5627064843559166,6.141306275730996,3.28802494393077,Apollo,0.00504056
2005 CP38,0.3395893737942833,22.09717487842114,1.02650164629536,Apollo,0.062187
2005 CU38,0.566280025721848,8.031192968459534,2.30464449718918,Apollo,0.0336499
2005 CE41,0.5181548905275006,2.786452578953407,2.38140109437422,Apollo,0.00385915
2005 CG41,0.3500030770464962,24.94874116879399,1.0834239664955,Apollo,0.109734
2005 CN61,0.06798109572375283,9.548423065270454,0.983646488126795,Aten,0.0199049
2005 CU61,0.7298626857895767,5.627001958071363,2.30827220166165,Apollo,0.0149166
2005 DD,0.5679036776953664,7.324756787724665,2.69035543181579,Apollo,0.0304976
2005 DO,0.6350952184435437,9.255774606649714,3.86200195027798,Apollo,0.0856434
2005 EA,0.6395317337402354,14.06288408733792,1.48445134026896,Apollo,0.0329041
2005 EZ,0.4867030134533302,10.55870746197552,3.57280821373852,Amor,0.278509
2005 EP1,0.7699772148538684,16.30072255845537,0.842925983182971,Aten,0.0124148
2005 ES1,0.2953809151051562,1.857267190933957,1.5787787564334,Apollo,0.00708952
2005 ET2,0.6057364032828659,5.719422116832441,3.24954551407945,Apollo,0.060756
2005 EU2,0.3532229139000501,4.580545755634996,1.85128337006706,Apollo,0.00130953
2005 EB30,0.4869989722797699,6.761442957199299,3.06253685067704,Amor,0.0931912
2005 EN30,0.2957961975607408,20.39772375830847,2.16701970160582,Amor,0.194237
2005 EO30,0.161937602193782,14.04263451064653,1.35962526473356,Amor,0.0374879
2005 EO33,0.5728998420421909,4.611634528227608,2.76155162663872,Apollo,0.041144
2005 EL70,0.9330858563220362,16.68494037224934,3.82216935940137,Apollo,0.014071
2005 EM70,0.3893445414388612,18.3258520266365,2.03330320306228,Apollo,0.0636311
2005 EN70,0.3674119653355821,46.13510308587122,2.37784124272007,Amor,0.135509
2005 EO70,0.6462079858911516,24.31632085025043,5.62054641007361,Amor,0.160025
2005 EQ70,0.4765630125827294,6.25955654252691,3.7134331829519,Amor,0.28387
2005 ER70,0.2227909190456673,6.831828521035866,1.35448323436651,Apollo,0.0234587
2005 ET70,0.8288341640747526,5.503933769002708,3.10702157864493,Apollo,0.0509888
2005 EC71,0.4964592951762414,38.90004929013708,3.19824418817586,Amor,0.0996789
2005 EH94,0.2650773307872381,6.144718492843526,1.33809565860612,Apollo,0.0248442
2005 EQ95,0.5356240445022744,2.433603361071471,2.19594690322489,Apollo,0.00407882
2005 ER95,0.1587707911166721,3.342200326237876,1.35250328698083,Amor,0.0315733
2005 ES95,0.5350522391155118,7.592833807162303,2.85861577890508,Apollo,0.0334047
2005 ET95,0.4169220702973552,24.79010371856499,2.53888204494528,Amor,0.296491
2005 EU95,0.3559303652546427,24.38219824773495,1.28085648436,Apollo,0.0956414
2005 EV95,0.4630480365325746,33.89403978975766,2.08486007895807,Apollo,0.0907421
2005 EE169,0.5589006229928731,1.340410024016492,3.37272581152071,Apollo,0.0140539
2005 EG169,0.4669694097413672,11.73885691949326,1.69367411382598,Apollo,0.035568
2005 EJ169,0.57043900175715,8.62528027283119,2.86307065209029,Apollo,0.023918
2005 EL169,0.1663983633925806,11.83625842842227,1.73295550103325,Amor,0.208955
2005 EM169,0.7353252642063803,10.93351726911434,4.81598518083136,Apollo,0.00214899
2005 EW169,0.568555332904737,1.506064283858415,3.67996211845748,Amor,0.0473667
2005 EX169,0.1104644311698162,14.90695799049182,1.37121544502985,Amor,0.104511
2005 EY169,0.2325260769054587,20.88332843225819,1.49369061288658,Apollo,0.0687764
2005 EZ169,0.2154612415081026,2.745277872080035,1.51141669257392,Amor,0.038378
2005 EZ223,0.5404436355997528,3.919504349150592,2.32087285884807,Apollo,0.0217335
2005 ED224,0.659870868253041,31.89936546244032,2.64137040754468,Apollo,0.00136841
2005 EY289,0.4868586236006069,7.485702474332826,3.45449046008924,Amor,0.218753
2005 FA,0.6236012790331715,4.041314806554976,3.20633159740977,Apollo,0.00596224
2005 FC,0.2707500522978875,12.82528181854775,0.879286152173023,Aten,0.0227044
2005 FE,0.4916640687948608,6.021720873224718,3.54359194478781,Amor,0.177995
2005 FG,0.2130222682377934,3.879413032727429,1.18813074334097,Apollo,0.0160529
2005 FJ,0.06486309849582313,10.0396395613973,1.13784647703381,Amor,0.0417032
2005 FK,0.4109277877066965,5.923294365678808,1.88497079854815,Apollo,0.049154
2005 FN,0.3301360762173111,3.751863692450823,0.901570988928897,Aten,0.000871185
2005 FV2,0.7233647057828548,19.35145286566345,3.19132592078016,Apollo,0.209055
2005 FE3,0.5303767211125499,13.11242611632988,3.08288252795562,Apollo,0.0323055
2005 GH,0.4771551921807011,20.28018818373837,3.21841606906456,Amor,0.247183
2005 GJ,0.4204810632281065,9.6308875426313,2.43753290015304,Amor,0.0476256
2005 GT,0.3594982656976266,7.445853061292143,1.99392246547843,Apollo,0.0348131
2005 GU,0.6148227321643456,25.04375339275028,1.93276950850237,Apollo,0.0130997
2005 GL1,0.5303247339541028,3.286859128925695,3.91056071212319,Amor,0.161059
2005 GJ8,0.551285215442008,3.391784630060008,2.34710135423091,Apollo,0.0284643
2005 GY8,0.6742557800883945,2.832073767035455,2.92626839929916,Apollo,0.00340063
2005 GM22,0.4538654524352242,20.93300957437968,2.75775228724614,Amor,0.0965046
2005 GN22,0.206422720264442,2.19548584829281,1.45895487882498,Amor,0.0197951
2005 GP33,0.5841676156278545,7.384363125576322,3.77209883264594,Apollo,0.050951
2005 GQ33,0.7291487093187805,1.553593117530045,3.55586256658387,Apollo,0.0194282
2005 GR33,0.3844226527235793,27.98889494488329,0.686777614013929,Aten,0.0108543
2005 GB34,0.2948534093111411,20.2822118842119,1.68068567739209,Apollo,0.00573687
2005 GO59,0.7306501492374006,5.334423004078986,2.41118149640526,Apollo,0.0830906
2005 GD60,0.3743498997361945,9.895308321270912,1.53411377335169,Apollo,0.0322868
2005 GF81,0.5555383997935125,4.509799842326857,3.76536051271869,Amor,0.101503
2005 GG81,0.5001231632243153,3.639381810381445,3.07252610145325,Amor,0.0530539
2005 GH81,0.5446276142194488,11.7167189016097,2.71554020741089,Apollo,0.0418672
2005 GX110,0.3138743499905257,21.40506421577112,2.00450012074095,Amor,0.114597
2005 GZ110,0.432762222590289,10.91643830648393,2.14509096063928,Apollo,0.0606073
2005 GX119,0.4205114508692299,0.9997316625194834,2.28867393775656,Apollo,0.0139054
2005 GA120,0.3864539994981548,12.26651451253227,1.4597236314145,Apollo,0.004385
2005 GZ128,0.1357608784152709,18.64914985954853,0.927442205070861,Aten,0.0165803
2005 GK141,0.6632622051541771,14.09766547889626,4.64615819976232,Apollo,0.0127182
2005 GM162,0.4935980188830885,1.968488265291936,3.3672287696956,Amor,0.125866
2005 HB,0.6060823068574032,10.01085199579699,4.43753595098994,Amor,0.111176
2005 HF,0.5533693594542746,3.801881759503501,3.23589807733921,Apollo,0.0151086
2005 HB4,0.2282272918746544,2.527048980994977,1.57733119749582,Amor,0.0359691
2005 HC4,0.961391156721277,8.40771441429146,2.4639154006441,Apollo,0.0615447
2005 JS1,0.4174988175832097,25.34874863056876,3.29069297812725,Amor,0.291058
2005 JT1,0.3023265169752684,1.561952164520733,1.69052168744398,Apollo,0.00450754
2005 JU1,0.6872909858707341,6.066651313434575,3.56661356125441,Apollo,0.0328493
2005 JV1,0.4656059609208287,3.444101654152748,2.64614257355323,Amor,0.0148162
2005 JN3,0.5137375400639081,9.276820554836117,3.23696292775402,Amor,0.110978
2005 JO3,0.3310429871227961,29.11309131429028,1.59916417685251,Apollo,0.0626273
2005 JR5,0.1538140718910147,31.04109863131525,1.24549460344378,Apollo,0.0524466
2005 JB22,0.3618984595413239,15.87892479867556,1.0961552994599,Apollo,0.0291535
2005 JA45,0.6254318846797363,22.40763249992997,4.59486748678552,Amor,0.0296386
2005 JB46,0.2191223253664798,14.06829927430567,1.54246094498142,Amor,0.0327835
2005 JD46,0.7856182287041458,18.24126231424435,4.29910871871545,Apollo,0.169722
2005 JF46,0.5435876201056308,36.00624241205411,4.4020902365566,Amor,0.225912
2005 JQ81,0.7975703675119517,16.30235272362864,4.23131324399386,Apollo,0.168393
2005 JU81,0.277426565958567,17.28988286242937,1.17940858411157,Apollo,0.0294228
2005 JJ91,0.5980857604051537,24.38582517881472,4.66107967430177,Amor,0.140424
2005 JZ93,0.24095300563263,17.64017010935345,1.51684327004204,Apollo,0.00436306
2005 JF108,0.7851614398188937,17.82231877629363,2.87339804137808,Apollo,0.250867
2005 KA,0.2127668468428338,2.966725203348514,0.771970273851992,Aten,0.00995441
2005 KR,0.3062602188711506,21.66322950293101,1.21596392736795,Apollo,0.13857
2005 KD7,0.5557003962011983,40.08574220551075,1.2614150427635,Apollo,0.225874
2005 KP9,0.360457088839325,15.88286509064327,2.1610319158682,Amor,0.153884
2005 KJ10,0.5796368115609036,8.172711230919802,2.5843483118277,Apollo,0.0295269
2005 LC,0.1026080430773457,2.798996776257123,1.20758870246903,Amor,0.0142038
2005 LD,0.374376136150295,9.294514751858836,1.92318334304666,Apollo,0.00970049
2005 LM3,0.5047260621992168,9.631950836802751,2.96221606318844,Amor,0.00587432
2005 LO3,0.4677466391710812,9.341454164938407,3.33441149185137,Amor,0.171058
2005 LU3,0.3090044205029313,5.579180205825143,1.0888388384241,Apollo,0.011657
2005 LV3,0.4376250349691831,7.290920514450488,3.284384044247,Amor,0.227502
2005 LW19,0.4556297567709499,9.569907979988391,3.14763981694502,Amor,0.151185
2005 LV30,0.7227660013998638,16.05052235412732,3.51725419555789,Apollo,0.196709
2005 LX36,0.575434996845198,32.97037746087998,1.04525354070267,Apollo,0.023994
2005 LA37,0.2389962929795599,36.63218188169881,2.17609143727637,Amor,0.318074
2005 LQ40,0.4683517870429288,10.57567665962146,2.40416642117568,Apollo,0.0895827
2005 LZ42,0.4953397934557598,7.26718142648444,3.04028623515243,Amor,0.0794753
2005 MA,0.5801165069957215,2.937136388421961,2.90375722188718,Apollo,0.00517013
2005 MR1,0.5563620554851743,3.28904602855878,3.62686567566036,Amor,0.065858
2005 MW1,0.5627393461773688,6.371816116177688,4.84609412777906,Amor,0.239488
2005 ME5,0.4800495037017414,5.552269977716321,2.88906666834039,Amor,0.0385444
2005 MF5,0.3817890721942355,29.52045741917893,0.720607603976417,Aten,0.0791524
2005 MG5,0.4592891457236293,6.707034500300494,3.14422760388235,Amor,0.16671
2005 MR5,0.2957846359191585,27.78725486713282,0.787398577501738,Aten,0.0786301
2005 MW9,0.8878413300455493,55.2311149324259,6.75648698914318,Apollo,0.14617
2005 ML13,0.2460677890731933,6.853261897926275,1.22968961584857,Apollo,0.0625344
2005 MN13,0.336254709291084,22.87946529243439,2.13418341741897,Amor,0.130928
2005 MP13,0.4524669285309296,7.331567226445232,3.15616655255766,Amor,0.160643
2005 NG,0.5057721684350805,8.456155310657584,2.37985957820727,Apollo,0.00288182
2005 NL1,0.5155907854279864,6.489933687734541,2.9053625646271,Apollo,0.0546228
2005 NQ1,0.4716193188602814,9.71466096593052,3.03205321484211,Amor,0.0911607
2005 NE7,0.6466290881859024,9.531518629052856,2.92857833498115,Apollo,0.0476581
2005 NE21,0.4964946951613179,10.63290203489992,0.701102639132576,Aten,0.0556976
2005 NX39,0.877001657335029,14.16343614313476,3.86716980945767,Apollo,0.0913082
2005 NY39,0.4872823067295773,2.95014601302401,3.38726853347633,Amor,0.139872
2005 NX55,0.6146089682063883,27.30126770184418,2.05620193781456,Apollo,0.0262041
2005 NB56,0.4726964665497639,6.767146270036702,2.10528233360645,Apollo,0.0154071
2005 NG56,0.6486376798244253,16.70833149816383,4.68543898239391,Apollo,0.0172157
2005 ND63,0.3023995087379042,8.509149446431794,1.58653295172699,Apollo,0.00317982
2005 NJ63,0.4223044325290966,26.5492351158263,0.810420467930244,Aten,0.216876
2005 OW,0.5957643864888451,1.619649559792461,4.37791763481233,Amor,0.0750662
2005 OX,0.6176675334638887,7.617457071119531,1.53568868038997,Apollo,0.0168318
2005 OV1,0.3083328144931806,13.21277364486169,1.94072719910589,Amor,0.140657
2005 OX1,0.4978451134177332,5.857117220416724,3.19056917299102,Amor,0.100713
2005 OR2,0.5544137341050899,3.706703821810405,2.92982345306084,Apollo,0.021605
2005 OT2,0.4799345496704826,27.30378796153183,2.93826519353327,Amor,0.108116
2005 OD3,0.6030683044104697,16.19262521232576,3.65278798407085,Apollo,0.00832916
2005 OE3,0.4284909516649304,25.36878714173779,1.96139990636283,Apollo,0.0255221
2005 OF3,0.5826700442584541,3.278644213762942,3.7079323481416,Apollo,0.0524412
2005 OG3,0.4858424687435769,5.739752999513129,3.20514021906418,Amor,0.116544
2005 OH3,0.1701094829399999,4.752344689804743,1.37927577173182,Amor,0.0131135
2005 OK3,0.5020448871245745,7.724848786507607,3.13929492098648,Amor,0.0555765
2005 PP,0.4754808072273273,10.15635914249333,3.24376529280722,Amor,0.132554
2005 PH2,0.6043003095011619,5.757945903578381,1.6983458868878,Apollo,0.0908112
2005 PA5,0.2268050357481236,15.32958952459185,1.51947493488922,Amor,0.0316573
2005 PX16,0.454193171898696,11.1046425627672,3.22305867762812,Amor,0.184359
2005 PA17,0.5722834164355699,2.54110282602266,3.51738294363156,Apollo,0.0233741
2005 QL,0.5018915032462309,10.71878407630297,3.82484977609087,Amor,0.292836
2005 QA5,0.2113749965860915,6.800885609178269,1.63946150836723,Amor,0.149736
2005 QB5,0.2516850783822773,13.65274473647952,1.18900700627919,Apollo,0.0144736
2005 QO11,0.5096125288877551,45.18586837767329,3.83253449339642,Amor,0.335151
2005 QP11,0.1758872912436354,3.959584295854421,0.963414704195255,Aten,0.010016
2005 QQ11,0.4535393890567206,5.140919849944592,3.19352557754969,Amor,0.195514
2005 QG30,0.2125855331374458,7.037457666894466,1.93637038494741,Amor,0.212715
2005 QQ30,0.5445060320814196,11.21900104138055,2.32625501781693,Apollo,0.162106
2005 QK76,0.5175833352651124,22.86996450117357,1.65219814960806,Apollo,0.00181657
2005 QL76,0.4424484737345534,5.887630985213786,3.28760004413193,Amor,0.250785
2005 QP87,0.1752747998548394,0.2664761604065018,1.36875642981747,Apollo,0.00510798
2005 QQ87,0.3015778942652157,33.96873689060822,1.00236591104063,Apollo,0.0783047
2005 QR87,0.4259212531479886,8.608770664492253,3.12202557076773,Amor,0.220118
2005 QF88,0.4578534549739692,7.009081494819744,3.38964556296474,Amor,0.218394
2005 QG88,0.4937599508468942,11.31690447494146,2.27143182966646,Apollo,0.0957276
2005 QX151,0.4724585386793701,7.925078503503286,3.47952003189961,Amor,0.231653
2005 QZ151,0.5795975078962048,4.848633301188187,2.69773405188477,Apollo,0.00486301
2005 QR173,0.5121268967565741,4.335340263784768,3.68341904020465,Amor,0.169819
2005 QS176,0.4749321354848289,8.485950500462778,3.30353027572561,Amor,0.171315
2005 RA,0.6661100341916946,4.458385877899832,4.1757180837483,Apollo,0.0396373
2005 RB,0.473231638211073,17.741410364564,3.25434344040218,Amor,0.162074
2005 RJ,0.6646945713296928,6.342043835328663,4.14447194396317,Apollo,0.0463523
2005 RZ2,0.1032556256315431,13.16126143274944,1.16344869132096,Apollo,0.0782721
2005 RA3,0.3265165980793954,6.75983043243668,1.76694957127207,Apollo,0.0491651
2005 RB3,0.393720341085916,36.11002856204895,0.822152423222636,Aten,0.0481214
2005 RJ3,0.529777153624768,8.79487799460307,3.46963258752296,Amor,0.0752406
2005 RK3,0.1849962471823429,3.723895292001137,1.39249027337766,Apollo,0.0141784
2005 RW3,0.6429649818930122,2.73293003576483,3.06815413783376,Apollo,0.0232696
2005 RX3,0.5292218527530382,16.85005365919505,1.88652274835158,Apollo,0.0234703
2005 RP6,0.5776390020420172,12.53260107344679,3.43700470281399,Apollo,0.122858
2005 RV24,0.8821065424907718,36.15779556623032,1.84775721602166,Apollo,0.0708355
2005 RO33,0.4085782712889968,7.308600740214446,2.66964984101928,Amor,0.162857
2005 RC34,0.5131795458579175,10.76768475276807,2.95859987872391,Apollo,0.0386133
2005 RD34,0.2646964867754905,19.9212865679371,1.52794080314399,Apollo,0.128888
2005 SC,0.6622953823105505,6.609370854335547,3.38952095605804,Apollo,0.0732879
2005 SL,0.2979824139436478,6.124307631300157,1.19607267038977,Apollo,0.0258935
2005 SO1,0.5767829667799247,5.234053745814779,3.19751673575809,Apollo,0.00676867
2005 SP1,0.6680162463963749,5.981063274627878,3.66534519316137,Apollo,0.0141324
2005 SQ1,0.4122270923339553,6.411338478254682,2.29027836788877,Amor,0.0244327
2005 SS1,0.5141104661125357,2.872558969295367,2.78872041390058,Apollo,0.00689928
2005 SR4,0.4739615594068333,6.831764662618973,3.23501083012186,Amor,0.149175
2005 ST4,0.5545542214765947,4.992947783661007,3.62826688674327,Amor,0.0858397
2005 SV4,0.5985692292631617,8.13046669658587,3.70860471022112,Apollo,0.019437
2005 SW4,0.5381019581772188,6.846441487038827,4.44620640323973,Amor,0.288417
2005 SX4,0.5764499402291828,3.540248568781687,4.50151913269102,Amor,0.177904
2005 SP9,0.6238158022832704,27.73680600341412,0.805463291207656,Aten,0.0517794
2005 SQ9,0.3566758489085428,4.042909400860824,1.73452835880275,Apollo,0.0377785
2005 SW9,0.5842362348375909,15.71162836231804,2.94255736076032,Apollo,0.118004
2005 SJ19,0.3819885067493855,18.4465096587541,1.96046059426056,Apollo,0.0523674
2005 SM25,0.4874332226987399,6.823134865367356,3.15595900872191,Amor,0.111014
2005 SG26,0.594432699475414,5.923108833690198,3.91114007075707,Apollo,0.0312651
2005 SH26,0.3113790409192872,22.4053004711051,1.14998256132623,Apollo,0.19111
2005 SJ26,0.5824703905643946,3.54864730422361,3.90523108193233,Amor,0.041994
2005 SK26,0.4652218818619948,2.147508186629765,2.39102771890273,Apollo,0.0116034
2005 SY70,0.5401923665291911,1.439373322478457,3.44677257217662,Amor,0.0504662
2005 SZ70,0.4411328374763628,3.722137599665849,2.06575943272807,Apollo,0.0165149
2005 SD71,0.3027296718182483,5.174740708738663,1.9173278754943,Amor,0.0829813
2005 TA,0.2504016849041795,2.777099228863062,1.45048776793322,Apollo,0.00168943
2005 TC,0.7184281067091577,14.92428599812729,7.09115093290547,Amor,0.0980075
2005 TD,0.3214390457706826,24.54929335186058,1.72764504879287,Apollo,0.0549477
2005 TE,0.5804658024190948,6.527571246443629,2.33355523252493,Apollo,0.0300868
2005 TF,0.4558251826040115,3.620592824251364,2.75139663091906,Amor,0.0922801
2005 TL,0.4578585172725851,5.134046347145413,3.63775409796775,Amor,0.275944
2005 TM,0.4171917636360158,5.216987126131411,0.771500681198714,Aten,0.0234791
2005 TN,0.30139307697277,16.85590868228723,2.34661502065606,Amor,0.28183
2005 TP,0.58839732089146,7.879053481843669,3.43989926234532,Apollo,0.0390853
2005 TR,0.3032938108495472,11.83447316362236,1.94462353394481,Amor,0.0880176
2005 TB15,0.7548099099779906,7.31594992596561,2.44138108148675,Apollo,0.0686724
2005 TF15,0.6561103899060902,15.98281973565612,3.4693795477239,Apollo,0.184162
2005 TP15,0.2804039588005787,14.87633814386117,1.55716420981227,Apollo,0.00784846
2005 TS15,0.3529871058223611,33.99807006367005,1.41509218941049,Apollo,0.00262986
2005 TE45,0.3981573814247605,1.366214081127243,2.48703116666066,Amor,0.11354
2005 TF45,0.07443638150044872,6.823662942784491,1.2435115388227,Amor,0.0759111
2005 TH45,0.4897617443526613,5.562546506815963,1.46760375699488,Apollo,0.00784183
2005 TO45,0.5206076147715905,17.03630358425694,4.11417454642081,Amor,0.233609
2005 TP45,0.2709153330470159,21.37422047807167,1.93187134674974,Amor,0.134931
2005 TQ45,0.2324193910638783,25.63045485793142,0.752863424935289,Aten,0.0186934
2005 TS45,0.4525168929958345,2.993364190403104,3.60963831586509,Amor,0.292438
2005 TD49,0.6282569705271422,0.1222319706062507,4.37921631560444,Apollo,9.06683e-05
2005 TE49,0.3652702395849694,4.749869626161028,0.924643591539025,Aten,0.0083406
2005 TF49,0.02542758694803398,24.54803769720947,1.06396949061046,Apollo,0.0312091
2005 TF50,0.8724374616213485,10.92881820879816,3.40270465808215,Apollo,0.11846
2005 TG50,0.1350861153574472,2.394221554790591,0.886301741466076,Aten,0.011573
2005 TH50,0.2260274236526186,0.7344330677742656,0.765999520098077,Aten,0.00137963
2005 TK50,0.6900262451121943,6.074472222287522,3.41864831228072,Apollo,0.000762052
2005 TR50,0.4560093574920645,34.04260807423407,2.05113576558066,Apollo,0.00877775
2005 TC51,0.3057477348872438,5.644005620819899,1.01230614408153,Apollo,0.00388901
2005 TV51,0.5137386202283689,10.4750141405751,2.89383984996374,Apollo,0.0152063
2005 TY51,0.5565983491554546,24.28466813455237,4.1970449823627,Amor,0.16967
2005 TM173,0.6749754221330267,1.282545958655403,4.86914360366934,Apollo,0.00810994
2005 UC,0.5107477826971254,5.644267583903792,3.46799035654975,Amor,0.129618
2005 UE,0.4629889221218281,5.389688291589111,3.67403061560982,Amor,0.290625
2005 UF,0.5158768024573136,7.258531375601573,2.17504696671184,Apollo,0.00436142
2005 UG,0.6060609790657282,3.013608312675488,4.66971836345133,Amor,0.110855
2005 UH,0.3809182629536159,6.324007756550674,2.07294207992654,Apollo,0.0605194
2005 UL,0.7170241979493702,7.806723504911233,2.57374825832145,Apollo,0.102598
2005 UN,0.2798466372462434,7.405027714806504,1.67542747789721,Apollo,0.0200428
2005 UQ,0.5411722158270573,8.69052995516167,3.32769023960248,Amor,0.0416988
2005 UR,0.8817531015707448,6.934913395898829,3.37330486604425,Apollo,0.0334834
2005 UA1,0.6154904003100228,0.4331486574048165,3.08913051961022,Apollo,0.00138641
2005 UC1,0.2402911107921496,20.53145305376147,1.76302936675826,Amor,0.287044
2005 UE1,0.170007425057126,5.641353443201805,0.8448611183342,Aten,0.00212545
2005 UF1,0.4326379160861101,13.58803133336696,3.2279072831516,Amor,0.249284
2005 UG1,0.4326522214169104,29.50705535251599,2.7541504033866,Amor,0.121351
2005 UJ1,0.4015373676676599,10.87079297033485,2.81442215571187,Amor,0.277038
2005 UL1,0.2305768885962167,18.37009009293173,1.59849567349178,Amor,0.0968386
2005 UC3,0.5451409309501074,0.2517420404669314,3.21487848587018,Apollo,0.00124547
2005 UE3,0.4479035122506301,9.76236512000242,3.37559410243286,Amor,0.247473
2005 UF3,0.3863277505337673,27.37083238962571,2.53701781270356,Amor,0.213291
2005 UG3,0.5055897703757899,8.902675870943229,2.87205402292927,Apollo,0.022451
2005 UU3,0.4778015725402576,13.94026232837627,1.45196387567016,Apollo,0.142838
2005 UW3,0.1358631110548867,18.08162065145412,1.29598902907676,Amor,0.0349429
2005 UF5,0.5606286078349928,0.2648764123175838,4.13355538362274,Amor,0.135666
2005 UG5,0.1830824054880259,2.732124103130369,1.08410307568466,Apollo,0.0151085
2005 UH5,0.1859705089239448,21.41939159106124,1.39153230780782,Apollo,0.0394123
2005 UN5,0.4218254386481889,5.80115901114064,2.41565204263901,Amor,0.0553673
2005 UW5,0.3951431153241178,2.937727900490539,1.65163436881273,Apollo,0.00132095
2005 UX5,0.5772425235674001,19.64190254437472,2.3352360212795,Apollo,0.0653076
2005 UZ5,0.2438786943414857,19.54619345034254,1.67912360869776,Amor,0.0986616
2005 UA6,0.6245165775357518,5.743592055545022,3.75169059778263,Apollo,0.0154274
2005 UL6,0.6139843612809941,0.2825131116482618,4.03278731894924,Apollo,0.00431514
2005 US6,0.4014720511433101,1.729771820229414,2.01060158999774,Apollo,0.0163569
2005 UU6,0.5031697464440481,16.85451890650618,3.89453806663936,Amor,0.240087
2005 UV6,0.5397323240625527,1.911780756602646,3.13887840415423,Apollo,0.00660133
2005 UW6,0.7393417557787733,0.8717119707858413,2.92922886854316,Apollo,0.0150491
2005 UF7,0.5875039521030789,0.9194918747429015,3.91947026705646,Amor,0.0350896
2005 UP64,0.5766183578664157,23.78191402496005,4.41820847477255,Amor,0.379602
2005 UQ64,0.3680849969272484,5.187206416846096,2.03932715705111,Apollo,0.0193065
2005 UR64,0.3745576193580443,4.659612151388858,2.21197327144465,Amor,0.0913288
2005 US64,0.1447133144890536,37.15090449582915,1.21909411816869,Apollo,0.0270609
2005 UT64,0.5212597461232118,10.51430723249313,2.45768656694351,Apollo,0.0467148
2005 UV64,0.1160694044382456,5.423153864679049,0.939048473190925,Aten,0.025682
2005 VA,0.5686413859081481,1.825972171590251,3.89591878493455,Amor,0.0720357
2005 VF,0.5067175328942617,4.929212142296429,2.94593976783885,Apollo,0.0467126
2005 VN,0.5545093163914563,10.79657913432067,3.01444052078518,Apollo,0.00708263
2005 VO,0.6628378273679422,0.5288197477884149,3.77704216903267,Apollo,0.00246653
2005 VP,0.5927799923766596,5.500622901050913,3.61696008916962,Apollo,0.0299432
2005 VR,0.5224846592554948,34.9395092599373,2.67494573844081,Apollo,0.280786
2005 VS,0.2877648695857056,10.14327879135985,1.6144260252757,Apollo,0.0172081
2005 VH1,0.6264207478797186,6.92929024479692,5.03628802978306,Amor,0.130986
2005 VJ1,0.5274166616421733,11.26777589693295,4.28786134528002,Amor,0.329528
2005 VK1,0.4268722919001702,24.58554774542934,0.638268294018372,Aten,0.0662341
2005 VL1,0.224634951749365,0.235694572484525,0.841279324339558,Aten,2.86681e-05
2005 VM1,0.1949519872650915,30.45988697606973,1.79446500222289,Amor,0.205672
2005 VN1,0.3220834398403606,13.1898028455285,1.64044025926315,Apollo,0.0115695
2005 VY1,0.4100525796807885,6.608792721331739,2.15991707297572,Apollo,0.00807663
2005 VA2,0.3232477970125192,5.82264428118353,1.32701631595066,Apollo,0.0971124
2005 VT2,0.5643928715421728,6.149656202046191,3.54481777317362,Apollo,0.0304768
2005 VY3,0.3439036821540898,30.12904772834956,2.15670501372559,Amor,0.283483
2005 VZ3,0.4789852808914081,27.91792560515956,3.1779700646053,Amor,0.231893
2005 VN5,0.232612531856806,2.06219695057759,0.919118041594055,Aten,0.00101693
2005 VS5,0.4639697638383304,18.17299898515536,2.74984073576207,Amor,0.171773
2005 VD7,0.5582215912968375,5.166905430090119,3.53628665961725,Amor,0.0293121
2005 VE7,0.7188230784441447,7.534910114424582,3.55409568334624,Apollo,0.119808
2005 VG7,0.5488917432889275,2.880447295462096,2.82219007527199,Apollo,0.00784961
2005 VR7,0.2871051849975793,25.25034936045873,1.12681864914514,Apollo,0.0285053
2005 VT7,0.4482056101833651,6.79358695389215,2.29805216149553,Apollo,0.0174533
2005 VO118,0.5767695945148998,4.453119790630386,4.06373441854892,Amor,0.08696
2005 WA,0.228007466848982,8.157840257003011,1.18947624319091,Apollo,0.00823002
2005 WC,0.4439164670814223,1.779535950410626,1.11975493729714,Apollo,0.0138377
2005 WD,0.5604230852887829,26.16641543246979,3.50706353157293,Apollo,0.0426328
2005 WF,0.4214230044881192,21.34056779390656,2.3700827890827,Amor,0.0408886
2005 WX,0.3765205892208334,4.399020052415797,2.02021469391129,Apollo,0.0089785
2005 WY,0.4756615865945634,0.5733263702833584,2.39300124036493,Apollo,0.00182003
2005 WZ,0.553221751991633,7.638664921757169,3.74451592518918,Amor,0.084325
2005 WA1,0.5837099982252911,10.90777487565409,2.84704555705123,Apollo,0.0236434
2005 WY1,0.5783239240503857,13.89650711978813,3.52027172777067,Apollo,0.0381768
2005 WC2,0.5189255779405794,6.867047687581973,3.89504656251662,Amor,0.22312
2005 WM3,0.6201321866783716,1.230414596124357,4.37159719031312,Apollo,0.0297512
2005 WN3,0.7258291990285011,0.484490326129432,3.92347383474293,Apollo,0.000129436
2005 WO3,0.3478294212860905,22.6471119799974,1.93876645601946,Apollo,0.105328
2005 WP3,0.5542282792108103,4.779220760742508,3.4739847478634,Amor,0.0353419
2005 WQ3,0.6275524545132561,11.08878430740109,2.30736021046992,Apollo,0.0110415
2005 WR3,0.2940991035812229,34.2514931000747,1.47746592404934,Apollo,0.127088
2005 WS3,0.575476268201248,23.07174436821341,0.550392713252007,Aten,0.0653412
2005 WF4,0.2334926900208536,15.97296607421038,1.85705282587311,Amor,0.182023
2005 WG4,0.6066225400697786,10.40600984843971,3.87523830121601,Apollo,0.0700906
2005 WH4,0.4905965799211254,22.14096639010546,3.31846508261552,Amor,0.160942
2005 WR54,0.407792515089714,14.79499938623989,2.70810049730466,Amor,0.193897
2005 WE55,0.3980393326575061,23.51933948598066,2.29845073262758,Amor,0.31289
2005 WF55,0.3247215290958704,2.257456251937739,1.83854906090161,Apollo,0.0267575
2005 WY55,0.7187025212952766,7.273959486013421,3.93652178304551,Apollo,0.00283688
2005 WZ55,0.3905158219251864,8.50117530453875,2.25748999882282,Amor,0.0667115
2005 WK56,0.3926234655506846,5.348562414696253,2.06459984815351,Apollo,0.0314626
2005 WF57,0.5837488261987445,10.93835898861539,4.28781883207617,Amor,0.167728
2005 WG57,0.4925117876297312,0.4275435888675088,2.40900063816107,Apollo,0.00172108
2005 WP57,0.4101962251240261,10.55882696945926,2.5324558310352,Amor,0.110718
2005 XA,0.6657711890254141,5.358033025073037,4.02529537348017,Apollo,0.00255418
2005 XC,0.562257890681945,3.658309922607071,3.44677291397059,Apollo,0.00924395
2005 XN,0.4182130782278731,21.15687443572077,2.33129031238615,Amor,0.0604505
2005 XX,0.5903424336149606,1.145818141398523,3.52039846782603,Apollo,0.00580621
2005 XY,0.4120511310579064,39.63196817667381,3.16644221007898,Amor,0.546779
2005 XC1,0.5939682513967233,13.01044778119469,3.97645929774905,Amor,0.0389617
2005 XQ1,0.577118207700511,32.33176199639859,5.38381152385118,Amor,0.364128
2005 XK4,0.6050109938573226,8.622459431744641,1.57302061004595,Apollo,0.0197513
2005 XL4,0.5754637417763326,10.4853679277896,4.73722077108965,Amor,0.214003
2005 XN4,0.5813282128292597,58.05271116429841,2.57250222988125,Apollo,0.151784
2005 XO4,0.59640444463415,2.366876534524191,3.47272689909264,Apollo,0.0218694
2005 XX4,0.4528076161718048,22.2815771803741,2.31922279457109,Apollo,0.0159677
2005 XY4,0.5982348540446502,1.912743838823661,1.08703274883337,Apollo,0.0119171
2005 XZ7,0.3207318433487061,32.70127494913623,0.953224356577445,Aten,0.0487531
2005 XA8,0.436893846981683,5.344937850728858,1.6895763845632,Apollo,0.00124703
2005 XN27,0.6340526071829132,0.2953196910652959,3.73061006966289,Apollo,0.00277472
2005 XO66,0.4431718378994082,1.200743256272974,2.14513399520675,Apollo,0.0095182
2005 XP66,0.5808504498945843,2.922915805106413,4.68422746682189,Amor,0.195599
2005 XW77,0.3554582999005562,16.44427130670066,2.05362511123989,Amor,0.220168
2005 XX77,0.345702270850595,5.718352518961807,1.88439823779073,Apollo,0.0319895
2005 YC,0.609596273942256,24.19772312399497,5.85665710425423,Amor,0.409847
2005 YD,0.4258167429081671,4.784663083239194,2.12532594661947,Apollo,0.0218721
2005 YK,0.3075329758137259,5.62975802131076,1.09453497850315,Apollo,0.00839295
2005 YY1,0.2521546915901853,8.340037432095793,1.25594352785854,Apollo,0.0323248
2005 YN3,0.3629962498069289,36.42430857954276,2.35578686788608,Amor,0.397187
2005 YO3,0.3732573572333666,12.79940543298186,0.661899869207679,Aten,0.0162453
2005 YR3,0.2733434858041124,3.280102021171748,0.7418286894917,Aten,0.00485473
2005 YU3,0.840948772244845,3.013245185088444,4.07908091241846,Apollo,0.0427578
2005 YS8,0.5285641254274344,17.3697586376831,2.20736335592114,Apollo,0.00744058
2005 YT8,0.5860373113043328,10.91828497037694,4.07353217197491,Amor,0.0783027
2005 YU8,0.5430035912336763,4.034583310016863,2.8577637499962,Apollo,0.0249184
2005 YA37,0.2276944515840735,2.240059764614615,1.44773473800282,Apollo,0.0352354
2005 YP55,0.4354721817232357,6.946931830029379,3.45590098804384,Amor,0.320775
2005 YT55,0.4615303629458854,2.310230846014768,3.37518518271667,Amor,0.221576
2005 YW93,0.5477358335862204,13.53635335802005,4.29355971415667,Amor,0.226463
2005 YL128,0.4472604462440116,18.45181267991379,1.57675506999956,Apollo,0.127982
2005 YN128,0.4409615951084936,2.567407937532026,2.13031352741461,Apollo,0.0189069
2005 YO128,0.2966194645260153,15.59165870493936,0.743911996992556,Aten,0.014373
2005 YT128,0.5709610617629539,27.23381570823387,4.23195748643562,Amor,0.321077
2005 YU128,0.3218922147328185,7.713483295737693,0.677786788762563,Aten,0.0221725
2006 AN,0.2204591362760947,7.406030888012927,1.14478820983743,Apollo,0.00487572
2006 AX,0.1416874276544944,11.66863383479337,1.46489047918619,Amor,0.16211
2006 AV2,0.4799654195468551,6.01586896870321,3.73798210141625,Amor,0.26724
2006 AB3,0.4115388932013442,8.429244925983664,2.24958912990448,Apollo,0.0296973
2006 AC3,0.5741665916058767,3.059786049386513,3.59832297964384,Apollo,0.0320511
2006 AP3,0.372902303038699,9.994908277604258,2.25960597814546,Amor,0.0975494
2006 AQ3,0.6317079419675045,22.79476656580951,3.8536772270431,Apollo,0.228458
2006 AR3,0.6363862428019933,4.707279393897283,3.87784137835895,Apollo,0.00257305
2006 AS3,0.3293099134916895,13.41476411465477,1.54581717849033,Apollo,0.0429249
2006 AT3,0.5324392634094413,14.78088896751739,3.45569236608252,Amor,0.0854012
2006 AU3,0.5622340057293729,1.418906347208846,3.42180247090329,Apollo,0.0100238
2006 AF4,0.5507358084991362,6.711033857055981,3.48165886054148,Amor,0.0882408
2006 AG4,0.5217728992539206,5.632139697681412,4.08037116679879,Amor,0.239719
2006 AH4,0.4719214406383541,0.6657769503236792,2.67008936907652,Apollo,0.0321094
2006 AJ4,0.1174620798388097,18.44689662995872,1.77384006824902,Amor,0.36407
2006 AK4,0.6300692506140689,8.530194401176132,4.32091276873836,Apollo,0.0992862
2006 AL4,0.5939423749095514,2.764039063586333,3.96933315915915,Amor,0.0390929
2006 AM4,0.6492760060457672,4.15550681084207,0.973413900540726,Aten,0.0111032
2006 AN4,0.4724397619510824,9.571219778570194,2.8409887172313,Amor,0.130181
2006 AL8,0.887663785917905,35.84931050689783,6.08469259739366,Apollo,0.0498988
2006 AM8,0.7940814789509039,10.13761237935965,2.56133208084029,Apollo,0.150792
2006 AN8,0.2472549970776011,3.447891159205621,1.90152232841784,Amor,0.173892
2006 AW44,0.568473738518463,8.705708664609391,3.89464375808494,Amor,0.0845152
2006 AX44,0.3016230083502343,2.294492300413531,1.98078180145228,Amor,0.116406
2006 BA,0.2177795177099191,3.547054219621865,1.18535051587977,Apollo,0.00346171
2006 BF,0.3910419484468388,5.007077491508001,1.78609454411886,Apollo,0.0122355
2006 BO6,0.6476649126501411,9.474620722917738,4.85687002665994,Apollo,0.0533597
2006 BP6,0.5971231601046306,18.73205081684442,3.70007975514494,Apollo,0.237848
2006 BO7,0.4034356152335875,0.3394361822402714,1.72101860832736,Apollo,0.00113904
2006 BP7,0.5845447903990794,4.808110056508308,3.55756036805334,Apollo,0.0623746
2006 BQ7,0.2572163271292698,4.970234258146551,1.5629039624321,Apollo,0.0281479
2006 BU7,0.1078091699569698,8.236904875223685,1.27505906365192,Amor,0.066229
2006 BW7,0.4099087654682988,1.372396679269209,1.79792963838308,Apollo,0.00438581
2006 BX7,0.2820770810977394,4.896511922305534,1.2164512251062,Apollo,0.00847339
2006 BY7,0.4546465330889259,3.173446037665069,2.56558870723682,Amor,0.0416278
2006 BA8,0.3687823102380301,9.29467968482313,2.49155322317413,Amor,0.175818
2006 BB8,0.4407549737057195,7.335772920981535,2.09798995431983,Apollo,0.0150697
2006 BC8,0.431407067392018,6.891319466105903,1.35925171802615,Apollo,0.00120751
2006 BL8,0.2981888401560883,12.23264910028417,1.18888665999239,Apollo,0.00368715
2006 BM8,0.5303936182008995,5.198569234505037,1.91604451634036,Apollo,0.0025441
2006 BY8,0.6757474259555365,2.6766835937199,3.8806203468961,Apollo,0.000571325
2006 BA9,0.3661879230098204,8.32036878121353,0.87164731360349,Aten,0.0722526
2006 BB9,0.6727800326543922,6.700444846833192,4.39517030347897,Apollo,0.00899378
2006 BN26,0.5094157315602186,1.579057671356506,2.82249978949821,Apollo,0.0261798
2006 BX26,0.485210480132615,6.765343720039949,3.32421606836601,Amor,0.175117
2006 BV39,0.2706661633421682,0.7422215829439174,1.22453967768359,Apollo,0.000287835
2006 BW39,0.5367045882445164,5.797495267074094,2.7808090942417,Apollo,0.0158439
2006 BX39,0.6374753211388025,14.34825864980879,2.62609946966076,Apollo,0.00877635
2006 BD55,0.3562620094340223,12.84601844890992,1.64983806846649,Apollo,0.073245
2006 BE55,0.4244419981782044,2.399997250561483,1.30635305074989,Apollo,0.0236876
2006 BF55,0.3938018682229599,3.361344221467721,2.21454598614448,Amor,0.0459436
2006 BJ55,0.1282569790720303,5.906745438947321,1.04297796970587,Apollo,0.0280618
2006 BL55,0.3103920532193797,3.884505993507694,1.76012871039229,Apollo,0.0275314
2006 BM55,0.7436713470557946,1.975934883363617,4.15801206920168,Apollo,0.000826203
2006 BO55,0.2516749064666079,24.4444069061435,1.83788004340762,Amor,0.284384
2006 BF56,0.7988581173117133,0.9613691295355926,3.57685099200306,Apollo,0.000739273
2006 BR98,0.1623474893799152,10.01683764782058,1.31064559680537,Apollo,0.0185927
2006 BF99,0.3790809366943598,42.03411356755127,1.42687678013748,Apollo,0.033407
2006 BG99,0.2868592543496278,4.686554119996093,1.68040030878296,Apollo,0.0381649
2006 BH99,0.6014265711925271,4.030603289059966,2.12264727007342,Apollo,0.00138895
2006 BX139,0.3782459684708049,5.659119031440573,2.74004188789083,Amor,0.236793
2006 BP147,0.2405653219053558,5.60138186585113,1.46083149416618,Apollo,0.0469868
2006 BZ147,0.09867381599953384,1.410745201448871,1.03544288797554,Apollo,0.00204311
2006 CD,0.4573894246895004,9.08870972892602,2.85624520884192,Amor,0.160454
2006 CF,0.6790159953035372,4.662509554285263,3.47677641056465,Apollo,0.0247479
2006 CK,0.2143649712545476,5.193800708722695,1.12536821757229,Apollo,0.0104074
2006 CL,0.412797971649666,8.145034355565308,2.14497383279021,Apollo,0.0199765
2006 CU,0.4538095599218179,3.798808052291203,1.85606703654632,Apollo,0.00865573
2006 CW,0.4901235287940089,6.507914999211184,3.33068567490507,Amor,0.158741
2006 CL9,0.2367483835184254,2.937958852233368,1.56191789066908,Amor,0.0394103
2006 CT9,0.6754138461367826,34.81567858048047,1.30502171356017,Apollo,0.247253
2006 CW9,0.2702298656356854,20.8769546006706,1.49007441953719,Apollo,0.0186756
2006 CF10,0.3712084022706159,18.99214645506847,1.88295576596684,Apollo,0.0573699
2006 CL10,0.4453547431233489,7.670934370433218,2.22989818713884,Apollo,0.100121
2006 CM10,0.70104550501618,18.30987517496503,3.11484414968892,Apollo,0.0190683
2006 CN10,0.6128016559869399,2.540384227194554,4.6456087915668,Amor,0.0805097
2006 CT10,0.662640195988146,12.89094830031029,4.91134951130706,Apollo,0.0355446
2006 CU10,0.4469839537181221,49.32793005600789,1.79443750554995,Apollo,0.0920991
2006 DL,0.7433696915527657,4.850234849764147,3.92047151493766,Apollo,0.00943421
2006 DM,0.2119853393581318,7.07047673570773,1.57757573455806,Amor,0.0777992
2006 DN,0.2756022565820149,0.2660012201862189,1.62076265027359,Apollo,0.00415687
2006 DU,0.4947767343752109,4.148834485479484,2.81305459175342,Apollo,0.0246531
2006 DV,0.6145683200028551,54.75347279788343,2.73599638351903,Apollo,0.126613
2006 DX,0.1677833302566771,6.284933522559942,1.22317584648286,Apollo,0.0467785
2006 DY,0.5738548359785589,21.95881464061968,3.53047236775201,Apollo,0.231308
2006 DZ,0.4367036894448702,23.9022677711438,3.49342114292536,Amor,0.33654
2006 DA1,0.4836884272686519,26.64717015478714,1.96660414746591,Apollo,0.0241109
2006 DB1,0.5506771366262365,10.13031379281135,4.19001359745964,Amor,0.194231
2006 DD1,0.6675794403785447,8.35776033012262,3.46680036497198,Apollo,0.000992735
2006 DP11,0.6980851056199122,8.521422943974681,2.53478335921255,Apollo,0.121281
2006 DQ14,0.05298607444904675,6.295175317424248,1.04204948078433,Apollo,0.0133786
2006 DR14,0.6586410090355544,5.919240775489272,3.89432374533629,Apollo,0.0141098
2006 DT14,0.5676040785386083,8.661611129957564,2.64194815659796,Apollo,0.126812
2006 DD42,0.43891232675888,4.746258047119582,2.80777433435013,Amor,0.128137
2006 DO62,0.5072381412667011,1.44646530755786,2.6251696925223,Apollo,0.00131653
2006 DP62,0.6698584441595749,5.428075108520841,1.86049531825966,Apollo,0.0123458
2006 DQ62,0.7024299837637773,5.921067514456136,3.0677752698343,Apollo,0.0987591
2006 DR62,0.4471413245302266,6.077817940210058,2.76361706497827,Amor,0.104042
2006 DS62,0.5708977872471956,1.889990089147291,3.4197544438334,Apollo,0.0104151
2006 DV62,0.5146199580409482,36.40712472065421,4.36875947713872,Amor,0.366711
2006 DW62,0.6480709327181313,19.61959812278934,5.77838050918808,Amor,0.140258
2006 DM63,0.4970716472605647,1.778367397471909,0.580287331577503,Aten,0.000700238
2006 DO63,0.4054260382574661,6.227891326319699,1.75498843257043,Apollo,0.0172761
2006 DT63,0.4655465375063433,4.660689587510236,3.70705748752749,Amor,0.287444
2006 DU63,0.7293752597507895,14.49447211073791,4.73024735435837,Apollo,0.0252926
2006 EA,0.6375405798529418,24.54769653640343,5.54182274454724,Amor,0.181435
2006 EB,0.7258400467261855,0.6876262367397,2.4367264841702,Apollo,0.00369837
2006 EC,0.2171859675999129,7.582176218501138,1.21215803296898,Apollo,0.000655786
2006 EE,0.3889758154701765,8.823429846634502,2.24232554885936,Amor,0.0605844
2006 EH,0.6141054807604072,24.53006068730802,4.39403891900407,Amor,0.302915
2006 EW,0.4026242399968434,6.7558726886066,2.12832434141624,Apollo,0.028787
2006 EX,0.05309683576552648,21.45741575248082,1.16307058202383,Amor,0.0685636
2006 EY,0.2775707186706669,3.947201807640111,1.71133094110694,Amor,0.0489476
2006 EB1,0.5163152026312081,9.252512236503405,3.13745610864007,Amor,0.0451453
2006 EC1,0.7561791621226154,10.85990841013334,3.6905818449035,Apollo,0.179637
2006 EF1,0.3441499770376358,13.71720348922434,1.42284526475652,Apollo,0.0295599
2006 EH1,0.5696452434454775,5.498990647361055,2.89947280751176,Apollo,0.00370025
2006 EW52,0.09596020628858079,8.903903934464052,1.39112943226095,Amor,0.142821
2006 EJ53,0.4292989161936496,23.79720118298766,3.20872537321306,Amor,0.285884
2006 EK53,0.5180626746982842,2.228658713564116,1.03883084922295,Apollo,0.0136923
2006 EF71,0.5450401677972209,14.70716512659883,3.80316269943715,Amor,0.102795
2006 FH,0.5082562543190062,3.488326804016158,3.03084258265597,Amor,0.0381085
2006 FU,0.4128114217584837,13.96482546745952,1.87561670927976,Apollo,0.0090786
2006 FV,0.2319861261933186,9.51630548024501,1.60388403714187,Amor,0.107193
2006 FW,0.3738263401900562,13.79068827501243,1.61985211310966,Apollo,0.0866599
2006 FK9,0.3321261821531521,28.20829163471288,2.04769785873329,Amor,0.147878
2006 FL10,0.3045046884198593,18.78052839854068,1.91966018638239,Amor,0.280067
2006 FV33,0.5177529606999994,19.00332356949679,3.30241492869365,Amor,0.308742
2006 FC35,0.3748793511889925,21.11794156598769,2.25893510415504,Amor,0.191903
2006 FY35,0.359262844889601,21.21748781410216,2.44192454581727,Amor,0.181136
2006 GA,0.6175801275061645,18.03798888606975,3.84025541350275,Apollo,0.0812649
2006 GC,0.581856654495017,5.618479746453593,3.2483626886229,Apollo,0.0361512
2006 GB1,0.2884654552401887,0.8367855064766564,1.20613871635023,Apollo,0.00996418
2006 GC1,0.8171248292254214,5.974354959264045,2.22970611924725,Apollo,0.00914126
2006 GU2,0.2560092068128718,3.380574161437278,1.12186810156756,Apollo,0.00157676
2006 GT3,0.36126866661566,8.657970368494505,2.25949046922094,Amor,0.126883
2006 HC,0.07467693430452746,7.843023568282458,1.1718936463228,Amor,0.0231327
2006 HC2,0.4867660132703702,3.74576492107546,2.23666736839592,Apollo,0.0159595
2006 HD2,0.6015325950450034,4.018549805885406,2.89357379963671,Apollo,0.0278119
2006 HE2,0.1567464043040135,1.181926027633621,1.09845760480989,Apollo,0.00438708
2006 HW5,0.5704512379057415,6.037313422686672,3.7149146777097,Amor,0.0273068
2006 HY5,0.3374441763403921,36.09582518420283,2.31495825672867,Amor,0.422422
2006 HZ5,0.2057804716973302,4.282029396346678,1.31718018162251,Apollo,0.00975675
2006 HA6,0.6361680564322191,22.75115134887537,5.92307537123202,Amor,0.216272
2006 HF6,0.5496161298807659,6.585776383658787,1.66766520081371,Apollo,0.00265193
2006 HJ18,0.3172878032497167,10.25142927775915,1.12869100630226,Apollo,0.143285
2006 HQ30,0.6030674154760983,12.01580886149369,4.22529758402852,Amor,0.0200088
2006 HS30,0.5756769487209522,2.325062350535964,3.66687050701048,Apollo,0.0100842
2006 HT30,0.619808817195554,1.637464786884492,4.09873660058857,Apollo,0.00825369
2006 HV30,0.3711526334407227,34.86281498304738,2.00829853653432,Apollo,0.142971
2006 HX30,0.3114581754479148,0.9842137384393521,1.80923128588165,Amor,0.017674
2006 HU50,0.2445030136628577,5.943619247495591,1.45223609711726,Apollo,0.00374868
2006 HV50,0.261185263023554,16.42780527588835,0.781851039336323,Aten,0.0315585
2006 HW50,0.1896819135117605,5.566026694684516,1.37017543559695,Apollo,0.0189322
2006 HY50,0.6314181441890651,25.6276800278903,4.13323459130137,Apollo,0.238043
2006 HH56,0.3245158727008671,23.84962138411826,1.59429658915849,Apollo,0.0304141
2006 HW57,0.5190213065509404,7.119644055287145,3.14314795682257,Amor,0.0475801
2006 HX57,0.4940741199674418,0.1999450834233137,2.41488153003674,Apollo,0.00170304
2006 HY57,0.5626331069877415,26.14191363822019,4.40423969119028,Amor,0.172193
2006 JE,0.7557032234197445,14.96436750602574,2.36607364164555,Apollo,0.0124058
2006 JO,0.668947396398274,8.25158562677165,3.67181486686031,Apollo,0.0121362
2006 JP,0.3171561520247994,18.74580870133089,2.20880050258068,Amor,0.151611
2006 JM6,0.4885697506808685,9.195249628114553,2.89302387305066,Amor,0.0318383
2006 JN6,0.3217556797518287,17.1668871502262,2.22589212519785,Amor,0.156919
2006 JV26,0.7964359354670648,3.673373292992147,2.86331788424284,Apollo,0.00560152
2006 JY26,0.08317068805463029,1.438448224003225,1.01539033074684,Apollo,0.000261498
2006 JT41,0.4019537980142261,1.792983523209273,2.31740646832266,Amor,0.0544242
2006 JU41,0.4284885648977406,7.593144993572784,3.0958049493456,Amor,0.227764
2006 JE42,0.5954699944344657,5.315688715293058,4.27801070633783,Amor,0.108443
2006 JA91,0.4339453627013079,7.199889896806634,3.125421507033,Amor,0.224202
2006 KA,0.5618479500610352,31.00232403697695,2.08698327509437,Apollo,0.0692679
2006 KC,0.4735046626121685,14.47013602524026,1.34874043327595,Apollo,0.0305523
2006 KE,0.4937994217351058,19.44518728725709,3.23569003297156,Amor,0.261518
2006 KB1,0.6818690273338888,0.3832225615569831,3.87512781588614,Apollo,0.00497216
2006 KP1,0.5013583668989101,6.771935193971713,3.14953079173837,Amor,0.12822
2006 KQ1,0.1753498637151118,9.607818875918746,1.38796964601498,Amor,0.0485711
2006 KS1,0.3147145626867342,3.652077381932793,1.78319411715642,Apollo,0.0232617
2006 KK21,0.8704266605338703,12.4481925706933,4.50409601397107,Apollo,0.0266153
2006 KP21,0.5191575560504615,5.036601496988316,2.96236386987651,Apollo,0.0559058
2006 KS38,0.4560664931188037,28.71264501867016,1.71218469351807,Apollo,0.0223403
2006 KC40,0.52923947772981,8.818035856298682,2.15517126572372,Apollo,0.0266407
2006 KD40,0.5135991448616632,21.10930164506797,2.86265117761708,Apollo,0.032909
2006 KY67,0.5355043365822815,3.041191669109768,2.98597130151306,Apollo,0.0224534
2006 KJ89,0.5453545871865049,2.99306553699659,3.67934097553201,Amor,0.0860165
2006 KK89,0.1839619615411024,17.94174262918397,1.05445130596688,Apollo,0.0998522
2006 KL89,0.5383793147013273,13.73541823732771,4.58421957527767,Amor,0.2734
2006 KM89,0.2752539657796506,3.048845878315762,2.02044273211874,Amor,0.146333
2006 KN89,0.5299018706800818,5.80897631254053,2.38583090720524,Apollo,0.0239276
2006 KF100,0.3713442301550514,24.46769108065914,2.60148163184732,Amor,0.318769
2006 KK103,0.462728966834789,8.125074401643424,3.10927780895003,Amor,0.142729
2006 KL103,0.2850514189260281,0.3466172561531805,1.74490675505311,Amor,0.0250753
2006 KY112,0.2519749563988505,20.22055112774077,1.72868752498573,Amor,0.0638017
2006 LA,0.8478684157369946,10.86150481392316,2.21024150276024,Apollo,0.0632401
2006 LB,0.3233848874949912,6.955735751224467,2.17356274296263,Amor,0.122485
2006 LC,0.3577701190397478,11.76723441720585,1.80488912654168,Apollo,0.0306105
2006 LD,0.1007019291538044,24.54728036820034,1.36572282631472,Amor,0.094181
2006 LF,0.6518881818515404,7.967978485097996,3.14053985140831,Apollo,0.120864
2006 LH,0.3139703765200048,7.826258941774633,1.12669924196767,Apollo,0.00843203
2006 LK,0.6381037817439943,10.1681995798116,4.83374034207282,Amor,0.0343064
2006 LM,0.4325996224025014,6.662346130072507,2.2402383621315,Apollo,0.00754467
2006 LD1,0.7014522366818273,5.953544139453694,3.52485596227935,Apollo,0.0167331
2006 MB,0.0830422977351696,14.42818522621791,1.1754347925883,Amor,0.0607268
2006 MV1,0.242021861557187,4.271700632111944,1.5116914697114,Apollo,0.00633723
2006 MY1,0.4339793565029634,3.091474125803086,2.93922153773383,Amor,0.15188
2006 MS6,0.576703335746077,21.56723460223924,4.2617514927594,Amor,0.0975281
2006 MT6,0.551122886299696,6.101738280825217,4.69491823201409,Amor,0.243744
2006 MH10,0.15567518384244,13.35117694886431,1.39053602167655,Amor,0.124329
2006 MY13,0.6096863708718633,45.04602478723756,1.41927655417489,Apollo,0.193932
2006 MA14,0.4907025699817291,7.434280657240397,3.08898354802237,Amor,0.0809103
2006 MB14,0.1142957443275881,19.53107085865783,1.05065711020318,Apollo,0.0027042
2006 OA1,0.2652234375692377,35.72858518170356,1.62423189572536,Apollo,0.10004
2006 OM1,0.3871506272234669,33.30204250102403,2.29635618119088,Amor,0.104383
2006 ON1,0.6088078349353978,3.500101083861788,4.08345686585887,Apollo,0.0334187
2006 OK3,0.5188195127700609,12.1751492832231,2.17382227112772,Apollo,0.00119141
2006 OX4,0.2640572676047531,18.53285155670882,2.03400596135578,Amor,0.172487
2006 OY4,0.5355067604116063,2.933602670403514,3.64980412169861,Amor,0.0953812
2006 OZ4,0.4286859647339524,17.23632858140694,1.02912747773408,Apollo,0.120416
2006 OD5,0.540822678561552,10.30372460926884,4.37596384687113,Amor,0.256105
2006 OF5,0.5375064386755596,10.169073669,4.57467300394012,Amor,0.26573
2006 OV5,0.5762134618012358,15.34271385052326,4.43753349805495,Amor,0.154612
2006 OB7,0.5104708681067641,6.591315460233834,3.05881133993313,Amor,0.0312725
2006 OC7,0.5261223882632117,11.03206615552469,3.25830182807674,Amor,0.0405448
2006 OE7,0.7781590747965592,10.38657060788095,1.90209291683595,Apollo,0.0903529
2006 OS9,0.9062763412327932,19.24472304768292,4.53798082671805,Apollo,0.0889006
2006 OE10,0.3583815629825315,2.476174735120943,2.1213439935067,Amor,0.0461096
2006 OG15,0.6302748352164774,17.13105694377303,4.05226412024741,Apollo,0.193875
2006 PA1,0.5502434586620879,2.430281873647731,2.90076155295095,Apollo,0.0298623
2006 PB1,0.5929122796591075,15.34118436799168,5.2281253137249,Amor,0.368304
2006 PF1,0.8755163168149513,14.53712035586268,3.24264379182568,Apollo,0.130021
2006 QA,0.622207702601089,5.310653125437057,4.60747351752083,Amor,0.0597865
2006 QX5,0.4542541473514806,5.98704136164237,3.09447637894395,Amor,0.147349
2006 QY5,0.3425036703694518,1.727079698331127,2.61549279313979,Amor,0.248828
2006 QQ23,0.2841824105076708,3.449432468452252,0.720510042308506,Aten,0.0334294
2006 QB31,0.6117577149050755,24.69494031580003,1.27701377210222,Apollo,0.0987504
2006 QK33,0.589638281589177,14.69795363455272,4.10808862538668,Amor,0.0497631
2006 QM33,0.3076380276729604,40.20105655174329,2.40317049290792,Amor,0.232394
2006 QK40,0.5721580924429402,2.620393295170927,3.0881495665585,Apollo,0.00625997
2006 QQ56,0.04558580850675538,2.798663330464205,0.977759516107985,Aten,0.0145468
2006 QZ57,0.7683159181286876,3.930412949026097,3.91629387267478,Apollo,0.0649891
2006 QB58,0.4803191041280588,5.898582810350187,3.07858655565121,Amor,0.101295
2006 QJ65,0.6809544510822055,5.071986656640721,4.23375262468837,Apollo,0.0469711
2006 QE89,0.56543690680121,20.97332328839923,2.73559051598913,Apollo,0.094298
2006 QV89,0.2246129311415749,1.068536615073397,1.30296693540584,Apollo,1.18234e-05
2006 QW89,0.5693350771912569,5.090746748362108,4.24064210657645,Amor,0.124455
2006 QM111,0.7335804251291308,1.491426029354772,4.25066686172706,Apollo,0.00107125
2006 QN111,0.5980529173305585,11.74683690241381,3.92342402299967,Apollo,0.00843687
2006 RZ,0.6419585761530993,9.010456837000653,3.87204594463155,Apollo,0.0105838
2006 RK1,0.5176925626152976,9.572179073702609,2.7205348745328,Apollo,0.0245477
2006 RH2,0.08108404659102755,11.78941234270173,1.13119748387552,Apollo,0.0119169
2006 RH7,0.7575582791629616,10.76169138459934,3.27097986298564,Apollo,0.0626983
2006 RJ7,0.5817463600137784,1.87357464659612,2.47972406782249,Apollo,0.00115126
2006 RH120,0.02450859381694827,0.5943529026338883,1.05033141375541,Apollo,0.0167915
2006 SB,0.1981539276519755,16.14589416888354,1.23560803374511,Apollo,0.00970512
2006 SC,0.3500886361869701,10.42640907495484,1.17441266723964,Apollo,0.000507288
2006 SV5,0.2930100215949127,4.829286103013509,1.73675403015045,Amor,0.0358597
2006 SY5,0.1524426059026449,7.564750231351112,1.06581452841922,Apollo,0.105625
2006 SE6,0.3456045353577213,4.818147462085008,0.722409706681443,Aten,0.0362403
2006 SF7,0.2132718893691569,24.51596919058338,1.07049905763198,Apollo,0.0431345
2006 SG7,0.5617121841848823,4.759190872004429,1.06500273972457,Apollo,0.0185731
2006 SH7,0.5429349560266776,5.094705852859607,3.9158003615902,Amor,0.151192
2006 SP19,0.2929878183558882,4.587465319905411,0.826996487224276,Aten,0.0458103
2006 SQ19,0.5143210865869836,6.243934492013513,3.6091255627829,Amor,0.140984
2006 SR19,0.5514148158472847,2.866149664143394,4.72809756282761,Amor,0.268429
2006 SS19,0.5790853854068251,11.7032403490326,4.66094422566873,Amor,0.192772
2006 SD25,0.4678208296560288,1.447410736052821,2.6503659637925,Amor,0.0157602
2006 SK61,0.2638151402572121,0.3531888904661462,1.62024209102153,Apollo,0.0140828
2006 SF77,0.3287395442754781,32.41148609126066,0.884662098922267,Aten,0.0604638
2006 SG77,0.5689233427207384,7.619405808283227,4.76524802844646,Amor,0.233132
2006 SO77,0.4627672365522777,2.143910031586835,2.45000332660787,Apollo,0.00263051
2006 SO78,0.5605406744171899,17.34968890964128,2.57627783828624,Apollo,0.165446
2006 SU114,0.5910759469590092,3.794628742292772,5.65896321832945,Amor,0.312909
2006 SN131,0.5206461867875121,6.092131264967065,3.09439197637689,Amor,0.0152682
2006 SP131,0.3091295113892081,20.0877486720777,1.18929175666398,Apollo,0.0303055
2006 SQ131,0.3055203255260154,12.84587351756505,2.25933613400901,Amor,0.195159
2006 SR131,0.3378154212011784,0.6332593959756021,1.57637005476734,Apollo,0.000779286
2006 SS131,0.3816900335360656,4.730325968948902,2.07154508309682,Apollo,0.0126985
2006 ST131,0.3166307419319144,32.87819663576909,1.78216308869526,Apollo,0.251378
2006 SQ134,0.2507581229577516,10.10193438264886,1.38517478249156,Apollo,0.0389095
2006 SR134,0.4624416288029383,1.594916073981893,2.58372800513354,Apollo,0.0267817
2006 SS134,0.4421241868241716,19.53384173435081,1.26823507770621,Apollo,0.0291171
2006 SB142,0.4307805885219661,7.645318428052656,3.34547234969939,Amor,0.279719
2006 SM198,0.5355165047912379,11.11538760684979,3.639680975333,Amor,0.098838
2006 SN198,0.5116709509910267,1.601926380955026,1.4093826254725,Apollo,0.00514753
2006 SO198,0.8631762090413074,9.765865794865675,2.67517208582534,Apollo,0.00226472
2006 SP198,0.5647358416387981,6.825276096367554,5.09478683940737,Amor,0.315017
2006 SU217,0.1739390800310981,2.641759306488291,0.977913995447132,Aten,0.0251801
2006 SV217,0.3473682703466972,0.8701563050578988,1.50623985573521,Apollo,0.00457249
2006 SY217,0.4403063406635357,6.600592925372005,2.67906249697298,Amor,0.123812
2006 SF281,0.2640026954002139,3.02683591365843,1.54737057607389,Apollo,0.00786136
2006 SK450,0.511678175891848,9.736701375569641,4.16487921375943,Amor,0.293832
2006 TD,0.3946007341519773,8.186427302283303,2.0115401359024,Apollo,0.0190986
2006 TF,0.5636024714940642,3.503545220528292,3.5888253817621,Amor,0.0220353
2006 TL,0.3974563044372644,11.60938758732439,0.911981217230116,Aten,0.0452562
2006 TO,0.5144026811664826,4.71753922231068,3.76229057912772,Amor,0.186366
2006 TD1,0.3611426830145722,2.41755411877982,2.6048881217621,Amor,0.222129
2006 TF1,0.6011907301466042,5.115956225312756,4.12250147411023,Amor,0.0751384
2006 TB7,0.1993616441734993,21.26887045938012,1.40015317625636,Apollo,0.0166751
2006 TJ7,0.4226130910776958,11.70465666776411,2.38122993574146,Amor,0.0378831
2006 TR7,0.3784867152808611,2.871319129836723,1.53175546610633,Apollo,0.00748446
2006 TT7,0.5606368252621615,12.9257630640442,4.84331931833898,Amor,0.33476
2006 TA8,0.6944272854525836,21.74207926530413,5.18148513330438,Apollo,0.00520651
2006 TC8,0.7615167273128213,31.51656268792474,3.16157742490486,Apollo,0.122268
2006 TQ147,0.4318891155038098,2.387929179784129,3.0800269619999,Amor,0.194506
2006 TX147,0.4462574006628847,5.302566200681693,3.55617305375496,Amor,0.323455
2006 UE,0.5656547491425107,4.92732947377772,4.75124043083106,Amor,0.234126
2006 UF,0.5292855150681586,6.945861016009935,3.85190949481335,Amor,0.17232
2006 UJ,0.4893442172469508,5.319416365954419,3.28981294648424,Amor,0.131024
2006 UL,0.2686763604960707,7.265229155069306,1.65864050495448,Amor,0.0316736
2006 UN,0.3305089143411022,0.4928619827204616,1.92750716997395,Amor,0.0436636
2006 UO,0.6685238395546388,2.291996960741983,4.73340420936381,Apollo,0.0295121
2006 UR,0.4485117842152964,5.321929014491113,2.86813982270237,Amor,0.133347
2006 UX1,0.3973995590821714,20.47557380775135,2.25950644764343,Amor,0.259853
2006 UY16,0.5247984289820933,3.198324991496421,3.16579092307287,Amor,0.028775
2006 UA17,0.2872359325283175,21.93654556093006,1.6092375553203,Apollo,0.100933
2006 UB17,0.1036960134492515,1.988879309301566,1.21797215682871,Amor,0.0279313
2006 UD17,0.6552548103259677,16.87443279311299,5.73629852777287,Amor,0.150982
2006 UE17,0.3324214627155159,12.12865259554209,1.27512387155818,Apollo,0.0571099
2006 UF17,0.8120673716631475,3.721713404036211,3.89596386554263,Apollo,0.0253587
2006 UQ17,0.3809574617554137,1.742941385678254,2.06878279844248,Apollo,0.0218452
2006 UT17,0.5422323597465748,2.035358407300866,3.59131281991628,Amor,0.0909316
2006 UU17,0.5843362328242883,2.887408566901449,3.56963977164253,Apollo,0.00588919
2006 UF63,0.4857003868869783,23.8384514064542,3.44553748136587,Amor,0.330273
2006 UC64,0.6964558391777315,6.069079337008549,2.85462367055319,Apollo,0.00301545
2006 UD64,0.792089718840245,29.90838894825898,3.06472205962675,Apollo,0.149338
2006 UE64,0.3843567004270386,7.859966510477721,1.51686682642053,Apollo,0.000410069
2006 UC185,0.3971365349705763,4.304833650119953,1.88513841287801,Apollo,0.011741
2006 UE185,0.4893860753404705,1.045798936497166,3.46503540028687,Amor,0.175194
2006 UF185,0.6032888141473648,33.78718413844921,1.36025500074244,Apollo,0.133119
2006 UH185,0.3944388570993141,11.40934945501756,2.29823548613489,Amor,0.0706862
2006 UJ185,0.5780696950000203,0.8616360251917479,2.19844657647017,Apollo,0.000630677
2006 UY215,0.4596866823501151,9.362025781108562,1.6261042128779,Apollo,0.0136434
2006 UZ215,0.2064957394222202,14.26268450514973,0.838140516977013,Aten,0.00822177
2006 UA216,0.3158198248212873,6.734527601128575,1.75740422504852,Apollo,0.014512
2006 UN216,0.6149471489566642,11.80763764093388,5.79084529760693,Amor,0.260162
2006 UQ216,0.1625674980024135,0.4741842449186119,1.15973750919709,Apollo,0.00125976
2006 UP217,0.4905202726987679,1.523203721994025,1.32191311312557,Apollo,0.00108998
2006 UR217,0.6084162169168448,17.6040342457024,4.55048236173766,Amor,0.194414
2006 VB,0.4249032678002236,8.696349809948746,2.27497668880534,Apollo,0.0382064
2006 VJ,0.201731526701834,17.38033075296633,1.77982020177958,Amor,0.185126
2006 VA2,0.4838438039611209,24.51818080526882,3.96537658718644,Amor,0.315122
2006 VB2,0.7866633166285573,15.80896134838295,2.37785905762055,Apollo,0.231057
2006 VC2,0.422270640304952,27.75394078372958,3.04550873100107,Amor,0.265907
2006 VD2,0.5945047827827589,8.92045754837867,4.1571329237665,Amor,0.127039
2006 VU2,0.5486595099624069,2.174163316021176,3.52824744689967,Amor,0.0537679
2006 VX2,0.2907139142407297,9.812581572180303,0.903302905068797,Aten,0.0230569
2006 VY2,0.3762745089609224,14.51485595073879,0.843099157940964,Aten,0.0753319
2006 VZ2,0.6003011152890909,36.54318458084772,3.91657337665717,Apollo,0.0760986
2006 VE13,0.5363659824644557,3.832576226010891,2.56532046956208,Apollo,0.00502834
2006 VF13,0.2510140367411003,24.44844153374243,1.52065966297928,Apollo,0.0123067
2006 VG13,0.3034405876214052,5.863794862497553,0.739313352792631,Aten,0.0456067
2006 VP13,0.1428609209415771,11.09853941945551,1.27869777686392,Apollo,0.0681966
2006 VT13,0.6245784971057633,2.108832463875167,4.14906401914754,Apollo,0.0110313
2006 VB45,0.1648018916273913,12.48446951093878,1.35207820996126,Amor,0.0336675
2006 WB,0.17651071761965,4.89757841388441,0.78933731461618,Aten,0.00353642
2006 WV,0.5335743501467212,2.151858851664476,1.89545968127866,Apollo,0.00184584
2006 WX,0.6046604630527976,8.719338455824698,3.91065944593991,Apollo,0.00221131
2006 WP1,0.6067433473394845,5.896394792692075,2.23018635648897,Apollo,0.000708144
2006 WT1,0.6009021499967538,13.68703929267868,3.88690117446895,Apollo,0.00457689
2006 WU1,0.5093501358126516,7.477126736611106,3.38386337651649,Amor,0.142918
2006 WV1,0.2883304250963993,5.568381270694173,0.754263603954649,Aten,0.0109805
2006 WA3,0.1973286789549952,23.92738591582877,1.35106690293205,Apollo,0.0230352
2006 WB3,0.2453775033859043,19.72895554335953,1.60678968196899,Amor,0.0478271
2006 WK3,0.3027546636232253,18.63353303393836,2.11288472706564,Amor,0.277221
2006 WM3,0.5480505019860371,2.011219116990192,2.79027421603455,Apollo,0.00305102
2006 WN3,0.5028032730737062,26.03184605405973,2.42363071928458,Apollo,0.0759329
2006 WP3,0.3392413094552808,7.430671026367872,1.57956242144988,Apollo,0.0234608
2006 WX3,0.6341491415136986,14.71639188033864,4.46114119767078,Apollo,0.120972
2006 WY3,0.6370053431938695,2.723061121728047,3.68623916268651,Apollo,0.0104763
2006 WZ3,0.5777534773816518,3.822319786630785,2.30633383951445,Apollo,0.0618394
2006 WR29,0.5548424806043779,11.9885955573304,3.69837924155463,Amor,0.0890685
2006 WS29,0.4568999311927127,14.52043429721877,2.13873328271545,Apollo,0.0417877
2006 WV29,0.5589523972274365,1.198676470988112,1.62138115350389,Apollo,0.000424214
2006 WX29,0.7291062405133546,2.554686318049431,3.54522939356638,Apollo,0.00135476
2006 WZ29,0.5712527825739845,4.846640941803989,3.39257941712789,Apollo,0.0184494
2006 WA30,0.4220446430654583,10.08210510927368,2.08134513426587,Apollo,0.0325538
2006 WB30,0.3626240333802977,3.64745051130228,2.11410319034632,Amor,0.0639536
2006 WC30,0.6223445634804868,4.970928035516075,4.19769069591634,Apollo,0.00588681
2006 WQ127,0.508573742392686,18.07611340387081,1.49826923977638,Apollo,0.0113852
2006 WD129,0.5018492396530612,6.035757904986016,2.58882005910023,Apollo,0.0134922
2006 WE129,0.4812097750647261,39.54974542426935,2.26951998697314,Apollo,0.106528
2006 WF129,0.5324029701686082,22.06549826478733,4.29694816930145,Amor,0.354676
2006 WG129,0.4240093623814676,11.04280349228383,2.33588997008803,Apollo,0.0627439
2006 WG130,0.5994732126493572,11.27945124503715,3.73720483094348,Apollo,0.0305436
2006 WH130,0.1810335962648107,17.05759642424739,1.49018645518815,Amor,0.0897637
2006 WJ130,0.1350221221281776,22.40057559643989,1.20679170589599,Apollo,0.0357244
2006 WK130,0.682249348581262,13.80160364939305,3.06090652126998,Apollo,0.0199059
2006 WO130,0.2594488736098835,4.613976042730754,0.969733739801738,Aten,0.0149833
2006 WZ184,0.3281776601868511,0.839545378062444,1.59605400701121,Apollo,0.00187046
2006 XB,0.4962226132570738,6.835198739558609,2.31242449056318,Apollo,0.0591371
2006 XW,0.03728459679821388,8.227632758104425,1.1565666031229,Amor,0.057107
2006 XX,0.5826612897492509,5.241037885216507,4.04661195492408,Amor,0.0792448
2006 XY,0.3412756180052405,3.517909515142923,1.84523953688176,Apollo,0.00687045
2006 XH1,0.4568665763928029,6.314850604885082,3.61952431843519,Amor,0.296941
2006 XJ1,0.1606592802312901,17.41109727993173,1.41816632198461,Amor,0.113088
2006 XK1,0.7008213108790463,13.15678349849466,3.99426328206335,Apollo,0.185376
2006 XE2,0.3098946159790882,20.01977710726807,1.233876855959,Apollo,0.0604467
2006 XF2,0.4900830591390154,26.90294690236836,3.24093739555396,Amor,0.222596
2006 XH2,0.7363412110870541,2.032956078851744,3.47290438901812,Apollo,0.0132934
2006 XJ2,0.3418676756092376,8.676579349492698,2.13976511133704,Amor,0.115468
2006 XK2,0.6476377688785223,8.660645024545435,1.91119859473337,Apollo,0.0530383
2006 XX2,0.3106175621914933,17.6536386488486,0.979011387573451,Aten,0.0170142
2006 XY2,0.248159777267979,13.97437634602221,1.88404832043031,Amor,0.181929
2006 XA3,0.6238827851757072,4.988360731614579,3.64591319045776,Apollo,0.0145015
2006 XN4,0.6107351511413891,6.676590886591923,4.21082217238431,Apollo,0.0350855
2006 XO4,0.301265475323284,8.466212569651395,0.768367080175236,Aten,0.0272815
2006 XP4,0.2142981968263704,0.516339000131784,0.81489620289034,Aten,0.00439319
2006 XQ4,0.2965755527875217,6.151429689588118,1.78907971183645,Amor,0.0524023
2006 XR4,0.2691306670478911,10.95211846636427,1.06083941567559,Apollo,0.00308513
2006 XV4,0.6257363024370901,3.985519459023056,4.17055298692202,Apollo,0.00431758
2006 XW4,0.08783137338358733,13.34045035541919,1.06929567793685,Apollo,0.0046757
2006 XD27,0.5854012171801933,18.6081066907743,5.36970571043998,Amor,0.418174
2006 YA,0.4242490034990776,15.43468159601822,2.29252370726285,Apollo,0.0479169
2006 YB,0.5112810214837125,4.424010730743486,2.97150729621947,Apollo,0.0539909
2006 YE,0.4401651322935565,0.3217053905390346,2.30526381658685,Apollo,0.00176107
2006 YF,0.1988121459303787,4.679484403332214,1.16607142145956,Apollo,0.0576095
2006 YM,0.1230816670623756,12.88551263616298,0.851611304099475,Aten,0.0231186
2006 YP,0.2113679701858265,5.394909989350769,1.22559396323788,Apollo,0.0252073
2006 YU1,0.5481426440836257,8.121597678864195,4.33106858533524,Amor,0.2177
2006 YV1,0.4435688313928167,4.971237463896048,1.40906624974519,Apollo,0.0571964
2006 YH2,0.4491524527738037,4.357688386156528,2.75016659645218,Amor,0.0985475
2006 YJ2,0.4178694565015127,10.75413453207338,2.35634759875667,Amor,0.0924936
2006 YR2,0.5811406935903953,8.935182960622921,3.90780537754433,Amor,0.0529467
2006 YX2,0.165978777653504,28.72552674938918,1.01298955786388,Apollo,0.066113
2006 YD12,0.4467881780222018,3.88283017996732,2.51406578529758,Amor,0.0442625
2006 YC13,0.3775077329458947,25.24957658889529,1.76935099161508,Apollo,0.134051
2006 YH14,0.4212152486826039,8.34706918899336,2.52392801712167,Amor,0.0893862
2006 YP44,0.6266281629892013,1.986115741639931,4.05526848853627,Apollo,0.00132105
2007 AM,0.4671003183060981,11.71780765546373,0.713805859631836,Aten,0.09693
2007 AA2,0.1207319666812069,10.54688342389384,1.04914941033005,Apollo,0.0109373
2007 AC2,0.7436043146759814,9.511203757062715,3.76113670313721,Apollo,0.0171888
2007 AF2,0.4214024327746528,16.99811930726872,2.25765933837703,Apollo,0.0515797
2007 AS2,0.6245207427438415,3.763671262782543,4.16015884992379,Apollo,0.0414844
2007 AU2,0.4891513520307056,6.493615152508691,2.04502566872326,Apollo,0.0121866
2007 AV2,0.4738668320169496,12.31538563090704,1.72424090971387,Apollo,0.0392411
2007 AB12,0.7211566952075024,7.805884136219922,3.48434781653116,Apollo,0.00839774
2007 AC12,0.5481584131354533,23.83405216394018,4.63601134730936,Amor,0.267695
2007 AH12,0.4542734348612931,10.46749186133549,2.91980497762053,Amor,0.129601
2007 BB,0.1410905867690344,3.534249921217173,0.902976348876127,Aten,0.00112724
2007 BD,0.3444053824811697,9.271215452096941,0.62824982077321,Aten,0.00191769
2007 BJ,0.6978222051064553,44.48000126344854,5.51770080389197,Apollo,0.0837899
2007 BS2,0.2909601091125918,6.518671403037303,1.97921771157875,Amor,0.134179
2007 BD7,0.4979429720393677,4.84348859165977,1.95115533976166,Apollo,0.0379187
2007 BT7,0.5404554128848303,17.47734023311554,3.20110552448381,Apollo,0.157316
2007 BU7,0.336691971580969,21.14196679204348,0.918649844884929,Aten,0.00980397
2007 BC8,0.4990297999002927,2.17135483601985,2.93643961794581,Amor,0.0400248
2007 BD8,0.4211785109416389,4.440200602387853,1.71670072718544,Apollo,0.0310517
2007 BJ29,0.8253829032537546,11.08980046363523,3.22941644147432,Apollo,0.0242015
2007 BY48,0.2873294473614493,25.1276822591926,1.65252227398809,Apollo,0.029386
2007 BZ48,0.466459848567123,0.6806985618425304,2.3917440857455,Apollo,0.00535917
2007 BA49,0.6143376934441527,1.082531844803369,4.43016736147558,Amor,0.0580338
2007 BE49,0.5900124746325643,6.058618757599838,1.94663854980837,Apollo,0.102944
2007 CO5,0.3081100091253958,47.94770365259646,2.17368797626371,Amor,0.213673
2007 CQ5,0.2878663433632684,4.643636234195514,1.91265965183455,Amor,0.113932
2007 CR5,0.4450506081254147,13.85941591186487,2.05876570634019,Apollo,0.0140235
2007 CS5,0.1725288323296965,0.7521007918351805,0.970656071731128,Aten,0.000711365
2007 CH15,0.2849076520037446,25.89775928984588,1.6214550421464,Apollo,0.10322
2007 CJ15,0.3121822416018193,14.50086194266235,1.76013956388383,Apollo,0.0370801
2007 CU18,0.5394010059011449,7.033499596885753,2.88299125731198,Apollo,0.0143572
2007 CB19,0.3632087622415718,18.68431170867097,2.070961952054,Amor,0.254874
2007 CC19,0.6263637851312509,2.185689880581658,2.13206523943476,Apollo,0.00294666
2007 CF19,0.6313488357345903,18.09902446178737,5.15365358730131,Amor,0.250492
2007 CL26,0.3962122068840679,11.42475438767692,2.02766964832099,Apollo,0.0764457
2007 CM26,0.1795475384241103,7.08783815074751,0.915158489837847,Aten,0.0609382
2007 CO26,0.6103982606981643,7.121266880005805,4.67686083607394,Amor,0.120267
2007 CS26,0.5655704616058372,21.87140501944403,3.56961739437979,Apollo,0.0553967
2007 CT26,0.3867787260671413,2.891407680581079,0.790913815460975,Aten,0.00215856
2007 CB27,0.06157722686377698,19.4747044400499,1.18400053645259,Amor,0.0623081
2007 CC27,0.4930637457471578,2.120268712946997,2.19382892526634,Apollo,0.00109811
2007 CZ49,0.6367353216014614,11.04768532308229,5.00102626932842,Amor,0.0956039
2007 CX50,0.2256755235078322,7.500409370441609,1.32477167782209,Apollo,0.0148292
2007 DA,0.5736336197669192,2.76332401748637,1.01520841833788,Apollo,0.0203597
2007 DC,0.3260426058420375,0.4100786976175688,1.5765852011867,Apollo,0.0041559
2007 DD,0.1156764519360735,2.623526037373844,0.981275688682291,Aten,0.00403701
2007 DJ,0.4752182882228322,6.926324073706065,2.5514931267673,Apollo,0.0189081
2007 DW,0.5245321057504253,38.69339245672372,1.12116911652071,Apollo,0.156482
2007 DX,0.5520766082138272,4.597583649577021,4.18200100013804,Amor,0.169418
2007 DY,0.5932658559176625,37.62111322986286,3.82016739201814,Apollo,0.309861
2007 DS7,0.4000112661456056,8.448987502555395,1.28177053747927,Apollo,0.000762888
2007 DE8,0.3084270654141768,12.84264579461924,0.810327127590345,Aten,0.0497257
2007 DF8,0.4536049541512637,9.111362726239788,2.45574570518828,Apollo,0.0550644
2007 DG8,0.3736508038305096,3.083646947663529,1.58241029928988,Apollo,0.0211188
2007 DH8,0.2636026460727627,4.455195062768004,1.72357368634033,Amor,0.069893
2007 DJ8,0.363539784150324,29.84428382760327,2.09065438887011,Amor,0.0771918
2007 DM8,0.3684568070216533,7.561742353660645,0.982632157943441,Aten,0.0153249
2007 DQ40,0.6350049535420144,1.879827537067335,2.83753956114211,Apollo,0.0127093
2007 DX40,0.5382979734185152,0.4519685103859282,1.9082383122117,Apollo,0.000674984
2007 DY40,0.5932405294166074,5.891631816448164,2.25210791731139,Apollo,0.025621
2007 DN41,0.6898696265934895,2.460466360064878,4.86398559044223,Apollo,0.00129469
2007 DD49,0.6072895489843297,8.204117683653614,3.19890637986977,Apollo,0.0720887
2007 DX60,0.1398251318815767,8.29287809759034,1.56650327924595,Amor,0.203424
2007 DB61,0.3646405273589263,5.381467166074082,0.730664151101293,Aten,0.01255
2007 DS84,0.4458100091417315,8.902955310206382,2.55060878427211,Amor,0.0304377
2007 DT103,0.5740578379596168,5.488347645535712,3.28636910488162,Apollo,0.0127088
2007 EC,0.1960382160373232,5.84614604869626,0.894986775273185,Aten,0.0238288
2007 EG,0.3686817969212415,3.205603048178545,0.655247488342359,Aten,0.00931078
2007 EH,0.6574694885877157,1.353701870494383,3.19041867269912,Apollo,0.00039881
2007 EK,0.2723408723478696,1.208710658570989,1.19514593951434,Apollo,0.00132632
2007 EM,0.381011898590612,23.982238411682,2.74841664888903,Amor,0.223776
2007 EN,0.5906251303749805,24.2455609368257,4.24760658719247,Amor,0.312235
2007 EO,0.4570135521756803,5.466540079489613,2.63291721392312,Amor,0.0386041
2007 EQ,0.4477327482744037,5.66799066702333,2.07973049627444,Apollo,0.0593485
2007 EU,0.3065215200045302,13.24681694360919,1.73643821749864,Apollo,0.0314347
2007 EV,0.3076813763493745,8.167316390119804,1.13885586953445,Apollo,0.00425182
2007 EW,0.5707410998493557,24.62564997363252,4.28076531572604,Amor,0.41083
2007 EY25,0.6148240618405437,2.271670344211956,2.5057118161959,Apollo,0.00677284
2007 EZ25,0.7189264440238523,5.455269753456347,3.10729016859572,Apollo,0.00059106
2007 EA26,0.6330392151755404,6.13707140503882,4.51431020850755,Apollo,0.106524
2007 EE26,0.2417983932396732,1.033919077031883,1.39119387747647,Apollo,0.00585946
2007 EG26,0.1553506783878614,28.09993629628112,1.29009659524618,Apollo,0.0165678
2007 EH26,0.6681971243342221,5.621828724828393,2.60712433000214,Apollo,0.00562366
2007 EK26,0.6531283617800965,3.423765525733498,2.51025333352371,Apollo,0.00195764
2007 EL26,0.1156226929360975,13.75593098624217,1.43451539926991,Amor,0.163174
2007 EM26,0.2184342743636966,26.68411069651318,1.77426634156997,Amor,0.160967
2007 EN26,0.3293218026787374,15.48053666999298,1.47424717553409,Apollo,0.014448
2007 EF88,0.582726780596661,7.588529824718456,3.94992461768246,Amor,0.0782451
2007 EG88,0.3764057815768715,1.02004774401462,2.0607793804717,Apollo,0.0121928
2007 EJ88,0.7814810358914974,1.914758204352398,3.59717256865811,Apollo,0.0285736
2007 EK88,0.3514221310905051,14.80238764561231,2.2887562754243,Amor,0.156226
2007 EN88,0.5877288758189899,8.900748386116064,3.21418188277683,Apollo,0.00602379
2007 EO88,0.3375021501718258,5.93241959461807,1.20591239988152,Apollo,0.000665433
2007 ED125,0.5848457554211853,3.781434769645944,2.66312128268221,Apollo,0.00830968
2007 EE126,0.9032638929729735,8.540845914247184,6.88028053533561,Apollo,0.00152701
2007 EF126,0.5937381573106282,9.518392083777385,3.87060346515812,Apollo,0.136835
2007 FB,0.2632467662179598,5.813580926033356,1.50340713614378,Apollo,0.0278459
2007 FC,0.4253057342038082,4.653090167431385,2.24470946971119,Apollo,0.0367375
2007 FF1,0.482338686038101,8.223718254000392,1.87482560894556,Apollo,0.0346437
2007 FG1,0.4777702895797449,9.291728903846774,2.71068215963945,Apollo,0.0218905
2007 FH1,0.3865509594816375,22.75032737001916,2.27263526085631,Amor,0.14846
2007 FJ1,0.4017542894298751,3.329357239202181,2.41289834599891,Amor,0.0914387
2007 FK1,0.5623968564657258,3.37441606233891,3.9764344728364,Amor,0.0981589
2007 FC3,0.315331861767187,25.16715894286453,1.55843740460185,Apollo,0.00522097
2007 FD3,0.5332187100169842,33.98549616973217,3.30264357058166,Amor,0.110788
2007 FK3,0.4553086377366423,7.058488209370824,3.50890811162653,Amor,0.281692
2007 FN3,0.2652013591679716,48.58896263460026,0.991904428275574,Aten,0.147251
2007 FO3,0.2974025934442716,6.326735947627684,1.4318565251763,Apollo,0.0411252
2007 FP3,0.403612852709373,0.2374132356943081,1.68067952039667,Apollo,0.000107156
2007 FQ3,0.5359111555596544,1.940789800972081,3.44347871027976,Amor,0.060366
2007 FR3,0.5043854708540391,1.625559718595897,2.5343584207375,Apollo,0.00173084
2007 FS3,0.4183020567005041,3.223144843604929,1.99939620614729,Apollo,0.00555917
2007 FT3,0.3078444083634871,26.871719198037,1.20077523886144,Apollo,0.0145237
2007 FL18,0.6317313601317672,26.21826067040255,5.89124677321811,Amor,0.316896
2007 FY20,0.3871702313129294,5.369650054855325,1.76214789066061,Apollo,0.0018389
2007 GC,0.4576612319703063,8.142637840147767,2.83639234608713,Amor,0.135165
2007 GF,0.3784609192637468,18.87698474200218,1.48288466236888,Apollo,0.127838
2007 GU1,0.6421235057081485,9.032766713477004,3.22745554139737,Apollo,0.000773566
2007 GY1,0.5994382104528859,1.187978116511404,2.78084850452045,Apollo,0.009242
2007 GQ3,0.4497855206144654,10.18876144536397,2.42387298741274,Apollo,0.0201711
2007 GT3,0.9390361987398433,25.59828430743934,2.84013393488789,Apollo,0.130413
2007 GS4,0.257645638506279,24.84637936269871,1.46421841886069,Apollo,0.116587
2007 GU4,0.4566797196518667,3.157793187099391,1.31926870656663,Apollo,0.0178534
2007 GW4,0.2907495167240977,29.48276102780039,1.11778426557104,Apollo,0.235491
2007 GV5,0.8267333684956478,21.58329746374777,3.70874354342649,Apollo,0.12705
2007 GW5,0.2876903591724826,23.81427718513772,1.74233511199369,Amor,0.212533
2007 GX5,0.5583064232116925,1.241596923284889,1.99411922997836,Apollo,0.0133217
2007 GY5,0.3887426869299216,24.53007292658085,1.81840066078188,Apollo,0.0747985
2007 GZ5,0.277864820990527,13.77618100792659,1.77810866608162,Amor,0.19681
2007 HA,0.4701634369329875,32.98597916025432,0.843392523057892,Aten,0.0143547
2007 HC,0.2075402499722154,3.156385805841929,1.24170388057444,Apollo,0.00352853
2007 HP,0.7568892100575227,2.786300782653753,2.76959290419651,Apollo,0.00867334
2007 HW3,0.6355800153132305,15.05888227232203,4.23197649028915,Apollo,0.194029
2007 HY3,0.2455812443051242,9.532012960601955,1.63085019010532,Amor,0.0423353
2007 HL4,0.0907007777662412,6.537821840240956,1.18549283588371,Amor,0.0313213
2007 HV4,0.471604337977015,4.252475935151334,2.48002148487186,Apollo,0.00271923
2007 HW4,0.7792291690231825,1.285952577488557,1.9034954389003,Apollo,0.0152977
2007 HB15,0.2563725757445263,1.121253756333396,1.40804427165332,Apollo,0.000132693
2007 HD15,0.2761628161129607,15.06356304477258,1.45131151246133,Apollo,0.00070648
2007 HE15,0.5422895647412493,9.573461349548042,3.13656071795301,Apollo,0.0164633
2007 HF15,0.5523478814847492,8.282505056135982,4.84890684331865,Amor,0.309026
2007 HY15,0.2110241477111684,22.51696627814011,1.68634478938335,Amor,0.115361
2007 HG44,0.7125624765635573,8.217075177163599,3.91379044523115,Apollo,0.0832314
2007 HH44,0.5705376091219498,1.741785501008638,3.76999519702565,Amor,0.0403302
2007 HZ58,0.5381787433798626,6.553220663301759,3.03175338150397,Apollo,0.0520147
2007 HD70,0.4768223724794376,5.649778193728138,3.07127560121719,Amor,0.137795
2007 HT81,0.3229756202075176,5.960883023386645,2.39321549059755,Amor,0.221907
2007 HX82,0.5390132114337278,8.27754467728374,4.35002548040419,Amor,0.264268
2007 HD84,0.5386461499177317,4.678107845937761,3.86417097169191,Amor,0.127464
2007 JD,0.8121337620482498,12.26250677729332,4.74252024322695,Apollo,0.000946841
2007 JY2,0.6864900079730808,1.613424173088557,3.25894479862008,Apollo,0.00144361
2007 JZ2,0.5369231443542207,6.753601832884532,2.51285102465166,Apollo,0.0129295
2007 JW9,0.4423952744955113,2.502130712924536,2.89969854536764,Amor,0.131157
2007 JF16,0.6773261788837768,44.26216438911347,2.89129527315093,Apollo,0.247187
2007 JG16,0.3577401750543266,4.262243987462642,2.13391436751828,Amor,0.0705536
2007 JB21,0.1087566603257943,13.4426283908775,0.978969920881053,Aten,0.00041761
2007 JH22,0.6095539585472116,5.579685194810546,3.21068659049859,Apollo,0.0425527
2007 JE40,0.3735444483722385,19.4867678496472,2.67769940418002,Amor,0.328223
2007 KD,0.4184466895928577,11.19401593508984,2.74111512678871,Amor,0.200839
2007 KE,0.5239806533306237,9.206710836821465,2.17407003262507,Apollo,0.0402877
2007 KJ,0.5770030559163541,9.019688066775192,3.71122311779809,Apollo,0.101512
2007 KK,0.2638470077238879,5.537378714564884,1.76534984019484,Amor,0.107735
2007 KD2,0.5949079503229708,2.588500126917196,4.63878727525174,Amor,0.119046
2007 KV2,0.3129180213901835,13.73250748801027,1.17975796070939,Apollo,0.00686898
2007 KW2,0.5270215961237965,10.05532827132522,3.46352859543423,Amor,0.0812992
2007 KE4,0.5736660775923267,9.366813502308073,3.70304347141933,Amor,0.0167161
2007 KO4,0.1617402854889857,25.16581230679242,1.15883858639352,Apollo,0.00760852
2007 KF7,0.3865735461510022,11.86408099451655,2.25296727797716,Amor,0.0421852
2007 KG7,0.8669118904892662,4.76123387366833,2.37918701550518,Apollo,0.0117519
2007 LA,0.5944967860117425,33.57823842517772,1.93876157537396,Apollo,0.102329
2007 LT,0.3789424108687687,0.6861911458874939,1.83097593618235,Apollo,0.00589011
2007 LU,0.531450604962854,1.358501993384658,3.21458279570459,Amor,0.00996808
2007 LV8,0.3735755552632488,14.96588197552805,2.43320542317299,Amor,0.154696
2007 LT19,0.2986461825958994,6.708010045012811,1.78275271136732,Amor,0.0201681
2007 LU19,0.615259308738115,2.600117113371444,3.67336890613371,Apollo,0.00434377
2007 LW19,0.5800862219769737,2.119250328059708,3.58379703882384,Apollo,0.017476
2007 MF,0.05011573165299747,17.46930222533278,0.976212218172813,Aten,0.0144056
2007 MG,0.4676604321050847,24.87061604875825,1.43963593520278,Apollo,0.103332
2007 MH,0.3285741584242633,20.32304887673988,1.88527404354673,Amor,0.112702
2007 MQ,0.737195580746785,1.672219683954058,3.79004483279077,Apollo,0.0121125
2007 MB4,0.5782171210365983,1.170904516183312,3.34311154520608,Apollo,0.0150055
2007 MC4,0.1737498131645366,19.18837409929973,0.958503659305367,Aten,0.122927
2007 MK6,0.818784812796474,25.12464943660114,1.12393617125795,Apollo,0.0869272
2007 MJ13,0.3843373802891726,10.87617995468649,1.74702266160358,Apollo,0.00700431
2007 MC24,0.4944914250323412,21.31080698636071,3.46257559963838,Amor,0.295317
2007 MK24,0.3872891323375273,6.134345121658402,3.08395823400126,Amor,0.280854
2007 NQ,0.4674138526582642,17.52817356909564,3.29272701650508,Amor,0.165054
2007 NL1,0.2490965977169529,18.63511004850277,1.38036966359463,Apollo,0.10288
2007 NT4,0.3465184846425274,9.294076915318511,2.12740677116672,Amor,0.0668223
2007 OV,0.4838942226720429,12.67298608353874,3.89679893871734,Amor,0.282976
2007 OX,0.3482998853561219,22.10654044538811,1.84717518148561,Apollo,0.126567
2007 OY,0.5006021521159206,7.985605497892569,3.26248753052205,Amor,0.126182
2007 OH3,0.4619399531088057,8.313062609823325,2.71649962238974,Amor,0.0306087
2007 OR9,0.2631599814857187,11.82029324294036,2.07315033530546,Amor,0.232435
2007 PQ,0.4589187577234555,8.392316272356688,3.14020750191976,Amor,0.165775
2007 PF2,0.6014564570960323,11.12701448351205,1.88010240592153,Apollo,0.00107299
2007 PB8,0.4450929367070613,16.56008414796247,0.826146660976137,Aten,0.159441
2007 PD8,0.4841961742709874,4.04683331547804,3.07059215810866,Amor,0.105793
2007 PE8,0.497053116676691,5.58615462187338,3.18246467074768,Amor,0.0784174
2007 PP9,0.5426218905960349,5.113409193105568,3.59625008689,Amor,0.0797886
2007 PQ9,0.2413312469989664,8.556594112289712,1.70426020843982,Amor,0.0931429
2007 PR9,0.5162160702708896,5.293007860894861,3.83976690980521,Amor,0.208067
2007 PS9,0.07678885097185234,8.703751557425683,1.11512948464101,Apollo,0.0361356
2007 PR10,0.8924980870327313,20.90666256549253,1.36731361675524,Apollo,0.133607
2007 PR25,0.8471758188303293,3.491100456847434,2.73512480451113,Apollo,0.0118772
2007 PS25,0.4218429209939588,6.7138955348283,0.621775765687412,Aten,0.00924904
2007 PV27,0.3707973943240534,24.60296950078903,1.43674039348536,Apollo,0.000779624
2007 PF28,0.8029292418574594,5.880093179949955,3.122369837987,Apollo,0.016793
2007 QA2,0.434845393323142,4.357306646175815,3.16745130027195,Amor,0.206982
2007 QK2,0.4507393066978467,3.631107915472162,3.1053558266403,Amor,0.163732
2007 QE3,0.6611800110697739,15.78675988053825,3.80184628556384,Apollo,0.0764691
2007 RD1,0.5013796909571392,5.563485279968388,3.5512206771019,Amor,0.181508
2007 RE1,0.6102574469729013,5.500610007235505,4.31373284714688,Amor,0.0457225
2007 RF1,0.2360153778499023,2.647958517756167,0.770393446651672,Aten,0.0145265
2007 RG1,0.3623679942736361,3.17706343568659,2.11886128539876,Amor,0.0476735
2007 RH1,0.1980827164554538,6.988280893384769,1.68341540603391,Amor,0.124022
2007 RJ1,0.385385519010497,8.175798120888354,1.74296154161629,Apollo,0.00313042
2007 RO1,0.6057392786677384,8.527771686819793,3.41403500453722,Apollo,0.0153425
2007 RS1,0.3908373838244168,8.154320478646932,1.38754976759729,Apollo,5.56552e-05
2007 RT1,0.7556177629604284,27.99617390191045,2.44294199029988,Apollo,0.0690803
2007 RE2,0.5361687182742787,12.29183017177578,3.47125659614831,Amor,0.057943
2007 RF2,0.6640945093524974,6.060289190642941,2.27550582651823,Apollo,0.00634876
2007 RG2,0.5315831873668562,0.7348688161029401,3.26994395660696,Amor,0.0322243
2007 RX8,0.2109056332260481,9.398844014419943,1.21267088041527,Apollo,0.0205969
2007 RY8,0.4939048275365577,5.943437295649581,1.55616590468004,Apollo,0.0158581
2007 RZ8,0.1863921747866484,10.2680180359788,1.57300411486985,Amor,0.0931337
2007 RA9,0.5393054378975285,14.43442133857444,4.39084299978141,Amor,0.347672
2007 RP9,0.384394007448734,26.37953151137795,1.90757830009652,Apollo,0.0859474
2007 RS9,0.3965051667342821,10.53235755077265,2.30440528493044,Amor,0.0741332
2007 RU9,0.6296659414436611,5.657299440472183,2.65836857025754,Apollo,0.00217011
2007 RV9,0.5663346898457983,6.408100473050061,2.70299315771543,Apollo,0.0163539
2007 RY9,0.1525481992586065,28.51224012208138,1.43051770341858,Amor,0.0729353
2007 RU10,0.6873967841970713,15.41847261674046,3.42212134876094,Apollo,0.104332
2007 RP12,0.4987229415907691,0.3169504148940655,3.42606375690131,Amor,0.1342
2007 RQ12,0.4732807686906062,1.23947503527091,2.39992512575465,Apollo,0.00123499
2007 RR12,0.7272273993624272,7.133355445640015,2.8499617791179,Apollo,0.0775163
2007 RS12,0.4526809672785941,6.959497046094126,3.12403710365303,Amor,0.162203
2007 RT12,0.1598682387400327,4.25143928267439,1.02541434787799,Apollo,0.043696
2007 RV12,0.3894049917855706,4.014873346273406,2.15328081419965,Amor,0.0130167
2007 RP15,0.5002298456442834,15.16933713101594,0.920833363381906,Aten,0.0272437
2007 RO17,0.1967180377456384,2.440538295450997,0.892075865412847,Aten,0.0246441
2007 RP17,0.4866729162680327,4.249315341110231,3.0309089885847,Amor,0.0705937
2007 RR17,0.5279741023474203,1.749368581290661,3.18603207682688,Amor,0.0145408
2007 RS17,0.2599485684862146,34.23808581379575,1.78593636605146,Amor,0.144792
2007 RT17,0.529629539879476,7.176697148417158,2.92040801459677,Apollo,0.0346867
2007 RU17,0.8300844276310384,9.20598641611109,2.90219386997137,Apollo,0.0405181
2007 RW17,0.4917887719919527,3.263402855684272,3.46504541853846,Amor,0.165163
2007 RU19,0.4072608427698178,2.842030382118467,2.25711835729046,Amor,0.0171407
2007 RW19,0.4609462880811724,9.574267489689484,2.23296352074878,Apollo,0.0247106
2007 RY19,0.2534864117640693,12.63073235248839,1.16525819573123,Apollo,0.000604225
2007 RZ19,0.4699543359336689,3.791726810836904,3.39015063874289,Amor,0.188957
2007 RA20,0.6339164678614488,10.79555207705327,3.17598680853653,Apollo,0.0616286
2007 RC20,0.1982999501097877,2.874773949927353,0.932487436184047,Aten,0.0113393
2007 RD20,0.546058330891691,11.05066311932234,3.7533012389108,Amor,0.10703
2007 RL133,0.5556433835843427,12.55095390303809,3.83297064210301,Amor,0.235909
2007 RN133,0.6625206169385187,18.6113857227453,3.32897127778585,Apollo,0.033182
2007 RO133,0.4723204678375733,12.84202112254174,2.69833183676378,Amor,0.018522
2007 RP133,0.5371197029828941,8.685854580929337,4.22838115594854,Amor,0.221097
2007 RQ133,0.6517737312943438,15.50262356760233,4.62590644062268,Apollo,0.20075
2007 RS146,0.6527185351591493,2.689788382460461,3.73202436343341,Apollo,0.0262539
2007 SH,0.4730174012845945,11.68235327378013,2.27398161487806,Apollo,0.0106367
2007 SR,0.518410753582538,7.180428244872204,3.17182351765407,Amor,0.0781286
2007 SS1,0.5326507491952138,3.35881435598003,3.2686578610728,Amor,0.0395682
2007 SU1,0.5936007322640577,2.436141405767162,3.72066174421894,Apollo,0.00649918
2007 SV1,0.3783367858232422,4.13070319913561,0.658326623482854,Aten,0.0114617
2007 SV2,0.4667589652110376,7.444225024504803,2.58505737632025,Apollo,0.105184
2007 SW2,0.4654813318602047,8.5646784199336,0.870688698537438,Aten,0.10671
2007 SN6,0.6902460138489649,4.758200944643769,3.61550869183544,Apollo,0.00448733
2007 SO6,0.2282675356075591,13.1966316407064,1.51617267287623,Amor,0.0265906
2007 SG11,0.2486640208371383,6.879183979563947,0.763326676939164,Aten,0.0265841
2007 SR11,0.6489310718031103,1.470836634558627,4.3929335193041,Apollo,0.0188991
2007 TD,0.5355323902079984,3.487477429347271,0.572273632005411,Aten,0.00590196
2007 TC1,0.2377614006843972,23.84033791287321,1.42139608045761,Apollo,0.0732972
2007 TD1,0.5602286614553229,2.048125124286589,3.69834924912057,Amor,0.0499229
2007 TG1,0.4871593146097489,3.600769757324001,2.97088480577904,Amor,0.0780111
2007 TH1,0.4177896605946755,20.10336686823386,1.58902275620216,Apollo,0.0207921
2007 TH3,0.1210385392771784,8.229352409073208,0.952602171262897,Aten,0.013809
2007 TK5,0.6578626423000732,3.373990383549838,2.04585899964495,Apollo,0.0540224
2007 TL5,0.5955070015444404,12.98702344625762,0.809150272634953,Aten,0.0124966
2007 TG8,0.6298362389849892,15.43924792928273,4.2894257094569,Apollo,0.181775
2007 TB14,0.6371831980293428,5.975276456171112,3.93175268847971,Apollo,0.0242819
2007 TC14,0.8070765912279458,4.637444959767603,3.01602241026879,Apollo,0.0268301
2007 TE15,0.4881395771035945,13.29991493020678,2.43973826608498,Apollo,0.03234
2007 TF15,0.04438687739603183,4.255666660082907,1.16710796949698,Amor,0.0584636
2007 TH15,0.3898217080120919,30.59560992493811,2.48140298478437,Amor,0.192798
2007 TJ15,0.4765836039959999,2.274738590691356,2.96076047987508,Amor,0.0768209
2007 TK15,0.4252349741300535,1.043978798576433,2.6363666901846,Amor,0.0828187
2007 TL15,0.5435742977774625,1.317116485548096,1.6294849871008,Apollo,0.0102329
2007 TM15,0.5081245686004598,61.51088533317255,2.16171785446187,Apollo,0.196474
2007 TL16,0.399481193364773,10.489730283024,1.7638626773514,Apollo,0.00144439
2007 TT18,0.6399656778050278,14.2271251560112,3.66046917768649,Apollo,0.0349442
2007 TU18,0.6011303306967246,3.482934290613773,4.0404645459961,Apollo,0.0283106
2007 TZ18,0.4907065590958984,8.788032372016664,3.27060434644714,Amor,0.128442
2007 TJ19,0.2767566784272797,40.63157937137107,1.70377843741445,Amor,0.197879
2007 TX22,0.4358472074023214,1.776224730896924,2.01159108169584,Apollo,0.000887972
2007 TA23,0.2481175432373302,6.054211220398073,1.6258118712337,Amor,0.0422935
2007 TC23,0.6089801898793318,12.89818301160598,4.73274046999089,Amor,0.121493
2007 TL23,0.7365080426906188,2.126439239745657,1.20838223102888,Apollo,0.0169782
2007 TQ24,0.5393980597658169,10.58888306924232,0.706611712498189,Aten,0.0163861
2007 TS24,0.6499445809101706,5.352296533424804,4.75043297692282,Apollo,0.0283259
2007 TT24,0.2799436312200651,0.8173272759444866,1.72758550754858,Amor,0.0402176
2007 TU24,0.5332993825448519,5.625592349799782,2.92145775520745,Apollo,0.00133656
2007 TW24,0.5964352157325338,2.32725187700522,3.17960059766488,Apollo,0.00768036
2007 TX24,0.5379377928293194,8.216143149992584,3.51876782451604,Amor,0.0719711
2007 TY24,0.5769895185445705,4.28112185879938,3.93623969518756,Amor,0.0550391
2007 TA25,0.5511353633868595,6.926525113335528,3.50583828670163,Amor,0.11814
2007 TB25,0.5585346603874662,12.26368283569507,3.51806967953517,Amor,0.121416
2007 TD66,0.3105027686887242,14.88007371433082,0.950687935102842,Aten,0.218508
2007 TF68,0.2655509063109024,26.19506957068649,1.66829329155087,Amor,0.151498
2007 TR68,0.2575503216062165,11.3643502568771,0.819906927450503,Aten,0.0273965
2007 TS68,0.4358274107457037,5.599193439092658,3.37014138185142,Amor,0.261953
2007 TU68,0.5677563367586257,1.752715763273844,3.59239164500605,Apollo,0.023703
2007 TV68,0.5648492939853985,1.765877383314244,4.22751909378516,Amor,0.141479
2007 TX68,0.5324998108114208,4.389679854538999,2.90012753919429,Apollo,0.0115808
2007 TZ68,0.4203303370876412,4.401982754485696,2.11428759074674,Apollo,0.00823378
2007 TE71,0.1876909430865744,7.449642491000295,1.3876233326924,Apollo,0.0782433
2007 TG71,0.2327187991804088,10.6053168230138,1.4819525170014,Apollo,0.045601
2007 TH71,0.3129511049061165,7.066288423371264,1.55232508569939,Apollo,0.0108927
2007 TH72,0.6413428526805284,2.156048568211311,2.90514481485377,Apollo,6.97705e-05
2007 TN74,0.2984745529230364,9.68788406710873,0.84860274347046,Aten,0.0487364
2007 TO74,0.4772883892133752,6.835716623333719,3.17555321312205,Amor,0.160668
2007 TQ493,0.4573108127642146,4.89791945249169,3.61350993135115,Amor,0.278869
2007 UG,0.3795936254956783,12.59454159028978,2.17712574336393,Amor,0.0538943
2007 UH,0.3360197841131597,15.13593170464027,1.26946002816025,Apollo,0.0671512
2007 UJ,0.1406765521857955,22.6829790799095,1.22523411135466,Apollo,0.0198636
2007 UR,0.6095344837596249,3.191692536579349,4.73658993940637,Amor,0.114109
2007 US,0.5827016369625727,12.39738476212084,0.943623479102212,Aten,0.0985301
2007 UT,0.3569167135408009,45.61699091577142,1.8730687529343,Apollo,0.137108
2007 UW1,0.1209157629885451,8.2159660087322,0.864394286023794,Aten,0.0015674
2007 UX1,0.4864404809848302,9.877389468095497,3.81429494566756,Amor,0.282843
2007 UA2,0.432831407438643,1.003822997725014,2.77477772327252,Amor,0.137586
2007 UC2,0.3521334527583198,12.4714687431308,2.14766945232759,Amor,0.0847192
2007 US3,0.366765651938852,24.49815420727938,1.87569018895221,Apollo,0.149046
2007 UT3,0.4001509601264818,0.6313663697400821,0.677807145957191,Aten,0.000998034
2007 UU3,0.5016904949174503,2.449795978712703,2.55220150453386,Apollo,0.026106
2007 UW3,0.5067082424553808,23.09718614883761,4.12665842154049,Amor,0.27673
2007 UC6,0.6003506854386674,1.759253863327716,2.01766867726028,Apollo,0.0144153
2007 UD6,0.2422729107350501,1.694131649269836,1.36623208180022,Apollo,0.000382319
2007 UE6,0.5716506130486841,6.305563709004812,1.92603948910113,Apollo,0.023203
2007 UF6,0.524383345650438,3.495248327833523,2.73514120609318,Apollo,0.0160561
2007 UG6,0.4390186527848543,15.32842636435617,2.56269313865345,Amor,0.0702374
2007 UO6,0.5995382462108197,2.394778642570927,3.43092551308765,Apollo,0.000185546
2007 UP6,0.09434498726842096,9.57669521991207,0.952083016122808,Aten,0.0149189
2007 UL12,0.8046205698991544,4.187027830232318,2.75966553492053,Apollo,0.0197071
2007 UM12,0.3908398609838168,9.990788988719556,2.2827407654435,Amor,0.0774436
2007 UN12,0.05866509298248523,0.2346112833986516,1.07514497534128,Apollo,0.000707815
2007 US12,0.514722964472723,8.8033107420061,0.862572355939288,Aten,0.0135348
2007 UK40,0.4010631006707919,18.8302374160159,1.72213820450701,Apollo,0.0316451
2007 UQ51,0.5131035394506543,3.45458133786973,3.13550287811263,Amor,0.0505944
2007 UR51,0.690663162557236,7.260627373842666,2.10770457041984,Apollo,0.0126354
2007 US51,0.6325725186533883,1.472777966725897,3.24851597237766,Apollo,0.00131766
2007 US65,0.5244560730387399,1.026399168113232,4.293730741115,Amor,0.241764
2007 UT65,0.480800752278864,9.86406944205278,2.95107140779477,Amor,0.111096
2007 VG,0.6650644982378237,51.1424966990634,2.73925144754341,Apollo,0.00926621
2007 VZ2,0.1870809532545246,30.9542955361222,0.980184163505093,Aten,0.0202544
2007 VA3,0.6103138210876898,2.901861162131151,3.83808959246733,Apollo,0.00980369
2007 VB3,0.336509718998989,1.684660091480122,2.11784667067626,Amor,0.105866
2007 VC3,0.3186027742480093,12.67290210264222,1.20104576255045,Apollo,0.00757703
2007 VD3,0.1503325857435767,13.11891946993513,0.958437838487186,Aten,0.128885
2007 VE3,0.6973438864645203,1.397769642426775,3.42339833921459,Apollo,0.0162775
2007 VF3,0.5130928173396291,7.836904087351831,3.53692840505447,Amor,0.140962
2007 VG3,0.6943235708633875,10.95597045766469,5.99276370844782,Apollo,0.016322
2007 VH3,0.4320967863207101,2.922478160561544,2.76874988738812,Amor,0.136761
2007 VJ3,0.6149788631151736,12.65404377048776,3.10646156256815,Apollo,0.011073
2007 VK3,0.1058192479683656,24.82706192646729,1.19202028566041,Apollo,0.0638841
2007 VL3,0.4520690891797145,2.332505924508083,1.75158172457979,Apollo,0.00693394
2007 VN3,0.5774862033561605,15.62191363766227,3.35874642237854,Apollo,0.0267583
2007 VS6,0.4458232194642522,7.953784542376576,1.37298519588174,Apollo,0.0142146
2007 VT6,0.6442334720390834,7.395716164123932,2.72289428702252,Apollo,0.0277706
2007 VU6,0.09062236382699734,1.224758522224602,0.964541566590052,Aten,0.0116157
2007 VV6,0.2802369324935741,3.808233308302348,1.68487060973209,Amor,0.0370338
2007 VW6,0.3365893902943355,39.04508088122525,2.14495468752876,Amor,0.230051
2007 VX6,0.6133690850493442,41.19520604751975,3.40721565856653,Apollo,0.0773027
2007 VV7,0.4382030853778915,0.7819230954428935,2.36737069908921,Apollo,0.0133333
2007 VW7,0.2277393628689683,12.47933550706426,1.53333703841113,Amor,0.0570461
2007 VD8,0.5939906151271621,3.150876487896284,3.48126637435308,Apollo,0.00755098
2007 VE8,0.5856503396644402,7.213540689665685,3.96634468950747,Amor,0.0476926
2007 VF8,0.4573221233042984,30.56641254887041,2.39314187307136,Apollo,0.0410165
2007 VH8,0.5959004090586468,25.86100358172267,4.43881611202775,Amor,0.196047
2007 VJ8,0.5978765494540629,0.3537961130608657,4.63077020026684,Amor,0.127854
2007 VK8,0.5382801326245086,3.330298449484509,1.66098931469509,Apollo,0.0573668
2007 VR29,0.4540415577802488,12.28510806043953,2.44978461689511,Apollo,0.0467963
2007 VB70,0.3932374974784207,1.615895348240131,2.80224141008687,Amor,0.223018
2007 VT83,0.2969607040263731,6.945035524343565,1.50500069418208,Apollo,0.0383592
2007 VU83,0.5868737960111167,0.6042966452064428,3.60875497285095,Apollo,0.00960238
2007 VV83,0.09774682189354536,10.12137146631266,0.950578481972166,Aten,0.0404318
2007 VW83,0.2198844394326971,7.072891381767452,0.855091804784263,Aten,0.0654452
2007 VX83,0.4499061725245207,5.652558273801504,1.34910508562965,Apollo,0.00508937
2007 VM84,0.1848968484004389,24.34184782222203,1.46387477845199,Amor,0.0613004
2007 VO84,0.1850201308082328,28.3247614783061,1.49611936921145,Amor,0.150145
2007 VY137,0.3815400364420665,16.41817218775038,0.849417372560472,Aten,0.042378
2007 VZ137,0.5855324293926623,5.217646859590593,2.22363962178955,Apollo,0.0236134
2007 VA138,0.1548068383174241,19.15500320194327,1.69848808398468,Amor,0.227128
2007 VB138,0.4308338658505925,6.015170556946455,0.678883103887145,Aten,0.0244938
2007 VC138,0.4960365017780055,28.71377107338851,3.08181856337396,Amor,0.0850006
2007 VD138,0.6354315316395271,1.664491454780919,4.69439938006505,Amor,0.0361961
2007 VE138,0.4183911785144284,19.34279587021939,1.58220496905608,Apollo,0.00847109
2007 VD184,0.5029245580036943,1.230760955020371,2.71255695660734,Apollo,0.00159819
2007 VE184,0.4930630314417308,2.961748609365577,2.96631339189088,Amor,0.0550328
2007 VF184,0.2428466861391002,18.89807092096595,1.33481643991724,Apollo,0.0264495
2007 VH184,0.5936933768999274,3.857320254745711,4.11208910742312,Amor,0.0769011
2007 VJ184,0.4612517353628813,18.15642940133734,2.18830436370444,Apollo,0.0712775
2007 VK184,0.5694971459364274,1.221059321365267,2.26724172846215,Apollo,0.00054248
2007 VL184,0.2074761150656788,27.66460338406396,1.47301740284661,Amor,0.0394174
2007 VM184,0.5228375123814851,23.28387321402708,1.2830528958918,Apollo,0.0326263
2007 VA188,0.6341453553692189,20.34189698681234,5.09670562623023,Amor,0.122412
2007 VB188,0.2250788972537858,7.244997647692355,0.828105675777212,Aten,0.0404786
2007 VF189,0.3852784930208462,6.980509770021309,1.32617174322475,Apollo,0.00111825
2007 VG189,0.5127655893383072,6.017538627789078,3.15212671738684,Amor,0.100161
2007 VH189,0.7240905795504506,5.895502831177504,4.25441853430087,Apollo,0.00225051
2007 VJ189,0.1497657717969561,18.21561078485722,1.18972282740189,Apollo,0.0758354
2007 VB191,0.6144298058859261,2.933552783698308,3.66442712744451,Apollo,0.00915978
2007 VC191,0.3097116486377281,21.33770127451258,1.99980250166187,Amor,0.147439
2007 VD191,0.2454910847072214,12.66275066248327,1.17305977308486,Apollo,0.0190103
2007 VE191,0.627718652283173,5.384778318335788,2.64110585549275,Apollo,0.00042694
2007 VF191,0.4101397358449665,11.00026953668401,2.64245822255726,Amor,0.172228
2007 VL243,0.7285694574616352,43.33428914154,0.948214508905066,Aten,0.38989
2007 VM243,0.338216592768449,12.25343129188835,1.11125816446319,Apollo,0.153513
2007 VN243,0.6099865602446827,4.400884207746937,3.1568674784424,Apollo,0.00146621
2007 VP243,0.5829368539656897,5.651310875010431,3.40021843413279,Apollo,0.0227668
2007 WA,0.1528390354828315,6.168059042697777,1.05337737908836,Apollo,0.0111337
2007 WC,0.5475023978079567,0.6547891289698103,3.41803318161809,Amor,0.0383827
2007 WJ3,0.3716448258198401,6.253756130266977,1.30233300875051,Apollo,0.00706787
2007 WK3,0.3888936989567551,9.970484084720107,2.1104166083072,Apollo,0.0347265
2007 WL3,0.608434827810503,29.60781156771082,2.30360937015647,Apollo,0.0455368
2007 WM3,0.4280300901998972,6.460716333907944,0.707554336007043,Aten,0.0222439
2007 WN3,0.6262636760519941,8.587695377273329,4.02415650275056,Apollo,0.0869272
2007 WP3,0.4466513102238369,10.67888474425793,1.81115350965358,Apollo,0.00286934
2007 WQ3,0.1800853477393062,17.21877223315986,1.60483871214433,Amor,0.224486
2007 WT3,0.7218860596386141,5.169861668452804,3.61855583501537,Apollo,0.00223033
2007 WU3,0.2040902126116308,2.394252363406904,1.01746701365041,Apollo,0.0401379
2007 WW3,0.6596834813986454,6.438079185678554,5.67130066464424,Amor,0.0937947
2007 WT4,0.4210523359501807,7.011198597892371,3.35227842833452,Amor,0.314023
2007 WW4,0.7153454811391702,10.57187048222475,3.03544422843091,Apollo,0.120521
2007 WX4,0.3025472549861085,28.19889877851057,2.36895853229191,Amor,0.473248
2007 WZ4,0.2814206762530193,2.945410573406161,1.58939038532463,Apollo,0.0181084
2007 WC5,0.2105921394821562,8.539737255929227,0.960153206492563,Aten,0.0152649
2007 WD5,0.5949362087633842,2.435772240871318,3.86149566379166,Apollo,0.0278204
2007 WE55,0.5732499346789403,11.47801016606555,2.6386390314334,Apollo,0.0907402
2007 XN,0.569838782317386,24.73722038214556,3.30114379978691,Apollo,0.0331449
2007 XO,0.7288724454459564,14.86717215785783,2.0392851030925,Apollo,0.0179678
2007 XP,0.2707327715928551,7.649686728648634,0.979535020553995,Aten,0.0199868
2007 XN3,0.5887994452088975,6.579556959900335,4.24281450740577,Amor,0.135869
2007 XO3,0.5418239936603176,13.1608527316942,3.81628370881571,Amor,0.145842
2007 XQ3,0.4232672658085095,6.588140012122892,2.79388232995161,Amor,0.184953
2007 XT3,0.5821806505316753,20.71835088008768,3.40708576914767,Apollo,0.0972751
2007 XY9,0.6194620210329456,3.343495245890309,2.93503752249299,Apollo,0.0103391
2007 XZ9,0.5864121943422556,3.035713102384726,2.91790925063573,Apollo,0.0016097
2007 XA10,0.3549812676648859,19.89774918637748,2.03999721302309,Amor,0.11961
2007 XD10,0.6662076782632284,18.51782789234563,3.15883549186412,Apollo,0.0275983
2007 XK11,0.620971772736324,3.437617066485108,4.61584988798456,Amor,0.0498801
2007 XN16,0.6030036820153307,4.188336906702924,3.87956764456755,Apollo,0.00750197
2007 XF18,0.4818139811023114,59.54809372786554,1.80468296782685,Apollo,0.0908206
2007 XL18,0.6276683427144394,6.537002030176386,5.40489671683041,Amor,0.17239
2007 XA23,0.3769649855272215,8.322894480703495,2.03584207235195,Apollo,0.0964081
2007 XB23,0.04154912139403884,8.592813956306356,1.04137131911125,Apollo,0.00200249
2007 XT23,0.6140898577221255,17.12745516369663,4.6508472978675,Amor,0.121227
2007 XV23,0.6497180556867032,5.381966475383755,4.83023830432822,Apollo,0.0211328
2007 XW23,0.3854166678150011,7.810454599700083,1.74429878516951,Apollo,0.0236272
2007 XA51,0.1646657387455344,31.45762055475524,1.62273490538081,Amor,0.168698
2007 YF,0.1198107844779099,1.650432455322763,0.931318112795403,Aten,0.0147071
2007 YG,0.4112931302385679,11.51605782369632,1.43191083263101,Apollo,0.0405232
2007 YH,0.6181595660281997,29.46744741577315,3.15971275531603,Apollo,0.161281
2007 YM,0.6173451867856123,0.9918433339538717,4.15705211118076,Apollo,0.00427186
2007 YZ,0.3611869477504095,16.4204332521884,1.06474467814439,Apollo,0.108633
2007 YF1,0.5452429279099771,15.38045307497728,4.16241804195873,Amor,0.33642
2007 YH1,0.5622806125362617,3.185287490787017,2.96579966055502,Apollo,0.029663
2007 YJ1,0.177916420633104,4.007737675904127,1.42157717502683,Amor,0.060324
2007 YM1,0.5348779360847152,32.45768083512812,3.85994526117452,Amor,0.161053
2007 YN1,0.7191607193542182,3.910315017764296,4.43286764008953,Apollo,0.00263301
2007 YB2,0.6952338032358268,16.40002746619911,5.37592942408107,Apollo,0.0142287
2007 YM56,0.31162140467231,6.427229733731661,1.39219057737535,Apollo,0.0305252
2007 YN56,0.3308814183292544,11.51098871489311,1.12061566114423,Apollo,0.0417718
2007 YP56,0.7082313503257969,1.677473357036408,2.81768705351626,Apollo,0.000536867
2007 YR56,0.5162789148437773,10.33839603643307,2.85901570912569,Apollo,0.0162282
2007 YS56,0.2839066585847663,6.233205564538992,0.915030287429623,Aten,0.00240673
2007 YT56,0.2874431613112317,5.99827161938692,1.47170823713623,Apollo,0.0464123
2007 YU56,0.5693607767120855,13.2326879491208,3.6884904700291,Amor,0.0560268
2007 YZ58,0.6573092761938755,24.72302086712337,1.50226724498577,Apollo,0.337994
2007 YY59,0.5917288305967381,0.6837347929961868,3.94750550775104,Amor,0.0342244
2008 AD,0.6793523123269903,6.924667845008427,2.23094347019376,Apollo,0.10531
2008 AG1,0.5602245024957638,4.241402105809019,2.39012252358354,Apollo,0.0503416
2008 AX1,0.4759851362337578,12.91392734737427,1.92327559308512,Apollo,0.0303477
2008 AF3,0.1909557147818715,2.074996599286816,1.3249163150168,Apollo,0.00241903
2008 AE4,0.5625708486941274,5.501891370789012,3.55186075688274,Amor,0.0505556
2008 AG4,0.192564683548484,6.757687631221211,1.21694588109968,Apollo,0.0316976
2008 AH4,0.6366611733119629,67.30198644554926,3.47022905117611,Apollo,0.090454
2008 AS28,0.7302370098184638,19.85754437333759,3.77943352138128,Apollo,0.0657955
2008 AU28,0.5354514934754729,4.234079069875975,2.82000220011305,Apollo,0.00832649
2008 AW28,0.3409003274786512,22.27102928722493,2.30432763930355,Amor,0.320812
2008 AX28,0.4261725176126363,2.154899901151047,3.37725389404186,Amor,0.300821
2008 AZ30,0.6537008982084587,2.338776538376814,1.53820310521631,Apollo,0.027955
2008 AH33,0.5482100136473697,36.78856770435795,3.04905040631444,Apollo,0.04025
2008 AJ33,0.6602039715481726,11.18510796263588,5.89056698952178,Amor,0.181163
2008 AK33,0.7199274071451142,34.09011174859003,3.30248926392051,Apollo,0.0203038
2008 AL33,0.498901616986639,1.704553669711373,4.08538783473415,Amor,0.2936
2008 AM33,0.4123029911536053,1.50808160089364,2.54137906828051,Amor,0.101518
2008 AN33,0.6981716558318339,10.52497656245054,4.09494768875636,Apollo,0.0998785
2008 AP33,0.4813706662083755,8.249459046885722,1.54879042299066,Apollo,0.0265586
2008 BC,0.6003396635634689,14.28331422169752,3.7655005609288,Apollo,0.0102282
2008 BE,0.4154878993166136,3.035137186828484,2.77895998467837,Amor,0.17601
2008 BT2,0.0807789973507803,3.070961620269459,1.2710791313796,Amor,0.0852368
2008 BV2,0.3995256893173084,5.745473869327089,2.89798334187391,Amor,0.242139
2008 BW2,0.3313431152766327,4.109083295629376,1.6453949031174,Apollo,0.002141
2008 BX2,0.3411957851256654,3.135604445961338,0.793680706706096,Aten,0.0313819
2008 BC15,0.7139590106713061,3.527946182192623,3.28452194134605,Apollo,0.00122851
2008 BD15,0.139852399548863,32.17041977859744,1.120505724063,Apollo,0.0139722
2008 BE15,0.6602825852074353,2.51720321479978,3.94188675638353,Apollo,0.0111947
2008 BH16,0.5343982518462711,31.893981554235,2.41218879659605,Apollo,0.16509
2008 BN16,0.6870449698807319,5.513624008958262,3.28959290908758,Apollo,0.0119987
2008 BO16,0.811098678791562,8.483988387506741,3.78100710977615,Apollo,0.000252787
2008 BQ16,0.3613565654919494,14.63923489526118,2.73770959967064,Amor,0.282426
2008 BC22,0.4511142948622169,3.884413825982961,3.24878012797061,Amor,0.203842
2008 CF,0.4695179073010536,1.909542482933422,2.67574716748304,Amor,0.0368307
2008 CG,0.2516367263312581,19.35518699243639,1.04235241688456,Apollo,0.12392
2008 CH,0.6882806112047428,22.13919905899946,3.56639991191514,Apollo,0.0192693
2008 CJ,0.5706879694465624,2.228082806498301,3.69236320876263,Amor,0.0398528
2008 CK,0.5240910248162793,7.272496017923706,3.00882115372562,Apollo,0.0202502
2008 CO,0.01154039884144881,8.071007571206914,1.27550889668598,Amor,0.159248
2008 CP,0.07784662288569391,13.59660406480553,1.1863190987887,Amor,0.0490352
2008 CQ,0.3651015738203489,8.6812522931625,1.40423982696272,Apollo,0.0108977
2008 CH1,0.3249581852466758,14.24731514824575,1.31683195486726,Apollo,0.115167
2008 CJ1,0.3165921053397105,23.10559073283393,2.13224845931365,Amor,0.182023
2008 CS1,0.372340081044241,29.85207275707809,1.36487147952867,Apollo,0.00869067
2008 CT1,0.4564527680414478,0.3712304873481997,0.840767275708191,Aten,0.000254436
2008 CY4,0.4207863254751787,18.99070926414432,2.49784521612816,Amor,0.146132
2008 CZ4,0.3790605541920122,14.58426406370971,1.48050424815353,Apollo,0.0215958
2008 CE5,0.6629129504343658,25.95779427233468,1.12694174150948,Apollo,0.177125
2008 CA6,0.4687449266098783,5.909287265026053,2.2339189753226,Apollo,0.0646763
2008 CB6,0.4071233562322992,0.3114091518394831,2.02875855934761,Apollo,0.00210456
2008 CC6,0.7743718516474867,9.17115678731456,1.41947572844012,Apollo,0.0203543
2008 CD6,0.5934354017441232,1.081904577396168,2.75851697933432,Apollo,0.00237554
2008 CE6,0.4785587892891605,0.8094435769872779,2.61896638029206,Apollo,0.0104431
2008 CL20,0.3187039507784374,15.96806489727106,0.671847363908755,Aten,0.0155702
2008 CX21,0.5131437506355532,28.97027865126351,2.69053364818263,Apollo,0.0649162
2008 CY21,0.2484214736445569,10.70093499354731,0.953404339036215,Aten,0.0462127
2008 CA22,0.72958847638863,8.15060926437787,2.88875305893833,Apollo,0.106596
2008 CC22,0.566588083819579,4.41223311009593,2.74097250390912,Apollo,0.0196762
2008 CD22,0.3216976526306329,10.17721136364701,1.97588373444365,Amor,0.0802578
2008 CE22,0.3120647868287423,4.806511066697769,1.34861153284208,Apollo,0.002017
2008 CF22,0.5630748262432115,2.133676519438781,2.89254266298905,Apollo,0.000207353
2008 CJ22,0.2778115562939725,20.42780445071802,1.72930325474001,Amor,0.0780585
2008 CP23,0.4568084344643437,3.774915054919071,3.27387094084175,Amor,0.201793
2008 CD70,0.08243017377529668,12.59474630322599,1.11882378586354,Apollo,0.00975372
2008 CE70,0.3365180101753411,25.59922667961149,1.77306976479986,Apollo,0.0233381
2008 CH70,0.3196173846812855,6.541112830287754,0.787960347299131,Aten,0.0662316
2008 CK70,0.4695633596891876,6.06657249279422,1.15849784309829,Apollo,0.000110224
2008 CL70,0.6747775089146063,21.4580001464116,3.2651354722809,Apollo,0.0738196
2008 CC71,0.3675459596406696,1.869478817519239,1.74794490499001,Apollo,0.000586234
2008 CD71,0.7493220919282032,47.26992932188253,1.75735592019178,Apollo,0.258971
2008 CL72,0.4325015726041019,15.60463435511953,3.43511570112499,Amor,0.320134
2008 CM74,0.1475496436798499,1.00615498519429,1.14212398881584,Apollo,0.00458575
2008 CG116,0.589276341893586,5.252526626692624,3.84175187740048,Apollo,0.0284549
2008 CK116,0.583330495499676,15.16217514485966,1.65465122506753,Apollo,0.0219941
2008 CL116,0.7430504708407505,18.74753783776801,5.41875374170581,Apollo,0.0269147
2008 CN116,0.3612645417419187,2.391111314585053,1.34690820137909,Apollo,0.00661331
2008 CO116,0.4412511100194444,17.0205377897371,2.09622765299333,Apollo,0.0636538
2008 CP116,0.5603058940357959,0.4131233114620861,3.92358739455061,Amor,0.107873
2008 CQ116,0.1971645192944172,20.99212883300646,1.00612641090827,Apollo,0.0281406
2008 CS116,0.6448345420122212,8.16493472765041,4.60034171208431,Apollo,0.0836631
2008 CW118,0.4257099546763334,2.355594328501609,2.43462909280296,Amor,0.0590212
2008 CY118,0.3735119458079742,21.63456114667956,1.48914079614694,Apollo,0.0754471
2008 CA119,0.367940818213516,9.820174403762936,2.0461346747475,Amor,0.0613192
2008 CD119,0.363301524246274,10.34076507558602,1.01197684499404,Apollo,0.0430528
2008 CE119,0.1760346804917517,7.726104420854822,1.32762632911676,Apollo,0.0465409
2008 CG119,0.4763938843174522,41.31435716671761,2.14537588168543,Apollo,0.0686639
2008 CJ119,0.3406966779074863,3.533234472433484,2.46281006292051,Amor,0.21738
2008 CK119,0.1556750987298161,9.298501088029374,1.30388862932983,Apollo,0.0614795
2008 CB175,0.23917244602143,9.089847575483173,1.56041380432546,Amor,0.0406557
2008 DB,0.2329011180043665,4.223804976450238,1.08130225093062,Apollo,0.000503069
2008 DC,0.2339715656847348,17.44202241160145,1.5998862380826,Amor,0.0973195
2008 DD,0.462875158894648,15.31902080488565,2.70926458129782,Amor,0.0495732
2008 DJ,0.602643003839747,5.056443433078712,2.79058458164093,Apollo,0.000737478
2008 DW,0.361017277983972,6.741287355995437,2.80409052585157,Amor,0.276832
2008 DX,0.5028344285878966,10.06226277873968,3.49215131801124,Amor,0.15691
2008 DY,0.613024657965151,8.802895790870629,4.4061231433605,Amor,0.141728
2008 DA4,0.6220728477446738,4.223897591488112,3.79371762018034,Apollo,0.00899223
2008 DG4,0.6407372338289438,1.845822325045753,3.90270927450302,Apollo,0.0100045
2008 DL4,0.1228420920129522,3.201653739377215,0.896488040954319,Aten,0.00805307
2008 DF5,0.1960773341908363,41.97055733183062,0.819450551309244,Aten,0.0263788
2008 DH5,0.5071625401206855,14.50971255726184,1.88779010198757,Apollo,0.0118223
2008 DT22,0.4392061620515956,21.37240012136576,2.27580390173598,Apollo,0.156777
2008 DU22,0.3977392883919955,3.164996001694933,1.6144634784557,Apollo,0.00567448
2008 DV22,0.6339976769744319,11.04330965961998,4.42309387503429,Apollo,0.0959391
2008 DW22,0.381406427917,0.8358548661340719,2.3144764341993,Amor,0.0857007
2008 DX22,0.4703505798831527,20.84175268231073,1.5586211969737,Apollo,0.0224711
2008 DY22,0.2261548740395048,19.06491913253464,0.743767145535049,Aten,0.0142233
2008 EF,0.5521929653567165,7.997941861406098,3.26713652709572,Apollo,0.12234
2008 EH,0.5816531595619661,3.686821095818417,3.58283290153203,Apollo,0.0137641
2008 EJ,0.4827188244767109,40.397231349862,1.17042579487258,Apollo,0.358275
2008 EL,0.5388302692587329,3.16772789057873,1.15771029485358,Apollo,0.0103196
2008 EM,0.1445352091427059,25.8229480189961,1.2301512141442,Apollo,0.0906943
2008 EN,0.4273189762623216,24.95669390451736,2.13738557247926,Apollo,0.0666861
2008 EO,0.469031205371446,16.17615044376976,1.29518597916302,Apollo,0.0175505
2008 EP,0.2594635914166807,15.84094446378239,0.773511680449674,Aten,0.0383955
2008 EQ,0.4593963512039265,2.724806184833316,2.33121533324635,Apollo,0.00383234
2008 ER,0.2570281147044215,9.408898154879315,1.34015077577038,Apollo,0.092295
2008 EH1,0.2286982461738254,20.35141154448109,1.64675729524296,Amor,0.132195
2008 EK1,0.5576003163225312,39.37888843561954,1.9178876422169,Apollo,0.0562626
2008 EE5,0.07163689890460075,44.8102431809203,0.91835739077594,Aten,0.0202932
2008 ES5,0.6394437007937537,3.922583356426674,2.74779950961416,Apollo,0.0174633
2008 EW5,0.4556035950360637,2.532462830844458,2.82726649320917,Amor,0.102236
2008 EX5,0.3914790765502147,3.384373075745956,1.5872703062238,Apollo,0.000779414
2008 EM6,0.4895737396946245,9.152251677306722,2.49475285264377,Apollo,0.0455863
2008 EN6,0.4679476134361806,27.3338042685073,1.80541173171766,Apollo,0.205115
2008 EM7,0.2432681652818583,33.1313886323132,1.37777530158945,Apollo,0.0186341
2008 EP7,0.2965412267251932,5.738851229575709,1.51795912487454,Apollo,0.0568958
2008 ET7,0.1383609276903181,18.12884507130125,1.69891658133736,Amor,0.337441
2008 EZ7,0.448078439327242,9.305083065631322,2.41097821291573,Apollo,0.00040315
2008 EA8,0.6736616264890225,1.782948529681099,0.937400881379889,Aten,0.00569011
2008 EB8,0.357897800237293,23.19696058690589,2.51632587469219,Amor,0.311647
2008 ED8,0.5454112972739895,7.729438068484257,3.24662295163248,Apollo,0.00297034
2008 EA9,0.07403310947997238,0.4412860500485792,1.07453902659489,Apollo,0.00331578
2008 EE9,0.5276136352564731,9.966368712487702,1.5245313077046,Apollo,0.0460219
2008 EF9,0.5975568825377252,6.626892393472312,3.14880046845701,Apollo,0.0508401
2008 EG9,0.4141038685121877,2.814926357881993,1.75759915019007,Apollo,0.0134312
2008 EJ9,0.3028409445004708,40.18434759103539,2.46329854812842,Amor,0.319966
2008 EC32,0.6470015196898721,1.87520233441586,2.89343397567756,Apollo,0.00506084
2008 EF32,0.5225755492144663,1.737047252058623,2.07868860065313,Apollo,0.000369006
2008 EG32,0.4300914832530126,4.831055970656465,2.02702591329227,Apollo,0.00341959
2008 EJ68,0.2776258406313397,7.747134911183164,1.13841558989528,Apollo,0.0210796
2008 EK68,0.3969271938977286,3.962913175998933,1.80925850875104,Apollo,0.00205204
2008 EL68,0.05706797824799646,1.039076761755038,1.05865603672815,Apollo,0.00203699
2008 EM68,0.572146450408198,4.720912076436734,1.88636419958422,Apollo,0.000183521
2008 EU68,0.5721690238786517,3.299354833515737,1.56146743889407,Apollo,0.0561998
2008 EV68,0.2844016535832369,3.267190586991345,1.76383878120368,Amor,0.0802648
2008 EV84,0.6093117606336601,13.00708025371227,4.01880313568546,Apollo,0.0257017
2008 EW84,0.5821357649563279,5.337465616758831,2.30872039002557,Apollo,0.0140709
2008 EX84,0.5485178185999778,15.31240928293994,3.59385588408288,Amor,0.100777
2008 EY84,0.1749239180182054,4.332629479424218,1.04616659476432,Apollo,0.0136658
2008 EZ84,0.1507796245852828,13.09931815493579,1.01620953023595,Apollo,0.00166173
2008 EB85,0.4539933722819139,10.80208791685095,1.41790255031743,Apollo,0.0437846
2008 EC85,0.7159640952236885,54.81576544880381,4.96062118116211,Apollo,0.298665
2008 ED85,0.3490283443692624,4.831931593123987,1.84120061624691,Apollo,0.00414845
2008 EE85,0.385425039133271,6.528787489084868,1.34221459477989,Apollo,0.00770413
2008 EF85,0.5411783660287676,4.846128057170175,3.01206922307896,Apollo,0.0124568
2008 EG85,0.3963594614495718,20.51702564959341,2.00792574171778,Apollo,0.0421791
2008 EH85,0.2653821283194439,25.14815923831291,1.19358933627118,Apollo,0.0770029
2008 EJ85,0.2601403917452239,6.680918011427872,1.32585203668907,Apollo,0.00256105
2008 EK85,0.2767653375038087,6.61488881714258,1.62309457687585,Apollo,0.0110743
2008 EL85,0.5570610970318689,2.26661260332868,2.61805579725871,Apollo,0.00390799
2008 ER90,0.1756766145388549,20.38720265783726,1.96959126567804,Amor,0.301247
2008 FB,0.4731746310232051,20.51719749934493,2.80597009060331,Amor,0.0604096
2008 FC,0.3443102821323499,5.438820711060107,1.86608836300396,Apollo,0.00303187
2008 FE,0.3559998706488393,12.79051712571551,2.02800446717178,Amor,0.0405943
2008 FG,0.6756411500918605,39.36266446181799,2.39807280060497,Apollo,0.274315
2008 FH,0.5111191795551017,3.504348365777105,2.02628999608765,Apollo,0.0155692
2008 FJ,0.5648679945929822,12.99013635063542,3.63644419890384,Amor,0.103496
2008 FK,0.5722679820230904,3.014052275259944,2.63585584493595,Apollo,0.000370847
2008 FM,0.4699380722644844,10.00118513269631,2.5558030214049,Apollo,0.0684252
2008 FO,0.2760767272443688,0.7364928778010881,1.38174590108312,Apollo,0.00398767
2008 FP,0.8974685170327891,3.424797471678643,4.14409908980648,Apollo,0.0273455
2008 FE5,0.3097381998997149,19.44790739125345,1.69755247453529,Apollo,0.180381
2008 FF5,0.9649921497195851,2.617229665790345,3.42429465054323,Apollo,0.00724204
2008 FH5,0.5200371610302076,0.7559702297985882,2.74465609636762,Apollo,0.00385655
2008 FW5,0.5440871022651309,13.47285326792675,3.12798761969246,Apollo,0.0166479
2008 FN6,0.3589386482608871,13.65147887233176,2.09894244701033,Amor,0.102874
2008 FS6,0.1467737298914104,5.166897488428358,1.47243916455321,Amor,0.102399
2008 FW6,0.63852560012786,6.475282621728335,3.40231921103933,Apollo,0.0385497
2008 FX6,0.1269867912526133,11.12497753056531,0.886334654933775,Aten,0.0116463
2008 FY6,0.3867160119820136,25.55053116225072,2.44085425161409,Amor,0.305294
2008 FJ7,0.2914839168797396,0.4657609364116924,1.20706377628288,Apollo,0.0080032
2008 FK7,0.3931894870509233,1.4260662737073,2.59417016053677,Amor,0.134476
2008 FL7,0.514832198485362,2.087998170034048,3.00324192036683,Apollo,0.035481
2008 GD,0.77662243306811,21.77773872566053,1.31103455336147,Apollo,0.118036
2008 GE,0.2088738611136852,9.930149806818962,1.43439196981856,Apollo,0.123656
2008 GF,0.3376495299091367,22.97202696298359,1.83822564586477,Apollo,0.199522
2008 GG,0.814161475371344,20.86731678628004,1.6072214485642,Apollo,0.146962
2008 GH,0.7709626892015511,2.078363864187537,4.06240568402455,Apollo,0.022791
2008 GJ,0.4705817935934609,4.834011010306696,2.75158673095529,Amor,0.0577958
2008 GK,0.5726789906530132,8.521917964466875,2.1659686627014,Apollo,0.0262821
2008 GQ,0.374650890652524,4.877532762323519,2.23108309038649,Amor,0.076587
2008 GR,0.4364311860313843,3.115696985498948,2.28452130679634,Apollo,0.0169034
2008 GV,0.6106234444215405,30.13157342725832,4.53660430589064,Amor,0.0668496
2008 GX,0.4843750301219893,2.635796248818894,3.43315486253497,Amor,0.164027
2008 GD1,0.614420382151454,5.035944543944774,3.4612517671326,Apollo,0.0506269
2008 GF1,0.463259105996068,1.553288917800511,1.33420092336203,Apollo,0.000653674
2008 GF2,0.3756173032609915,16.90540663111622,2.55120049018717,Amor,0.169464
2008 GK2,0.5799607676833115,11.26403653511805,3.09611729067571,Apollo,0.0542391
2008 GL2,0.1289080325019687,5.170778641725623,1.19046709660752,Apollo,0.0174358
2008 GM2,0.1578424223593373,4.073925942643958,1.08115413733947,Apollo,0.0015215
2008 GP3,0.3923559267315245,4.348944056864277,1.26781813299282,Apollo,0.00810226
2008 GQ3,0.5195972651071559,25.51189780112198,3.2154734843566,Amor,0.117472
2008 GR3,0.3117630857466552,1.364516318172241,1.89714392168075,Amor,0.0456848
2008 GS3,0.374660617112142,28.77687891195571,0.790070457676059,Aten,0.163972
2008 GU3,0.5133765019447298,13.10205944443285,3.76821137548894,Amor,0.180196
2008 GX3,0.4771154516649715,9.543729669042309,2.59887148811628,Apollo,0.0136534
2008 GY3,0.5049006983039294,17.04509466471277,4.12951462179436,Amor,0.299629
2008 GZ3,0.4892520966231714,1.063794521067081,2.95941097138414,Amor,0.0499277
2008 GA4,0.6695593121035477,6.318047538967416,2.35496748276752,Apollo,0.109512
2008 GB4,0.271868707594054,30.10821670433642,1.61816525995945,Apollo,0.0332149
2008 GK20,0.2668858976090003,15.367756761809,2.30173089935048,Amor,0.31006
2008 GL20,0.2025823011824754,6.881038446982595,0.845111964154712,Aten,0.00625113
2008 GO20,0.4907571822182056,2.25017552256332,2.60014825042366,Apollo,0.00903351
2008 GP20,0.4419856648765352,32.64878242197764,2.74186834458419,Amor,0.401223
2008 GU20,0.4120463155879815,5.621478605610741,2.66970833080134,Amor,0.130324
2008 GV20,0.6215226622665085,18.14552531732728,2.85104125723764,Apollo,0.251344
2008 GW20,0.6150576848526458,1.770731337674821,3.65781982135604,Apollo,0.0100743
2008 GB21,0.4140213713688765,1.499133388677558,1.76367539980977,Apollo,0.0024439
2008 GX21,0.4156587728199642,9.530240126817757,2.63434834530359,Amor,0.115042
2008 GA110,0.570337577499334,2.927097494463235,4.8562521279992,Amor,0.225726
2008 GC110,0.1540877166178118,13.98009953048082,1.13914808851016,Apollo,0.0437161
2008 GD110,0.2542186352232572,5.34672724194828,1.03378656042583,Apollo,0.000434492
2008 GE110,0.3938711737209656,3.881668343051797,2.97459136088326,Amor,0.249735
2008 GJ110,0.8217435988008647,13.55129901079765,1.94672550802854,Apollo,0.0936555
2008 GE128,0.4639149641451881,1.721834387643307,2.46422856188181,Apollo,0.00417954
2008 HG,0.508978380248135,5.939681507667812,3.05949375264617,Amor,0.0326945
2008 HH,0.3556291673214528,16.31901005414212,1.59625715444673,Apollo,0.0229495
2008 HJ,0.4071225718297525,0.9236272899650708,2.08486755487526,Apollo,0.00185855
2008 HK,0.5547615814912389,17.45840527750968,3.7186494822648,Amor,0.068705
2008 HX1,0.5859650526760801,6.830424751505034,3.28835948907084,Apollo,0.0125656
2008 HY1,0.4301706003607995,24.45105436050672,2.05935862309687,Apollo,0.119716
2008 HZ1,0.6742044225561784,31.60976513621947,2.71407130103232,Apollo,0.21169
2008 HA2,0.4013394835706863,1.352264982090277,2.32450947871925,Amor,0.0579813
2008 HB2,0.3778978813780985,0.6914155547285076,2.16841669024902,Amor,0.037196
2008 HC2,0.5221752955607766,45.5041187473932,1.38684588121021,Apollo,0.340829
2008 HD2,0.4457454288840308,2.977915804702603,1.77426280880195,Apollo,0.00637294
2008 HE2,0.4568242491333153,9.44704058177475,2.88779200394289,Amor,0.0931667
2008 HF2,0.7456714904521801,14.58631693959014,2.21149693521264,Apollo,0.176053
2008 HE3,0.7195035378150496,31.13899519604779,4.20124464880649,Apollo,0.113503
2008 HJ3,0.4741637829346157,18.25288031574393,2.50966213545202,Apollo,0.051945
2008 HQ3,0.2626778791983581,1.790635477706991,1.57892582054807,Apollo,0.00739972
2008 HR3,0.6591775038466967,3.945990054898771,3.71434024300675,Apollo,0.0020219
2008 HT4,0.229288300084192,16.69150481540193,1.68111904458546,Amor,0.127731
2008 HU4,0.05561520081559095,1.391876205096028,1.10906736310589,Apollo,0.00477348
2008 HB38,0.4928995807941423,1.021362607283279,2.52451991023362,Apollo,0.00317842
2008 HC38,0.4807260382763275,1.500716926407434,1.44731388370024,Apollo,0.000309885
2008 HE66,0.1551407328228712,6.944103529120285,1.63807604704488,Amor,0.18872
2008 JC,0.463208464602884,2.500503314613945,1.06869009604458,Apollo,0.00615132
2008 JE,0.09311524459018664,6.958134354000347,0.975912221991413,Aten,0.0305945
2008 JJ,0.3788412872135888,44.54184945184613,2.30054320671374,Amor,0.135713
2008 JN,0.8033605693136802,32.03836112093997,1.11791636600356,Apollo,0.15941
2008 JP,0.648354063049427,18.38978186089927,1.92367818633808,Apollo,0.13921
2008 JQ,0.107704777465277,13.70333058470292,1.0244580278328,Apollo,0.00618638
2008 JU2,0.5244739882429416,10.71966476738151,3.36846612432939,Amor,0.0545676
2008 JV2,0.5213521203120309,3.191098403131637,3.01611823949532,Apollo,0.0250931
2008 JW2,0.6397684896149831,8.898239601273275,3.79001497656311,Apollo,0.0275489
2008 JL3,0.5470737224259898,0.8916236750577328,3.16019553921246,Apollo,0.000249304
2008 JZ7,0.6465336832666158,24.1553336949732,4.34831780506312,Apollo,0.164273
2008 JO14,0.7938995942366863,4.970567109529959,2.84463062175239,Apollo,0.0758434
2008 JR14,0.3750378637565825,7.868235619776054,2.11153870219481,Amor,0.0389011
2008 JW19,0.6285534949593427,17.36274863799315,2.17597942813069,Apollo,0.075567
2008 JM20,0.5921912034815917,22.47981855718123,1.03332755133881,Apollo,0.163006
2008 JL24,0.1067190128144395,0.5517271428154311,1.05761186055453,Apollo,0.000670262
2008 JP24,0.2777994312139653,1.13629280967948,1.39616916665289,Apollo,0.00179341
2008 JM26,0.3083048981766999,5.173792276226912,1.59865790001016,Apollo,0.0226702
2008 JS26,0.5106141592650989,7.183654531246085,3.16865296719129,Amor,0.0503009
2008 JY30,0.757845279788614,10.88857456230924,3.65824471455075,Apollo,0.176342
2008 JD33,0.3536717140313674,3.004693881853813,1.94113353744371,Apollo,0.0248446
2008 JT35,0.5837346938825778,3.87666790115036,4.14095616336847,Amor,0.060234
2008 KO,0.7378884057281004,14.70654581588959,3.16743166066699,Apollo,0.000419718
2008 KS,0.156624594214022,25.60472324443731,0.962685742775347,Aten,0.0892767
2008 KT,0.0849140664904183,1.984428213841915,1.01662563187603,Apollo,0.000503782
2008 KV2,0.4120237701837313,5.040013427360065,0.783832949540466,Aten,0.0437991
2008 KW2,0.6931979420609926,37.43426908857509,1.73674434052062,Apollo,0.153185
2008 KX2,0.55224968841637,5.031586702133856,3.7080906482061,Amor,0.0584561
2008 KA6,0.3385685581709442,5.982445796326378,1.30035305280458,Apollo,0.025728
2008 KB6,0.4459203866001143,22.05840605805579,2.1476666885929,Apollo,0.0829589
2008 KC6,0.4392971680239325,11.80512354701832,1.57531099922699,Apollo,0.0184564
2008 KE6,0.5209256700068531,3.42770008360087,2.19741364781616,Apollo,0.0224629
2008 KF6,0.5555502318272015,5.787889212340693,3.57736295701406,Amor,0.0391682
2008 KN11,0.528989176610905,5.271363172528024,2.23288915064929,Apollo,0.000985263
2008 KB12,0.5690950848087896,27.0233191634518,4.73569914160224,Amor,0.210675
2008 LA,0.5754156803126269,1.676336828274064,3.3220356632783,Apollo,0.000722725
2008 LB,0.6143562216894581,4.321186529810835,3.93682913457306,Apollo,0.00104885
2008 LC,0.5266988977422824,8.611699192427023,3.10629753089887,Apollo,0.0236729
2008 LD,0.1513039097930569,6.575433210350387,0.846646455607137,Aten,0.000628416
2008 LE,0.2686168457587718,1.940274878039247,1.74489002930192,Amor,0.05271
2008 LC2,0.4993103864166821,23.64549440610435,1.01829756118542,Apollo,0.0202
2008 LG2,0.2295330830797073,3.055411681638419,0.784923345593598,Aten,0.00189327
2008 LH2,0.2759381263528571,5.771447128061269,0.969130221902695,Aten,0.00421362
2008 LN16,0.4233373498332469,7.796365031646165,3.13236451797961,Amor,0.263483
2008 LW16,0.1035161146976955,29.68942426244086,1.10084285906962,Apollo,0.0257971
2008 MG1,0.822769936132509,5.724541845025175,0.692785355701731,Aten,0.0736402
2008 MP1,0.5649634588552287,3.784710904450436,2.59930212150154,Apollo,0.00167526
2008 MQ1,0.2565907161694631,2.3243891541002,1.64253715730701,Amor,0.019778
2008 MU1,0.4367175729727427,40.7573456426277,2.60982722649327,Amor,0.198573
2008 MV1,0.6490130774688141,1.986501211999023,3.38831878761956,Apollo,0.022612
2008 NA,0.3020996682829697,10.01982759640038,0.943788691783323,Aten,0.0260972
2008 NB,0.5546765990956035,20.47608642651529,3.84984534361102,Amor,0.287294
2008 NX,0.207332115977093,0.5984715025958451,1.51754469866886,Amor,0.0289886
2008 NO3,0.6648067799122477,9.963199016378848,4.76991610290222,Apollo,0.00168453
2008 NQ3,0.5817134203193394,27.17178884885374,3.83663234823801,Amor,0.0418163
2008 OM,0.5348026282961648,7.488007376177451,3.876979619259,Amor,0.130914
2008 ON,0.2078391357153193,30.44683101785073,1.76546114137545,Amor,0.143937
2008 OO,0.7020052875057678,5.483351318066526,3.05148597643332,Apollo,0.0151762
2008 OO1,0.6098774127561295,9.388422730316423,3.81819848973091,Apollo,0.0269943
2008 OV2,0.5686724041560063,15.33574427979952,3.69602708132642,Amor,0.118616
2008 OY2,0.6181825313948367,1.111514720557882,4.30998889248838,Apollo,0.00522591
2008 OA6,0.5019218298672167,9.099715099216665,3.13689668736296,Amor,0.0891893
2008 OS7,0.6466614169497411,7.039864659200989,2.6396101850344,Apollo,0.0108435
2008 OT7,0.314322023148313,1.777811441919441,1.21026356710693,Apollo,0.00112483
2008 OM8,0.447756997649537,8.42949931531344,3.04365931029012,Amor,0.158792
2008 ON8,0.3544794347098793,5.15902718112587,2.11566740597057,Amor,0.0495401
2008 OO8,0.507390208658173,6.359481060991177,2.93989531842537,Apollo,0.00570813
2008 OP8,0.6787750192483092,5.221795869383826,3.27039636928404,Apollo,0.0512404
2008 OQ8,0.4650127957092626,1.597774772157216,3.49670486798353,Amor,0.218816
2008 OX8,0.2512188772350486,8.158069259386027,2.03000833971359,Amor,0.186491
2008 OC9,0.2500100824568803,29.31631072438573,1.23852518029263,Apollo,0.0708487
2008 ON10,0.1616472290160664,7.087642433702641,1.2556398025482,Apollo,0.0287495
2008 ON13,0.8118736190512555,5.663431495195728,3.3163667645435,Apollo,0.0379121
2008 PE1,0.5077802668193452,4.459134202109477,3.19377801731831,Amor,0.0516936
2008 PF1,0.4944939658108831,2.755284113150781,1.58588865976907,Apollo,0.00782324
2008 PF2,0.5798018026892809,6.524976061313811,3.8382923895741,Amor,0.0167162
2008 PG2,0.04237685569738166,8.956800765772538,1.21518981717952,Amor,0.103634
2008 PH3,0.4609725373795144,5.980643340424095,3.1020546187298,Amor,0.161283
2008 PJ3,0.7599482747642067,11.36028610651179,2.36484416879118,Apollo,0.169715
2008 PK3,0.5970480023491375,17.10921635783052,2.59623267194245,Apollo,0.00189694
2008 PL3,0.4431870156186309,5.458978526332769,3.4417897692459,Amor,0.262035
2008 PW4,0.2730532769918885,2.680358903245362,1.25319386132213,Apollo,0.00449459
2008 PG7,0.3689326165387965,39.77553301313315,1.89597799875111,Apollo,0.163651
2008 PJ9,0.6607859043962804,4.771166182235542,4.06900740915413,Apollo,0.00939175
2008 PK9,0.7245433596822444,27.39497546244675,2.0946839409949,Apollo,0.00523016
2008 PR9,0.5118121819547837,3.303114408272587,0.916757710551549,Aten,0.0225345
2008 PV16,0.5918403786852876,33.9374638542462,2.55481333733898,Apollo,0.0658566
2008 QB,0.7389587289397531,35.76713662680867,1.32453681833925,Apollo,0.0537959
2008 QC,0.5198865948529625,11.11640492958411,3.42696695487134,Amor,0.164107
2008 QZ,0.4233340331535312,6.829537259729728,3.19442032581284,Amor,0.246207
2008 QA1,0.5138565507302782,26.444921495293,3.3059642114615,Amor,0.108309
2008 QC1,0.6068295039229042,3.681806223713254,4.3430275634357,Amor,0.0315259
2008 QM2,0.3129920955418678,23.73722945209324,1.91883982173801,Amor,0.0531415
2008 QU3,0.2477501464971126,14.06380312324585,0.809862280492728,Aten,0.0657378
2008 QS11,0.4825519166364399,12.48269050641299,2.53898174878113,Apollo,0.00710022
2008 QT11,0.3787838867127697,6.812969519215458,1.61328000222139,Apollo,0.0361477
2008 QU11,0.4957674987091555,7.987051216728783,2.38171421712446,Apollo,0.0197953
2008 QV11,0.4528717627524345,8.278049546400876,0.8650957891589,Aten,0.0980161
2008 QW11,0.5416054914398346,2.72722393804143,3.53113464206291,Amor,0.0675348
2008 RT,0.5649923051317589,21.23018856698594,3.92322908724961,Amor,0.0926635
2008 RU,0.6460091939267268,7.196766257108862,3.05999430025359,Apollo,0.0361295
2008 RV,0.5636280990396764,2.280722906005552,3.4184517159526,Apollo,0.00676407
2008 RW,0.5331595047082067,4.384928833774573,2.79926671732446,Apollo,0.0448828
2008 RE1,0.5230968588409937,5.805051237063513,3.41266639892512,Amor,0.0775232
2008 RH1,0.1617359131295898,7.464427475013636,1.09668417904389,Apollo,0.0719417
2008 RK1,0.5780247756116692,6.650750242532331,4.62193742301757,Amor,0.162786
2008 RQ24,0.4281185733138849,6.044591127569001,3.20261173809695,Amor,0.243919
2008 RR24,0.4524339964333453,32.5143237674449,1.45124117036539,Apollo,0.0555124
2008 RS24,0.6163423440286538,17.21608204532034,3.0516356211099,Apollo,0.101734
2008 RT24,0.4184554180544101,6.928553251892288,2.44730250291795,Amor,0.0737425
2008 RW24,0.5001458163886621,2.153980794981347,2.31563442788957,Apollo,0.00842112
2008 RX24,0.438551916707114,2.020924033961936,3.46120826045163,Amor,0.277149
2008 RZ24,0.5631238195499965,13.97612425478367,3.21653255710515,Apollo,0.0739012
2008 RM98,0.644130566922754,1.898685312342446,4.07366335652222,Apollo,0.0131278
2008 RP108,0.4157297183754212,5.703810069371409,3.09618598031817,Amor,0.235901
2008 SA,0.3330566648454242,2.640967242357147,1.52775090509954,Apollo,0.00492326
2008 SC,0.7020594858115006,16.87264757358708,1.14116323700131,Apollo,0.0337072
2008 SD,0.7395937729157932,17.09260819205354,2.90602795838188,Apollo,0.198721
2008 SE,0.4829026218478839,8.631559311903725,3.63236286327047,Amor,0.230694
2008 SP,0.3505568054182863,16.53111733872291,2.19868508008412,Amor,0.165814
2008 SQ,0.3546156963717633,12.70598633060101,2.10102519531509,Amor,0.0985834
2008 SR,0.4034149559270317,4.480774656435463,2.83260753192989,Amor,0.208437
2008 SS,0.479246673866332,21.13952185099964,0.894724358530566,Aten,0.0448952
2008 ST,0.1262239484693282,1.867918341981942,0.945415261027463,Aten,0.00177535
2008 SN1,0.5136745965496123,6.049713904011496,4.33713346596476,Amor,0.313633
2008 SO1,0.5996717888980393,12.4059368903428,4.89908295994931,Amor,0.254907
2008 SR1,0.6518082735456042,16.90975053724233,3.64697173939471,Apollo,0.0251394
2008 ST1,0.3012187370596752,8.577009849615497,1.62347016379586,Apollo,0.00360902
2008 SU1,0.7570794108488779,8.926349203037713,3.14339010570541,Apollo,0.145212
2008 SW1,0.5340611402577301,16.29509815798962,3.90749666601322,Amor,0.15626
2008 SZ1,0.5253548817677829,4.633714476936368,3.22554654767489,Amor,0.0325743
2008 SP7,0.5323599142036829,9.957562590997876,4.53945917120263,Amor,0.290274
2008 ST7,0.5134993852463018,2.450145004792254,2.69408185621597,Apollo,0.00134808
2008 SV7,0.3313520561517063,4.422165289980314,2.07255417997821,Amor,0.0957882
2008 SW7,0.3519399265570031,17.50919373179958,2.05381538555119,Amor,0.0450543
2008 SF8,0.6044873679188227,5.955537775007529,4.61070383757173,Amor,0.0906215
2008 SV11,0.7264433680480689,8.346369667754036,4.21202343801559,Apollo,0.0116301
2008 SH82,0.5954562438528956,4.633819165729028,3.80169589498362,Apollo,0.0159749
2008 SJ82,0.5773509635686175,9.686963081752511,3.66977484275206,Apollo,0.0485257
2008 SC85,0.5263766921273053,6.307459810808928,3.75412944703415,Amor,0.158857
2008 SD85,0.4072424035666551,23.36831917622581,0.829603699261969,Aten,0.1005
2008 SG148,0.2018547799648006,27.20421000449642,1.56087886535838,Amor,0.0794222
2008 SH148,0.6508662704840107,3.618626986306126,4.4721863584243,Apollo,0.00946165
2008 SJ148,0.3845446823616108,2.632867380662767,1.32987463756743,Apollo,0.00995965
2008 SX148,0.2996394564909997,14.47134768533179,1.18271160883745,Apollo,0.0414653
2008 SY148,0.1916690514077006,28.69441689928627,1.39363206599953,Apollo,0.0126614
2008 SU150,0.3943294124282761,2.480947783614942,2.79119972907089,Amor,0.201384
2008 SV150,0.0896192551962571,22.49356496054864,1.24024086785197,Amor,0.0512573
2008 SY150,0.3287493730283535,6.965923704334257,1.62979104977991,Apollo,0.0250902
2008 SZ150,0.330221663829911,13.06583907447638,1.67234647206505,Apollo,0.0270317
2008 TA,0.6476586187878763,1.520171085890175,1.62188659422042,Apollo,0.00350437
2008 TB,0.6038896125583035,27.40031821428683,3.89058337447915,Apollo,0.0257103
2008 TC,0.4991184367939799,2.670305680428923,2.94919755476879,Amor,0.0479454
2008 TD,0.3385729783792823,5.076729532462856,0.848136779351342,Aten,0.0252265
2008 TE,0.4513873703047369,0.305263391836459,1.86593879427459,Apollo,5.7035e-05
2008 TF,0.5181833015549911,21.03976118798657,0.935874488309124,Aten,0.0775509
2008 TG,0.534672399437015,1.685217274922279,4.04392123270685,Amor,0.175511
2008 TH,0.5612647211925073,9.316287107920546,1.56628523288855,Apollo,0.0394588
2008 TJ,0.3172218529140216,3.493035665426571,1.94700425532508,Amor,0.0612708
2008 TK,0.5176819819006602,15.44018482409059,3.1043648444352,Amor,0.0298385
2008 TL,0.4803964325301135,8.892117557459025,2.3151713075984,Apollo,0.00683309
2008 TZ,0.3966856019789399,1.503096787121809,0.929827245921113,Aten,0.00364597
2008 TB1,0.5842799446556048,22.84449835506132,4.30858852780873,Amor,0.243031
2008 TC1,0.5544860335127622,7.842295231040458,3.09103607201696,Apollo,0.0519987
2008 TD1,0.4918555378024481,1.90319550092041,3.2509307948352,Amor,0.117753
2008 TE1,0.4725639589621273,15.03670472702814,2.71019588132801,Amor,0.0248452
2008 TB2,0.4899977140578093,3.913327135543301,2.97659080264176,Amor,0.0575503
2008 TC2,0.3106098830581881,5.756331690954308,1.10004306687001,Apollo,0.0180736
2008 TE2,0.3256825600779748,3.177382779545038,1.83144971974437,Apollo,0.00926931
2008 TF2,0.3587455650573533,15.98273325267941,0.985350135124644,Aten,0.0116387
2008 TR2,0.2728618608295026,33.85810304492905,2.23239504492777,Amor,0.24719
2008 TC3,0.3120674404369712,2.542215283712214,1.49631125663128,Apollo,7.8036e-06
2008 TX3,0.1865275777424203,2.380799053009527,1.28067972405422,Apollo,0.020776
2008 TA4,0.1232436827708082,15.47464271668009,1.13495237749832,Apollo,0.01271
2008 TB4,0.446794520764612,41.8817843516532,2.45830206823276,Apollo,0.0882859
2008 TE4,0.367782018655719,6.318306663599918,1.77309423964977,Apollo,0.0158224
2008 TF9,0.5361911947604616,41.11082968578999,4.0766194401691,Amor,0.247667
2008 TN9,0.3038070595382449,1.62854148700537,1.31405899146564,Apollo,0.00157946
2008 TX9,0.5103178307299316,7.651319036067921,2.6450207200366,Apollo,0.0173045
2008 TY9,0.2788236923651046,8.302343603845614,1.71327113801901,Amor,0.0446058
2008 TM10,0.6526292048701678,22.35553479459753,3.44269487948975,Apollo,0.0596062
2008 TP10,0.6037037518918009,3.649893937913214,3.15619330002811,Apollo,0.00628568
2008 TQ10,0.4618649769909644,24.70826178838305,3.31570333064244,Amor,0.340973
2008 TR10,0.4695911610852518,5.393154658522259,3.08375263796038,Amor,0.118665
2008 TS10,0.2025680355240586,1.46837425913048,1.4116861276914,Apollo,0.00322976
2008 TV25,0.5123060556998371,9.059771957220496,2.58949592161299,Apollo,0.0577587
2008 TL26,0.5763588738539,17.87690476576287,4.28516865980464,Amor,0.121733
2008 TM26,0.4524548975154824,3.687288547159798,2.17077414729344,Apollo,0.0283826
2008 TP26,0.2873053462913351,13.33610386109641,1.14476886749264,Apollo,0.0792052
2008 TQ26,0.4921242715765192,4.159392834141899,2.3970886033031,Apollo,0.017767
2008 TS26,0.5691346591940873,0.818532556250409,2.66517605270176,Apollo,7.32236e-05
2008 TT26,0.25731486254796,8.475807698251202,1.56090685578193,Apollo,0.00758805
2008 TB27,0.3606897134026995,38.03595327754138,2.3601010103707,Amor,0.153506
2008 TD27,0.6437450289626444,10.92817648692508,3.26079475010903,Apollo,0.116022
2008 TE157,0.6128120886845353,1.91067439637752,4.58963272163702,Amor,0.092308
2008 TJ157,0.5525899353188359,12.53588375472316,4.56084538393241,Amor,0.266476
2008 TK157,0.5177109352290189,4.548906479225341,3.69571801841209,Amor,0.17475
2008 TO237,0.4300294372672854,6.675823053415318,3.30328026907833,Amor,0.253819
2008 UB,0.1587962825729538,35.90725050753172,1.83755380581792,Amor,0.272556
2008 UD,0.3208253743876575,12.6005046304335,1.01383201351277,Apollo,0.0653274
2008 UF,0.3717383887592778,9.140571238109285,2.1204200407552,Amor,0.0412559
2008 UQ,0.4111116543082796,12.28793202615205,1.13468324617117,Apollo,0.197049
2008 UR,0.2717574998062187,4.850337303326357,1.51073595667056,Apollo,0.0205426
2008 US,0.6138063320045678,5.965536058614463,2.0469299752166,Apollo,0.000191635
2008 UU,0.6142597277132944,12.70358205541666,4.62381039007238,Amor,0.10114
2008 UV,0.3397329561271585,13.03854538395505,2.08574268083261,Amor,0.0828768
2008 UE1,0.4868695965960277,8.418637794080333,3.34309122798808,Amor,0.152845
2008 UF1,0.6343729164933957,5.004452963293015,2.54922326997636,Apollo,0.00958875
2008 UM1,0.682699372809894,5.285448142444352,3.57402235216369,Apollo,1.16119e-05
2008 UT1,0.4622165754005805,43.30294370579585,2.07720187056359,Apollo,0.0802924
2008 UU1,0.7504859344324603,12.09775224574714,2.03885974492304,Apollo,0.0220338
2008 UR2,0.3684613017813163,2.361362237033683,1.6899720622953,Apollo,0.00306456
2008 US2,0.2786603964863668,4.407152809113075,1.88814522690918,Amor,0.11267
2008 UT2,0.4843013450677208,7.58740610020478,2.4305822182805,Apollo,0.0240385
2008 UL3,0.224114722079706,6.582186372582905,1.4730967431172,Apollo,0.070507
2008 UM3,0.2515634174268661,10.72404097003802,1.76608557966506,Amor,0.122561
2008 UN3,0.2334458457994339,24.84634904111988,1.08010921079587,Apollo,0.137591
2008 US4,0.6325724594534956,13.17618135260331,3.5714478987431,Apollo,0.0802122
2008 US5,0.3297070849639978,29.74185851823651,2.43046847033904,Amor,0.345509
2008 UT5,0.5542900355328609,1.607006904440285,3.43380524755727,Apollo,0.0317331
2008 UU5,0.5086389800942916,15.59049809432853,3.92354567221663,Amor,0.228436
2008 UV5,0.603219363136422,3.517599074452816,4.1664631869597,Amor,0.0419422
2008 UA7,0.3598104119329523,10.06993168482914,2.05096487915042,Amor,0.0638729
2008 UB7,0.5941674394130575,2.021613133560011,1.3735515085911,Apollo,0.000957022
2008 UC7,0.4446942418631815,1.007149709067257,1.51830362680327,Apollo,0.0115083
2008 UE7,0.4482798058661043,3.948688667221666,2.11651058707344,Apollo,0.00891705
2008 UF7,0.6061762300788869,19.85582614625392,2.11818931844352,Apollo,0.236571
2008 UG7,0.09468716242307433,40.82276059526625,1.35999097993167,Amor,0.16342
2008 UM90,0.5058102724396066,5.968105911326353,3.25782581706922,Amor,0.102778
2008 UO90,0.4321265924597481,5.745589536616931,3.25978139344194,Amor,0.259357
2008 UV91,0.6150949431224856,19.48874549411559,3.28490388734217,Apollo,0.121404
2008 UW91,0.5715818627666164,7.318637973385171,1.22850647560968,Apollo,0.0205634
2008 UX91,0.2152788252466337,27.21756844189844,1.73832778215365,Amor,0.165111
2008 UY91,0.905950939433354,32.3878025041933,19.7843304117147,Apollo,0.10941
2008 UZ91,0.2650512511158432,17.65416988228739,1.93125316868717,Amor,0.19601
2008 UA92,0.6052436793563445,3.051916655415359,4.19781225397893,Amor,0.0335895
2008 UB92,0.3439907366440216,7.261650168954549,1.90811765584015,Apollo,0.0516673
2008 UB95,0.2686087379295514,3.259928824431346,0.984204542754115,Aten,0.000834017
2008 UD95,0.1380031334582849,4.348963848595861,1.22222560693433,Apollo,0.0424538
2008 UT95,0.5752505137788692,3.807991511024684,2.44436151081637,Apollo,0.00067275
2008 UU95,0.6851301408831156,1.147256487052785,3.98952197767955,Apollo,0.0119077
2008 UT99,0.3088971185458036,1.591785537401474,1.91052393831626,Amor,0.0700926
2008 UU99,0.5386806972696062,4.272235599587175,3.57820663845344,Amor,0.0863183
2008 UW99,0.6161972429196543,1.470093194974307,3.86609521243523,Apollo,0.00641365
2008 UP100,0.414660498906432,5.84885917281919,1.92899021124674,Apollo,0.0403386
2008 UZ201,0.4973248994121022,2.986138328021201,3.55426511767298,Amor,0.176509
2008 UA202,0.06852919543209567,0.2624859345646528,1.0503961321943,Apollo,0.000281044
2008 UB202,0.4867798173469325,6.557888392074061,3.94970794798732,Amor,0.288986
2008 UC202,0.06861115675455677,7.450305245684215,1.01629007277048,Apollo,0.00419463
2008 UD202,0.4118219007083858,5.670216413420206,2.58231037818714,Amor,0.135739
2008 UE202,0.4740749737354674,2.01330282077622,3.88202558832258,Amor,0.300021
2008 VC,0.172589383849952,5.72289766365498,1.18767334379045,Apollo,0.00659438
2008 VD,0.2415625711242592,31.56998153267685,1.37777840574535,Apollo,0.046331
2008 VE,0.6383747881503352,7.683029398471112,4.40708212201058,Apollo,0.0574992
2008 VH,0.4702377918461077,5.085811218482253,3.13227656710396,Amor,0.150317
2008 VJ,0.4516428930735014,25.04496377602996,2.13996604480323,Apollo,0.164863
2008 VK,0.4464885512167834,28.99941596493086,1.96507159012639,Apollo,0.0228195
2008 VL,0.6177203627172285,2.680715044451174,3.76793945305867,Apollo,0.00142411
2008 VM,0.3927265388987401,4.088181682384307,1.54136319611181,Apollo,0.000312679
2008 VU3,0.6187652537599834,3.940881133412249,3.91704888276047,Apollo,0.00791272
2008 VY3,0.3479296736033084,12.38335137067085,0.984564361484088,Aten,0.035421
2008 VZ3,0.5249235232450171,3.576428913358409,2.51776606344354,Apollo,0.010866
2008 VA4,0.2195503416691014,11.41494006245282,1.45813743465507,Apollo,0.0199373
2008 VB4,0.6188784211087499,0.05704468129981054,3.62638163897499,Apollo,0.000512873
2008 VR4,0.3879977280016349,4.165994772450926,0.884570444230551,Aten,0.00194053
2008 VT4,0.1250854717827713,22.12233710268497,1.73167707521511,Amor,0.322684
2008 VG14,0.5611130536960408,10.07918405962927,4.69839009373709,Amor,0.290338
2008 VH14,0.6387849716414297,1.416492077226233,4.87189742098053,Amor,0.0596902
2008 VL14,0.8182082491081802,1.952256183339495,3.29486395716143,Apollo,0.00433255
2008 VA15,0.3035522060517227,1.817881330663106,1.74450347335033,Apollo,0.0392893
2008 WB,0.09471081468207583,44.27200133675668,1.62842117897902,Amor,0.268205
2008 WC,0.4579273190842399,2.222445371500479,2.29990345109204,Apollo,0.00582736
2008 WD,0.6157570630382266,2.205154724455455,3.75997097171007,Apollo,0.0085913
2008 WE,0.5570367548278905,1.030234395137325,3.48022808953854,Amor,0.0272742
2008 WK,0.2818236349563725,6.338168830292065,1.68785673163251,Amor,0.0485136
2008 WL,0.6440835393736665,6.715269399138235,4.51349392717207,Apollo,0.0840062
2008 WM,0.1377453438042244,12.64874750386283,1.11306573421776,Apollo,0.0456276
2008 WP1,0.4323027885288603,7.56515793683085,3.30778453701279,Amor,0.277461
2008 WQ1,0.6067560618347171,34.9577826082571,4.38172313922849,Amor,0.0851851
2008 WO2,0.1882073201429443,2.010261982006034,1.03798801692639,Apollo,0.00246958
2008 WP2,0.3507015055405292,14.90061641615623,1.84588085258731,Apollo,0.0391695
2008 WQ2,0.2047090221229624,13.45099585068462,0.778853961591712,Aten,0.0275327
2008 WY13,0.7403105396091971,15.54657707189519,3.72732032114225,Apollo,0.0524773
2008 WA14,0.4281304682744729,13.01829329995805,1.41995893504496,Apollo,0.00249898
2008 WB14,0.579398086789527,8.460076312564851,3.84002831725834,Amor,0.0453062
2008 WC14,0.6593677362951295,21.05155972341671,5.72876472139543,Amor,0.115579
2008 WD14,0.5659130374159691,5.605965126771472,3.34393643684136,Apollo,0.00699494
2008 WE14,0.3879658922811485,13.99046289921191,2.0859840883671,Apollo,0.0547392
2008 WF14,0.3039849233309161,6.862980751159418,1.91116357721797,Amor,0.0884789
2008 WG14,0.4877195105780682,4.465475478775955,2.13796726601911,Apollo,0.0123425
2008 WH14,0.256275113351751,6.569458053722217,1.64283997269619,Amor,0.0487334
2008 WJ14,0.7246425124699639,10.95754841682305,7.39676607303652,Amor,0.0570659
2008 WM32,0.5802465613884609,39.16293211139192,3.33055748771856,Apollo,0.117206
2008 WW32,0.4929403088498361,10.24426346007673,3.11178690795497,Amor,0.0974209
2008 WY32,0.6163610833288282,8.60969444097935,1.26968915906768,Apollo,0.0527567
2008 WB59,0.1880585762224613,25.64611553055825,1.06815512231878,Apollo,0.163207
2008 WH60,0.2614048459269088,13.2676316412653,1.94706266190777,Amor,0.191113
2008 WK60,0.3203783884584046,8.487103483426235,0.688154354757023,Aten,0.0171409
2008 WL60,0.5476950381360169,18.04690825196672,3.75333803723076,Amor,0.30029
2008 WK61,0.4198936652977961,17.16345772592932,2.13885438263649,Apollo,0.0217658
2008 WL61,0.5230902462414031,7.419624943885508,3.39283136367319,Amor,0.134479
2008 WM61,0.3335473138368392,2.514933922569784,1.80482972438428,Apollo,0.00906987
2008 WS62,0.3157033158986099,5.214928446579554,1.42890897958705,Apollo,0.0131066
2008 WT62,0.3538403915522846,18.19407189380979,0.831438568886831,Aten,0.0848755
2008 WL64,0.7223970343460879,41.62239794040315,1.52889963411825,Apollo,0.146741
2008 WY94,0.1816861192692318,6.054347239263723,1.27717973097009,Apollo,0.000272112
2008 WE96,0.4447122267127006,13.34325502246669,2.62421625474306,Amor,0.071459
2008 WF96,0.5803515373358427,1.825477664394007,3.91329741633298,Amor,0.0553794
2008 WG96,0.4927160973663332,0.6729183387071342,1.07519975317301,Apollo,0.00343718
2008 WH96,0.4044378534215556,7.296935096972247,1.60807821157618,Apollo,0.0168953
2008 WJ96,0.5933298082511523,2.022259343345341,3.8287609649227,Apollo,0.0252611
2008 WK96,0.4992895684011895,8.223357074887218,2.30683754612713,Apollo,0.000209623
2008 XF,0.1368647099253067,14.45175712875871,1.48906848790276,Amor,0.201186
2008 XG,0.2376418800977163,24.92361267774968,1.69667723398212,Amor,0.108322
2008 XH,0.45242542241933,15.59311685439293,1.58699914624541,Apollo,0.01675
2008 XK,0.6854390448121412,6.151898610802182,4.69959442055671,Apollo,0.000550058
2008 XN,0.5881273592568521,5.310612680935248,3.18847837687269,Apollo,0.0326519
2008 XO,0.4883484166942972,5.186172628074892,2.8313614717878,Amor,0.042339
2008 XP,0.3524706669643777,10.61372244856924,2.73574801899218,Amor,0.297017
2008 XS,0.2129948545254631,3.345890999538344,1.43822892305068,Apollo,0.0172774
2008 XC1,0.576915087135882,4.468538894608801,2.9429056424558,Apollo,0.00441888
2008 XK1,0.1612061463294744,17.91466480079252,1.52537974059604,Amor,0.166424
2008 XL1,0.1979963525265164,27.21825435932199,1.69449821285968,Amor,0.213524
2008 XM1,0.7868059524720274,5.045974539934371,3.61813995871518,Apollo,0.00318215
2008 XA2,0.6126107151688267,2.926191921328995,3.6823550484494,Apollo,0.00783606
2008 XB2,0.3775934257194227,2.512580532483004,1.25150818301046,Apollo,0.00483185
2008 XC2,0.4883105922767478,4.054818914540971,2.75530294850821,Apollo,0.0545903
2008 XQ2,0.5529423435362049,14.52227008326754,3.2656110387919,Apollo,0.00833846
2008 XU2,0.6170951722523169,2.954915265771301,3.84653757778068,Apollo,0.00270215
2008 XV2,0.4185288464858153,26.48173972210727,3.20302104637546,Amor,0.332883
2008 XW2,0.4438752963434349,26.45639542620829,1.09892367044565,Apollo,0.0400542
2008 XX2,0.5341840548440077,12.69061265628542,3.99290790521762,Amor,0.215873
2008 YA,0.8312334753773576,31.0636299315204,4.31796588717518,Apollo,0.434416
2008 YF,0.4381813725126993,21.98345624227083,2.07703668408455,Apollo,0.00306581
2008 YJ2,0.5239284355498504,24.44967013350845,2.38921347424786,Apollo,0.0912143
2008 YL2,0.5418655039733684,23.01012782840381,2.01657848922775,Apollo,0.0119468
2008 YM2,0.552753393946355,4.904164767135242,3.5533834029784,Amor,0.0574361
2008 YN2,0.2203632696802158,3.516627146271379,1.05498558435526,Apollo,0.00594562
2008 YO2,0.5880808935766061,1.419961609418166,2.15064031766827,Apollo,0.000521246
2008 YP2,0.3260925897602932,6.933951558573696,1.89692919099862,Amor,0.0956052
2008 YQ2,0.2553080311487659,23.29322710087898,1.05207538338148,Apollo,0.0197398
2008 YR2,0.4343930897389029,7.778083509797661,3.4027547397065,Amor,0.289866
2008 YC3,0.04559110705254656,12.04453261341528,1.02391779556941,Apollo,0.00207381
2008 YD3,0.5414054307892767,0.3030246237347325,3.4148742255262,Amor,0.0563075
2008 YE3,0.2861916259285263,19.31587318449224,1.92849450248835,Amor,0.132087
2008 YF3,0.3268497132169375,20.47985367143945,1.90770700353169,Amor,0.253354
2008 YG3,0.5738420291303402,10.6410654120285,4.13950087864795,Amor,0.119552
2008 YJ3,0.47594042150524,25.6153108253615,1.9006073235363,Apollo,0.0592214
2008 YG26,0.5272788941587494,9.731388401241261,3.21055869028033,Amor,0.0815748
2008 YM27,0.4608481790963057,17.77934045193107,2.17539758547536,Apollo,0.0419645
2008 YN27,0.5962615152981585,23.93563321945863,3.24049101542216,Apollo,0.0579465
2008 YO27,0.2546671457217594,41.32055216479392,1.94139632950279,Amor,0.272646
2008 YQ27,0.3064729420600578,15.20036731147244,1.49205339548539,Apollo,0.000320353
2008 YZ28,0.6171335118533822,35.46863668795957,3.95319897197682,Apollo,0.100309
2008 YA29,0.4897803731767194,5.960324776087348,2.97811403365805,Amor,0.0728545
2008 YB29,0.5794980529411583,3.977888153159491,3.6662955431383,Apollo,0.0186956
2008 YC29,0.3974532839085271,3.262845258328893,0.802887997129661,Aten,0.00730683
2008 YD29,0.5656324632022899,15.24593457968168,4.95038051329312,Amor,0.291048
2008 YE29,0.6285274067203996,6.267096063176631,4.63419754068196,Amor,0.0466177
2008 YF29,0.6159593970569359,1.44175974555699,3.8062978503399,Apollo,0.00243638
2008 YG29,0.5245455464115414,6.020032655483941,3.33155109479575,Amor,0.0808744
2008 YE30,0.7357336114701498,14.23897604226517,3.61924943051534,Apollo,0.0585049
2008 YF30,0.3225737158162141,10.00632601310009,1.49862355911489,Apollo,0.0497896
2008 YG30,0.5033425180865982,7.804838279141522,2.3773942988277,Apollo,0.00391125
2008 YH30,0.4725388353520558,5.44667804450678,2.20251312168467,Apollo,0.00881524
2008 YU30,0.5862763541345333,6.019983936145476,3.90197922331537,Amor,0.0434178
2008 YV32,0.4141339479631052,1.095668164591629,1.89197541777549,Apollo,0.00195754
2008 YW32,0.5609702785149497,0.9854884474651816,3.54076216987014,Amor,0.0343189
2008 YY32,0.5491268526244497,6.029668682252922,3.02581390041068,Apollo,0.00684999
2008 YC33,0.2662837007715518,11.88626819053165,1.54562795671344,Apollo,0.094873
2009 AK,0.6312188930263742,26.23755767387562,4.15213441085,Apollo,0.080686
2009 AL,0.6547921447253868,4.073573498272298,3.98232187062817,Apollo,0.00877213
2009 AM,0.57973463091282,10.92074356095965,5.2470226464248,Amor,0.2884
2009 AN,0.5706761924038678,21.52479951132377,3.71872488102097,Amor,0.279854
2009 AT,0.7172049738100442,11.9695589158637,8.77239443751471,Amor,0.277859
2009 AU,0.2653423376375764,32.82149379954755,1.8896030754294,Amor,0.221741
2009 AL15,0.1595030420521591,16.52262390679455,1.48400791068689,Amor,0.204385
2009 AC16,0.5414767398475262,18.51388382412907,1.90225075510369,Apollo,0.012219
2009 AD16,0.5975324460231012,15.23854865846135,4.23908768715268,Amor,0.0796379
2009 AE16,0.7365052922594669,46.15644097248997,2.39336981775381,Apollo,0.0263892
2009 AF16,0.4608573931430753,14.7588568134191,3.23345348322362,Amor,0.193952
2009 AG16,0.6248133989921021,28.04975494883448,1.92831290182694,Apollo,0.0560332
2009 BC,0.5401550635722573,8.544512906064538,1.12395258270961,Apollo,0.0495326
2009 BD,0.0519080646276875,1.26733117891053,1.09460559259889,Apollo,0.00322842
2009 BE,0.4459803056015633,0.9511288817604505,1.78687091695532,Apollo,0.00050361
2009 BG,0.2727855148065174,5.557570201821389,1.16200274260701,Apollo,0.0072128
2009 BF2,0.1843629213798444,4.550620813105444,1.09537690442024,Apollo,0.00963259
2009 BG2,0.7660303119016173,11.42500209659274,3.77987528726822,Apollo,0.193473
2009 BH2,0.4757755615129294,23.19001509750155,0.734634358300819,Aten,0.000923435
2009 BJ2,0.2789328485711067,6.501956273774177,0.920193429766054,Aten,0.0109921
2009 BK2,0.212550946816368,3.554966409174517,1.01893462920531,Apollo,0.0256943
2009 BM2,0.5716163709831849,25.09773174143041,4.4887783833853,Amor,0.184987
2009 BN2,0.4976183041994795,4.144823156525611,2.38801782259249,Apollo,0.00737777
2009 BW2,0.1399490712453129,1.01816803055606,1.03199700945412,Apollo,0.0163583
2009 BO5,0.3264383052916514,3.46027598235335,1.69636976572785,Apollo,0.00457489
2009 BP5,0.6867884653427417,4.934196416342715,3.10074259422166,Apollo,0.000782228
2009 BQ5,0.6574552486636555,11.7554663275318,1.38924191015592,Apollo,0.0636938
2009 BR5,0.6592671936390626,3.836947143243016,2.88777672416324,Apollo,0.00445208
2009 BS5,0.3831577828070876,1.855232496713468,1.97876723923257,Apollo,0.00445985
2009 BU5,0.6779186508933381,4.615124669139482,2.13578479023194,Apollo,0.0690673
2009 BA11,0.4845527516483222,4.404139543315631,2.67935987583915,Apollo,0.028274
2009 BC11,0.603156124029992,3.241118751765867,3.51375914747994,Apollo,0.0423069
2009 BD11,0.624220104211519,12.65776917865337,4.73001373847894,Amor,0.0746375
2009 BG11,0.2041398675620497,22.96652169337851,1.19107117448847,Apollo,0.0387989
2009 BH11,0.6426209214109335,0.4430669421581367,3.74454124103701,Apollo,0.00412522
2009 BC58,0.4864093611154571,1.848771283729475,3.48787861603152,Amor,0.192503
2009 BD58,0.4757571303390726,15.57976545639861,2.21386618732609,Apollo,0.065224
2009 BF58,0.3778612981101067,0.9838689441701481,1.86148119817151,Apollo,0.000600565
2009 BG58,0.5101715354241584,4.996947296632372,2.90136442111446,Apollo,0.0153489
2009 BH58,0.5024406238249843,3.697095741194654,2.86048057853982,Apollo,0.0163886
2009 BK58,0.6189298704839575,2.587399236957721,4.08458693866567,Apollo,1.11608e-05
2009 BL58,0.4692703272201784,5.480816261886037,2.20875068284644,Apollo,0.00691849
2009 BM58,0.5908711887372138,6.071273052200564,4.04324853296847,Amor,0.0648196
2009 BN58,0.2470781188584892,6.706185540041374,1.59876396900295,Amor,0.0467347
2009 BO58,0.44979640978979,26.24767085987464,0.764869453259152,Aten,0.0910604
2009 BA71,0.2570639963576192,3.851103302140304,2.09924453094665,Amor,0.229092
2009 BK71,0.377348534366822,36.30378313033302,2.46004603722051,Amor,0.367906
2009 BD77,0.219945880288451,17.46916580931297,1.0828920961972,Apollo,0.0846216
2009 BD81,0.6394090122305666,12.46436944318073,4.17481330719908,Apollo,0.0455766
2009 BE81,0.349535424299218,18.7997394874072,1.87916953420635,Apollo,0.0320306
2009 BF81,0.5507004043565654,8.588705704501303,2.94945497743717,Apollo,0.0061283
2009 BG81,0.4596663356134982,3.054415583885636,2.40495571812636,Apollo,0.00865885
2009 BH81,0.2749902961751007,45.1326940776163,2.08449577219255,Amor,0.403985
2009 CD,0.2639529098410738,22.77089494557816,0.855705768791284,Aten,0.101798
2009 CE,0.1882116059483906,8.142121521505707,0.843721124696253,Aten,0.0652478
2009 CF,0.5097424592619527,29.46645304306329,2.86748723323241,Apollo,0.147433
2009 CG,0.3017864117486648,18.19610276820002,1.67454919182602,Apollo,0.0829836
2009 CP,0.5528712081915508,8.00102776246856,3.22377809409898,Apollo,0.0186628
2009 CQ,0.3826480184773601,5.717785426618489,1.64815608691625,Apollo,0.0230999
2009 CR,0.3784765650523865,3.217918279128343,2.26814608319216,Amor,0.0920827
2009 CS,0.5953077110611489,3.208911062287263,2.84347027798463,Apollo,0.0411236
2009 CV,0.1507181259922387,0.9417762381479172,1.17860539679991,Apollo,0.0117882
2009 CQ1,0.4866964629457792,6.686218773102844,2.89107779738843,Amor,0.108856
2009 CR1,0.4081213435826729,4.536315956148696,2.23895418447549,Apollo,0.0610473
2009 CS1,0.3283502597430569,14.88230951576195,1.55948088098918,Apollo,0.075169
2009 CT1,0.5024416233627731,3.413536046790409,3.09792606923068,Amor,0.0754105
2009 CU1,0.4678195186912653,4.670046335154621,3.37830430266902,Amor,0.207328
2009 CV1,0.5289299365375606,8.295091395172495,2.45288081137109,Apollo,0.0332654
2009 CW1,0.4864275294024861,14.27294489054644,3.48012965597532,Amor,0.224231
2009 CX1,0.5790196228726016,1.586674237520849,4.70687121415631,Amor,0.200944
2009 CY1,0.135879726899354,19.74064625643909,1.69878700810035,Amor,0.246018
2009 CZ1,0.6607041082447047,2.203382784060154,3.38535688408894,Apollo,0.00121228
2009 CC2,0.6790546146519358,2.652225883728052,2.6278213488098,Apollo,0.00121908
2009 CD2,0.5137436050851141,3.479528774648226,2.82578201970183,Apollo,0.0170244
2009 CX2,0.6144364096396209,3.75752542648897,3.73311607765875,Apollo,0.0541266
2009 CZ2,0.6976821847344982,16.66602050579981,3.72123723873093,Apollo,0.0878588
2009 CA3,0.5433164208522554,9.22187215305153,2.10733588330248,Apollo,0.0788024
2009 CR4,0.4179608041958265,4.777357255142908,2.3195578739957,Amor,0.0699003
2009 CO5,0.3446268119446806,4.229674124424269,2.1319565885847,Amor,0.0947414
2009 CV5,0.4982363933072091,1.345420767765393,2.80767604005753,Apollo,0.00351082
2009 DD,0.4937220551221319,5.756227065097381,2.90344982165253,Amor,0.0409986
2009 DV,0.7251445353069244,4.125590677846092,2.66813355350586,Apollo,0.00976449
2009 DW,0.4674063380122116,2.86174758531722,2.61407003953388,Apollo,0.0228463
2009 DX,0.5755834540871149,14.68326338746562,3.78315781112896,Amor,0.0597599
2009 DA1,0.7030225810108667,5.872184758328483,4.09045754391046,Apollo,0.039949
2009 DB1,0.4399072423727006,4.436078907174311,1.36571609963572,Apollo,0.0386105
2009 DC1,0.276365187678257,8.780108951206117,0.816296165632282,Aten,0.0307669
2009 DE1,0.6119485876573968,0.9495384365440479,2.27613060858618,Apollo,0.000429022
2009 DF1,0.4080628984873858,4.063740198739097,2.78184292734732,Amor,0.179871
2009 DL1,0.4646628455097136,3.558261337873549,3.35561047328496,Amor,0.197572
2009 DO1,0.4588756561074666,6.847871302080813,2.73908531180115,Amor,0.0690333
2009 DR3,0.5588730693625997,4.069703855847643,2.78211664027056,Apollo,0.010727
2009 DN4,0.2387325667793158,3.130339547238526,1.35787043360076,Apollo,0.00697516
2009 DO4,0.5711114377694063,37.92792719455715,4.34016583709238,Amor,0.187083
2009 DP4,0.4354070253047769,19.27412066854173,2.10968919662347,Apollo,0.0790993
2009 DQ4,0.3854590240503,16.87546246587865,1.96199864324947,Apollo,0.101028
2009 DG9,0.5865203954143334,20.9598653687312,5.04958172612924,Amor,0.286161
2009 DS10,0.5866340291830835,7.507867117269082,3.27735554914222,Apollo,0.0395708
2009 DT10,0.6208371577472735,3.981613994319361,2.98773690276395,Apollo,0.0181409
2009 DU10,0.346997741106366,10.3961221904885,1.80968370700275,Apollo,0.00544918
2009 DB12,0.5658088086078767,26.87866756462442,1.26853977464938,Apollo,0.112855
2009 DC12,0.2567420235580228,2.904896533231188,1.53682147887293,Apollo,0.0406413
2009 DR36,0.4402848236911827,17.54993485267402,2.2112635377872,Apollo,0.149033
2009 DS36,0.2508863709555278,17.864957741291,1.60710596309787,Amor,0.0448333
2009 DM40,0.3432765532319688,6.820740483474632,1.53693696387042,Apollo,0.00406658
2009 DZ42,0.58287454861614,13.10396892779496,3.82982702552096,Amor,0.0374997
2009 DA43,0.1185952829229498,6.707547654613217,1.02523730312765,Apollo,0.0835901
2009 DB43,0.1718204982521248,0.9339701815108313,1.15599133647884,Apollo,0.00734513
2009 DS43,0.4585473177449572,28.63100777462846,1.37628168652795,Apollo,0.0167429
2009 DT43,0.6684705323666132,4.615157213359917,4.06559265366529,Apollo,0.00181576
2009 DV43,0.6549697431054112,4.36668485053861,3.24318969976448,Apollo,0.0189504
2009 DA45,0.4322995440953032,1.244268683837826,3.37598447886566,Amor,0.285557
2009 DB45,0.451790679684375,20.51806795881773,3.08692637378043,Amor,0.343911
2009 DC45,0.3696177559720584,3.507142798422305,1.67756204421691,Apollo,0.00860647
2009 DD45,0.2048415935929692,13.7437444686827,1.38240104310747,Apollo,0.000384961
2009 DM45,0.3673420810517173,26.69308982222903,1.26927779708901,Apollo,0.00735078
2009 DN45,0.4746598476257746,8.531691304842822,2.72230891120455,Amor,0.0323362
2009 DJ46,0.321525315873649,18.94817415180782,1.43237232375834,Apollo,0.0218859
2009 DO111,0.2814928879851373,2.978900467748886,1.07743724177587,Apollo,0.00220417
2009 EA,0.5378210459821592,8.521010355232816,3.18561981443368,Apollo,0.0208213
2009 ED,0.3973522676013521,30.56089561881816,1.2226604231313,Apollo,0.318639
2009 EP,0.5544430552398378,2.199007619117186,2.72708614743989,Apollo,0.0284052
2009 ER,0.4694388747535725,4.448193035691518,2.60574813144174,Apollo,0.0287287
2009 ET,0.3055425383968462,3.177741562105729,1.74225586740346,Apollo,0.0235933
2009 EU,0.5191603082920783,4.387627758882569,2.64063681285223,Apollo,0.00281782
2009 EW,0.3891667360086739,10.71112547318169,1.41029337560193,Apollo,0.0018367
2009 EX,0.3979263728551843,7.392533623305838,2.16050341051616,Apollo,0.118536
2009 EY,0.5221227110207854,1.315150031400353,2.49088339890909,Apollo,0.0113017
2009 EZ,0.5169929279489064,18.66209654332941,3.55597285901991,Amor,0.222542
2009 EA1,0.3457175516801884,8.936024536865945,2.0724099243791,Amor,0.0800974
2009 EC1,0.4570881359910998,11.99489072693382,2.49139559891787,Apollo,0.0919243
2009 ED1,0.4074069482952448,29.78063776768268,2.83997430237246,Amor,0.193121
2009 EE1,0.5370299236304785,0.6068506705537619,3.5057311634133,Amor,0.0750592
2009 EF1,0.3729760457391272,12.53212897842058,1.6180489706103,Apollo,0.0387158
2009 EH1,0.3494602263658663,1.1598415742606,1.26176615900927,Apollo,0.000347719
2009 EJ1,0.4749339961845835,0.02531047084077909,2.02254206307759,Apollo,0.000188366
2009 EP2,0.3562281047001177,27.70316903363288,0.89260725336375,Aten,0.0408638
2009 EQ2,0.5033406000530205,6.522491523790769,3.7368787706712,Amor,0.204234
2009 EG3,0.5428782494001013,22.55547693269494,1.5750346558971,Apollo,0.0857399
2009 EH3,0.6166183497028724,6.257203450302725,2.83195224402305,Apollo,0.00641478
2009 EX43,0.4632033854541391,4.426566291730796,3.65184809947656,Amor,0.278703
2009 FA,0.5546522486132606,41.89580244971373,4.2513737705174,Amor,0.193939
2009 FE,0.6138468582666673,1.899553686729447,4.01997469249834,Apollo,0.00127047
2009 FG,0.5307454622034123,0.03442277966504898,2.76724923892135,Apollo,0.000423046
2009 FH,0.339064084474152,0.6898628583520966,1.79175859914139,Apollo,0.000100161
2009 FJ,0.568606764598266,0.8870989568432459,3.27398652972804,Apollo,0.000173484
2009 FK,0.370632015692917,2.814743064430268,1.88321241252199,Apollo,0.000159172
2009 FL,0.4661180993383301,26.1088976469233,0.970195171900933,Aten,0.0301681
2009 FP,0.5346972437764219,6.143464893781922,2.59502324357076,Apollo,0.01012
2009 FQ,0.4417146853484778,6.723650300737541,2.49283892802386,Amor,0.0363923
2009 FR,0.5239255331919654,1.505335676972856,3.03890884504934,Apollo,0.01144
2009 FS,0.6206804677688603,4.727668796661308,3.83047834488529,Apollo,0.0128005
2009 FJ1,0.2196191125299921,18.89516162489999,1.21438657278433,Apollo,0.0551075
2009 FS4,0.5840064953909533,0.6066707004878623,3.88264658600745,Amor,0.0248528
2009 FT4,0.5528251781719941,15.30336906653947,4.35176560699795,Amor,0.238651
2009 FW4,0.5675659278079567,3.265353375122189,2.53448885769168,Apollo,0.00680457
2009 FX4,0.3217654641835357,0.5203614943910991,1.46208988575603,Apollo,0.00632094
2009 FY4,0.327412404832004,20.98144330420503,1.01885705342637,Apollo,0.0424993
2009 FZ4,0.2495826489074239,4.199808427417812,1.18817956200176,Apollo,0.00925078
2009 FA5,0.5591248202941347,2.717593532254581,3.54063995818041,Amor,0.0292675
2009 FB5,0.4188173102861136,1.85155015680738,2.73078670608798,Amor,0.139991
2009 FX10,0.2964546470191199,1.929630331670817,1.31283901589888,Apollo,0.0242472
2009 FY10,0.5541715164054901,42.21668848742726,1.3797461269341,Apollo,0.374982
2009 FZ10,0.5972384828109064,6.455841262012219,3.11221288938372,Apollo,0.0092811
2009 FE19,0.1952272783641639,12.38959145966284,1.38946400726363,Apollo,0.0360129
2009 FS23,0.4843090021491991,10.75529936973306,2.92152058972152,Amor,0.0586504
2009 FT23,0.4456978636595048,11.56694998243431,1.31355909303849,Apollo,0.0116409
2009 FU23,0.2822331744086233,13.89615135472634,0.766114982326966,Aten,0.0345466
2009 FV23,0.4224210808281079,7.707730407838264,2.34052112784777,Amor,0.0194336
2009 FL25,0.7453987964759974,11.8869670465419,3.28068005433543,Apollo,0.195333
2009 FW25,0.3214733780210861,12.35573247645206,0.828311930368295,Aten,0.0408907
2009 FN28,0.5236995744676066,30.90359168186037,4.27736990746771,Amor,0.385242
2009 FO28,0.6183794616460587,20.16879234673441,3.51573641835632,Apollo,0.100935
2009 FP28,0.5448218250337371,8.188151481098505,2.836808142383,Apollo,0.0815286
2009 FP29,0.3339864070437372,1.771144942193519,2.09003010389088,Amor,0.0948923
2009 FY29,0.37926340707046,21.65711498304922,2.19723096588704,Amor,0.285396
2009 FJ30,0.6129015207781641,1.723220919859864,3.3586248295406,Apollo,0.00558183
2009 FU30,0.5967780962988251,0.847442863205207,3.71645886871722,Apollo,0.0106045
2009 FN32,0.5048602818641832,29.38998113732599,3.58268087834735,Amor,0.172137
2009 FO32,0.5079822481927663,4.328087013269964,1.56613552144885,Apollo,0.00955964
2009 FP32,0.5934798678824588,0.8715380944995927,2.7252789227891,Apollo,0.00185742
2009 FQ32,0.188617483487503,6.143393652879213,1.3561518987639,Apollo,0.00734506
2009 FR32,0.4061325694579845,3.722163782715014,2.38932447347571,Amor,0.0637142
2009 FS32,0.06383710338349129,14.4400853495126,1.07926813997491,Apollo,0.0302366
2009 FT32,0.6292900475692982,8.617473446082435,4.29763438559299,Apollo,0.0862376
2009 FF44,0.4830093665756516,1.882926099106315,3.58189205670847,Amor,0.210843
2009 FG44,0.1140690535857876,31.60890438280592,0.946805720857346,Aten,0.0709795
2009 FH44,0.3619741713401815,12.53967636465644,1.72844440427513,Apollo,0.0527905
2009 HC,0.1256757243601389,3.734487958419911,1.0536255725095,Apollo,0.00561628
2009 HD,0.5637654108838241,12.51623939923689,3.72401703278907,Amor,0.0430266
2009 HE,0.4003575220996472,44.38897107047497,1.48286765998569,Apollo,0.0720743
2009 HF,0.4255178791862509,18.17132311789775,1.96557694392128,Apollo,0.0747436
2009 HG,0.2226332741892507,3.639849568287004,1.59509439540436,Amor,0.0498065
2009 HR2,0.5487171771897463,10.23134634911354,2.09674466584818,Apollo,0.0272508
2009 HS2,0.8236374055326678,15.63010076767652,3.97916862601753,Apollo,0.0896502
2009 HT2,0.6064306455393232,8.659418775672224,4.39380228830662,Amor,0.0513667
2009 HV2,0.4997234189999941,6.724442921845037,2.10226501775307,Apollo,0.0329306
2009 HW2,0.518332327095156,2.883652046655338,3.23421035504447,Amor,0.049395
2009 HA21,0.7290760745504513,6.405623757064506,1.76542303222399,Apollo,0.0461276
2009 HB21,0.4203707437921714,39.6174342975508,2.28173297734629,Apollo,0.0824283
2009 HC21,0.1569614478133811,19.35329360816307,1.26276972201596,Apollo,0.0439757
2009 HE21,0.8552236799984797,6.47034542614574,3.71543206671748,Apollo,0.00712588
2009 HF21,0.5698313220756784,4.266217993185922,3.57684767711274,Apollo,0.00208777
2009 HG21,0.3678977367508585,5.432023379973157,0.864874994108347,Aten,0.0160618
2009 HH21,0.2656777114990427,4.239266788558964,1.66970986344582,Amor,0.0279814
2009 HJ21,0.6476414049967909,3.127762273973248,2.0895061531806,Apollo,0.0022101
2009 HL21,0.4447328110445634,1.009912770877035,2.14603365974624,Apollo,0.00789343
2009 HJ36,0.3570490890116724,3.852867944652072,1.98076689455196,Apollo,0.0169203
2009 HS44,0.7021666468324659,2.440070756450339,4.12757779644713,Apollo,0.00591135
2009 HU44,0.6441275065783435,6.638269156872335,0.756550721697189,Aten,0.00591165
2009 HX51,0.3854401879031673,12.39851139423142,1.8455684933753,Apollo,0.0536232
2009 HY51,0.3062188835822641,13.62445338208293,2.23647749607345,Amor,0.314614
2009 HT58,0.2115800439518939,17.88978434715311,1.55906622894479,Amor,0.0564818
2009 HU58,0.9090366290703004,35.84587914097842,2.97011182202102,Apollo,0.26693
2009 HV58,0.5842453987446325,46.9712958755247,2.79508669965239,Apollo,0.0282387
2009 HE60,0.264492028011057,1.582944642111676,0.993300758818559,Aten,0.0153011
2009 HG60,0.6446309307892237,6.948390769614154,2.79043818695851,Apollo,0.000485108
2009 HV67,0.6689816999063869,30.5744725718188,4.41680621584358,Apollo,0.211171
2009 HW67,0.751174425279122,2.352877055822968,2.93777905632846,Apollo,0.00121249
2009 HX67,0.4307281813855157,53.96209761032156,2.49278102948162,Amor,0.345863
2009 HY67,0.4854648251757412,36.27041038577869,2.34167407477075,Apollo,0.204357
2009 HZ67,0.6027594328421518,11.91346880795633,2.8142215441912,Apollo,0.0586914
2009 HK73,0.2826412333456575,5.627646399930839,1.38978802412918,Apollo,0.00250695
2009 HM73,0.51224791229881,6.416690430951363,3.71335107156405,Amor,0.160288
2009 HU77,0.3333826901743258,23.10693523965585,2.20275348054556,Amor,0.120024
2009 HV77,0.4519107687119462,2.912864334437697,2.61486841961259,Amor,0.0512155
2009 HF82,0.4458573500519644,43.2974072319981,1.9607803995085,Apollo,0.0727447
2009 HM82,0.302537838167656,20.39728564600175,1.43604648229657,Apollo,0.0685774
2009 JA,0.3262126310438777,8.10224953859289,1.69747426736031,Apollo,0.016632
2009 JR,0.4895149300702448,8.404448952338589,2.27481004869647,Apollo,0.0309292
2009 JS,0.3592030844889124,6.384381223962498,1.56160442704835,Apollo,0.00847104
2009 JE1,0.2974121829358762,8.10395334834921,1.61024792744766,Apollo,0.0124599
2009 JF1,0.7383558082089076,6.15280230899897,2.60774172508315,Apollo,5.37532e-05
2009 JG1,0.3277903771188826,17.03129453605061,2.57010027976724,Amor,0.262923
2009 JM1,0.4538041579145782,20.34307053835284,1.05209867056152,Apollo,0.0169908
2009 JG2,0.6590807790533345,2.730067578740077,2.89626409842344,Apollo,0.000113773
2009 JL2,0.4717023280908273,17.84972446953723,2.52758560772999,Apollo,0.00144194
2009 JM2,0.6063196458486603,17.48481796706478,3.70297718569036,Apollo,0.0930149
2009 JQ2,0.3244776295615989,36.18975348632617,1.92563913354361,Amor,0.196861
2009 JR2,0.1789886284352841,19.73412879500133,1.39723770079444,Amor,0.127807
2009 KL,0.5901643549647895,6.635063076010654,2.80522263344091,Apollo,0.0170934
2009 KM,0.7887930450969584,9.348488140647184,3.74995154799191,Apollo,0.0935101
2009 KN,0.6705018629722777,62.97151339215561,5.36310517860991,Apollo,0.484438
2009 KY1,0.1893842322180347,9.372391783937525,1.22876883501399,Apollo,0.0369286
2009 KV2,0.3909796453703576,29.02548912114685,3.06033647490916,Amor,0.288144
2009 KW2,0.2538711890881571,5.189364647084186,1.58862886301418,Apollo,0.00166296
2009 KD3,0.6759693177968769,7.934736450855493,3.19674762017037,Apollo,0.0279802
2009 KO4,0.5577655823706527,2.037077718787387,3.83900038739353,Amor,0.0742476
2009 KQ4,0.2626783443733867,6.485744539494979,1.89070656628072,Amor,0.142401
2009 KR4,0.2394539602130646,10.71919892907828,0.774712763921414,Aten,0.0258827
2009 KT4,0.202798824677013,11.01950558719454,1.44528683305391,Amor,0.0647621
2009 KC7,0.543856528704237,15.62980053507363,4.24862521324279,Amor,0.180291
2009 KL8,0.4724935143441145,7.975458037767153,2.24912465910466,Apollo,0.0124696
2009 KR21,0.5195451471087045,2.360237481368559,2.27672007092209,Apollo,0.00110081
2009 KV21,0.5899674570399014,7.368323472434008,3.74630588260851,Apollo,0.0299979
2009 LA,0.3106554451824201,12.50521287271848,1.38963371491686,Apollo,0.00692793
2009 LD,0.1503687157151965,9.792502261629373,0.982101608402442,Aten,0.00577758
2009 LE,0.2352073974698802,21.27775275489389,1.49310470077309,Apollo,0.0176038
2009 LQ,0.5904423091905695,5.338089073375146,1.90438164808191,Apollo,0.0419221
2009 LX,0.6059015498791037,12.54692003644578,4.77372749634934,Amor,0.105036
2009 LQ1,0.2166450867227882,1.208517914292512,1.70577604270107,Amor,0.105196
2009 LU2,0.5104155715342992,10.30905939064813,1.6812447365081,Apollo,0.00462478
2009 LV2,0.596400631792053,26.10166546787671,1.85645900708893,Apollo,0.163571
2009 LW2,0.2595062141523696,33.14880717386129,1.32382659310167,Apollo,0.0416468
2009 MA,0.4886164304063064,18.25811989678603,2.85923542124357,Amor,0.0599943
2009 MD,0.528509665035202,10.45526796385935,3.56069827643871,Amor,0.0878318
2009 MU,0.6108156825564106,7.293878079345077,3.45369837485423,Apollo,0.00691631
2009 MW,0.2993167427082822,21.031646001442,0.872060663453462,Aten,0.111546
2009 MX,0.3152418269520891,20.21773548729653,2.10492296323957,Amor,0.110874
2009 MG1,0.6254219418879189,6.795350529486322,2.835533299899,Apollo,0.0149021
2009 ML1,0.4351438338053846,3.24203030775563,3.16219392488752,Amor,0.214653
2009 MM1,0.4992485240927672,8.844800376195373,3.66594353883441,Amor,0.207898
2009 MM8,0.4351638448310997,3.102700628265348,2.49655947866008,Amor,0.029522
2009 MN8,0.5444529618685526,3.563602406887252,3.31553236050897,Apollo,0.0214959
2009 MC9,0.4655721150041091,9.090673967024443,3.26107237590957,Amor,0.165434
2009 ME9,0.5009524062128556,31.4728967181084,0.887319406583951,Aten,0.160117
2009 NL,0.6831470895441728,13.76626512687615,4.74143590523048,Apollo,0.0758523
2009 OC,0.447166865834863,4.583719321984828,3.12131168641548,Amor,0.175545
2009 OF,0.5992191127976539,9.375833783672144,3.60621047804145,Apollo,0.00423466
2009 OB3,0.4406120712842472,26.39906846466513,3.36770420845204,Amor,0.299463
2009 OC3,0.4726864193770969,1.562202776192517,2.93857477786656,Amor,0.0687096
2009 OZ4,0.6418880313994296,38.05356354379612,4.37884601856579,Apollo,0.148063
2009 OS5,0.09935813018872636,1.710845730939795,1.22989978865471,Amor,0.0279054
2009 OX5,0.4496663162443717,41.30555501421625,2.45282989812584,Apollo,0.0542164
2009 OW6,0.481840096819009,0.1183892504419762,2.73214256550038,Apollo,0.00147318
2009 OY7,0.2759060723556595,27.70690956197624,1.60991466570366,Apollo,0.0364845
2009 OZ7,0.1827857875528089,21.11748967461615,1.8602281223711,Amor,0.22738
2009 OP9,0.4757082093464228,13.41382284524683,2.87150595326787,Amor,0.114127
2009 PC,0.3426957717934591,7.089873932596293,0.993460384758421,Aten,0.0377672
2009 PD,0.1699808617316205,3.905588283830163,1.42401405671321,Amor,0.0361366
2009 PH,0.4462512602309787,3.766674975952181,3.25553633089973,Amor,0.210553
2009 PY,0.29442566359891,26.55632041127316,0.918942558826332,Aten,0.179849
2009 PQ1,0.4893478872263632,5.604049032682488,1.83096963926863,Apollo,0.0211512
2009 PR1,0.3119694547478544,8.647371952187644,1.81590668745174,Amor,0.0143534
2009 PU1,0.1707465314442053,20.93835485622499,1.15978039174274,Apollo,0.0544036
2009 PT2,0.4660186645400026,3.828841456120513,2.23826829489902,Apollo,0.0454903
2009 PA3,0.438653564032814,5.706413621874465,1.62722851731918,Apollo,0.00997653
2009 QC,0.4828468249939748,6.851954828331362,3.06553540922745,Amor,0.09198
2009 QO,0.4116393022794619,5.250635089355781,3.13910243828101,Amor,0.272386
2009 QR,0.2480940655629224,3.594293119424374,1.47704777227256,Apollo,4.77707e-05
2009 QS,0.5951203734311619,8.221148688780133,3.06777020477777,Apollo,0.0417531
2009 QT,0.199387336614444,12.52373194663703,1.53922305126327,Amor,0.0742021
2009 QW1,0.5433399606846818,18.76583766246106,4.41649233518139,Amor,0.215678
2009 QG2,0.5724621774828637,3.070485685520909,3.56643765795098,Apollo,0.0198559
2009 QH2,0.5044745991697507,4.739803249305122,3.56241463118439,Amor,0.171058
2009 QJ2,0.4158758440882895,11.96790445097858,2.36654669791607,Amor,0.0444103
2009 QL2,0.5906284536290816,17.04178191206376,4.22174737500306,Amor,0.0947431
2009 QM5,0.411862203562108,3.330663670433674,3.0721920340215,Amor,0.231013
2009 QN5,0.8362080487040271,14.85773683559899,3.69909103884226,Apollo,0.116896
2009 QH6,0.1878594007784787,14.27916914592658,1.09167609428512,Apollo,0.00908192
2009 QJ6,0.2313471192588264,29.45385153590445,1.63140983642773,Amor,0.0561878
2009 QQ8,0.2030488653414677,27.29808699347756,1.80944811514378,Amor,0.192892
2009 QR8,0.4521719947697188,5.645179145000965,3.08310715520733,Amor,0.145398
2009 QJ9,0.6204186709779684,19.26538573531248,4.48046508053385,Amor,0.0480433
2009 QK9,0.5409098722816675,14.24122942521358,2.48051585635905,Apollo,0.00563336
2009 QC23,0.5194019882095012,3.970416166727097,3.03654702491385,Apollo,0.0108477
2009 QL32,0.6036938296864834,5.798860456543363,2.89274366359435,Apollo,0.0261833
2009 QE34,0.2319895694497514,2.627946984889374,1.4639789311863,Apollo,0.00784523
2009 QF34,0.4363859510544388,1.857341074236071,3.15330852514853,Amor,0.199696
2009 QG34,0.6506137948462748,22.15906488713307,4.56877521256433,Apollo,0.126995
2009 QH34,0.5599387770934668,3.071135406105474,3.46854655368303,Apollo,0.00289442
2009 QZ34,0.4299964704922479,2.402410416504431,2.36166291492807,Apollo,0.0340796
2009 QA35,0.5549560721895451,12.27156867057651,4.32917519063101,Amor,0.179006
2009 QC35,0.5672828113342538,1.065786743299996,3.24256255108651,Apollo,0.00499041
2009 QC36,0.3875538201420233,6.807858578909515,1.82490403761038,Apollo,0.0745149
2009 RH,0.3061893703738235,3.569427147408597,1.3909050529578,Apollo,0.0197563
2009 RM,0.5534383773141993,8.00052466427351,4.65431885543272,Amor,0.244954
2009 RN,0.6185334264886683,3.409033961861524,4.75676391583748,Amor,0.0991997
2009 RR,0.4644783049316007,6.072773208765811,1.65581821040271,Apollo,0.00257346
2009 RD1,0.5416250194284603,2.096259523736337,4.11547436915743,Amor,0.171154
2009 RT1,0.1059433879208068,4.150413534936823,1.24151613169907,Amor,0.0366586
2009 RU1,0.3806488657659464,0.8534808524849954,1.57467161495155,Apollo,0.00920043
2009 RV1,0.6373846002872156,1.89281481393876,4.43227122777502,Apollo,0.0211504
2009 RG2,0.3739628718620673,3.064077018863725,1.94360028992098,Apollo,0.0102437
2009 RH2,0.4849446379817304,5.80682670217496,3.63966865867009,Amor,0.212612
2009 RY3,0.4734469788501176,27.91053638560697,1.08321833057173,Apollo,0.0049679
2009 RA4,0.4492264886921741,6.201040607667822,3.41259144991103,Amor,0.241666
2009 RD4,0.6046071937004961,22.56646927554802,4.4808773735131,Amor,0.0791149
2009 RX4,0.1897230198291817,14.65437886581716,1.51183357887395,Amor,0.071388
2009 SA,0.4800589886080018,14.18864971915922,3.2670429017199,Amor,0.14442
2009 SB,0.8008514673655732,5.451823925729628,3.29157194421587,Apollo,0.0211012
2009 SD,0.5675783933415809,3.051257102482523,2.28903311051452,Apollo,0.000167385
2009 SF,0.2930221412584933,30.43235181356053,1.90843600038705,Amor,0.0903149
2009 SG,0.5123044744462791,39.70146508027585,3.70833374947576,Amor,0.242526
2009 SH,0.5649824036876328,18.89780986734547,3.86410832554603,Amor,0.127161
2009 SJ,0.2649628927659149,10.16681306735994,1.3742556799577,Apollo,0.0197839
2009 SK,0.6032184229588237,0.7787595517436219,4.30910005497527,Amor,0.0484419
2009 SL,0.2585429771460728,19.65826664767394,1.56651647993367,Apollo,0.0318482
2009 SM,0.3367451167065533,20.63781631050858,2.35908379068688,Amor,0.371521
2009 SN,0.321915535489554,26.47305329492355,1.70640799651747,Apollo,0.011947
2009 SP,0.4950305055963756,25.2652029446216,3.30664454739559,Amor,0.347205
2009 SQ,0.8607169734496356,34.32700977542579,4.46035291476578,Apollo,0.279657
2009 SS,0.201183184897492,9.526397345160811,0.864671164068447,Aten,0.0630127
2009 SU,0.4985819177189207,8.997907124713809,3.48364541921633,Amor,0.163018
2009 SW,0.4375950465511216,6.988169668449793,2.86978176738228,Amor,0.147593
2009 SY,0.4408504804767266,14.67719312019774,1.39913151761487,Apollo,0.10742
2009 SC1,0.5023196442663309,7.565192985647359,2.30865917884984,Apollo,0.0378764
2009 SD1,0.5069840760835093,32.09627563135341,2.26288249982921,Apollo,0.0251995
2009 SH1,0.2446898501848266,3.301078964776578,1.30870591634277,Apollo,0.00394136
2009 SJ1,0.3509869642751827,11.62272591529238,1.97886009380866,Amor,0.030352
2009 SL1,0.4940349296932265,8.512806199628915,2.68387450012391,Apollo,0.059544
2009 SM1,0.5028647428373123,0.4009674869180315,3.24810120745661,Amor,0.0791427
2009 SN1,0.4767277216132785,4.142280349163803,2.73107765433188,Amor,0.041708
2009 SW1,0.5675799308470093,2.062368918569995,3.07238045568965,Apollo,0.0178885
2009 SE2,0.5164022304803798,6.404268987,4.18253959126481,Amor,0.248971
2009 SF2,0.4474347441290206,6.399858853703581,3.37989970400123,Amor,0.270719
2009 SH2,0.09423489375973595,6.809962826919574,0.986921796985464,Aten,0.000234161
2009 SJ2,0.5125634825044639,12.3917299400595,4.03540570691733,Amor,0.230141
2009 SL2,0.2489957250991826,23.73976579463337,1.07046456993026,Apollo,0.152353
2009 SB15,0.680121821745742,4.186313723043605,2.92384390823561,Apollo,0.0696819
2009 SD15,0.6251859568316008,2.894884508932447,3.57392804423519,Apollo,0.00706271
2009 SH15,0.4533790162200848,9.751414693395438,2.47604764602448,Apollo,0.0182431
2009 SJ15,0.2553238982793038,18.37796180922129,1.61901723625272,Amor,0.0543676
2009 SK15,0.101765196624721,16.23794948987305,1.19290207438266,Apollo,0.0130586
2009 SV17,0.5850003324655473,3.436319999979244,4.4548026719917,Amor,0.148519
2009 SW17,0.598175361072299,8.40124296722249,2.85634128655865,Apollo,0.0417919
2009 SX17,0.5407031105354084,1.402268850437719,3.57416988639148,Amor,0.0738805
2009 SG18,0.6736773280220033,57.83482859250661,5.29779529346917,Apollo,0.0241829
2009 SJ18,0.1106428071126294,12.56613225753772,0.918817288747992,Aten,0.0448291
2009 SV19,0.5290270997614835,5.24089590442154,3.27557795181909,Amor,0.0375048
2009 SW19,0.3277473303758703,62.90185676971625,1.41901682842891,Apollo,0.0997891
2009 SM98,0.7005689028010912,7.501556288321474,3.79211436587778,Apollo,0.00374502
2009 SO98,0.1886339583177394,18.46258640300128,1.34689520734881,Apollo,0.031069
2009 SZ99,0.2145075518549123,21.32880956127865,0.735493911212768,Aten,0.0580589
2009 SA100,0.2864335556994713,3.81565546358879,1.22566458625377,Apollo,0.012541
2009 SB100,0.4388789393327865,6.718382489852112,2.57952260256937,Amor,0.055067
2009 SC100,0.5869568353734864,13.89961538355895,3.95827400999008,Amor,0.0904659
2009 SN103,0.2652561094654182,3.592251034626187,1.48024479043959,Apollo,8.04614e-05
2009 SQ103,0.5319473225761527,8.14973602911567,3.43283291977163,Amor,0.0776288
2009 SR103,0.3613228790581557,10.42634507758158,1.8078924254957,Apollo,0.052744
2009 SS103,0.2616971780182541,23.85797497888934,1.06418919983408,Apollo,0.213596
2009 SK104,0.606189267715852,4.191146422577499,4.66138751031885,Amor,0.108405
2009 SL104,0.4450096662941755,2.815886995187487,2.39335013908006,Apollo,0.0444654
2009 SM104,0.3673103488713081,9.665180358717373,0.972262636081951,Aten,0.0670495
2009 SN104,0.4747338232325708,8.796861941682657,3.23401783510709,Amor,0.154456
2009 SO104,0.1765852018811,21.24981150207848,1.47364419318998,Amor,0.0710902
2009 SP104,0.5326466451666891,4.751749769807666,1.1384913516659,Apollo,0.00196828
2009 SR104,0.5496866847985739,13.07351184165793,3.15622395322602,Apollo,0.0468012
2009 SS104,0.510899500400183,16.42896911618415,4.21790303895046,Amor,0.288417
2009 ST104,0.5679030231240397,8.38269100514378,2.71451228136958,Apollo,0.0422948
2009 SU104,0.6970507796389019,1.125486813481746,3.909059337788,Apollo,0.00778602
2009 SB170,0.7423912949584055,29.73215644683986,1.56063870828261,Apollo,0.0994949
2009 SC170,0.3026714376635933,3.373016373472189,1.68686962485711,Apollo,0.0112954
2009 SQ171,0.2914818363330354,7.608857186185709,1.88772894115462,Amor,0.0798665
2009 SR171,0.271548255240015,16.50262492684644,1.31908571913304,Apollo,0.04737
2009 SS171,0.3339062638154011,16.15215302022324,2.09719334216634,Amor,0.103011
2009 ST171,0.6082254014949783,3.741948348998652,4.15604366565452,Apollo,0.0281851
2009 SU171,0.4861512964223569,10.46735512857413,1.34378958591582,Apollo,0.058151
2009 SV171,0.5863430404965885,12.9247925749546,4.28723022998461,Amor,0.182124
2009 SW171,0.2333618327550172,3.06364756914093,1.53563810250002,Amor,0.0242793
2009 SQ172,0.4988663408204921,28.30643376543265,4.13393083983653,Amor,0.499276
2009 SS172,0.3581455332608486,15.09537865141439,1.96704172527982,Apollo,0.0745251
2009 TB,0.6602912824486068,8.19891332992262,4.10645813315157,Apollo,0.000125686
2009 TJ,0.5903696034859626,4.837512634488371,2.96794265106567,Apollo,0.0244807
2009 TP,0.2240004993361369,0.7857847721360306,1.04430699215452,Apollo,0.00205053
2009 TQ,0.2358833209324151,12.88712513943914,1.407569339385,Apollo,0.01899
2009 TS,0.463633892704739,8.480732532631235,2.44909165109229,Apollo,0.0232753
2009 TT,0.5685071349805534,11.42058024945653,3.5662228119751,Apollo,0.0359636
2009 TU,0.5587239538223527,1.555857342639794,2.26849139383647,Apollo,0.00153449
2009 TA1,0.6633405592250992,12.34614040813395,3.46934377780108,Apollo,0.0802611
2009 TJ4,0.1248536054581714,9.228158916059149,1.1377357149935,Apollo,0.0254188
2009 TL4,0.3875762385350527,6.484181977229684,2.52515575312058,Amor,0.141003
2009 TV4,0.3697181686819342,7.586991188096253,2.19677770045726,Amor,0.0663535
2009 TS7,0.6144138504576316,4.526581590807779,3.37173284728288,Apollo,0.0152815
2009 TC8,0.5240045612432226,14.94557315030321,2.87960034330112,Apollo,0.0513897
2009 TD8,0.2452792062763077,5.077747844704317,0.830269318633569,Aten,0.0215088
2009 TF8,0.4014121620022103,4.349748481494069,2.08672433782092,Apollo,0.0115172
2009 TH8,0.591552149551814,4.905906694374517,2.92576944117769,Apollo,0.00764878
2009 TK8,0.3402834970997913,21.16395662610568,0.896028697061108,Aten,0.0736822
2009 TL8,0.56091400908917,4.108948811820743,3.8450581502074,Amor,0.101569
2009 TM8,0.4060563650808938,2.473490994467188,1.9327682127127,Apollo,0.00115343
2009 TN8,0.3266048497982171,13.42988098857336,1.90702496752059,Amor,0.0489692
2009 TO8,0.5400436420081652,4.692014274930645,2.89882856051167,Apollo,0.00328772
2009 TP8,0.1751282620779939,13.48213797072615,1.45374001925465,Amor,0.0627582
2009 TQ8,0.4207179343188641,13.54896760521091,1.44995116746892,Apollo,0.00384857
2009 TE10,0.2492935015094648,44.74472333735421,1.01789200039024,Apollo,0.244359
2009 TF10,0.3431653703423275,5.273821519978396,2.14912801635486,Amor,0.106515
2009 TM10,0.4675603994106142,2.792944182368167,3.80099897183677,Amor,0.312584
2009 TD17,0.2200312592136301,0.0789865286495907,1.19601420007463,Apollo,0.000179171
2009 UA,0.3769488788780491,4.204745229974344,2.22655658259268,Amor,0.0721311
2009 UB,0.2915026945151676,3.546678140612648,1.54946219352432,Apollo,0.0194531
2009 UC,0.3473976467647308,24.77880514309574,0.662187045231112,Aten,0.0236009
2009 UD,0.1215823360241566,4.412692571461825,1.05958759838243,Apollo,0.00582532
2009 UE,0.5061723574274997,3.786393771287352,2.81046564643135,Apollo,0.00595805
2009 UF,0.4241170956453744,28.90214194624457,2.32293539734762,Apollo,0.0998202
2009 UG,0.3754229202328198,5.020352991583903,0.699548303712746,Aten,0.0120974
2009 UJ,0.661611841529686,7.289464596115708,4.19644945738649,Apollo,0.0137207
2009 UL,0.4225125269884534,14.05351762206975,1.40351978508307,Apollo,0.134749
2009 UM,0.3709941145726886,18.24441589270845,1.10523512918691,Apollo,0.175199
2009 UN,0.5880991321498791,2.359954649047268,4.77810672891201,Amor,0.176421
2009 UQ,0.5348924357603803,14.50766668835596,2.38462120299645,Apollo,0.0187315
2009 UK1,0.568456617961803,0.571741437273669,3.24762125854337,Apollo,0.00265664
2009 UL1,0.4314307541680734,33.51684805240641,1.57270308107287,Apollo,0.063636
2009 UM1,0.5959946522087277,8.72874919188662,0.942602063961042,Aten,0.0629388
2009 UN1,0.5589235489081572,1.487568018296396,3.76341324282342,Amor,0.0766154
2009 UO1,0.4716059336434874,4.016304581339269,1.8776861886249,Apollo,0.0073034
2009 UU1,0.3311432154282267,11.64692575845837,1.30437226146315,Apollo,0.00395394
2009 UD2,0.3227964192282176,3.837242831642501,1.64350280812152,Apollo,0.0378185
2009 UE2,0.4579830846410013,7.664258185494561,1.83858682619677,Apollo,0.0848385
2009 UF2,0.6369937281631435,2.507620762368365,4.73769659421498,Amor,0.054374
2009 UW2,0.5706301418030335,12.61323763676846,3.90654806599985,Amor,0.13435
2009 UO3,0.5812593100797787,8.533733887015376,3.84039981472052,Amor,0.0301846
2009 UJ5,0.5861158247534194,8.05599107754522,3.76133441995813,Apollo,0.0140734
2009 UP5,0.3470159493334654,33.88026407984088,2.44330945408162,Amor,0.186257
2009 UQ5,0.4681605138652601,3.361395018977178,2.98305874816864,Amor,0.111221
2009 UR5,0.3661742083885623,6.568601572109857,0.679712784201657,Aten,0.0238278
2009 UJ14,0.6815409712809336,59.81944595922008,6.03902990328507,Amor,0.436403
2009 UK14,0.4663940146305694,2.171741283889878,2.31059099791856,Apollo,0.0110222
2009 UY17,0.3163015049894188,42.05593094639838,0.740618049757882,Aten,0.014173
2009 UZ17,0.6266128934520933,4.28637310983361,3.77940136543586,Apollo,0.0386078
2009 UB19,0.4532734507259285,2.525849954171094,2.68441337598159,Amor,0.0568331
2009 UC19,0.2980129784492808,11.01688178244994,1.12351868222528,Apollo,0.016747
2009 UD19,0.41679723159,3.56661072702398,2.15864710331362,Apollo,0.0394028
2009 UE19,0.537779982970497,20.00276862112728,4.2770594883542,Amor,0.229395
2009 US19,0.4715688611640728,10.11220975215936,2.31416523314763,Apollo,0.0270165
2009 UT19,0.6611750517771474,9.67432078743023,0.840547432486229,Aten,0.0288847
2009 UU19,0.2377109956941825,17.46609316489878,1.77381065108978,Amor,0.135903
2009 UV19,0.414598043431789,1.847938958208103,2.23419524243771,Apollo,0.0298465
2009 UW19,0.4067154826795359,25.94779767594378,2.12746014075904,Apollo,0.13928
2009 UX19,0.8324036573138003,16.00839972975112,1.40566219131377,Apollo,0.159302
2009 UY19,0.03079185478326127,9.052889323173023,1.03540122534302,Apollo,0.0100192
2009 UZ19,0.3800192669389814,5.262869211630439,2.07662163530977,Apollo,0.0165764
2009 UK20,0.2071508128676416,2.843709134804204,1.08068217374157,Apollo,0.00682154
2009 UL20,0.5524149196491103,2.047525973725077,3.87014933473931,Amor,0.100777
2009 UK28,0.4089888082392005,27.44577258368915,3.21566142826663,Amor,0.33089
2009 UL28,0.5333790562971107,2.871761993096661,2.88851589906886,Apollo,0.021135
2009 UM28,0.4312297694223001,8.771699065720693,2.59333491252422,Amor,0.0828382
2009 US87,0.2397002363030642,0.536876726129308,2.10066236501925,Amor,0.260598
2009 UT87,0.5720570450763792,8.80713748912422,4.15375186207952,Amor,0.123413
2009 UU87,0.3963665408435443,16.97933483497673,2.1769927561123,Apollo,0.050338
2009 UV87,0.5818499210838785,10.55829681806281,4.02406384963805,Amor,0.0637756
2009 UW87,0.5460699995161717,1.383171500260623,2.74153352037845,Apollo,0.00329965
2009 UX87,0.1138622628885973,12.91324840019711,1.1478696795963,Apollo,0.0244408
2009 UY87,0.68357601651863,8.026477098437711,3.28184077892302,Apollo,0.0716821
2009 UZ87,0.1885633542182381,3.78310405108363,0.887005944074218,Aten,0.0116656
2009 VA,0.3574007605683017,7.542104613313825,1.70657607482553,Apollo,0.000130808
2009 VP,0.3318527442940382,21.64091598729597,1.61054317358203,Apollo,0.0767583
2009 VQ,0.58254774703862,4.756289947030549,3.77349248997351,Apollo,0.0205838
2009 VR,0.3972561663321781,5.09776134397747,1.97678726806391,Apollo,0.0137836
2009 VS,0.3350340454746742,14.01776669708602,1.46647712308686,Apollo,0.0375307
2009 VT,0.3995392710192908,3.404798820075637,1.60303320778502,Apollo,0.0100698
2009 VW,0.5626536017965058,7.157583532055068,1.7291554002639,Apollo,0.027468
2009 VX,0.6657586705005448,6.467433724587798,4.00639039713895,Apollo,0.0105725
2009 VZ,0.3253174259644028,12.30532818459481,1.67908347984815,Apollo,0.0214892
2009 VA1,0.5743002574950903,34.75795948503074,3.81583283179521,Amor,0.150392
2009 VB1,0.2982409648032393,30.81079489913387,2.00230187577128,Amor,0.175965
2009 VC1,0.515339224777325,4.16134732067837,2.45317889549914,Apollo,0.00810695
2009 VN1,0.1799476904447555,23.71747500645781,1.01306650265124,Apollo,0.114569
2009 VT1,0.5017062164355734,0.2729820194608269,2.78320319163205,Apollo,0.000698259
2009 VP9,0.5378495234748953,12.03223389386732,4.51228874437174,Amor,0.337782
2009 VJ24,0.4795995494500788,11.29223638785918,2.44623632427394,Apollo,0.0669706
2009 VK24,0.409382524248562,5.462258276430147,2.31304599764745,Amor,0.0731149
2009 VL24,0.5766533343464602,1.93240240509437,2.51142786213214,Apollo,0.0103989
2009 VM24,0.2308207301721737,11.64860862757685,1.17469737140306,Apollo,0.0342376
2009 VQ25,0.5305590107117704,62.04207941770638,2.27527161289952,Apollo,0.185465
2009 VR25,0.4522306374629783,4.012214438019162,1.8246385004919,Apollo,0.0189742
2009 VS25,0.2817302380283381,5.34332650354988,0.956621207584435,Aten,0.0392488
2009 VY25,0.4841814149949793,4.338569066377622,3.54583582477453,Amor,0.189234
2009 VZ25,0.5876471510618997,2.173786727246012,4.80180948380498,Amor,0.186193
2009 VZ39,0.3796506717405514,2.492953533818102,1.79458677196859,Apollo,0.00173117
2009 VP44,0.5977085917188504,21.41352430355672,3.9649715295662,Apollo,0.0309563
2009 VQ44,0.7265481062550728,29.79549203104029,1.55903646661402,Apollo,0.0186613
2009 VR44,0.4797639523158732,7.350562003330984,2.501767204494,Apollo,0.0355071
2009 VS44,0.4221218715908457,9.798958116384942,1.99245077204397,Apollo,0.016331
2009 WA,0.144829628314496,29.84120602646262,1.21031243513289,Apollo,0.06959
2009 WB,0.391809293610944,12.41219331978125,2.13835995369066,Apollo,0.0380545
2009 WC,0.3548061035411692,5.374493008156614,1.81865039549906,Apollo,0.0142011
2009 WD,0.3140805771279807,41.21082396844638,2.48192601587091,Amor,0.27478
2009 WE,0.3792367529705097,29.10035728171387,1.93282621328281,Apollo,0.166329
2009 WJ1,0.6784810174522743,0.6234360473317694,3.84698137982796,Apollo,0.00764094
2009 WK1,0.3672570688567559,3.276804606017377,2.0278177486885,Apollo,0.029775
2009 WJ6,0.6336533003594094,5.041386495800888,2.34847518688407,Apollo,0.000626127
2009 WK6,0.6002465221848586,6.725658356161079,3.62622588912334,Apollo,0.092365
2009 WL6,0.5678927523792456,13.52886896255077,4.47078019078688,Amor,0.175948
2009 WM6,0.3465863786860392,19.8972276692848,1.0873783790951,Apollo,0.0598527
2009 WN6,0.3860864706524718,0.7341507838061407,1.98787525261673,Apollo,0.00421538
2009 WP6,0.7414416000250065,2.776884894863067,1.20267783432008,Apollo,0.000967307
2009 WQ6,0.4086909367367625,5.815676133448804,0.806742804373777,Aten,0.00205857
2009 WX6,0.5426056604874234,1.402618566550624,2.33726487066156,Apollo,0.0137913
2009 WD7,0.5932036143041522,1.073285205047388,3.75379396281517,Apollo,0.0162737
2009 WG7,0.2539703834012023,3.348680515310986,1.38314728043133,Apollo,0.0190141
2009 WV7,0.3155358117062878,3.650366213039127,1.7704366240431,Apollo,0.0316143
2009 WW7,0.2619832569547311,2.526037653800976,1.13912719134292,Apollo,0.00167044
2009 WX7,0.4581737329053361,2.920879392169452,2.43801762696754,Apollo,0.00781846
2009 WY7,0.6086838026540328,4.025268505057899,0.5238169451943,Aten,0.010079
2009 WZ7,0.6889991030877898,20.67240179075896,2.69584212760692,Apollo,0.102482
2009 WM8,0.4422313160121804,14.01897928350407,2.44548949375338,Apollo,0.0242688
2009 WN8,0.3576803619922899,12.7488739378476,0.781332966922484,Aten,0.0145928
2009 WO8,0.3498880054771245,8.251436130135012,1.93515968769188,Apollo,0.0281831
2009 WB11,0.4711358023351688,3.926680852411722,2.26305458526535,Apollo,0.0140458
2009 WC11,0.4947654572802745,2.334761107120855,3.71961898958052,Amor,0.2245
2009 WD11,0.4081631339306059,11.64947637884503,1.10121674151506,Apollo,0.0748067
2009 WN25,0.6334429089611975,71.19905195839361,6.08251943307832,Amor,0.23207
2009 WP25,0.7728801931132615,27.50400999738532,1.65296569189391,Apollo,0.201507
2009 WQ25,0.7194392390773257,4.462027823655565,3.92117135989528,Apollo,0.000887201
2009 WR25,0.4810612611646609,31.71746932670658,0.807949873701209,Aten,0.104011
2009 WS25,0.1524095157481467,14.77927591679592,1.30927055710387,Apollo,0.0548711
2009 WT25,0.4613911392211812,5.434916362921475,3.40403912432361,Amor,0.231605
2009 WU25,0.6015529173533609,5.408752338040926,3.76563277112616,Apollo,0.0108419
2009 WV25,0.4269391536101385,0.4096808269466871,1.65797633340107,Apollo,0.00521076
2009 WW25,0.4526367984794807,1.484960904665051,2.78025328405559,Amor,0.0960452
2009 WV51,0.4325040474974813,8.446549385924977,1.25957249982159,Apollo,0.00136533
2009 WY51,0.7114278061740307,11.81499444780247,4.23530212371054,Apollo,0.0667555
2009 WZ51,0.5777199881582147,8.92701561701333,3.64141889743541,Apollo,0.0300663
2009 WA52,0.4753446426027387,1.788846345951049,2.41665427935917,Apollo,0.00257327
2009 WB52,0.3730237902602517,11.9825754821482,2.21468535352308,Amor,0.0854146
2009 WD52,0.2258357955237369,30.21221566010226,1.50654354048773,Amor,0.0598422
2009 WQ52,0.6606244616175517,5.783932478034209,4.1293770327588,Apollo,0.00737443
2009 WR52,0.1549298837793513,4.236404425191503,1.05082913668488,Apollo,0.00207002
2009 WS52,0.395561790366405,27.95503098230378,2.36388476871418,Amor,0.105544
2009 WZ53,0.2419464995148893,32.68854937548942,1.2124055871295,Apollo,0.02751
2009 WA54,0.3807581218167899,6.897107091212525,1.98072512384871,Apollo,0.0172129
2009 WB54,0.3572008300184271,18.94239394145913,1.60336288035751,Apollo,0.0193399
2009 WC54,0.2314533042775981,17.94316193717159,0.85654272656763,Aten,0.123529
2009 WD54,0.2957110388023798,3.021161960376519,0.739699902478024,Aten,0.00272267
2009 WF54,0.307899155362747,3.280774893491897,1.72393412897129,Apollo,0.0332111
2009 WG104,0.3053452824069887,15.71437627516476,2.18987000231445,Amor,0.304429
2009 WH104,0.5535638530635894,16.50509001444982,4.14759092671401,Amor,0.256387
2009 WW104,0.4620882446204554,7.063614596487338,1.88715676842027,Apollo,0.0365267
2009 WX104,0.4473783121980962,17.54633030947984,2.24135535890272,Apollo,0.0440033
2009 WY104,0.2234467368966396,26.80066510270629,0.993203566063283,Aten,0.0943167
2009 WA105,0.5908266342210201,7.954568930066288,4.04806950446304,Amor,0.0538665
2009 WB105,0.2525064124446261,38.40296993293538,0.750061997930476,Aten,0.0382115
2009 WM105,0.1566587272782747,9.242032366866562,0.853824232679546,Aten,0.0357789
2009 WN105,0.5471425429764335,13.58529461794048,4.22875033647168,Amor,0.234865
2009 WC106,0.1782435888385049,5.347138665920188,1.12692022237145,Apollo,0.0119098
2009 WE106,0.5026272252464836,4.388637500117303,2.76671393806487,Apollo,0.0134578
2009 WG106,0.313219711385038,2.401521856383544,1.68378723193768,Apollo,0.00651354
2009 WH106,0.6201747699779528,2.910622030962561,3.92403397403475,Apollo,0.0396205
2009 WJ106,0.6450216752772009,1.124108950316013,1.60084932580142,Apollo,0.00687758
2009 WK106,0.4015564581545655,24.48920293144816,2.41664210463767,Amor,0.274241
2009 WN106,0.3157901887561279,11.41166977311063,1.7881777287936,Apollo,0.0395485
2009 WP106,0.2775967120095746,9.855879713228735,1.64786440862899,Apollo,0.0300443
2009 WQ106,0.1826510590103519,23.29345438328105,1.49177994809319,Amor,0.0997605
2009 WM139,0.5021822166170887,20.79205061622732,3.69573712457687,Amor,0.406676
2009 WE253,0.5500641770574081,11.94048515664513,4.17329810584378,Amor,0.270293
2009 XD,0.6732179185000907,31.45358220578625,3.83741249910627,Apollo,0.198748
2009 XV,0.6871741917594861,3.339164881865772,4.11556936350168,Apollo,0.0233147
2009 XQ1,0.2968545035528368,17.78067487475844,1.12101955340312,Apollo,0.184288
2009 XR1,0.4074119394444816,0.4732921671849487,2.07969899760115,Apollo,0.00105017
2009 XV1,0.6623364735340692,19.54699638987438,2.25201295845453,Apollo,0.0676849
2009 XA2,0.458436325118461,26.63497763595269,1.97374882906764,Apollo,0.0791692
2009 XB2,0.3447315947338459,11.9400617983433,2.16444890020726,Amor,0.182161
2009 XO2,0.4882470622670005,12.6212579240311,2.69171179440851,Apollo,0.0173535
2009 XP2,0.1986185439616678,9.247854248141492,1.33964100388613,Apollo,0.0150973
2009 XQ2,0.5659443573469152,6.757914563637996,1.2647388824441,Apollo,0.0146614
2009 XT6,0.7674494253573804,5.738740038998086,3.21953737132617,Apollo,0.00223557
2009 XZ6,0.2017390791964884,6.473316819650579,1.35107419587911,Apollo,0.0143009
2009 XP7,0.3874352919385736,12.14261058588213,2.16090567013438,Amor,0.0697777
2009 XH8,0.4782588609524105,4.91816085583437,2.97114603517952,Amor,0.0936366
2009 XK8,0.6157525054319861,2.772225784161158,3.926614011746,Apollo,0.0275314
2009 XL8,0.4801400534968598,13.69257615811457,1.37894484993994,Apollo,0.0358666
2009 YA,0.5771863970523576,28.15746224702617,3.62277249459627,Apollo,0.0873086
2009 YF,0.1214718615639609,1.526112154958715,0.904367486979952,Aten,0.0171162
2009 YP,0.4247397864260103,10.0000131541986,0.742324979942691,Aten,0.050362
2009 YQ,0.7064949693895779,8.510641945987363,2.82344661686891,Apollo,0.0997866
2009 YR,0.1100721738780768,0.7002843026564476,0.914178204619936,Aten,0.0018515
2009 YS,0.1798302724013738,6.748253838858754,1.30334037071087,Apollo,0.00368344
2009 YT6,0.4908538390215065,22.13350166738376,2.14182659431326,Apollo,0.0926183
2009 YU6,0.6304295568014774,12.1713115236381,3.84192219337642,Apollo,0.0807274
2009 YV6,0.2572714251866509,13.92509691305763,1.74316248920657,Amor,0.145794
2010 AF,0.2977936517078294,23.60254725687519,0.943665096116674,Aten,0.024419
2010 AJ,0.6028210774814295,1.32829974271225,4.77610751405777,Amor,0.13632
2010 AL,0.397511779922693,9.439063157428624,2.31159393996387,Amor,0.0954033
2010 AR1,0.3711456550433092,0.5584894838559834,1.88441583099016,Apollo,0.00304503
2010 AK2,0.7127750840566279,45.25254326600518,3.15070283621653,Apollo,0.259856
2010 AL2,0.4316159415341032,7.526484080045745,2.32944438133085,Apollo,0.0285592
2010 AM2,0.5177721702074,1.284392437546673,1.77924419599888,Apollo,0.0151552
2010 AN2,0.4993431150940592,8.468609867893251,2.17550141902939,Apollo,0.0660587
2010 AO2,0.3379582749453834,19.58467139423174,1.01857145018348,Apollo,0.166888
2010 AB3,0.6121675004316354,2.249498800019986,4.43046339545992,Amor,0.0658613
2010 AC3,0.3570582719491873,23.94972795638238,2.2606395019558,Amor,0.187971
2010 AD3,0.6318996987324814,4.479982889941907,5.08345742674532,Amor,0.110113
2010 AE3,0.5585457469022759,10.29704939335776,2.58198778711249,Apollo,0.0412098
2010 AF3,0.1235562948670237,11.8221133017094,1.0247852001969,Apollo,0.0505381
2010 AG3,0.2811964695458056,2.45301798659887,1.60738107474212,Apollo,0.014984
2010 AH3,0.4248324959571497,2.001210420281934,2.14162757502604,Apollo,0.00526228
2010 AJ3,0.3070416006655062,16.93345307298927,1.35672750353162,Apollo,0.0111431
2010 AE30,0.4167565119383425,5.966848190690357,1.42744198592272,Apollo,0.00788133
2010 AF30,0.3717429723861787,3.058156610196547,1.52549172888024,Apollo,0.0434927
2010 AG30,0.6946757784588594,2.087632930228903,3.39875614300994,Apollo,0.0064875
2010 AJ30,0.3024173124070433,7.574410038314405,0.730769502699911,Aten,0.045581
2010 AL30,0.3075545336192343,3.831331517854135,1.06954910658785,Apollo,0.000943817
2010 AE40,0.4529583603945609,21.43183387146589,2.54664668889052,Amor,0.0627089
2010 AF40,0.4644220427063906,4.304935009994269,1.37714202211884,Apollo,0.0019978
2010 AG40,0.6090007128389685,2.024656775543594,2.32389178556601,Apollo,0.0335978
2010 AL60,0.1606792207485018,16.1581274727723,1.36332586041185,Amor,0.0563558
2010 AM60,0.5726509653530344,11.26879150699316,3.72817610668813,Amor,0.0644957
2010 AN60,0.5737365943325525,4.553803202089519,2.83080600100655,Apollo,0.00812682
2010 AN61,0.1318545441878182,3.613728388476619,1.24314246908092,Apollo,0.0201148
2010 AG79,0.581839401305971,33.03268973580352,4.92968010086651,Amor,0.232053
2010 AW108,0.2804196275308746,10.99608966848007,1.71411727986307,Amor,0.152921
2010 BC,0.5703268157652478,9.548003412585384,2.69211058584828,Apollo,0.0149474
2010 BQ,0.54743832501858,37.07753633021053,3.55846518328523,Amor,0.121897
2010 BG2,0.9073162410558063,42.8058571324993,6.28207482853586,Apollo,0.0598734
2010 BH2,0.4613101499351179,24.58446083986562,3.61041701795142,Amor,0.361888
2010 BU2,0.5858287485647514,3.164283837372277,3.72346326223575,Apollo,0.0130766
2010 BC3,0.6543660059156052,4.845232042533484,5.6698018212467,Amor,0.113294
2010 BT3,0.5432675034292784,13.72705502079383,4.1501477338549,Amor,0.217856
2010 BZ4,0.6376630123601491,9.260290173592333,4.54863658414527,Apollo,0.104571
2010 BG5,0.3866815381641082,6.59814649964321,1.78514895125227,Apollo,0.0156112
2010 BO127,0.6536838755851831,13.74198805382888,4.45867594203,Apollo,0.146205
2010 BV132,0.1796738205101444,17.27528175567381,1.3608322745249,Apollo,0.0230644
2010 CA,0.4599035539174883,9.90360910742922,1.51358926472234,Apollo,0.000654323
2010 CL,0.3890959409113267,18.2518792205699,1.96531816611777,Apollo,0.0452238
2010 CN,0.223975168394721,10.66442496884511,1.63932452249742,Amor,0.109788
2010 CT,0.6577162777190069,19.76143549326244,0.836741338346086,Aten,0.171719
2010 CJ1,0.4949984044042999,4.089885994394828,1.95739586862631,Apollo,0.0143851
2010 CK1,0.2152970080372179,27.26781458204371,1.22750396873668,Apollo,0.0536159
2010 CM1,0.5179081644445637,5.123853919816233,2.90324513788917,Apollo,0.0479979
2010 CR5,0.8200581571813886,5.643155664126557,5.28261691155032,Apollo,0.0637767
2010 CH18,0.5721859644913785,27.1756100921451,4.20032411705983,Amor,0.324683
2010 CJ18,0.2600995243398132,7.786948657985664,1.31110701423095,Apollo,0.00623036
2010 CB19,0.3102293032079982,6.001142808560439,1.03973241185334,Apollo,0.00366135
2010 CC19,0.7513451059723156,46.16744819652787,1.15385726049343,Apollo,0.0544004
2010 CE19,0.4830274996219709,7.593340067975083,2.6973481090351,Apollo,0.0478206
2010 CH19,0.5075701906085865,10.21839109651345,2.25651170748666,Apollo,0.0617333
2010 CK19,0.1499567430903579,2.255440633827948,0.980443828763397,Aten,0.000283711
2010 CM19,0.3154811197402124,4.311877685101666,1.74340297795194,Apollo,0.00547714
2010 CN19,0.2838257308415395,15.77202740809376,1.02593192880025,Apollo,0.0158031
2010 CO19,0.2585693175342689,9.7776166798915,1.63569551548445,Amor,0.0585589
2010 CP19,0.1478587525156478,13.9754668836992,1.29319915496339,Apollo,0.0370781
2010 CQ19,0.6464144857472615,0.1577288101780338,4.7103133607185,Apollo,0.00944022
2010 CR19,0.2569516499200558,25.1091717940136,1.58882193066063,Apollo,0.0702094
2010 CS19,0.4406393628908156,4.181385307451247,2.29305088990591,Apollo,0.00125497
2010 CN44,0.6712948069677114,3.862022656169084,4.85553150371926,Apollo,0.0292633
2010 CO44,0.2306502312413082,6.181640136379102,1.10740895994185,Apollo,0.0284034
2010 CP44,0.5837822288192801,5.126323230844842,3.02782944071916,Apollo,0.0262021
2010 CA55,0.7131045829234475,55.03331698783781,3.57357798237961,Apollo,0.138274
2010 CB55,0.1480415443861427,25.92193944650284,1.20645025607674,Apollo,0.0430434
2010 CC55,0.4689433589466034,6.782371332987488,1.92203093928189,Apollo,0.0794069
2010 CD55,0.2013200601218725,5.930381446158088,1.03603491230849,Apollo,0.0115004
2010 CE55,0.2205157701564869,2.528129401562132,1.46478561850055,Apollo,0.0276008
2010 CF55,0.7612136323180857,5.1517117300111,2.61937811431679,Apollo,0.0535864
2010 CP140,0.5384252682243449,14.47347475330457,2.61932513694821,Apollo,0.0975172
2010 CN141,0.3992715648837452,23.79504445086399,1.86757530366978,Apollo,0.0607249
2010 CJ171,0.4909783124340695,7.378288743013477,2.8207263543498,Apollo,0.112123
2010 CN178,0.3651642520606988,8.378086999787739,2.58260778199237,Amor,0.234485
2010 CV180,0.6043474698720995,18.22954082398897,5.37500178295896,Amor,0.336136
2010 CW180,0.4697589359206921,21.9810164632668,3.71648010691985,Amor,0.42178
2010 CJ188,0.3353790534498643,22.16271046950436,1.90740668285849,Amor,0.0464706
2010 DF,0.04349583287737537,20.88542254604917,1.26069806318512,Amor,0.132387
2010 DG,0.3268142904576885,13.87747283358965,2.07191287395004,Amor,0.116719
2010 DJ,0.1353854452497411,0.2321642301204702,1.32479650276438,Amor,0.0592897
2010 DK,0.3081275888632229,22.04935332802868,2.56210183183651,Amor,0.333612
2010 DL,0.313778123018391,2.567981688084141,1.5732859616282,Apollo,0.0186091
2010 DN,0.5320028029484778,26.93292046928068,4.12432531599038,Amor,0.422496
2010 DO,0.7455576259446918,11.95337880490778,2.04881955905732,Apollo,0.0182707
2010 DE1,0.2124073099160921,23.1662724767562,1.83587612111582,Amor,0.193751
2010 DG1,0.6523206878238434,1.519363890262116,2.68444375292464,Apollo,0.0019609
2010 DJ1,0.7080287168873107,5.509748395810435,3.3572115219983,Apollo,0.00382045
2010 DN1,0.4850528009752294,21.38937806990199,3.3214351291384,Amor,0.318692
2010 DT1,0.4646856916251762,25.76023283469006,0.980233103356629,Aten,0.0933697
2010 DU1,0.5406974258511201,3.712818350031751,2.19860323380498,Apollo,0.00775413
2010 DX1,0.7048383346284341,20.25186013311989,4.17596855978106,Apollo,0.0728346
2010 DY1,0.5621072914025395,8.046779285957756,3.54328206358202,Amor,0.0354359
2010 DZ1,0.3092222270960733,16.29200056035518,1.78908692407032,Amor,0.0283749
2010 DE2,0.358179191733256,4.707426547588648,1.92414335190845,Apollo,0.00382851
2010 DM21,0.6574222126804988,21.15035492581013,4.84069466982607,Apollo,0.257515
2010 DB34,0.2910063197490821,25.78931770803586,2.213417767274,Amor,0.219456
2010 DK34,0.7652999789108793,27.4140303044518,4.63284346800124,Apollo,0.331508
2010 DJ41,0.7653226858547958,9.275398313014094,4.32862720741755,Apollo,0.138048
2010 DH56,0.5676627535083175,33.65770808827107,3.34255399576062,Apollo,0.329789
2010 DG77,0.6500705424775732,16.73438395001119,4.53980479235402,Apollo,0.00862135
2010 DH77,0.7084462747146613,34.32804530900355,5.90597990018178,Apollo,0.147157
2010 DJ77,0.2106187657301803,24.74613507319139,0.932587815274868,Aten,0.0517084
2010 ES4,0.1702016639345131,25.13054664827453,1.89913168079928,Amor,0.257732
2010 EX11,0.1095985006499426,9.745862976345553,0.935060726844824,Aten,0.0268931
2010 ER12,0.429046855616292,36.49994767846402,2.9549705491401,Amor,0.235705
2010 ES12,0.6548430805980305,2.04869286064609,3.76808193625128,Apollo,0.00331749
2010 EF21,0.721705820237882,10.68882483297813,3.75893230072667,Apollo,0.118367
2010 EG21,0.2266181305544846,9.702329209217378,0.775546472421491,Aten,0.0392143
2010 EB43,0.2185344330555918,25.44488044229923,1.57143122856191,Amor,0.0987918
2010 EC43,0.6040636511024406,0.7813270362835877,3.78798898726129,Apollo,0.00477301
2010 EE43,0.2403200194241194,2.705569259959349,1.68197576876614,Amor,0.0738604
2010 EF43,0.589666361504795,3.853001926658445,2.87641222022887,Apollo,0.00540493
2010 EG43,0.3890001809321849,7.662353408831146,2.37622145988101,Amor,0.104366
2010 EJ43,0.4608202970313986,6.650984514194475,1.23002545904632,Apollo,0.0967137
2010 EK43,0.6536272605848124,7.876246402883027,1.65241009721911,Apollo,0.0759918
2010 EF44,0.8883322337390954,37.99932664055588,3.23411371155434,Apollo,0.0230901
2010 EK44,0.7717801623829363,11.24875536775329,4.78761165430842,Apollo,0.0229086
2010 EN44,0.1900062249567102,10.89070799216041,1.27981612408215,Apollo,0.0240387
2010 EZ45,0.2749854043669031,8.361905847321392,1.8897882433843,Amor,0.112472
2010 EA46,0.6297660235210695,5.97354329760344,4.86067667271051,Amor,0.0771612
2010 EC135,0.4833292596504302,5.075339570198637,3.34069078226621,Amor,0.162288
2010 EF181,0.4066370441370616,23.54286220935179,3.23264723308847,Amor,0.393588
2010 FB,0.285963884764099,24.18800262959433,1.30522826976644,Apollo,0.0566227
2010 FC,0.2401887794260383,7.04124171507957,1.53367170074775,Apollo,0.0757856
2010 FD,0.6544110665395806,0.03198797939842064,4.69425109411488,Apollo,0.000359408
2010 FK,0.09725328567989404,12.67347218603534,0.91149337944157,Aten,0.0323591
2010 FM,0.2701798634828975,7.745663581278397,0.739302334811739,Aten,0.0104945
2010 FN,0.2111337678176575,0.1243848581508848,0.984734041563103,Aten,0.000784948
2010 FO,0.3324828148615515,1.266742633842772,2.05766550752434,Amor,0.085489
2010 FQ,0.3562919197305873,10.55544948718581,1.88723989696099,Apollo,0.00425852
2010 FS,0.3175218261023758,9.120046643748402,0.688825906850763,Aten,0.00868542
2010 FT,0.1946239486191193,5.603382975007729,1.13829038537716,Apollo,0.0133202
2010 FU,0.4094408449811661,10.80203835322132,2.26188629197644,Amor,0.0362038
2010 FA6,0.4080181310270338,7.851105585547714,2.41768410486884,Amor,0.108648
2010 FB6,0.1863788126279713,25.49875617168777,1.47672999158985,Amor,0.110032
2010 FD6,0.4352336497373255,0.4586162439023443,1.739463853664,Apollo,0.00275226
2010 FD7,0.6943690314042297,6.210780146455086,4.11805599769298,Apollo,0.0406223
2010 FE7,0.5532391491683136,1.549560684334547,2.72174067021468,Apollo,0.00236505
2010 FP9,0.2504954238550544,6.290136737652885,1.95608622812721,Amor,0.172966
2010 FQ9,0.3928616357100969,1.458278289815488,2.94148754465439,Amor,0.2505
2010 FR9,0.3812544977616364,5.713451948143616,1.98445955391896,Apollo,0.0146392
2010 FS9,0.601299715488158,3.036420577074381,4.12928526100065,Amor,0.0275164
2010 FT9,0.6396154121150122,3.391071455041973,4.71012908639307,Apollo,0.0467471
2010 FU9,0.5828620957697259,2.66829273066612,3.26873749797831,Apollo,0.00127456
2010 FV9,0.2873627226680863,0.6389576650388844,1.2294779694394,Apollo,0.00273646
2010 FW9,0.4325659602268656,3.766880318431936,2.1032064782073,Apollo,0.00205753
2010 FX9,0.3669595484823557,3.771977897341987,1.20344726299138,Apollo,0.0132841
2010 FY9,0.1507768798579067,4.161984838777732,0.839372829005265,Aten,0.00808159
2010 FA10,0.3960616832410511,10.59216203426122,1.90814747744148,Apollo,0.0110508
2010 FB10,0.5137789090217394,13.71901326681078,0.952200513891385,Aten,0.0925241
2010 FF10,0.6316576863615608,5.075528915403019,3.67104406257996,Apollo,0.0373401
2010 FO28,0.316245559494706,9.976089650186857,2.51938054942808,Amor,0.331471
2010 FL48,0.06890279206656404,26.99640819026801,1.29554396774676,Amor,0.138289
2010 FX80,0.4539628809086033,36.96847313893745,3.19497128827679,Amor,0.535424
2010 FY80,0.6126046041141808,18.81330793505166,4.41981086986185,Amor,0.136948
2010 FZ80,0.7441097497311351,27.33613178957269,4.56306440967391,Apollo,0.296721
2010 FA81,0.1519304215721835,15.47700302595456,1.30685254623018,Apollo,0.0325193
2010 FB81,0.609047292769363,9.461382093419514,4.11403754832349,Apollo,0.0834514
2010 FC81,0.6232078079219836,1.683420638697787,4.37958529738041,Apollo,0.0259132
2010 FG81,0.3930300289619067,7.968474390297053,2.13529645480583,Apollo,0.017594
2010 FJ81,0.6816626382156816,42.42467986053475,6.8564944187757,Amor,0.135092
2010 FO92,0.5194397042292905,6.764552803851648,3.13881564524822,Amor,0.0778257
2010 FY103,0.4411790729399478,29.52940374850658,2.17668157374971,Apollo,0.0590473
2010 GU5,0.546702640034642,6.370902400001744,3.6783931244767,Amor,0.0816226
2010 GZ5,0.5858739855896652,6.121914840213687,1.71837109978834,Apollo,0.0478735
2010 GA6,0.597918668559097,9.754907765244994,3.50152456403751,Apollo,0.00606784
2010 GB6,0.2448996809799738,35.31293067373109,0.828441397727414,Aten,0.0927777
2010 GC6,0.377342914625191,29.10873284116158,2.26616193895873,Amor,0.202996
2010 GD6,0.05866169916167594,21.23997493253759,1.05199530400394,Apollo,0.00751206
2010 GT6,0.5920040421001338,10.07475845857669,1.82860960818102,Apollo,0.0864049
2010 GU6,0.6799381411795479,10.13452511435997,4.42518080973512,Apollo,0.106081
2010 GA7,0.389145098677154,30.00219436408342,0.871838938180022,Aten,0.161552
2010 GF7,0.4502609026469517,3.706097290889227,2.18333447059666,Apollo,0.00647943
2010 GG7,0.3355743927264869,13.14060668471093,2.38039297992169,Amor,0.290138
2010 GH7,0.2997324917353964,3.51716392339485,1.65702394097602,Apollo,6.55669e-05
2010 GS7,0.6577949486955906,9.098303853626422,4.4266598719259,Apollo,0.047633
2010 GT7,0.6783981780143838,8.429280200633361,4.51860901253541,Apollo,0.0594789
2010 GT21,0.179344586655336,18.52136026426226,1.75083543942259,Amor,0.18328
2010 GU21,0.563927494269856,3.162788099120277,3.21972834162166,Apollo,0.0108496
2010 GK23,0.6828014193135649,35.00071861517484,4.55678569090919,Apollo,0.0969089
2010 GL23,0.3658253954003623,7.198928077882217,1.24151041043302,Apollo,0.064205
2010 GM23,0.4425557110573284,4.356037026069282,1.5117154680246,Apollo,0.00214037
2010 GV23,0.2029401469660411,3.624031287412994,0.896063192894792,Aten,0.00329924
2010 GW23,0.5280863469564959,4.503963314633133,2.1881132679639,Apollo,0.0140225
2010 GX23,0.4512317222271863,1.91472920714006,1.80683907623044,Apollo,0.027951
2010 GY23,0.2939563409514864,5.111190711911838,1.82812709518642,Amor,0.0595878
2010 GD25,0.4807708067876401,4.098781437444686,2.43640499940171,Apollo,0.0132768
2010 GF25,0.7365872329082795,38.49831903952,1.69497779675128,Apollo,0.39894
2010 GE30,0.2796839805702054,7.904733342637295,1.97504303249027,Amor,0.132746
2010 GF30,0.571323489302941,23.38892593563407,4.6883535102979,Amor,0.211503
2010 GH30,0.2917878420343185,18.25498022155467,2.21596947826659,Amor,0.292123
2010 GJ30,0.2625009452632882,20.87643032388918,1.79582133211687,Amor,0.0901109
2010 GP33,0.3573253573674671,5.422675546898032,1.88169363580983,Apollo,0.0167419
2010 GQ33,0.4470329624802529,2.634759324595491,2.47905097499588,Apollo,0.0374284
2010 GR33,0.4438864704575792,7.141279141747765,1.98371147186881,Apollo,0.0627501
2010 GZ33,0.4225845382692578,5.176841640344295,2.64735959132677,Amor,0.126959
2010 GA34,0.2984905842485987,4.292169767463889,1.75991216832706,Amor,0.0403474
2010 GC35,0.1273973992335193,8.498460183743894,1.33602555360831,Amor,0.0563913
2010 GD35,0.481165153428692,7.815966672075374,0.668362270803852,Aten,0.038128
2010 GE35,0.6163721668282005,5.329145896839681,3.32372555760657,Apollo,0.00233676
2010 GJ65,0.3739057590801091,17.77157699748892,1.72945154615313,Apollo,0.122623
2010 GK65,0.442762281999422,0.5830050026492737,0.885979419169086,Aten,0.00492914
2010 GL65,0.4863538644501845,3.39913430553763,2.64768982705765,Apollo,0.011297
2010 GM65,0.566108352266508,25.12387344943225,1.82744131810869,Apollo,0.0379427
2010 GN67,0.3396903516758806,18.8147362877245,1.54945221389063,Apollo,0.0582669
2010 GO67,0.742323542285589,5.218981974663816,1.78766524583316,Apollo,0.0172487
2010 GP67,0.1073606111774942,13.27154931085834,1.17603105150499,Apollo,0.0156266
2010 GQ75,0.8603157343803405,43.30135026195904,3.81853433643343,Apollo,0.616112
2010 GV147,0.6602133071614752,44.0528110790787,0.938880778290951,Aten,0.317957
2010 HA,0.1958453623709297,2.183463298339812,0.940496183425838,Aten,0.0331243
2010 HC,0.5228543821589102,6.86911622503173,3.10051255296972,Apollo,0.0889589
2010 HF,0.3794186139453661,1.193253131526962,2.07356065767428,Apollo,0.00464668
2010 HG20,0.232331333321794,17.5353183905323,1.21478022817581,Apollo,0.0649097
2010 HP20,0.5354790650033628,7.71638486583276,2.8212570951373,Apollo,0.000882212
2010 HS20,0.5517384977929854,2.219219750006385,3.28893207917233,Apollo,0.000959303
2010 HV20,0.7882518976977533,6.449784288434876,4.2189389862485,Apollo,0.0895377
2010 HW20,0.05005634701745452,8.18437054674396,1.01683534746506,Apollo,0.00803909
2010 HK22,0.07130213098786498,9.514654366104446,1.07055945386558,Apollo,0.0293032
2010 HY22,0.7239351422853371,44.13132785785412,6.98837172924592,Apollo,0.0285845
2010 HD33,0.5148816916322057,24.41461699392829,4.24058240609661,Amor,0.371991
2010 HW81,0.7544154729438155,13.47603697596303,1.41627660155532,Apollo,0.120733
2010 HY103,0.610088674136614,0.5199246998512796,4.44429092831799,Amor,0.0404119
2010 HZ104,0.565948503872096,20.23034654891471,3.37762576973365,Apollo,0.0273562
2010 HX107,0.3004496157243384,3.364004026631221,0.71744256308802,Aten,0.0130035
2010 JA,0.2931949874725123,2.521609169723284,1.34038394097307,Apollo,0.00364611
2010 JE,0.6559836597817277,13.80553001543377,4.64639903378084,Apollo,0.110768
2010 JG,0.3197535580294008,23.306479321538,1.29841833621331,Apollo,0.0294083
2010 JJ1,0.5632067096642995,1.690269856890543,3.69067236125621,Amor,0.0353166
2010 JK1,0.1503496678040356,0.1674680595761673,1.04448858635089,Apollo,0.00182558
2010 JL1,0.1928851078605737,20.65827109495067,0.894612516883166,Aten,0.0339827
2010 JM1,0.4039166567826356,6.922329859846924,2.29882766598926,Amor,0.0300613
2010 JH3,0.4707758307985329,19.77949592592675,2.33241165729287,Apollo,0.0185086
2010 JJ3,0.5803814665202758,2.427528031620614,3.32934158588081,Apollo,0.0184313
2010 JP15,0.5798233226493419,40.74139207969387,4.65132037381949,Amor,0.202568
2010 JK33,0.6109551608099225,4.041120804960499,3.33165788062745,Apollo,0.0242984
2010 JM33,0.4604628093489604,5.496188793771091,2.43113697460082,Apollo,0.0302757
2010 JN33,0.2878227955243577,53.1435178003895,1.93825437300054,Amor,0.253825
2010 JO33,0.5930865005316939,3.733561553471374,3.98171713485741,Amor,0.0118951
2010 JR34,0.1446875078529556,0.7194950265785024,0.939929423691512,Aten,0.00360363
2010 JS34,0.4874883050534154,25.37384382400873,3.24112068133214,Amor,0.368849
2010 JU34,0.06347443934530606,29.2198675093695,1.47484553139967,Amor,0.260341
2010 JV34,0.5444935642566308,7.209878150799628,2.260783833535,Apollo,0.0380741
2010 JW34,0.05472833358218102,2.258789675628833,0.972119892831722,Aten,0.00592188
2010 JA35,0.5762785140217936,29.0164184949174,3.17246275128435,Apollo,0.224622
2010 JT39,0.2080074401718197,5.047212481621252,1.31801663464463,Apollo,0.0411954
2010 JV39,0.4411600546810495,4.843456615207912,2.63775426582529,Amor,0.106494
2010 JW39,0.3901815021162544,3.003143315977281,2.09501427662005,Apollo,0.0224433
2010 JJ41,0.6685743644896015,3.207232752096246,1.1047412515536,Apollo,0.0219563
2010 JK41,0.5640306328374062,25.48491455331563,4.56393861691712,Amor,0.243732
2010 JL41,0.6657748355612216,7.573653261844677,2.26874693474499,Apollo,0.126103
2010 JM41,0.4012795237227326,20.38101023583936,1.30883510853011,Apollo,0.242428
2010 JN71,0.5902918878573762,17.74262690375138,3.67435433221232,Apollo,0.0364282
2010 JO71,0.3867120486195559,6.005007369498308,1.26824199581343,Apollo,0.0463107
2010 JL77,0.4745475046677799,4.618657539831114,2.92076763307616,Amor,0.0692886
2010 JG80,0.1740498204858704,24.81657660770473,1.58598900073359,Amor,0.114729
2010 JH80,0.7785652473046576,21.66735098537688,3.01797599973448,Apollo,0.0217153
2010 JF87,0.6204735764010476,24.91670285110502,3.80452514140866,Apollo,0.0529435
2010 JG87,0.9466937051440153,16.75175046400488,4.61144713196568,Apollo,0.216778
2010 JH87,0.5401693707018858,43.75548730559855,1.90589547349806,Apollo,0.22425
2010 JE88,0.7640353535709835,10.73132585782922,3.0636919990584,Apollo,0.000264514
2010 JH88,0.7889438465591099,21.44048055605433,3.46469811189061,Apollo,0.360279
2010 JL88,0.5038568485642214,0.09443563892952628,1.70188788180918,Apollo,0.000908847
2010 JH110,0.5668395185504558,0.7429870377952568,3.56259254540472,Apollo,0.00116767
2010 JV153,0.4722605135515012,5.949015264411917,3.32080219593333,Amor,0.15952
2010 KC,0.6071021740484934,2.209999150576024,0.691344404953094,Aten,0.0197695
2010 KD,0.2176015311920959,17.24022015916211,1.57574921520677,Amor,0.212218
2010 KE,0.2451961345520552,5.242193985425081,1.47723030874113,Apollo,0.0135147
2010 KH,0.5477362031548442,14.57350197843711,4.60168899900791,Amor,0.376094
2010 KU7,0.3812456630381879,6.74932945452406,2.14876538944614,Amor,0.0485284
2010 KV7,0.218530666325206,0.3144873484846323,1.33778674879891,Apollo,0.00125247
2010 KA8,0.4339318075424711,10.119747639523,2.06261443701182,Apollo,0.0953549
2010 KB8,0.8269242256404509,1.893746086075417,1.61172497165723,Apollo,0.00703909
2010 KO10,0.5289166669253081,8.109467624640272,2.73557390312378,Apollo,0.000626022
2010 KP10,0.1662111608725797,16.19507469572774,1.20376134354411,Apollo,0.0596178
2010 KQ10,0.6621701644633573,6.703130172891861,3.68155032207558,Apollo,0.0226844
2010 KR10,0.5863120872734772,1.046449323182417,3.19300775675995,Apollo,0.0018924
2010 KU10,0.424056966083377,47.2100707410446,2.12282148839412,Apollo,0.214933
2010 KJ37,0.089619972087782,10.84044886892035,1.19591963430489,Amor,0.0868476
2010 KK37,0.4315158879497467,9.098658697095967,1.90945493407279,Apollo,0.00153368
2010 KV39,0.2557428630897483,13.92109239629143,0.939164827100951,Aten,0.00145586
2010 KY39,0.3986278747548938,25.50825261700099,2.29613378327745,Amor,0.301493
2010 KB61,0.2338630811848063,44.59463513876378,1.43980006957169,Apollo,0.0482572
2010 KL66,0.5339783774107526,7.937449373610361,3.72233583078386,Amor,0.180384
2010 KK127,0.4258069546992055,6.971791625875124,3.32705979288572,Amor,0.27492
2010 KD149,0.2118248367015863,14.23381073328364,0.83810619296504,Aten,0.0223834
2010 LF,0.4831415431403737,9.732326500793585,2.94031334279605,Amor,0.0648803
2010 LF14,0.473108271713036,1.631460285211091,2.97172919659858,Amor,0.0749249
2010 LH14,0.5762665332051322,4.663620915311761,3.25850127154522,Apollo,0.053717
2010 LQ33,0.4597392923445691,24.64504951790078,3.41754988300238,Amor,0.22407
2010 LK34,0.8072542796109664,5.319906212753841,2.47297233969389,Apollo,0.00851537
2010 LM34,0.6045229788421295,24.39998267263327,4.49957199678655,Amor,0.0718477
2010 LJ61,0.4594898719671753,9.803702394770657,1.06941483541385,Apollo,0.0507196
2010 LK61,0.5780607545266692,22.73235796959275,2.15250443736437,Apollo,0.0990728
2010 LZ63,0.76085608187058,13.86743584950057,2.59840449387286,Apollo,0.0168208
2010 LA64,0.1899353142699074,20.25903298018358,1.39186272004669,Apollo,0.092022
2010 LB64,0.2153131712363166,51.68120395685456,1.57415363742293,Amor,0.0529228
2010 LC64,0.5525988821782137,4.450131461223892,2.84697595062298,Apollo,0.017553
2010 LD64,0.5406566847923326,2.034791035253296,3.62814454767635,Amor,0.0743524
2010 LG64,0.6048987938539432,42.09502524254131,4.38323590547621,Amor,0.0576653
2010 LE68,0.2874811338888197,11.90946494673082,1.67727866988816,Apollo,0.0281107
2010 LJ68,0.4530383725888308,17.11271553028415,2.35240376601326,Apollo,0.0321133
2010 LK68,0.4736240107208793,21.91835053903914,1.26408185596482,Apollo,0.0255213
2010 LL68,0.5246570789979964,10.4913468917437,2.98067761567419,Apollo,0.138279
2010 LM68,0.2612157972713348,12.27167671159432,1.09290337357325,Apollo,0.120705
2010 LO97,0.5283973315096758,21.70371498974444,4.1365461769649,Amor,0.224568
2010 LU108,0.823051391039828,9.4640896889505,3.32769322243555,Apollo,0.121403
2010 LV108,0.6358755271924843,5.40901679103711,4.62709085455439,Apollo,0.000671804
2010 LU134,0.5456743175188792,27.36423700024604,2.61365823906576,Apollo,0.14585
2010 LE152,0.4271332598468398,22.06418970599078,2.20840571914383,Apollo,0.0784664
2010 MA,0.3481217548852435,14.0929506625499,0.774870276984999,Aten,0.0223631
2010 MB,0.1555815406136813,11.65137410880546,0.923867946972152,Aten,0.0640995
2010 MC,0.2733117512082838,7.50719741381127,1.6726934674195,Amor,0.0519513
2010 MQ,0.7644114000683778,28.73258802663766,2.0731386446408,Apollo,0.364121
2010 MV,0.4703685767820663,2.213333224886851,2.91423248232391,Amor,0.069195
2010 MG1,0.5066372211868794,6.554608901500655,2.76957007274653,Apollo,0.0355816
2010 MH1,0.3244954672999226,12.6492280252737,1.19387642663816,Apollo,0.16996
2010 MJ1,0.1322581597054564,18.2637585001486,0.988604918086908,Aten,0.0938534
2010 MP1,0.4873108856770745,22.64054009846987,0.790866823405745,Aten,0.0558002
2010 MS1,0.2685123263154063,9.042845258426164,0.896390679298066,Aten,0.106184
2010 MW1,0.5225215761017072,25.75822486410853,4.09739215144151,Amor,0.500659
2010 MY1,0.2114307727778198,9.702632384212604,1.33934635140334,Apollo,0.0175225
2010 MZ1,0.305810774877243,21.90700446976642,1.82298220691776,Amor,0.019566
2010 MU111,0.614594586812504,41.64283929356903,3.68817678082692,Apollo,0.0669872
2010 MU112,0.5398355398772579,48.04388537267254,2.32708789309657,Apollo,0.000260685
2010 MY112,0.2446523055386065,38.58156321084437,1.10940564799082,Apollo,0.145681
2010 MA113,0.6682710470525867,41.05967840940938,4.41497397851595,Apollo,0.083009
2010 MD127,0.5999475437157976,19.70196816277795,2.35137086088537,Apollo,0.0519131
2010 NA,0.6541342648110183,6.38805345406022,2.26252443081524,Apollo,0.100731
2010 NB,0.325890415811404,21.44274425026635,1.04978942716251,Apollo,0.0461423
2010 NG,0.3444642282775698,8.2953395864143,1.89889686200015,Apollo,0.0134396
2010 NH,0.5427560187034174,7.540128342697671,3.01370952194746,Apollo,0.00196689
2010 NK,0.5208441367530551,13.60586992579419,1.52708741827509,Apollo,0.0059624
2010 NL,0.4308537864838514,8.548080171278494,2.13909046264928,Apollo,0.0233816
2010 NM,0.1514432300928033,16.11822018989718,0.958776022867314,Aten,0.0493138
2010 NN,0.448173428690856,2.259131859455042,2.37647369835616,Apollo,0.000719066
2010 NG1,0.3326300414419353,24.7423338486124,0.782706963486464,Aten,0.0819236
2010 NK1,0.1836516593993377,14.76441974697324,1.02174619847422,Apollo,0.0124311
2010 NR1,0.3263897245487597,5.740480737212856,2.0940449880568,Amor,0.12397
2010 NU1,0.8007335661055098,34.63257852940151,3.78250155404298,Apollo,0.336712
2010 NB2,0.7609174386934119,28.69136248434326,3.01146557869114,Apollo,0.103827
2010 NT81,0.2778503621286237,10.46760022535998,1.53349320016171,Apollo,0.050983
2010 OA,0.5098541351236275,6.02847373135415,2.76458711655064,Apollo,0.0753308
2010 OB,0.6034422137002797,6.086363067135991,4.55953218854158,Amor,0.0772582
2010 OC,0.6333836338483179,12.74109263766873,4.89758110032922,Amor,0.0788172
2010 OA1,0.4426355553069822,7.828787578477321,2.33062177634736,Apollo,0.00235637
2010 OP1,0.6187111558397791,18.44717607061504,4.63003859161846,Amor,0.257504
2010 OQ1,0.5484160530445815,18.88862614116169,3.14302974377267,Apollo,0.184313
2010 OE22,0.6289909673634614,14.21583760892835,4.31105619035615,Apollo,0.188427
2010 OL100,0.6538116369747329,22.21492603554652,3.39915304413267,Apollo,0.130867
2010 OC101,0.2274359912255138,13.60157596903184,1.35038448449701,Apollo,0.0904383
2010 OD101,0.3580511543215848,15.3920262249824,2.0596260088242,Amor,0.188978
2010 OF101,0.3250490935250411,23.37489666670292,0.927431327710134,Aten,0.0622309
2010 OL101,0.5988673156470362,26.13450977311243,4.21482206027107,Amor,0.289744
2010 ON101,0.4093251729440587,9.31087540529886,2.07921746278,Apollo,0.046793
2010 OH126,0.4991631657280676,14.33916272113919,2.59673545523682,Apollo,0.0701407
2010 OK126,0.4462300654328766,52.58330083734396,2.73456790681384,Amor,0.14687
2010 OC127,0.4890595358293177,6.927654051428764,3.77248340240743,Amor,0.252455
2010 PJ,0.4788397087099753,27.9573104362213,2.1813294759265,Apollo,0.0843114
2010 PO2,0.289720260722979,16.63108475516981,1.69518674487664,Apollo,0.0590759
2010 PP2,0.4667497398524209,6.583891095960858,3.55778496581972,Amor,0.23169
2010 PQ2,0.4806564410571698,1.945073076499571,2.88601245776488,Amor,0.0374993
2010 PH9,0.1843018745242763,12.11043359854601,1.41976160295453,Amor,0.0149217
2010 PJ9,0.5666632724526631,1.150005206051614,2.71742975171848,Apollo,0.00337352
2010 PK9,0.6758634748619897,12.58732502214531,0.563337306476204,Aten,0.015471
2010 PL9,0.4494858075727153,19.98742583801274,3.60279685272409,Amor,0.36151
2010 PM9,0.6916821420700712,4.032536887323745,3.35920216624086,Apollo,0.0587829
2010 PM10,0.4635205155277115,1.500275961509188,3.44480570488772,Amor,0.223893
2010 PQ10,0.3767374330389383,22.27460994616032,0.773875259807287,Aten,0.132519
2010 PY22,0.5279052281510728,30.4801430046199,4.06659402221377,Amor,0.311627
2010 PD57,0.4930363408201652,7.264478459485947,3.55114876480108,Amor,0.195852
2010 PS65,0.6319057268932837,0.5377675717193237,4.88358628961089,Amor,0.044275
2010 PS66,0.2415522437519943,1.118431766441255,1.5606162906841,Amor,0.0143083
2010 PU66,0.3902565048297549,18.09003412342162,1.8113112877404,Apollo,0.147461
2010 PC73,0.1192879667299763,24.1966923925171,0.906389584959946,Aten,0.0370266
2010 PY75,0.775694677255365,31.5483673004365,4.33350805018589,Apollo,0.250697
2010 QN1,0.4518147257716789,28.01427638211772,1.23205218336327,Apollo,0.228328
2010 QE2,0.7392160358756118,64.68097429134399,6.20145707692664,Apollo,0.0567662
2010 QG2,0.5160148617366083,4.70323089674868,2.15318111435949,Apollo,0.00125713
2010 QA5,0.6318811324963884,33.41093722353587,4.9853731303106,Amor,0.069292
2010 RA,0.5798700514254627,10.10403435166662,3.81521377280838,Amor,0.07576
2010 RB,0.6214254768737956,27.72024779658668,4.09521086533817,Apollo,0.260799
2010 RC,0.4476891085535275,5.620172059218918,2.52734776506804,Amor,0.0213606
2010 RD,0.2727742479122713,4.11818371465398,1.68291494334795,Amor,0.0594411
2010 RE,0.1857666060950993,8.00933925421462,1.05248088578307,Apollo,0.0246806
2010 RF,0.4782999550270894,11.85313126141611,3.37810644449238,Amor,0.164106
2010 RS3,0.4555702009005699,5.052526185047181,3.05912385819259,Amor,0.141683
2010 RT3,0.5187239409240937,8.372917856977452,3.15277360707306,Amor,0.0601165
2010 RU3,0.432417972026746,5.517962257088496,2.5826762301484,Amor,0.0624773
2010 RV3,0.8979701074500007,9.19629920178621,3.84628181632333,Apollo,0.00676139
2010 RW3,0.3710502086060625,3.566347582818651,2.87086228962791,Amor,0.264349
2010 RX3,0.6193322047823004,3.895963631306413,4.28124691704011,Apollo,0.0152243
2010 RY3,0.6194562894088034,4.415941093728529,4.20742715319078,Apollo,0.0129806
2010 RJ4,0.3539748202035488,2.537060713557369,2.09782438135698,Amor,0.0605535
2010 RV11,0.3400839248237973,4.349504493568924,2.00695875478624,Amor,0.0404098
2010 RW11,0.4091106927670675,37.62115776523106,2.14486695621352,Apollo,0.0858614
2010 RY11,0.3101498508046513,9.716620400101398,1.50188556175427,Apollo,0.0225903
2010 RZ11,0.6355002168727039,1.283261967090646,3.60476657369973,Apollo,0.00586864
2010 RA12,0.2306410507781333,13.0197430614305,1.53307210467249,Amor,0.026738
2010 RB12,0.6316247934576078,5.279948452009937,3.70956814733661,Apollo,0.00196809
2010 RC12,0.4501338406579259,5.108728730859607,3.32317194649409,Amor,0.225005
2010 RE12,0.4417944096290937,7.165459976907485,3.46885317649597,Amor,0.275878
2010 RF12,0.1883076816824649,0.8826733651546759,1.09362105770946,Apollo,0.000603364
2010 RS30,0.3019398227981435,11.45111420526744,1.93431465327995,Amor,0.133745
2010 RT30,0.5238389829655652,4.907522433750916,3.55380685070002,Amor,0.111448
2010 RU30,0.4321821386510518,13.21509627097027,2.58212521962744,Amor,0.103913
2010 RV30,0.4299108005234298,0.2736146757920654,3.01549812027946,Amor,0.183791
2010 RW30,0.3182349434082991,12.80419309488629,1.96249365059882,Amor,0.152892
2010 RX30,0.388386393200469,5.064496652398578,0.757333798047174,Aten,0.000872092
2010 RC31,0.5207716680480029,0.3975606204891233,3.37085522231861,Amor,0.0669515
2010 RD31,0.4462236763597601,7.218110193542372,3.11153387634443,Amor,0.165162
2010 RE31,0.323065259604187,7.086145160937456,0.95269123148021,Aten,0.0142036
2010 RF31,0.2778798087617743,5.947200390635244,1.60787614386603,Apollo,0.0479274
2010 RG31,0.1900774512441674,12.95871429288391,1.15139359500349,Apollo,0.0998777
2010 RH31,0.5055041525121163,6.341839985831603,3.62544798728218,Amor,0.162332
2010 RF42,0.2033081545230357,14.07617418133802,0.887724075317689,Aten,0.10418
2010 RG42,0.1348760088190606,18.32844541690547,1.38307731618996,Amor,0.130472
2010 RH42,0.6420826986222733,19.75173250873839,5.45547154991905,Amor,0.118217
2010 RL42,0.4339094235513872,4.08648817450592,3.03064700745529,Amor,0.192255
2010 RM42,0.5448784702167537,38.95998993920561,3.18445957004277,Apollo,0.338236
2010 RH43,0.3971117696372593,3.379011135825264,2.3901725430882,Amor,0.0714297
2010 RJ43,0.4959214044928773,6.881517059749041,0.830902639242808,Aten,0.0213027
2010 RK43,0.4447889873701263,7.648028988726187,3.2763472018087,Amor,0.224388
2010 RL43,0.6220091760199855,0.6134770926965418,3.57908248408248,Apollo,0.00780017
2010 RX45,0.5253826066926276,11.01737929158171,3.23591353726777,Amor,0.0394079
2010 RJ53,0.407120434672244,28.45531748468279,1.1007081982899,Apollo,0.0191503
2010 RK53,0.314067815444709,6.10081474634943,1.56432346509519,Apollo,6.91389e-05
2010 RJ64,0.4954283615239815,4.214116899628267,3.37918877613245,Amor,0.13445
2010 RK64,0.3524054883096385,16.56436869652102,1.89283308219251,Apollo,0.0874409
2010 RP64,0.5206998991607904,6.403722810638246,3.04769392304406,Apollo,0.0151551
2010 RQ64,0.5005551737522245,0.7668469613552171,2.92369216094506,Amor,0.0117855
2010 RM80,0.1995757975069396,2.363557899267752,1.27583943247763,Apollo,0.00161664
2010 RN80,0.5386209357309149,8.719582663700097,3.37717765053075,Amor,0.0917521
2010 RO80,0.202723496864178,23.5631991739475,1.29302769315133,Apollo,0.0513483
2010 RP80,0.590452024225988,6.840958565951672,5.147338834269,Amor,0.234796
2010 RQ80,0.5198427517633983,6.4424262124488,3.94569303146906,Amor,0.201587
2010 RR80,0.1576652338300081,13.26359322526952,1.63394248177365,Amor,0.227289
2010 RS80,0.3695083905046595,9.044891711282267,1.76643324285709,Apollo,0.00475636
2010 RT80,0.4509763498570985,7.635644580945836,2.95387986345287,Amor,0.12498
2010 RM82,0.4167105929365066,5.054301485115185,1.28826400201926,Apollo,0.00419343
2010 RN82,0.5452587981933106,28.47226390045454,4.33222437369951,Amor,0.359164
2010 RA91,0.3489896031151047,5.614516641661648,1.26020779573247,Apollo,0.00278924
2010 RM122,0.2168101117831004,7.180158522164525,1.48670064968551,Amor,0.0433118
2010 RB130,0.5247776666009394,1.01636500259087,3.17220708081185,Amor,0.0173191
2010 RC130,0.5764146749826737,9.0696431158241,3.70234386177967,Apollo,0.028241
2010 RD130,0.5247414778094451,2.367415291602428,2.6288153035227,Apollo,0.0251385
2010 RK135,0.5799554661904136,4.566428501648327,3.95486115490158,Amor,0.0560415
2010 RG137,0.5622946677119599,10.04123529186714,3.75864303866522,Amor,0.104202
2010 RA147,0.6544230179993059,5.817030444309951,3.17539722096202,Apollo,0.0102242
2010 RH178,0.3388608928865966,11.17916691863463,2.24818864948801,Amor,0.216085
2010 RR179,0.6113262406831376,6.897369978326142,4.2910545722249,Amor,0.109963
2010 RS180,0.4078044121906995,2.873250348696705,2.5773055850439,Amor,0.108643
2010 RF181,0.5450303170076455,6.222458057512158,3.28753804110234,Apollo,0.0166247
2010 SB,0.5965980555932888,7.264829430175887,4.93065427020127,Amor,0.199861
2010 SC,0.3495548100196327,3.455126123803947,1.97116445525885,Amor,0.0230542
2010 SD,0.4055792916727168,3.575898583553536,1.61653783523208,Apollo,0.021799
2010 SE,0.2907831052820922,20.32896800001172,1.07313603994251,Apollo,0.00741117
2010 SF,0.2195628751051538,9.351468091617868,0.767681090572292,Aten,0.0146288
2010 SH,0.3506794908474918,24.8192309010898,2.20156291650107,Amor,0.160466
2010 SJ,0.1660320319272541,11.30572627853537,0.884414134148778,Aten,0.049302
2010 SP3,0.6325786340155911,0.4605812585891002,2.81964150978993,Apollo,0.00267914
2010 SR3,0.389053124547088,12.638315301,2.43384509434241,Amor,0.192627
2010 ST3,0.4627756731753332,3.650337126984012,2.50814377320286,Apollo,0.0441829
2010 SW3,0.4007700648727566,1.491813949297107,2.05807770401048,Apollo,0.000587733
2010 SX3,0.326968901526566,8.0005406152029,2.00206255998094,Amor,0.0656268
2010 SY3,0.4200788538385883,6.180759495880179,3.0850852988319,Amor,0.227811
2010 SZ3,0.1417376991394679,2.214208795257594,1.2906464719674,Amor,0.0130845
2010 SX11,0.2488229184382993,5.159902857314296,1.24523481668499,Apollo,0.0256464
2010 SA12,0.5130314249889182,6.240270305506707,3.52112974817355,Amor,0.153691
2010 SD12,0.4072840346645031,23.58746254297999,2.42210329769814,Amor,0.0756115
2010 SE12,0.1846514955346167,9.286910982713318,1.59039383778258,Amor,0.113191
2010 SD13,0.6074439196387362,10.48585714258458,4.37964755716738,Amor,0.105619
2010 SJ13,0.5930921084074043,7.683108477007222,2.21020745159403,Apollo,0.107317
2010 SK13,0.7131639881194252,1.04523224444045,3.85678681782446,Apollo,0.00251618
2010 SF15,0.5257080523431128,3.300600506641246,3.30987517804312,Amor,0.06154
2010 SJ15,0.5297395074791511,36.23668533853681,1.8441162641762,Apollo,0.0979797
2010 SK15,0.5574619763233614,4.77068114803486,3.55346354592014,Amor,0.0439612
2010 SL15,0.5600360052423206,0.7965133140075116,3.95686224434971,Amor,0.103196
2010 SU15,0.512097748921208,4.314769476711543,3.21907106503353,Amor,0.0619729
2010 SV15,0.2698404026841074,11.87202125706496,1.51721162616225,Apollo,0.0352739
2010 SR16,0.301735649983441,27.42918037388207,1.57160112953614,Apollo,0.0514776
2010 SS16,0.6006719543653342,1.041391379548712,4.81144767850856,Amor,0.145456
2010 ST16,0.5905685260657568,6.655973433735745,3.97847808009833,Amor,0.0971341
2010 SA17,0.546444909248566,18.99870297513293,2.37482653318888,Apollo,0.202405
2010 SC17,0.6759244653284837,5.545764912049399,3.65688647704394,Apollo,0.030646
2010 TD,0.6768378044105039,3.226307095302225,3.21408727129345,Apollo,0.00501349
2010 TE,0.1978746980625136,5.547797702798008,0.864595933190048,Aten,0.0167977
2010 TF,0.3078085950317881,22.47129714161722,1.72353421794524,Apollo,0.0640658
2010 TK,0.3805361319912869,0.5566445607499888,1.465278591834,Apollo,0.00556124
2010 TN3,0.2027283289530239,26.69369327101398,1.90850548482474,Amor,0.249455
2010 TM4,0.47257599734496,5.077571023407239,2.80875422073702,Amor,0.0639194
2010 TN4,0.4349490312120114,3.029472299800454,2.26470553611159,Apollo,0.00960026
2010 TU5,0.6757762975476905,14.83701507171317,3.28084356561457,Apollo,0.0886703
2010 TK6,0.3478441994986022,29.98737374020316,2.26941693987143,Amor,0.255924
2010 TG19,0.5634049449707127,6.916120419631785,3.0629086290973,Apollo,0.00130206
2010 TJ19,0.3299660366809608,5.604973160983252,1.88072727491548,Amor,0.0303383
2010 TK19,0.1288167581203913,12.95805198505719,0.91301812804463,Aten,0.0413235
2010 TP19,0.4220850884290576,20.87899317825476,2.15824545962813,Apollo,0.0984755
2010 TQ19,0.2934884723057929,14.39826807694441,1.70528087702333,Apollo,0.0233226
2010 TS19,0.700160309468673,5.635990174892797,3.72862786166092,Apollo,0.00286942
2010 TC47,0.3205733890102349,8.746489957555427,2.27994641166146,Amor,0.190891
2010 TZ53,0.3344810683846654,20.21830191147849,1.0415822500539,Apollo,0.084523
2010 TB54,0.2794847903287379,6.620098467089556,1.23780948755307,Apollo,0.0111001
2010 TC54,0.5668475546181914,19.78301050300188,4.45635871064489,Amor,0.172334
2010 TD54,0.6422058342792722,4.294487554092972,2.7676066012162,Apollo,0.00144418
2010 TF54,0.6748539414559749,12.09205320540948,5.93261820133935,Amor,0.0669278
2010 TG54,0.5251239323430966,5.724255729190928,2.16762037045741,Apollo,0.0108549
2010 TH54,0.3532518902054127,8.476151510091096,1.81268312437128,Apollo,0.0481264
2010 TJ54,0.3285538373372597,11.0213390672309,2.64361762723363,Amor,0.297588
2010 TM54,0.2807420426322889,17.67362998192194,2.07997797503551,Amor,0.203003
2010 TP54,0.5958849682712923,3.467845905921638,3.69847534274491,Apollo,0.0411541
2010 TQ54,0.4964590920877897,8.507154396345667,2.91230205762696,Amor,0.0681629
2010 TR54,0.3716794782017525,4.438986101804961,2.24059069711967,Amor,0.0717289
2010 TS54,0.2317158432453131,15.36989201207596,1.7742153039342,Amor,0.129511
2010 TU54,0.3125365215278748,26.82939401322393,1.95559783343089,Amor,0.265009
2010 TV54,0.614564377382764,6.204742905769576,2.65948724534457,Apollo,0.00670022
2010 TW54,0.2340135535683293,3.847999947190637,1.06472306681984,Apollo,0.000667493
2010 TX54,0.3379083394230403,26.81966864086441,1.71467559754853,Apollo,0.104174
2010 TY54,0.4896816064306574,8.62175723296524,3.62154264475846,Amor,0.214495
2010 TA55,0.2450267798249548,15.20467741835618,1.83140754317612,Amor,0.188895
2010 TC55,0.6270370185531742,19.8787551757382,4.75799239109647,Amor,0.0953438
2010 TD55,0.3443321571982176,22.89867710970823,1.71849055845976,Apollo,0.071563
2010 TE55,0.1280082700174453,1.1568983234676,0.924344944764351,Aten,0.00178058
2010 TF55,0.5740732840782864,12.93219044718036,4.23926842052848,Amor,0.118102
2010 TK55,0.06708208298401795,23.81230636528842,1.09360792588365,Apollo,0.0544591
2010 TM55,0.5430186094256415,4.148955788627002,4.70933773358556,Amor,0.297764
2010 TN55,0.7861307143234801,0.2570998530621953,3.46683130007363,Apollo,0.00142488
2010 TO55,0.4115790481082232,4.948633789911888,2.19116259336484,Apollo,0.00583846
2010 TP55,0.6693677207342039,3.321374099461891,3.60562892048225,Apollo,0.00456132
2010 TS55,0.4661364059295625,5.978628755114973,3.15109584035644,Amor,0.14504
2010 TS149,0.3901610034199011,3.426439990084319,1.83263831231089,Apollo,0.02692
2010 TU149,0.8249233517019372,1.956755824607058,3.29119936514866,Apollo,0.01026
2010 TW149,0.61677150612945,4.574444080215669,2.60921735038205,Apollo,0.00421336
2010 TJ167,0.434442012880773,4.69414407480067,3.25204252848744,Amor,0.253916
2010 TK167,0.6861080257309669,18.61066178987685,5.72726074483202,Apollo,0.064162
2010 TL167,0.6480668584218914,12.79297507810145,0.954140352494165,Aten,0.115452
2010 TN167,0.5879052755754008,5.41588382492963,2.22227998266425,Apollo,0.00932462
2010 TX168,0.523536976576904,26.02047503405762,1.80646271476175,Apollo,0.0227221
2010 TA178,0.4611639615344676,8.189477268910741,3.30863865361744,Amor,0.226227
2010 TJ181,0.6048195567870331,19.51718980851709,4.07123306937386,Apollo,0.0135209
2010 TE193,0.5377232381694717,6.750498669819016,3.09233890569538,Apollo,0.0259235
2010 UB,0.5202993633169907,3.395933092266906,2.96594473256592,Apollo,0.00982001
2010 UC,0.0656860476485333,4.85295247155514,0.914004554619893,Aten,0.00589243
2010 UE,0.6920937361003611,3.036412879207669,4.0053163605592,Apollo,0.000156535
2010 UG,0.3487019941911614,8.143663243677304,1.88290734691238,Apollo,0.0377246
2010 UH,0.3078559340074893,0.6306585929725943,1.59036285378051,Apollo,0.00114028
2010 UJ,0.09891809196879443,0.3544177534332101,0.911908119535627,Aten,0.00380076
2010 UK,0.2184435285318074,4.925391724386788,0.806319390830472,Aten,0.00145431
2010 UM,0.3714516559821916,3.79080899979371,2.60773636713143,Amor,0.196671
2010 UO,0.2819438051839485,5.56985884562078,1.68357126583018,Apollo,0.0285083
2010 UP,0.0989748287701046,9.315695789405021,1.09695228691963,Apollo,0.015154
2010 UX6,0.5981295467317438,1.338708109609505,3.95766495746608,Apollo,0.0218596
2010 UY6,0.6162441710097915,19.86598416423684,4.31309322331101,Apollo,0.0383161
2010 UZ6,0.5953933900728378,6.24035378716526,4.03915336327497,Amor,0.0326062
2010 UA7,0.5040946677624157,3.693621677986343,3.60441939669143,Amor,0.172965
2010 UB7,0.5406056967169225,11.54073589344722,4.4073668713326,Amor,0.25256
2010 UC7,0.5676808869746234,5.18479140663467,2.58881967499536,Apollo,0.00425616
2010 UF7,0.5674366847133727,8.176356816201354,3.27708858821003,Apollo,0.118699
2010 UG7,0.7734269032875795,15.99311910355527,3.34853013497871,Apollo,0.0226172
2010 UH7,0.5365410069088316,15.65896854161585,4.47125939047974,Amor,0.256581
2010 UJ7,0.3172103572895165,13.22966292521004,0.710155045402655,Aten,0.000211242
2010 UL7,0.6008091190455029,22.34578687872866,5.40034540409147,Amor,0.24625
2010 UM7,0.6830516788059148,4.555795257165071,4.64402057054923,Apollo,0.000435743
2010 UO7,0.4191639304859194,1.499455527848054,2.61399184890751,Amor,0.11227
2010 UP7,0.306323464074188,10.91254161388106,1.75176021031292,Apollo,0.069666
2010 UQ7,0.6782972774828152,4.512856252242223,3.84570247737822,Apollo,0.0181045
2010 UR7,0.6197085942851079,3.624581610839403,3.45517566264866,Apollo,0.00280413
2010 US7,0.6383825427947701,55.18297921369723,2.74917542963721,Apollo,0.0433823
2010 UV7,0.609072975681155,33.05608181261862,1.23764621336742,Apollo,0.170237
2010 UW7,0.5752541852609883,17.11837269560837,4.1677126078584,Amor,0.128713
2010 UX7,0.3793757939045269,7.848630416786187,2.13105533718199,Amor,0.141866
2010 UY7,0.1495746627549092,0.4538202533071793,0.84842130254823,Aten,0.000962874
2010 UZ7,0.6335826946037152,5.422996837302265,3.26967314728068,Apollo,0.0125849
2010 UB8,0.6173765556053352,31.13122961623599,5.1823355947942,Amor,0.224882
2010 UD8,0.2603404694506844,4.728171415949673,1.69275482595824,Amor,0.0713101
2010 UE8,0.2666357705846579,2.620689590310117,1.74681882876346,Amor,0.0843828
2010 UK8,0.6973385420018446,1.86125531231957,3.24023282187496,Apollo,0.0193821
2010 UL8,0.3627784603163575,15.04328763568204,1.96817565799307,Apollo,0.103465
2010 UE51,0.07238455251691213,0.5887650702295455,1.10846552592405,Apollo,0.0116126
2010 UX95,0.3945205099716492,4.580334159891406,3.09195419239169,Amor,0.278469
2010 VB,0.3319894506423087,5.090605161312151,0.886754209880189,Aten,0.0113064
2010 VF,0.755198445816711,3.710772387323932,2.5290125052664,Apollo,0.0161186
2010 VG,0.1191819761957517,14.7009541975006,1.49697149749206,Amor,0.184165
2010 VH,0.4125978894423284,11.37834914702289,2.40321418668181,Amor,0.0644912
2010 VJ,0.5139400735593376,8.44555574241128,3.94254909023067,Amor,0.230168
2010 VK,0.4067998222118572,33.45028888345834,1.41044571713631,Apollo,0.179729
2010 VL,0.4162358480151344,15.63167565151381,1.06963808041606,Apollo,0.0455023
2010 VM,0.3447528972871176,14.02436999195243,1.91983230725079,Apollo,0.0851403
2010 VO,0.1886883473968997,9.906143234544873,1.53766400122434,Amor,0.10925
2010 VP,0.6009131114651461,5.245477300151431,2.76666728660063,Apollo,0.0261794
2010 VQ,0.1974417098156045,0.345774793034699,0.7990095286166,Aten,0.00106749
2010 VR,0.26896165542791,19.21891439116698,1.6264201289259,Apollo,0.0548096
2010 VU,0.3594551816537426,2.827614426051251,1.79426513525978,Apollo,0.0350802
2010 VX,0.345408839102978,10.95788980488355,1.86077408224867,Apollo,0.110575
2010 VY,0.6221861894671504,5.167588691342634,3.68129167552399,Apollo,0.0360128
2010 VZ,0.5920206489084352,8.459711402184087,3.82623005117906,Apollo,0.0434577
2010 VB1,0.2709685183569178,2.641312422457853,1.21175562657398,Apollo,5.54604e-05
2010 VD1,0.5433463765687404,6.010272409067317,3.02537626409145,Apollo,0.0520853
2010 VH1,0.2224676813074953,41.6689978164242,1.28166855987288,Apollo,0.0883326
2010 VJ1,0.3606056301738218,20.11042906430772,1.75005621748694,Apollo,0.0796604
2010 VL1,0.5589494695173577,10.33026121341375,4.55655649394928,Amor,0.297418
2010 VN1,0.4654800352086002,3.358613006998067,2.08280025730328,Apollo,0.000614764
2010 VO1,0.2711429160312567,9.949223026191714,1.61816292168262,Apollo,0.0186308
2010 VT11,0.6116673748822837,2.477577914137712,2.32273894471676,Apollo,0.0122794
2010 VU11,0.2526213824852752,16.09369324284149,1.8954170399315,Amor,0.153627
2010 VZ11,0.1536960335921011,4.634954793840274,1.1601539102732,Apollo,0.0040291
2010 VA12,0.8431692838415134,37.44508205197948,1.43000651010002,Apollo,0.0518795
2010 VO21,0.2603979651711045,1.973427689866653,1.52951510053264,Apollo,0.00505838
2010 VP21,0.5344419601525766,8.702056481682437,0.608387401770208,Aten,0.0229041
2010 VQ21,0.3770000513438078,6.919992227554878,2.39887765471734,Amor,0.135705
2010 VR21,0.6565204374877952,0.8918206077988671,3.7350472722718,Apollo,0.00149864
2010 VS21,0.302830684348243,5.128002403605294,1.96071697731512,Amor,0.102984
2010 VT21,0.08674073765940235,7.298309132456983,1.10251468922569,Apollo,0.0255269
2010 VU21,0.7241214560949232,4.603359921973023,3.0902521845566,Apollo,0.0212443
2010 VV21,0.4394358472760897,1.359250513903551,2.9801148422562,Amor,0.169364
2010 VA40,0.5748771204064967,2.012067804607763,3.76819624027438,Amor,0.0354827
2010 VB40,0.6268160587407006,3.415522508511212,4.74945040586123,Amor,0.0746701
2010 VC40,0.5280532737377952,6.46296701031685,3.89191683124616,Amor,0.179505
2010 VL65,0.1479921469303006,4.22935068297146,1.10930576329377,Apollo,0.00638833
2010 VM65,0.03009094179594566,24.73506332763027,1.08708405716309,Amor,0.0533893
2010 VN65,0.4109937535315359,23.91119213883561,2.08625860511477,Apollo,0.225211
2010 VS71,0.6571662355179378,2.335478681360379,1.72053259498436,Apollo,0.0153462
2010 VY71,0.5734819290224754,2.954776315999926,3.89381684748427,Amor,0.0666203
2010 VZ71,0.5404173845769397,22.66187122170693,3.57028057305886,Amor,0.31146
2010 VA72,0.6007778477166977,3.541103510575955,4.210087674694,Amor,0.0677373
2010 VC72,0.1369711092120828,5.930041329178263,1.24811743339864,Apollo,0.0189196
2010 VW75,0.6013809611861376,1.099720576355466,4.4819597144263,Amor,0.0794866
2010 VZ75,0.252547485239423,11.57012722158117,1.89780572335843,Amor,0.173149
2010 VA76,0.4457999999088716,4.362667973939199,2.97622972206217,Amor,0.178324
2010 VN98,0.2976087595082018,27.4269098272795,1.93096921603929,Amor,0.115769
2010 VO98,0.4415530883451479,7.819069710404158,1.72440173878203,Apollo,0.0277779
2010 VP98,0.2962691246893899,22.6817630982264,1.55863835817576,Apollo,0.11776
2010 VQ98,0.02712421995982215,1.475026902419322,1.03475619687201,Apollo,0.0044671
2010 VU98,0.2671138722908202,6.972268010095746,1.01659833375689,Apollo,0.0288925
2010 VV98,0.5837213814757475,1.576227973659171,2.78146297236209,Apollo,0.00259761
2010 VW98,0.3317259362159701,12.13917439376212,2.02074888011103,Amor,0.121843
2010 VA99,0.3937097843417531,37.00157730072059,1.71773202230007,Apollo,0.0401613
2010 VB99,0.4045263209736142,49.95760975030212,1.56131247144855,Apollo,0.0515671
2010 VD99,0.5115364876094912,7.982905637413586,2.43177716931977,Apollo,0.0444629
2010 VD139,0.2389506007775735,3.838849607725896,0.775855159499397,Aten,0.0128008
2010 VE139,0.4895294292400668,6.769344688629944,3.65702571781093,Amor,0.233816
2010 VF139,0.5455347678312853,1.850155281988541,3.95735807760938,Amor,0.146348
2010 VJ139,0.374698439869995,8.929865751179692,1.58595246034319,Apollo,0.0682614
2010 VK139,0.2821697662908806,26.95909131113836,0.688746623498268,Aten,0.00665597
2010 VL139,0.5172594682116114,3.65093675769824,2.67823942194753,Apollo,0.00812157
2010 VM139,0.2914084849139518,9.905374938927826,1.67891602433224,Apollo,0.0101689
2010 VN139,0.7479445723556059,1.514597966094391,2.55741575193988,Apollo,0.0257165
2010 VO139,0.7016005991395776,7.692551911611021,2.9555914403755,Apollo,0.00775205
2010 VP139,0.3065113319141641,2.690099867021906,1.32153427040457,Apollo,0.000485586
2010 VQ139,0.3981524030274476,2.758751524525796,2.28041544172589,Amor,0.0526728
2010 VR139,0.3009548714071304,0.3640531561309633,1.71588144368732,Apollo,0.00768021
2010 VW139,0.3664226210417067,10.43366144177734,2.06269547521736,Amor,0.0595523
2010 VX139,0.1636879045607936,21.24380600061055,0.947394059659025,Aten,0.0945675
2010 VY139,0.5869475353589566,9.525100621665944,4.1820018773062,Amor,0.0879855
2010 VZ139,0.504338088834132,2.849316162389294,2.06687153300881,Apollo,0.0198544
2010 VA140,0.3268276452533074,1.575182445296982,1.90650888346487,Amor,0.0402862
2010 VB140,0.5346122172571786,7.426268465126158,3.94878823803014,Amor,0.186638
2010 VC140,0.3317007587997733,1.45890991622115,1.80659014494458,Apollo,0.00210818
2010 VW194,0.4662331504337746,2.01684257181589,2.45940445384193,Apollo,0.000663224
2010 VU198,0.4071520458244161,31.41500090076693,2.55618322351316,Amor,0.312855
2010 WA,0.5045292422341914,8.218752719589569,2.21263514031411,Apollo,0.000258197
2010 WB,0.2881061288267809,5.499679950639286,1.58337170914247,Apollo,0.00407899
2010 WC,0.3426935695110773,7.396242974621588,0.740393298125594,Aten,0.00383564
2010 WH,0.4703334746779623,21.91909105190127,3.76519426669273,Amor,0.44588
2010 WS,0.3133619167622297,4.536282722636074,0.895617696061497,Aten,0.00993312
2010 WT,0.3197818757198204,8.97962332727035,2.01409908352153,Amor,0.112232
2010 WC1,0.1604486508999169,2.088875492544168,1.22421418487097,Apollo,0.0105719
2010 WD1,0.2582868170110525,1.825773603498154,0.820597603078287,Aten,0.00323555
2010 WE1,0.4882737303815884,5.961528676017134,2.98991766635458,Amor,0.0773188
2010 WF1,0.4923184474987646,20.56077584335713,2.57161531813654,Apollo,0.0886553
2010 WG1,0.6725611439165813,19.02651926904784,2.56678740240337,Apollo,0.0443785
2010 WH1,0.1574976340498417,12.21748469663899,1.11701880348266,Apollo,0.0325171
2010 WJ1,0.5739747468855326,4.033108497671914,3.00204329422024,Apollo,0.0104131
2010 WB3,0.7736984021707838,8.913090488633168,1.9158462079355,Apollo,0.11038
2010 WC3,0.1964561514335756,19.42805841147971,1.35670518430772,Apollo,0.0110503
2010 WF3,0.2675977144301211,10.84679057968873,1.11580868260902,Apollo,0.177969
2010 WG3,0.1461762734283807,13.50267313042898,1.01293329323879,Apollo,0.113209
2010 WH3,0.5876204543168089,3.888008807422572,4.31924502387505,Amor,0.106812
2010 WJ3,0.3071340888627185,35.36640136259916,2.48498670371284,Amor,0.503607
2010 WR7,0.235572349348838,1.561489916209188,1.07053396768264,Apollo,0.0252878
2010 WU8,0.186301738640681,2.803824776593919,0.941991948826836,Aten,0.0376852
2010 WV8,0.6718283666751368,8.438236767368851,3.10082253679339,Apollo,0.006192
2010 WW8,0.3128272751369885,1.780942856542903,1.78567072482153,Apollo,0.0254929
2010 WA9,0.3155921131380985,1.11402153680687,1.35668940428047,Apollo,0.00308072
2010 WB9,0.4850471879952457,2.727994315885151,2.88452583227002,Amor,0.0649485
2010 WC9,0.2841448504355444,17.68054622635483,1.10520589872586,Apollo,8.67074e-06
2010 WD9,0.3059930443490169,2.128187070599335,1.61674735658084,Apollo,0.00215783
2010 WE9,0.2494289769219286,42.12634567519743,1.93853716364622,Amor,0.255797
2010 XA,0.5748806131590527,3.006327439130136,3.83638972125502,Amor,0.0540678
2010 XB,0.6530237979966254,1.486358949605576,2.36565286084747,Apollo,0.000140359
2010 XC,0.3250244665718984,1.218135705250011,1.71759837622441,Apollo,0.00375118
2010 XD,0.2348963557707786,8.067073963377693,1.53441042476306,Amor,0.0379363
2010 XE,0.5157627436034011,14.05287244859151,3.13874311022566,Amor,0.0546585
2010 XF,0.2793526390256048,13.21482812245319,1.7602277573955,Amor,0.101413
2010 XG,0.4500962016632573,38.88841630582149,2.3310898998838,Apollo,0.178342
2010 XH,0.3074009824445795,9.492687114254162,1.57951259245421,Apollo,0.0838598
2010 XJ,0.5721038323936074,19.70504478686611,3.60755396363795,Apollo,0.150924
2010 XK,0.1789792043216603,24.36888420617796,1.11882078325415,Apollo,0.102444
2010 XL,0.424047671061444,31.82777783796836,1.79516804851611,Apollo,0.147604
2010 XM,0.4026241062332677,3.834482528758639,2.76703071002179,Amor,0.19325
2010 XN,0.3465223129376819,1.080443756275927,1.19702937899913,Apollo,0.00430417
2010 XO,0.2405987990445815,7.112065456009043,1.50162994362127,Apollo,0.0123502
2010 XP,0.5230299315678354,1.150864224915159,3.2618836294041,Amor,0.0638458
2010 XQ,0.6287470638883392,7.201554605235742,4.47770796511655,Apollo,0.0290486
2010 XR,0.6692690341609734,5.744853105279774,2.75839596853849,Apollo,0.000184473
2010 XU,0.294054990865678,0.7054445175148054,1.53563445151204,Apollo,0.000485691
2010 XV,0.179617337088197,24.4026432761163,1.42732213387191,Amor,0.105556
2010 XW,0.4424206768130933,5.190887270286212,2.17990493126237,Apollo,0.0496929
2010 XX,0.6068656431505142,1.785184638692088,3.95099985305803,Apollo,0.00290478
2010 XY,0.5308228388334432,10.55248807589034,3.4307302758924,Amor,0.0824546
2010 XZ,0.6410596149631366,9.535429450455771,4.83300982788787,Amor,0.168655
2010 XA1,0.5483687836388116,4.124241431172175,4.59834936466239,Amor,0.262297
2010 XF3,0.1119108431624628,6.02369530856948,0.929220328909806,Aten,0.0341732
2010 XG3,0.4431215565141436,7.002282238843887,2.8394023503313,Amor,0.137917
2010 XH3,0.07722616720547318,16.68300873878883,1.25850374122392,Amor,0.100429
2010 XJ3,0.4730421200533474,4.758616568963292,1.62358163636548,Apollo,0.059297
2010 XO10,0.5427481753359324,17.86898602076595,2.86934539306744,Apollo,0.0856375
2010 XR10,0.3335533216667321,8.764535707819688,2.0340326496593,Amor,0.150831
2010 XS10,0.4438259820978173,8.504017642060262,2.84143598730716,Amor,0.184461
2010 XT10,0.2900375458752189,3.242964499374219,1.63508362710041,Apollo,0.0111558
2010 XU10,0.0595242158274168,4.541101015757329,0.919621624530739,Aten,0.0142426
2010 XA11,0.3715784763665341,4.541681194027952,0.857892661017011,Aten,0.00605288
2010 XB11,0.5338185891972064,29.88004888131643,0.485978697881872,Atira,0.0923451
2010 XE11,0.2697639919990047,13.66007392138203,1.62120620741529,Apollo,0.0333953
2010 XF11,0.1573612373327161,11.84805634699017,1.13200009852391,Apollo,0.044682
2010 XG11,0.3138446891094206,25.13426730142351,2.12763421303138,Amor,0.353588
2010 XH11,0.2451465535630802,16.17837505215582,1.88444505855538,Amor,0.175014
2010 XJ11,0.6169137788588792,2.227625888659203,2.70837545621272,Apollo,0.010355
2010 XA24,0.5830328638362502,3.539422200855549,3.14468427836463,Apollo,0.012152
2010 XB24,0.4390585077724943,5.532994589070595,1.45828627991269,Apollo,0.0220138
2010 XA25,0.4701028981252322,3.110685161447139,2.48216780059423,Apollo,0.00622157
2010 XB25,0.5146543470319264,9.650140366872927,2.32411888947792,Apollo,0.0445348
2010 XC25,0.5280782222936587,2.973364958558765,2.30184268913704,Apollo,0.000981916
2010 XD25,0.3687477766576807,35.46006897582456,1.44053744837775,Apollo,0.0568166
2010 XE25,0.3918138154417291,11.62891350009295,2.43433776179892,Amor,0.143008
2010 XF25,0.1286188875817531,13.3608219271392,1.54799954300703,Amor,0.182549
2010 XG25,0.532645724781568,8.162151668056843,3.34058876361522,Amor,0.0651356
2010 XN25,0.3729177720714107,2.01756332574653,2.13794113318863,Amor,0.0557287
2010 XR45,0.6172110535529903,3.271923129697625,4.6741435456084,Amor,0.085778
2010 XS45,0.3954680310513214,6.098210464739695,1.12532618113229,Apollo,0.00818567
2010 XP51,0.5309774130065125,15.30007952085801,4.24403936751669,Amor,0.319163
2010 XJ52,0.2346113498829292,6.727042403485327,1.65316918155716,Amor,0.0900178
2010 XL56,0.3669824054310707,19.43077683973315,1.9636933688278,Apollo,0.20042
2010 XM56,0.5312376924078133,9.20784897151859,1.96390640639773,Apollo,0.000751416
2010 XN56,0.2918306852668998,10.91676489560452,1.78808778380303,Amor,0.0646725
2010 XP56,0.2136748816108677,19.02050673020208,1.8609186553943,Amor,0.217441
2010 XV58,0.4087530213656491,16.68920324405825,1.48177901414356,Apollo,0.044887
2010 XW58,0.3992158297362184,0.03996712110533955,2.03471427539807,Apollo,0.00048304
2010 XX58,0.8647190387643158,22.2610802401367,3.33974363797145,Apollo,0.309293
2010 XY58,0.3792193033902562,11.78331982570622,1.95271937749952,Apollo,0.110349
2010 XZ58,0.3250938194521896,19.93809484267006,1.64344546384251,Apollo,0.00792688
2010 XA59,0.2920635862697663,14.15779513282124,1.75068497479356,Amor,0.0473118
2010 XF64,0.3252912635229917,3.635024381798885,1.79891005627896,Apollo,0.0141751
2010 XG64,0.3480535805940143,2.159107425694413,1.9269046006979,Apollo,0.0261116
2010 XA68,0.3012778812274665,59.27661132003357,1.24516945752853,Apollo,0.0489854
2010 XM69,0.611455558972144,44.10235960913454,1.19754681657086,Apollo,0.293742
2010 XN69,0.4999036720778476,2.003801745299769,2.64299803781734,Apollo,0.00108878
2010 XO69,0.2729064843759826,2.737476914471473,1.29028537446641,Apollo,0.00170115
2010 XP69,0.3426568846290952,14.59248342115261,1.87978179523424,Apollo,0.0145544
2010 XQ69,0.4503792124595338,1.099827215492532,0.819254399570349,Aten,0.00825894
2010 XR69,0.5168316365422886,0.9237619602425665,0.771680734052649,Aten,0.00311406
2010 XX72,0.2836994747338924,4.472936311354424,0.858555183778752,Aten,0.0385122
2010 XZ72,0.582147603981852,11.33064582560601,3.72191228008545,Apollo,0.117759
2010 XB73,0.3435453449041303,3.816128325615889,2.42738759820673,Amor,0.200916
2010 XY82,0.4895517479152495,26.781789252572,3.23595699801055,Amor,0.292811
2010 YB,0.49458721101542,3.60305153213312,2.46008318693994,Apollo,0.0461994
2010 YD,0.5383007204503172,0.4417353069144914,2.91597870942854,Apollo,0.00151613
2010 YH,0.6422086404541573,12.18808843305632,3.28641857631451,Apollo,0.078898
2010 YO,0.439359016449143,24.05473840050173,0.627562212888687,Aten,0.00376264
2010 YR,0.199634979839158,17.15234439456348,0.954500693002846,Aten,0.014565
2010 YS,0.6041510979825659,12.29731700267092,3.64919939742203,Apollo,0.0156505
2010 YW,0.4473634525869102,8.839545001206872,2.36459614752197,Apollo,0.0139871
2010 YC1,0.4130762158535944,17.65925139653614,1.68260936678995,Apollo,0.162843
2010 YD3,0.5663884215529229,24.46765114928838,4.15841919156318,Amor,0.206634
2011 AL1,0.502889045059733,36.67996809160708,2.67729005309446,Apollo,0.0616855
2011 AM1,0.4722487917669383,32.35219090761736,3.42801947457126,Amor,0.226109
2011 AN1,0.2789532005574925,3.915404644073587,1.39125033545325,Apollo,0.0134849
2011 AB3,0.1824376869490009,7.262316414194911,0.95115601682098,Aten,0.0572355
2011 AC3,0.4976928482160829,23.2751497939214,0.980413520146251,Aten,0.046948
2011 AD3,0.6829718182940022,1.518971707067678,4.7909828502854,Apollo,0.0106264
2011 AE3,0.1555578680687359,8.574034268797766,0.972846318864903,Aten,0.00121946
2011 AF3,0.8171623031361513,7.826826987803835,3.50931290026176,Apollo,0.0118362
2011 AG3,0.5008072785059804,36.98890371273416,2.12449218725729,Apollo,0.15279
2011 AH3,0.4974707750068408,19.37824790070843,3.27644967602385,Amor,0.304112
2011 AS3,0.2682796280773155,14.17911355365728,2.1005689396298,Amor,0.225059
2011 AN4,0.5331882491315179,7.557645451767756,2.78044267714205,Apollo,0.0113076
2011 AO4,0.3422852668344564,31.86962393266933,2.18611455045542,Amor,0.152223
2011 AU4,0.1105258683311339,4.516679381561379,1.10518697153547,Apollo,0.025603
2011 AH5,0.2901152143052539,6.844470862746543,1.11929983159466,Apollo,0.00368082
2011 AL5,0.4494316342275316,1.461725060086964,3.52614670774836,Amor,0.292927
2011 AM16,0.5993685263214039,16.36816020170073,3.61231128595726,Apollo,0.204466
2011 AN16,0.569979084859676,15.53374468943239,4.74507699150882,Amor,0.233974
2011 AX22,0.3367918972568147,0.6849724291007335,0.950402781250751,Aten,0.0012198
2011 AY22,0.6014997249395689,0.4635192498707579,3.10166788565499,Apollo,0.00176371
2011 AZ22,0.5758507148385901,7.37386770239697,2.93532613856234,Apollo,0.00223621
2011 AA23,0.217475960593315,7.014698957572583,1.47433276645508,Apollo,0.0334763
2011 AL24,0.3454427952997743,7.842476317810765,2.26145895341739,Amor,0.157703
2011 AR26,0.4044627282087981,24.31838854121568,1.57710793388664,Apollo,0.107101
2011 AS26,0.4450295937521842,3.062805579988037,3.13858333066977,Amor,0.206123
2011 AT26,0.6970591887300309,1.747649619365889,3.65604404810588,Apollo,0.00772349
2011 AZ36,0.4674223570888374,1.306409431243728,2.83056349983307,Amor,0.0826804
2011 AA37,0.01671867564172263,3.817105761900056,1.14731612003008,Amor,0.0878453
2011 AB37,0.2086013109615835,7.701181965570209,1.17794889413578,Apollo,0.0186126
2011 AF37,0.3811815616223319,14.15543309634537,2.82413166031071,Amor,0.250456
2011 AJ37,0.2472737402775945,7.543594667992635,1.64318180310372,Amor,0.0794768
2011 AK37,0.661063540777086,3.622315204194802,4.76998273985533,Apollo,0.0180511
2011 AL37,0.5016699795167265,4.712007386622408,1.76964776208047,Apollo,0.00332559
2011 AM37,0.1474469112784502,2.629361676701214,1.15479513571322,Apollo,0.000492508
2011 AN37,0.2344519734051248,4.204495661968291,1.23688918421155,Apollo,0.0223382
2011 AN52,0.5492556745515395,2.209628459225024,1.88513292960181,Apollo,0.00212983
2011 AV55,0.6059232265041552,17.70857085959758,3.74020501572922,Apollo,0.0280121
2011 BA,0.6285188171473097,12.08332758153733,2.5194363344564,Apollo,0.164115
2011 BB,0.625329456392239,6.099665235031846,4.2217034964306,Apollo,0.0706215
2011 BC,0.4085566508184556,15.59645846425913,1.66872551280844,Apollo,0.0773534
2011 BF10,0.2775553513098604,6.913831493888993,1.57394413313257,Apollo,0.0226362
2011 BG10,0.6185735601712284,3.370593582536565,3.92874116358465,Apollo,0.0119207
2011 BJ10,0.2734124302608989,28.18165422421168,1.58011810426058,Apollo,0.116695
2011 BU10,0.7868277916070566,11.12913593439699,2.04505157440662,Apollo,0.0719122
2011 BV10,0.504129557699729,6.144956921788927,2.79836698558308,Apollo,0.0322313
2011 BW10,0.7219324740226768,5.912265210078057,2.06208767998495,Apollo,0.0145521
2011 BX10,0.6454456352560476,9.770172496710272,4.71410290633861,Apollo,0.0179222
2011 BY10,0.4168321936027691,1.931314069926515,2.01678810146685,Apollo,0.00177292
2011 BV11,0.6732767417196658,6.339336434706068,2.80245059904625,Apollo,0.00848537
2011 BW11,0.7541837210530489,1.567583606576507,2.80090473988865,Apollo,0.000862885
2011 BX11,0.5411077081991732,15.87841778041246,3.993490282767,Amor,0.170298
2011 BY11,0.3369926769191109,17.73211657688923,1.62457043600388,Apollo,0.0361469
2011 BZ11,0.4718110520790925,2.551429095833457,1.66073447167736,Apollo,0.00501479
2011 BA12,0.5760437404193826,0.1332057797835363,3.90080700877128,Amor,0.0553124
2011 BV15,0.4311380740514187,23.68040918173947,3.23382897959478,Amor,0.360795
2011 BW18,0.5817820154460867,4.88326085745094,4.23471010525167,Amor,0.114722
2011 BY18,0.7832395484956852,3.646954624928237,3.40446407417659,Apollo,0.0230725
2011 BZ18,0.7036196232193354,13.69161539163203,5.29261322471984,Apollo,0.119014
2011 BA19,0.3275498248934177,21.28423697230724,1.0343694413342,Apollo,0.0390379
2011 BB19,0.3985595818614351,20.57125488849038,2.44161829816334,Amor,0.125404
2011 BL19,0.4975280704177196,28.13407002849488,4.07984567658885,Amor,0.541414
2011 BE24,0.539028243542279,0.9247374931093544,3.04938011378087,Apollo,0.0129153
2011 BF24,0.3618772142844501,7.895597613736159,1.63259825751642,Apollo,0.0247939
2011 BG24,0.3191038943235681,1.508617466423844,1.65979007355446,Apollo,0.00388161
2011 BL24,0.531021749046165,36.08604468573883,4.40873044552477,Amor,0.282425
2011 BP24,0.4405062232727565,56.61482664121034,1.44422602177917,Apollo,0.136285
2011 BY24,0.4919131467910817,13.9617068618552,2.59988152163527,Apollo,0.0164717
2011 BE38,0.7097032196945074,8.16590603975372,4.27383471446848,Apollo,0.0210195
2011 BF39,0.6078500499292296,7.139815984335256,3.95486776091875,Apollo,0.0193874
2011 BH39,0.4450586813627307,9.092142859748225,1.41548401089768,Apollo,0.0182342
2011 BJ39,0.3331574381817105,5.178659522141629,1.87514947757625,Apollo,0.0301916
2011 BC40,0.6167806682881914,8.071202367798282,3.32159577199323,Apollo,0.0812236
2011 BD40,0.143103042561081,20.69698426587268,1.55676806320938,Amor,0.183695
2011 BF40,0.7268185619793901,5.514318728835885,4.68963849121473,Apollo,0.035247
2011 BG40,0.2211957129416896,3.105989545663048,1.61583676832444,Amor,0.0894102
2011 BH40,0.5482088749215597,5.543133935772771,1.67428275308571,Apollo,0.0358584
2011 BO40,0.09817017071381437,20.02923047283561,1.50592623559361,Amor,0.281397
2011 BP40,0.1535579992794829,0.914220686527597,1.18969832880551,Apollo,0.00022469
2011 BA45,0.3902088568447569,18.03131729960941,1.94527208241591,Apollo,0.116166
2011 BL45,0.02095698131597723,3.047979071615066,1.05733004546863,Apollo,0.00265276
2011 BM45,0.8031307782817192,5.323126398485348,2.66268939668468,Apollo,0.00672889
2011 BQ50,0.09738862452332106,0.3588708286568451,0.926832001346521,Aten,0.00522408
2011 BG59,0.313568879157057,8.937611616540565,1.8561960966796,Amor,0.0905149
2011 BH59,0.2961562655816992,2.918464762864584,2.07451580141695,Amor,0.161306
2011 BM59,0.4617427252031717,10.8158036807314,1.68481082080182,Apollo,0.0183179
2011 BN59,0.6243723226762384,20.37670537969956,5.33735392613323,Amor,0.316062
2011 BO59,0.4643512758926852,4.744873994167058,2.47497244733971,Apollo,0.0267591
2011 BT59,0.9449395575768933,3.666571346583636,3.93703619469953,Apollo,0.0166567
2011 BU59,0.3944415054878103,3.49920984069722,1.40729963649102,Apollo,0.00198955
2011 BV59,0.5391751454141269,4.846809707672093,2.86256436589148,Apollo,0.0167826
2011 BW59,0.5242518508977743,40.8723206668425,1.89330056678797,Apollo,0.288051
2011 BX59,0.637164471202423,3.965785372566415,5.01273819566322,Amor,0.0810192
2011 BY59,0.1179726789547862,27.00722243860456,1.6608653289789,Amor,0.316946
2011 BZ59,0.4101996114508372,1.349112033968532,2.50977717496053,Amor,0.105433
2011 BA60,0.5445825275182511,10.96077526145146,2.69967527086425,Apollo,0.0277592
2011 CQ1,0.2046371433376783,5.284651793898951,0.766080239298632,Aten,0.000624051
2011 CR1,0.3429878096735569,3.64870206414715,1.88709616733175,Apollo,0.0252247
2011 CN2,0.6196276586697647,19.60556124666275,3.34350029993845,Apollo,0.0507117
2011 CY3,0.4253295262214871,4.510609209802955,1.68104582934314,Apollo,0.0112516
2011 CZ3,0.510313014181072,2.058218342468069,2.0036648984802,Apollo,0.00386403
2011 CA4,0.2829270734509496,2.286163296009276,1.48301692448364,Apollo,0.0022527
2011 CR4,0.5367219787921512,3.818918906049775,3.6434984746349,Amor,0.105107
2011 CT4,0.718425557381582,2.646335894268532,2.26694849548734,Apollo,0.00646608
2011 CU4,0.4141420095801209,34.51308944527061,2.76703054755101,Amor,0.417884
2011 CV4,0.4714408588532843,10.44787761148556,2.43763944985922,Apollo,0.0283149
2011 CY6,0.4999093745265373,7.220201624303132,3.81402835350043,Amor,0.228243
2011 CZ6,0.4423123700484172,1.454921125647593,2.41984598803805,Apollo,0.0151799
2011 CA7,0.288314280890108,0.1186618583752076,1.12197277680759,Apollo,0.00046192
2011 CY7,0.2149869493085159,3.946604453494661,1.46282663466188,Apollo,0.028109
2011 CN14,0.4761535770942834,51.49888449840476,3.88492053182087,Amor,0.335264
2011 CO14,0.1783122348241588,7.716730454911963,1.20306577453521,Apollo,0.0583751
2011 CC22,0.1152970597139593,34.82630475109517,1.1894110730691,Apollo,0.0215694
2011 CD22,0.5233356628562864,2.695438640688895,1.45725349145821,Apollo,0.0252392
2011 CE22,0.09495050850760496,4.568162407003208,1.16582466806783,Apollo,0.0282391
2011 CF22,0.6752343347354882,1.069400960624183,2.73625969586716,Apollo,0.000275437
2011 CG22,0.5283406061947377,8.452753723393192,3.25080875493882,Amor,0.142335
2011 CH22,0.2327841763110148,0.2690437640108367,0.793894306994827,Aten,0.000986313
2011 CJ22,0.5038917418265272,10.99892349747685,2.57307425890805,Apollo,0.027778
2011 CK22,0.5490334457348255,7.714083625696992,1.02380100156115,Apollo,0.0350162
2011 CL22,0.3399421251509345,9.166162559612731,1.8500464939793,Apollo,0.0781167
2011 CG33,0.7609898071681815,11.21001992324679,3.27650431464535,Apollo,0.0704917
2011 CH33,0.2795870290812024,9.928930581405996,1.64110314236623,Apollo,0.0359087
2011 CJ33,0.47931965218994,7.749430053927997,2.78279140211938,Amor,0.0448939
2011 CL33,0.2667497613676675,4.083287588516749,1.59820506404211,Apollo,0.0157953
2011 CU46,0.5364953504815978,8.078794795218075,1.67109560428636,Apollo,0.00325602
2011 CV46,0.2298278450362433,26.43979944832902,1.557839123574,Amor,0.0507831
2011 CW46,0.1562207571065249,30.36410904114428,1.07469727891026,Apollo,0.0222778
2011 CX46,0.5493982036286919,7.769192097836333,1.78779319255332,Apollo,0.0314578
2011 CY46,0.6109183443450482,11.5419625500638,3.15279732876995,Apollo,0.0411002
2011 CB50,0.6356365018584368,12.2289676941178,4.7833880612291,Amor,0.0528047
2011 CD50,0.2961964336678419,15.51339032193373,1.15096620413824,Apollo,0.068223
2011 CE50,0.1875060408551683,14.88345029216837,1.01578658786728,Apollo,0.152342
2011 CF50,0.4826435357793331,9.482451636940118,2.78119918181486,Amor,0.0433009
2011 CG50,0.7047353889059877,13.40688474228029,2.20163921718224,Apollo,0.0376807
2011 CH50,0.4861559195619438,1.75052106238268,3.03336852472195,Amor,0.0820539
2011 CK50,0.3224378860668625,4.116717315620828,0.82133131954967,Aten,0.0508609
2011 CL50,0.1458802365864146,0.1865293989359749,0.828809163752961,Aten,0.00124132
2011 CM50,0.2563729332630348,20.01757986517129,1.96873807994109,Amor,0.180695
2011 CD66,0.4371003901558678,6.675566744292209,0.585127438480915,Aten,0.0161149
2011 CE66,0.1788899869624214,9.613113111191407,1.47155684487549,Amor,0.0825051
2011 CF66,0.3109319552162957,0.9565462142225241,1.02746115394382,Apollo,0.00260212
2011 CG66,0.753680150819174,6.833579856783784,2.41839049464035,Apollo,0.000620786
2011 CH71,0.6241452088068135,23.35088420172778,4.30309341889656,Apollo,0.234749
2011 CY71,0.7701000541698344,17.30206749112776,10.5693144535522,Amor,0.162421
2011 DO,0.4549681606372802,15.69544130286651,1.43360103082509,Apollo,0.036503
2011 DP,0.5846523076380938,24.1345664040265,0.713302767320294,Aten,0.120137
2011 DQ,0.3432047853369091,5.811924182628669,1.90378441074968,Apollo,0.0232498
2011 DR,0.1325121201694854,10.58544586494098,1.28558103929386,Amor,0.0373355
2011 DS,0.2292173603131846,0.2764869020310672,1.05299065241472,Apollo,0.00136694
2011 DV,0.04934976560250272,10.59363248579492,0.936680230283441,Aten,0.00368685
2011 DW,0.2753176047730643,25.0778699054156,0.769718386858789,Aten,0.0326393
2011 DW4,0.3582594244802452,1.196112534356604,1.97036979070193,Apollo,0.0171087
2011 DX4,0.6598729243255841,1.042650193128022,2.76484495029717,Apollo,0.00191003
2011 DY4,0.7723636839245837,6.074671843184051,2.87121039474799,Apollo,0.0112562
2011 DD5,0.1327699460451876,20.1574999230608,1.26534072157175,Apollo,0.0746042
2011 DE5,0.6413507871278747,0.1533723749564551,3.44174864605951,Apollo,0.000585207
2011 DS9,0.6422811751861875,3.696888438268216,4.24555863375948,Apollo,0.00367328
2011 DT9,0.08305263639118084,11.59713145164462,1.16013702936564,Apollo,0.0220591
2011 DU9,0.5149894091854044,3.421711569117813,2.69525978960432,Apollo,0.000447758
2011 DV10,0.6888062049789323,8.105549296928807,4.80639437134294,Apollo,0.0570097
2011 EB,0.5976622214081379,2.50834551174637,3.47469013891472,Apollo,0.00135188
2011 EC,0.3638845306836387,1.081894902959365,1.84734879391636,Apollo,0.000969466
2011 EH,0.4833929005190283,2.341237683583383,1.79145533074513,Apollo,0.00750472
2011 EJ,0.6497992551178485,15.05480602970698,3.32595279033676,Apollo,0.00672084
2011 EK,0.1649362036427481,8.718810560030674,0.850651027451605,Aten,0.0544687
2011 ES4,0.2432278879490052,3.370037375198408,1.14774763624544,Apollo,0.000257662
2011 ET4,0.3014975236196472,31.76212474094294,2.08461220359145,Amor,0.179821
2011 EV4,0.4975631540156268,10.36430577847896,2.95043042207294,Amor,0.0428656
2011 EW4,0.3701606046021712,9.744990900958554,1.5326335017975,Apollo,0.00477376
2011 EX4,0.2736459689460212,3.02504932990017,0.791321952849986,Aten,0.00335727
2011 EB7,0.3955299319996826,7.141872631141586,2.35363508578908,Amor,0.151811
2011 EC7,0.7502261884828045,6.2608159646125,3.46593623300364,Apollo,0.0532835
2011 EM11,0.3416988112470207,9.475818567404266,2.03148494095517,Amor,0.066505
2011 EN11,0.6292589126509105,2.6037797454169,4.09342055406084,Apollo,0.00269336
2011 EO11,0.3227937644612533,10.02844580568717,1.15046206700617,Apollo,0.00123691
2011 EY11,0.3731093643250406,10.41891725828238,1.53503058774599,Apollo,0.000672235
2011 EB12,0.2284254625433235,30.4556729055569,0.973231658473156,Aten,0.211102
2011 EC12,0.4510584390881963,11.55949725983279,1.01504325739121,Apollo,0.00278105
2011 ED12,0.1340695982416146,2.815330141867173,1.15033825978007,Apollo,0.00960381
2011 EW16,0.3762550980524811,19.25593567017238,1.96867791194646,Apollo,0.169842
2011 EE17,0.2390544405425336,18.38310888838689,1.21043708357127,Apollo,0.0315919
2011 EF17,0.7434663916212028,4.218208709558755,3.58573421079295,Apollo,0.011184
2011 EH17,0.6597955643054849,2.99746690978586,0.624873738725071,Aten,0.00744955
2011 EL17,0.4110209919656846,3.843951823373613,1.87557096997587,Apollo,0.00993177
2011 ET20,0.3993004900204177,8.349522466428073,2.16096307043454,Apollo,0.0698006
2011 EU20,0.5039946799313878,0.9964632213183999,2.6263610822056,Apollo,0.000135677
2011 EV29,0.3761208642763889,6.520382917083704,1.50993294610876,Apollo,0.00825564
2011 EW29,0.3161072104136802,18.64219210853286,2.08741412245067,Amor,0.116418
2011 EX29,0.7812104697837575,10.11684822286962,3.16068472129497,Apollo,0.142235
2011 EK40,0.4655843363785312,8.437765410845284,1.90678645235775,Apollo,0.0111157
2011 EL40,0.7061773873781629,1.351413762882085,3.80560218981985,Apollo,0.00669598
2011 EM40,0.3714279620005773,0.5559416737940499,1.23407007760843,Apollo,0.00109043
2011 EN40,0.7391429742780461,13.40979632477004,1.46086910481707,Apollo,0.150118
2011 EO40,0.5404297069445362,3.361528101045369,2.12752233856357,Apollo,0.048041
2011 EP40,0.2816153597422469,16.78106521331779,1.12344374677442,Apollo,0.236357
2011 EZ40,0.4427488777204797,24.15706976782031,2.25898540735621,Apollo,0.20682
2011 EC41,0.8807641982671959,9.88513120159791,3.7527643847336,Apollo,0.144903
2011 ED41,0.2776488152816748,4.301457841153281,1.4150202663824,Apollo,0.0477878
2011 EE41,0.1778983778907853,10.35809158824939,0.892535653986531,Aten,0.0827559
2011 EJ47,0.3591787113820101,13.28528659043286,1.5828339244078,Apollo,0.0354071
2011 EK47,0.2787201492994434,10.82852359353989,0.870278424778072,Aten,0.0365407
2011 EL47,0.8500942762935021,25.2568033641282,2.08227799462396,Apollo,0.280888
2011 EE51,0.6186661067932259,6.511409964536252,1.98832539136433,Apollo,0.0539054
2011 EL51,0.5689272029420736,10.97405493690128,1.30002016522586,Apollo,0.0470009
2011 EN51,0.631969613668174,10.98363935398258,1.9200861635252,Apollo,0.0033382
2011 EO51,0.7860106320754051,6.746706284302403,1.95830391824794,Apollo,0.0245277
2011 EP51,0.3075002545719579,3.430640829526186,0.754878370131713,Aten,0.0260428
2011 EU73,0.3887050543896199,22.6398749397338,2.14718866918885,Amor,0.261862
2011 EV73,0.3597936763255186,1.852586213503222,1.89750971073153,Apollo,0.00257487
2011 EW73,0.5544641849865695,2.214880218667335,1.60694577190477,Apollo,0.00342405
2011 EB74,0.1760926098948249,10.57223245459009,0.90094771655779,Aten,0.00085228
2011 ER74,0.2492783204810801,12.43454190937579,0.768177401187607,Aten,0.0379574
2011 ES74,0.5700373972522097,3.231623666734759,3.23754812480612,Apollo,0.0264422
2011 ET74,0.2150646243165151,2.973619525078508,1.23981693159864,Apollo,0.00369191
2011 EW74,0.2758121308973095,12.55445367720488,1.62963210097725,Apollo,0.0243962
2011 ED78,0.6200328737458239,8.763432328067466,6.00409103244683,Amor,0.253815
2011 FG,0.1216397180752146,53.55268820158598,1.743317374544,Amor,0.296822
2011 FK1,0.2231904111111691,13.07146422711477,0.890533070723107,Aten,0.0738487
2011 FQ2,0.660287347517442,11.12167346025407,4.12377854261717,Apollo,0.0229003
2011 FR2,0.2316456038707356,8.257484425887915,1.68328307996696,Amor,0.0931146
2011 FS2,0.1154765114329008,13.94747252633187,1.12102297735387,Apollo,0.0350838
2011 FT2,0.1756121833068089,17.97873978822054,1.43937856565975,Amor,0.0629213
2011 FQ6,0.3515994311476334,5.157259635174851,0.969995667397542,Aten,0.000201025
2011 FR6,0.2241074592061442,22.65709564896258,1.59972090505259,Amor,0.121306
2011 FS6,0.5142737627737453,2.726671171001351,3.66456216927026,Amor,0.156791
2011 FV6,0.7527568845562644,6.203061649794974,2.72208497128757,Apollo,0.0217477
2011 FS9,0.05248771906458715,8.271834282487438,1.05723884478864,Apollo,0.00321598
2011 FT9,0.3501781441241381,2.509023981285535,1.87567628506181,Apollo,0.00896774
2011 FU9,0.3818475128104424,0.4066981202862157,2.17457744153618,Amor,0.0381677
2011 FV9,0.3412191995625428,3.1747878241546,1.19808176163719,Apollo,0.0506845
2011 FQ16,0.5297109034547205,1.429309998446278,3.10258516412558,Apollo,0.0129156
2011 FQ17,0.4765189797056643,15.86720868718957,2.62747045691901,Apollo,0.0265214
2011 FR17,0.2952952931241498,6.169976333028665,2.21099233108878,Amor,0.202467
2011 FQ21,0.3195556480653943,3.365255800066679,1.50191704041665,Apollo,0.00397909
2011 FR21,0.3924183127428219,31.64971143947768,2.6942809903477,Amor,0.458822
2011 FY22,0.5196492252885749,1.30178410004252,3.84882191667656,Amor,0.174011
2011 FZ22,0.8815666100678714,7.939573868279219,3.63806013156894,Apollo,0.00298083
2011 FA23,0.590981236641708,2.162489781807827,2.93658292808586,Apollo,0.000118335
2011 FB29,0.4810439401859635,7.389230572252948,3.29956268525593,Amor,0.160157
2011 FP29,0.4467887499786894,24.79370827609898,1.08342106128853,Apollo,0.246344
2011 FQ29,0.2227047737675208,3.522937926916588,1.53337682931428,Amor,0.053005
2011 FS29,0.3799428604245529,12.48854405269327,1.84990347027077,Apollo,0.025371
2011 FT29,0.6442479222767608,0.6852766411931481,2.32445593011086,Apollo,0.0107687
2011 FE41,0.671131480206201,9.875553495444018,2.31861116146678,Apollo,0.130173
2011 FF41,0.04746186575643688,23.13735218123392,1.37972392460587,Amor,0.228527
2011 FG41,0.3830882664740904,8.51437933597098,2.31774887372024,Amor,0.0819372
2011 FT53,0.529046774958202,5.110837814028513,2.98121020099773,Apollo,0.0204718
2011 GA,0.5910795337457926,9.826302623480613,2.41416149785418,Apollo,0.00711963
2011 GB,0.5437372287303551,3.4682399120991,3.80617192273441,Amor,0.112106
2011 GC,0.4921286360483265,2.549631081730506,3.36511801047841,Amor,0.130582
2011 GD,0.5449488778585008,4.069444079222107,2.88051752993609,Apollo,0.0182746
2011 GE,0.3683334087017148,0.9508929667112594,1.63843066530167,Apollo,0.00699794
2011 GF,0.3231645859044546,34.87945916899038,1.97567373128155,Amor,0.079198
2011 GD2,0.518395967940524,4.038239020412835,2.94341841434795,Apollo,0.0402765
2011 GE2,0.5120047954875755,14.5636512418932,1.65640670100167,Apollo,0.196249
2011 GZ2,0.580547556806023,6.981540867849203,2.48948010461834,Apollo,0.00112148
2011 GA3,0.4944732361996705,5.261948776090886,3.03389837574863,Amor,0.0717573
2011 GB3,0.2969959392640201,5.722574192747697,1.58698197800523,Apollo,0.0149034
2011 GC3,0.5297439003018841,12.98654124380073,2.38357408290215,Apollo,0.0612542
2011 GE3,0.2925173237967384,6.244703164108894,0.735107205421379,Aten,0.0134885
2011 GF3,0.54790227882827,15.94991147298531,0.758976161590518,Aten,0.163216
2011 GG3,0.1318769263002841,29.87270932949908,1.82411638485483,Amor,0.383194
2011 GH3,0.7711170877882626,11.25432886945951,3.70488396987141,Apollo,0.148872
2011 GJ3,0.2048868051690134,0.8449520103984549,1.21921064857603,Apollo,0.00368369
2011 GV9,0.3089706863578009,2.469826479638382,1.91207834290093,Amor,0.0591189
2011 GW9,0.3752277254584939,7.22888036391069,1.50808967958812,Apollo,0.000327935
2011 GP28,0.5203483726345582,4.051086569700582,2.00982190133917,Apollo,0.000202236
2011 GR36,0.5070318791234477,10.19835764546503,2.95375887973725,Apollo,0.0318091
2011 GH44,0.5537533852413734,16.57994969270054,4.48301803979526,Amor,0.323437
2011 GJ44,0.3462207725438827,26.49586188925564,1.26734094458989,Apollo,0.154227
2011 GK44,0.1982634926516027,15.2911994011456,0.80291866300996,Aten,0.0224295
2011 GL44,0.5264259259320575,20.12734628506042,0.848517254261438,Aten,0.11673
2011 GP44,0.4187603321484718,7.681317078639704,0.702352202929937,Aten,0.0446118
2011 GB55,0.4676477326227156,13.9435160771687,1.03603469801481,Apollo,0.103803
2011 GC55,0.5803168889932967,2.773408052316534,2.46197882598026,Apollo,0.0335871
2011 GP59,0.2577659101164606,8.512472931458909,0.810189470586423,Aten,0.0022509
2011 GQ59,0.5575242159017118,1.355065513436284,3.83166650506399,Amor,0.0862615
2011 GR59,0.2543074892732585,1.639156919795549,1.41958898485349,Apollo,0.00746004
2011 GD60,0.1624498712459578,6.062898286628955,1.12766970205835,Apollo,0.065691
2011 GG60,0.6444304304200399,2.332998061296069,1.05218674341532,Apollo,0.00668729
2011 GL60,0.3514428069963847,8.937654235304025,2.75824442128471,Amor,0.281087
2011 GS60,0.9226349303910184,19.30879781085779,6.16845643026701,Apollo,0.0248605
2011 GC62,0.1882907389541103,18.54213312348406,0.956062714775869,Aten,0.0210645
2011 GD62,0.6903227961817441,10.34492561224223,5.41325437074986,Apollo,0.103698
2011 GE62,0.5472749620370558,17.37917625023453,3.52751506816371,Amor,0.0629234
2011 GH62,0.6324675320885048,19.55528842759553,5.84448340730406,Amor,0.187682
2011 GM62,0.2261373816699472,24.18686506089924,1.3809793622469,Apollo,0.028182
2011 GO65,0.396522248632673,8.801739105147579,2.65249886306493,Amor,0.146748
2011 GP65,0.6449821445357201,11.65365492732042,3.62797797678008,Apollo,0.096284
2011 GQ65,0.4303615581951598,22.40114181447644,3.22282353853307,Amor,0.385798
2011 GV65,0.5592529368377408,9.167977202328844,2.67694857561849,Apollo,0.0220886
2011 GW65,0.1738360385612025,11.10438997988161,1.41808399445674,Amor,0.1124
2011 GX65,0.2864858184796366,22.85489930333909,1.55820108943843,Apollo,0.146289
2011 GD68,0.7432622627428231,33.82709274142471,2.86483178484344,Apollo,0.409434
2011 HG,0.6389344081239225,14.69993317119461,4.38162952031496,Apollo,0.155499
2011 HH,0.2120056477037149,3.477843233613703,1.48807830337738,Amor,0.0303159
2011 HJ,0.3200339075877595,4.653477947065944,1.73859588833989,Apollo,0.011085
2011 HO,0.6174375727838628,13.16519283563747,5.99080458767817,Amor,0.244354
2011 HP,0.4802864925422789,3.723712906829354,2.66176807070813,Apollo,0.0275053
2011 HQ,0.3073776118946372,11.91606856691397,2.09421916481125,Amor,0.148553
2011 HS,0.6918106364112141,7.859612522933043,4.73125678146645,Apollo,0.0482941
2011 HT,0.4509886944314327,7.108055687900414,2.67695037145188,Amor,0.048172
2011 HH1,0.6014129015103035,11.20280492326091,2.62924942354787,Apollo,0.0811756
2011 HO4,0.266583481736803,29.31285105625758,2.22299432483016,Amor,0.289522
2011 HP4,0.6134946309914477,3.447864892092559,3.27405480408282,Apollo,0.000412676
2011 HQ4,0.5555258678679539,0.6726152978719866,3.55711996618204,Amor,0.0385684
2011 HR4,0.2247931288386136,8.126735134765411,0.87346565580482,Aten,0.0786553
2011 HN5,0.2431789253199766,3.967357857272782,0.880131656328555,Aten,0.0379186
2011 HO5,0.136813617114904,11.287476228027,1.08467611193205,Apollo,0.00064497
2011 HL7,0.2888356485389498,10.43810119157811,2.10191894079436,Amor,0.161032
2011 HC24,0.607661224258879,1.988658979427151,2.75655424409093,Apollo,0.000936277
2011 HD24,0.8035480395366034,6.833839357584593,3.26937419207626,Apollo,0.00630411
2011 HE24,0.5226194630365272,2.134891689053613,3.34454068521737,Amor,0.0621864
2011 HN24,0.3113498034434793,1.095251113704735,1.60994333081198,Apollo,0.00169623
2011 HO24,0.08026263646410829,3.754034450956294,1.28267417105389,Amor,0.0893711
2011 HP24,0.1096284280042043,3.063119431760805,1.29388589807946,Amor,0.0625178
2011 HC36,0.407788435754493,15.48077259466907,2.10099441063863,Apollo,0.0871021
2011 HY52,0.5391892415493446,12.06090598833162,4.66225927839192,Amor,0.283282
2011 HO53,0.4487437533122656,3.093883923594608,3.19650447120689,Amor,0.183759
2011 HR60,0.5987587289883083,3.869236893789751,3.27361923995357,Apollo,0.0143535
2011 HD63,0.5129369982341299,5.432720859583264,2.90225783491481,Apollo,0.0339406
2011 JA,0.2875416983168413,41.61431968896262,1.28993037030528,Apollo,0.00111287
2011 JL,0.5227878056328158,10.81483631840139,4.45646504514206,Amor,0.27983
2011 JD1,0.3576433205613221,21.95111808088173,1.17213072911482,Apollo,0.00674934
2011 JE1,0.3246522589336025,35.64774615752886,1.91113152667592,Amor,0.178499
2011 JY1,0.4126702343197695,2.564712846323989,1.42168810893118,Apollo,0.00193055
2011 JM5,0.2824051316215547,1.550886729096583,0.816121315499983,Aten,0.00541633
2011 JN5,0.4213390529046498,17.58492008210976,1.0193633475428,Apollo,0.0188573
2011 JA8,0.6372179735765889,21.86909170015151,5.5383222350561,Amor,0.145309
2011 JB10,0.1833836313371555,13.45589596513243,1.4104683164897,Amor,0.016729
2011 JU10,0.5245518892421326,17.46509170609557,3.20997654040115,Amor,0.242597
2011 JV10,0.2028699309496085,1.376133230136394,1.21879904458974,Apollo,0.00236484
2011 JW10,0.215179214192681,21.59495862413809,1.49995528104958,Amor,0.197431
2011 JZ10,0.4080800853191595,9.364645403696352,2.98137894618261,Amor,0.208981
2011 JR13,0.7256411991991786,24.69512578175618,1.48054292257645,Apollo,0.0464195
2011 JP29,0.4981369071091518,8.915329730777305,3.16116339030014,Amor,0.0743238
2011 KB,0.3636668435372635,4.798948197334872,0.775715095148767,Aten,0.0059547
2011 KE,0.95460590739339,5.885784852686882,3.27755620862559,Apollo,0.0417565
2011 KE3,0.2870934875849035,8.63139240648128,1.99127739038069,Amor,0.128329
2011 KF4,0.6164553116626662,10.0018325721109,4.18564501962712,Apollo,0.139548
2011 KG4,0.08594286194379544,22.4944754221517,1.0117740154378,Apollo,0.0652329
2011 KH4,0.4620233244299455,18.62758607613684,3.56693276484235,Amor,0.246181
2011 KF9,0.5179708257408946,8.373526709070145,3.36322349723831,Amor,0.0866158
2011 KK9,0.3948151097040689,7.354849575214924,2.98346603720134,Amor,0.237485
2011 KN9,0.4817742039020864,19.28878364406681,3.42491972585039,Amor,0.364832
2011 KL12,0.3801593787654018,32.30414882046504,1.96478993962496,Apollo,0.062787
2011 KG13,0.6193040368436277,2.554763183405422,3.48525703455864,Apollo,0.00675552
2011 KC15,0.5613239927930346,3.866529304397421,3.79841856281196,Amor,0.0517312
2011 KE15,0.4287293023924163,1.569814748376164,2.22053449575574,Apollo,0.000118124
2011 KJ15,0.7319633494925966,11.34661122522862,2.63112175189079,Apollo,0.0218495
2011 KK15,0.6073496386234241,1.252262139702101,3.81831856476279,Apollo,0.00541658
2011 KT15,0.4238151150605207,4.122133422087463,3.08676566241747,Amor,0.222643
2011 KU15,0.8761086327168748,4.399078048372304,2.73256829665609,Apollo,0.0476526
2011 KV15,0.6123834138362687,4.094072766199274,4.07957841666795,Apollo,0.0163663
2011 KX15,0.290296670758911,5.452585457604121,1.79760130434311,Amor,0.0381777
2011 KY15,0.6029745982465218,16.87409864140029,0.522461821687874,Aten,0.0167232
2011 KP16,0.3511865341327824,3.321213325177674,2.02662648915706,Amor,0.0219453
2011 KN17,0.6759136223216331,5.8197820890334,3.37526682462341,Apollo,0.0118622
2011 KO17,0.5717084521690572,4.04067801602368,3.73786068678952,Amor,0.0553203
2011 KP17,0.55181410815607,6.602711515798279,2.724542398372,Apollo,0.0816609
2011 KQ19,0.3908277277119805,22.51110093010731,2.2397486931903,Amor,0.198781
2011 KW19,0.3175573357259807,10.01819674704975,2.37602287817795,Amor,0.208478
2011 KG20,0.7504103833301106,22.88915974170954,3.50074881679827,Apollo,0.0649038
2011 KJ20,0.8155890882486339,14.17531012389009,3.35497837071179,Apollo,0.212098
2011 KF36,0.6495811069557271,25.68810616116443,3.09028772792939,Apollo,0.0575433
2011 LH,0.4579569719211842,37.58699191450995,2.68099387877269,Amor,0.234586
2011 LD1,0.7792695188632937,39.38046495001173,2.2105818161289,Apollo,0.327462
2011 LJ1,0.6919131758016936,7.388736212668905,3.75284144632314,Apollo,0.0694971
2011 LY2,0.2741349571857691,12.21909608795005,1.76695085705535,Amor,0.19121
2011 LZ2,0.3064465801471368,4.8570137941156,1.62646342298129,Apollo,0.002573
2011 LV10,0.2296542150607953,9.61132325847675,1.53114141245312,Amor,0.0609275
2011 LS17,0.6372004622397731,3.567631244129975,3.82820261463075,Apollo,0.0295173
2011 LA19,0.6516839203462181,19.20828662718806,4.97191261701922,Apollo,0.025952
2011 LB19,0.1506525917805717,24.89916788924671,1.39504558252619,Amor,0.0752442
2011 LC19,0.7317552045515407,10.50109927748286,5.71817232766956,Apollo,0.0173408
2011 LJ19,0.6222842018837806,1.539912467742019,4.24136945288114,Apollo,0.004164
2011 LK19,0.2992029900231248,33.5469473666573,2.14389598147972,Amor,0.162872
2011 LJ20,0.5184676075724965,41.4452960848576,4.23861253718592,Amor,0.291448
2011 LY20,0.1369786340261871,10.47398366084636,1.71779072746688,Amor,0.275115
2011 LH21,0.4152953336243971,6.871673046632914,2.39974458056823,Amor,0.0611837
2011 MC,0.6184044618336382,24.75055405079997,4.05004274201387,Apollo,0.0608972
2011 MD,0.03770594028727569,2.442735080844225,1.08683192878516,Amor,0.000513884
2011 MF,0.466905765401336,8.587240038272137,3.02304373297441,Amor,0.0984235
2011 MJ,0.2083613515529121,10.39492246072552,1.34915292498148,Apollo,0.0758954
2011 MK,0.4681254072388725,7.516313725696445,3.07143107308923,Amor,0.110214
2011 ML,0.4389235271808161,1.701324564829638,3.16796514601746,Amor,0.192306
2011 MX,0.3977224045079917,13.46463268452963,1.71135977439288,Apollo,0.00161844
2011 MW1,0.2752620699042695,3.218639597391714,1.08478200945518,Apollo,0.0250325
2011 MD2,0.473528771906713,8.506551684124451,2.86887864090089,Amor,0.084074
2011 MW2,0.5212751895231753,7.904564412369648,3.44838494532957,Amor,0.0857531
2011 MX2,0.4679648277436788,41.60524121922816,3.55331997463956,Amor,0.235232
2011 MY2,0.4525289744593568,9.599955062137909,3.17803566838483,Amor,0.166691
2011 MZ2,0.3229288170562533,4.493013162949966,1.95032466220456,Amor,0.0407897
2011 MQ3,0.1100262586258232,5.677041525517497,1.1889712876762,Apollo,0.0238304
2011 MN4,0.4811300825808694,8.27088984192846,3.74457928777982,Amor,0.252819
2011 MO4,0.5143929010571332,5.58300305507472,3.66592028360877,Amor,0.142579
2011 ME5,0.420423167110242,37.2756333385505,2.62145319278368,Amor,0.370131
2011 ND,0.4807150332647506,5.056395962681665,3.40850640340749,Amor,0.165524
2011 NV,0.3924393079751456,15.4632026710564,2.49364377262799,Amor,0.224919
2011 NY,0.5545002444165424,7.987641483981897,3.44570326016745,Apollo,0.132367
2011 NZ,0.4382004300780318,6.919230139364973,3.11912654791472,Amor,0.185744
2011 OA,0.5205510555337477,9.153220532305951,3.17353073303395,Amor,0.045493
2011 OB,0.5241370677874029,27.74136858899897,0.859485726165321,Aten,0.0110708
2011 OE,0.4999598859826362,1.226923399220841,3.45371565958745,Amor,0.129867
2011 OW4,0.7178463913254051,11.55186513736241,2.70986820068678,Apollo,0.189068
2011 OX4,0.5581828986972621,2.415311505577515,3.76556642789027,Amor,0.0576488
2011 OY4,0.4253518260143246,2.988175005109618,3.11459371922075,Amor,0.211489
2011 OJ5,0.3021641102746782,13.69965385725361,2.02612267012988,Amor,0.15787
2011 OK5,0.159184707400695,12.83487677679819,1.53119441412508,Amor,0.133274
2011 OM5,0.5430270545327256,12.45594472401571,4.17640428986967,Amor,0.177999
2011 OQ5,0.4530774901623464,2.30222108290426,3.59353865054994,Amor,0.282143
2011 OR5,0.2798464909988842,4.772641751863858,1.6486919843688,Apollo,0.0288866
2011 OJ10,0.3988953020250899,6.243155583465957,3.13578666189468,Amor,0.272879
2011 OR15,0.4430025920383632,5.012781602034615,2.13023147724393,Apollo,0.0390955
2011 OS15,0.334987729672017,5.383911435282344,2.29704718234395,Amor,0.141556
2011 OE16,0.4734369441543756,6.776779033109602,3.33079039603788,Amor,0.16602
2011 OV17,0.4128341318567323,6.184956412841072,3.06474245291057,Amor,0.22482
2011 OW17,0.519060163406901,28.06488652190945,4.25133280221901,Amor,0.396075
2011 OX17,0.7511187793484214,6.850332946831994,3.26778279161301,Apollo,0.0962242
2011 OY17,0.5634896826624174,9.25920836634674,3.81607886485699,Amor,0.0596311
2011 OC18,0.438064442825798,6.907828966605807,3.06499210149765,Amor,0.173364
2011 OD18,0.5274759771232748,4.313782875074127,2.95612038795004,Apollo,0.000815899
2011 OV18,0.4389800665634163,16.93593502266541,2.08239771358549,Apollo,0.0235116
2011 ON24,0.1752487060139311,13.98904224095417,1.38671433310395,Amor,0.151798
2011 OB26,0.4780262249669376,1.763104251411729,2.13506399538656,Apollo,0.00106656
2011 OE26,0.711814639694816,10.36060642500521,5.2357360533975,Apollo,0.0854517
2011 OF26,0.7254825073151063,6.053431119469371,3.08236510639687,Apollo,0.0210502
2011 OJ45,0.2035384221223431,0.7490194841328444,1.02557573645243,Apollo,0.00751594
2011 OK45,0.2142724932002089,2.871015834786297,1.46701839656534,Apollo,0.0140129
2011 OL51,0.6378997023575347,4.390885534419565,5.5003406400107,Amor,0.155416
2011 OB57,0.2423034213757597,4.912649363485781,0.926952699342892,Aten,0.0232188
2011 OC57,0.4523754580937491,6.492459938453726,3.09340434899593,Amor,0.14868
2011 PS,0.5149148551097054,3.73112699368139,2.42832681591951,Apollo,0.0266449
2011 PU,0.4264002551201833,6.722123029549565,3.13161695934333,Amor,0.213099
2011 PX,0.4442212164233901,5.901841972018163,3.28928695698086,Amor,0.22992
2011 PN1,0.1292359691364944,1.94719140859325,1.33631554995029,Amor,0.0453389
2011 PU1,0.2458969788555322,4.364875851946123,1.48926903853144,Apollo,0.000471002
2011 PC2,0.4450138647901956,9.459600068824598,3.05193250774575,Amor,0.158012
2011 PE2,0.5441535164747413,8.084332816442974,3.20246416039483,Apollo,0.000673984
2011 PF2,0.2287225342553055,21.87189709129026,1.56049638456211,Amor,0.111908
2011 PK10,0.4137652597988732,45.76759272347313,2.35242771839854,Amor,0.0256284
2011 PP16,0.6737113736908847,11.71227990850298,6.05409082920622,Amor,0.140739
2011 QE2,0.4192460874543677,7.267618222587567,3.11770098152796,Amor,0.232293
2011 QS2,0.5010254295006635,17.6031442713791,2.1743875294297,Apollo,0.0755031
2011 QT2,0.5997079521867762,1.063993136549898,4.30870662710971,Amor,0.0466163
2011 QX8,0.3580088470828584,11.15535563564563,2.32182539808296,Amor,0.114453
2011 QG9,0.6005378787672185,11.43305694486955,4.49263970994698,Amor,0.201216
2011 QY11,0.5630625563299415,1.389209229460478,4.12165858938212,Amor,0.116015
2011 QZ13,0.3852085134243439,17.55668007398259,2.80498733910649,Amor,0.231912
2011 QA14,0.5354347179395371,8.450242577935796,3.2339787481487,Apollo,0.10287
2011 QC14,0.3973712285847141,10.41226961720183,2.35050288810348,Amor,0.0538263
2011 QE14,0.5030989229995239,8.051774957238782,3.43728533422688,Amor,0.124103
2011 QG21,0.4385204966722067,18.7786022702938,1.34145290420169,Apollo,0.0505982
2011 QJ21,0.3823680029864856,19.42249389108605,1.09090623545926,Apollo,0.0315576
2011 QE23,0.3010645695951221,2.095169071198656,1.72894189595161,Apollo,0.0178655
2011 QU37,0.4918774967567977,4.169157148710501,3.20579671753469,Amor,0.115178
2011 QV37,0.513918040111919,13.57017554533183,4.139148968838,Amor,0.244136
2011 QE38,0.5782327542585463,1.598576079764922,3.75974881998246,Amor,0.0354111
2011 QC46,0.4747499656049672,4.492295381894556,3.5909245437142,Amor,0.252712
2011 QE48,0.5210737855295069,11.22192578782585,3.61651958096968,Amor,0.134631
2011 QF48,0.6356164604763137,21.54012007967722,3.10889116404156,Apollo,0.000678068
2011 QS49,0.3373827614002318,2.218350004535303,1.84723671475953,Apollo,0.0125577
2011 QD50,0.5584735116664782,7.858622989610349,1.38216904659586,Apollo,0.0197852
2011 QH50,0.4587391759406079,1.155615495947945,2.93082198722965,Amor,0.0965723
2011 QP96,0.6378304368574056,7.197736523604874,4.71995646158305,Amor,0.0718782
2011 RX,0.3051586717869176,2.262250572970316,2.36546010264296,Amor,0.232792
2011 RH1,0.224472525116576,7.007058906222217,1.77471788390299,Amor,0.129009
2011 RJ1,0.5892659161953729,6.749314702123582,4.07419288306199,Amor,0.0489588
2011 RV14,0.374099267425499,5.000546303839038,1.5360340862168,Apollo,0.00788196
2011 SF3,0.5973847538099725,9.77546389917395,4.48376865106104,Amor,0.0994011
2011 SM5,0.3654355090921235,25.02116854549728,0.906606601659207,Aten,0.257567
2011 SN5,0.4517977653631245,15.84959691515675,2.6674605160159,Amor,0.167574
2011 SO5,0.5206080386382572,2.633074943260493,2.36614585612713,Apollo,0.00766236
2011 SP5,0.3091194202045772,3.792170128098952,1.93039878691227,Amor,0.0643205
2011 SQ5,0.3470334382291149,5.991407688433516,1.88970141499303,Apollo,0.0360531
2011 SP12,0.5709231837342185,14.16994531052041,3.71407694902203,Amor,0.117022
2011 SQ12,0.3960895150776322,13.68110644584971,2.27023634343978,Amor,0.0961576
2011 SR12,0.8017555821093353,11.90903033761454,2.87606524247847,Apollo,0.148326
2011 ST12,0.2161592792992186,6.134906840306689,1.17950198173457,Apollo,0.026801
2011 SZ15,0.6085779146225269,16.95233676454244,4.56070966674015,Amor,0.116115
2011 SC16,0.2224103826406232,6.682431782363808,1.5599117586068,Amor,0.0460016
2011 SE16,0.2940603075792431,6.294204540082386,1.8433941293248,Amor,0.0745928
2011 SF16,0.4959050598783082,7.342089692524985,3.26801886808086,Amor,0.102684
2011 SG16,0.3566662149961535,7.416522059538697,2.66206519874118,Amor,0.259546
2011 SH16,0.4742650641784578,3.984882779636254,3.58973540519268,Amor,0.232434
2011 SK16,0.2760887665156152,6.297609001220303,1.70076276229879,Amor,0.0329532
2011 SZ21,0.5603917004372915,16.49191290728196,5.05298378652421,Amor,0.327885
2011 SA25,0.2665016846530759,24.50863048102871,1.9218504631329,Amor,0.181365
2011 SB25,0.361010876894686,18.48938645631811,1.85151875357778,Apollo,0.0760775
2011 SC25,0.3195417762544252,11.09534797644762,1.13873511196967,Apollo,0.0436377
2011 SD25,0.1821154995517921,28.61341391237962,1.94409834925002,Amor,0.324621
2011 SE25,0.5257624563143157,16.08540237916789,1.28355234625354,Apollo,0.0455752
2011 SF25,0.5715496521697491,9.298552049752299,3.82908107694301,Amor,0.111524
2011 SN25,0.4506543171992635,6.16740415460869,2.1981518649404,Apollo,0.0337157
2011 SO25,0.4338571104754707,4.197088876613879,3.39836152000123,Amor,0.288906
2011 SQ25,0.2481842204503416,5.398880727425563,1.7375031438405,Amor,0.0838574
2011 SR25,0.5982188703613068,23.99552437521003,4.91536247415118,Amor,0.172327
2011 SS25,0.7296555018484668,34.44723371704233,2.58626812608225,Apollo,0.0917894
2011 SN26,0.3040968155063353,4.577234939420166,2.36246361700798,Amor,0.227746
2011 SO26,0.6154893824199568,26.62783161061294,4.09401977842228,Apollo,0.31603
2011 SP26,0.5864817622400287,7.017417618234266,3.8159512913306,Apollo,0.0104763
2011 SQ26,0.4037552668572902,9.257816716272503,2.86183556402284,Amor,0.217751
2011 SR26,0.1065026152794712,25.35563054901814,1.38678921581932,Amor,0.113413
2011 SS26,0.4579038505703136,2.647661246235236,2.24090122876267,Apollo,0.00704509
2011 SM32,0.4255503528305921,6.719117002679409,3.16814205122233,Amor,0.237936
2011 SO32,0.4769871755706819,9.9121977375592,2.26454787843726,Apollo,0.0478875
2011 SP32,0.5911427652208124,2.954455195645031,3.21089402309147,Apollo,0.0215893
2011 SQ32,0.5914180381572738,1.598400323959414,3.94763121738406,Amor,0.0176207
2011 SE58,0.6117332138900151,1.206597785931031,2.60730563122285,Apollo,0.000665154
2011 SS67,0.5802435301561238,11.83314218332952,5.13077283495529,Amor,0.283757
2011 SU67,0.5783830496546595,18.6805741072866,5.1629147288485,Amor,0.339921
2011 SJ68,0.4448074221203437,26.56346854901661,3.40526583319381,Amor,0.296963
2011 SK68,0.2979209037032833,7.799844506531538,1.59014988104852,Apollo,0.0125878
2011 SU68,0.4645736006196405,5.518790286869894,3.55107549053213,Amor,0.254702
2011 SR69,0.5491038689543456,5.838824800382552,3.74031164531924,Amor,0.108909
2011 SP70,0.5258452847744509,5.81795594370382,2.77258424543209,Apollo,0.0536231
2011 SU71,0.163360552761709,14.74041473005347,1.79192097314633,Amor,0.228579
2011 SW71,0.537835083978276,7.449151397951348,3.46493936542091,Amor,0.103925
2011 SE97,0.6667764323112746,2.381631203396878,4.01039434783138,Apollo,0.00750456
2011 SM102,0.5549495891601947,1.679689098241609,3.88830420635153,Amor,0.100554
2011 SC108,0.7434614893129251,6.882982649914742,3.96539270294955,Apollo,0.0023438
2011 SE108,0.5430765861044365,3.415209723089693,3.88128621164858,Amor,0.154066
2011 SF108,0.5328570193111264,7.68261364364521,3.74501434653869,Amor,0.176453
2011 SM120,0.40618440618768,4.508912645451612,3.23345911153469,Amor,0.294233
2011 SY120,0.2296891262310692,31.92753089809301,1.34209321628288,Apollo,0.0495392
2011 SZ120,0.4272418854095434,24.93222417480311,3.33899925017056,Amor,0.336929
2011 SA121,0.281268390317199,21.74899823512223,1.7293426508746,Amor,0.0669221
2011 SF173,0.5798661229501251,22.56923022173101,5.34952248345457,Amor,0.316513
2011 SG173,0.4806091531271446,1.837103439441241,2.93929661837252,Amor,0.0609446
2011 SL173,0.1451378581342951,25.50214978790239,1.25353689518233,Apollo,0.0538281
2011 SM173,0.6519179789746846,0.5257656355753807,3.9357255810165,Apollo,0.0013763
2011 SG189,0.602792242912299,37.05361337954127,3.35358935597324,Apollo,0.237141
2011 SH189,0.1053944670672241,5.867636911234068,1.35341390753328,Amor,0.107473
2011 SJ189,0.3865143248505218,4.636527407806465,2.5687684261169,Amor,0.155907
2011 SK189,0.3636364451917502,27.82027158548877,2.31037305672376,Amor,0.11141
2011 SL189,0.5961506086619685,1.394164935868584,3.97422987220064,Apollo,0.0321783
2011 SM189,0.5934474840996842,7.860965121145699,3.8560200005764,Apollo,0.0610517
2011 SN189,0.2929156862344742,16.03222183513585,1.88794718299594,Amor,0.0778738
2011 SO189,0.5669730025465536,4.448822735901552,2.82350259496915,Apollo,0.00185142
2011 SE191,0.6532704829685626,10.2909538046644,4.1440316077807,Apollo,0.0181365
2011 ST232,0.4570262221727213,2.135555496182756,3.10688391607268,Amor,0.140907
2011 SU232,0.4827120244824372,18.99954799133748,3.90779109610056,Amor,0.408981
2011 SE248,0.4956720360414966,5.017540258789237,3.58893634261453,Amor,0.18488
2011 TB,0.6042041297404933,10.56553010859014,3.66381273953457,Apollo,0.0512062
2011 TH,0.4474357123928131,5.07534519278362,2.25432648946572,Apollo,0.0574473
2011 TJ,0.6375831243336397,4.964348050861736,2.70032984852842,Apollo,0.0528012
2011 TK,0.6461855886071771,7.780239628741654,3.86794639404427,Apollo,0.0267927
2011 TO,0.2799700887949119,2.236683216888694,0.892061988429503,Aten,0.000306966
2011 TP,0.4535371219449117,9.55612979520828,2.26382444978467,Apollo,0.0174444
2011 TA4,0.6493156608238121,19.67130609387619,5.45243546628029,Amor,0.1082
2011 TB4,0.4557408590348012,6.729733713563657,1.49370202123549,Apollo,0.00684262
2011 TH5,0.2930441032745781,6.944291425840588,1.81884562126697,Amor,0.0539831
2011 TJ5,0.402716909482191,10.38987007956006,1.76407226036784,Apollo,0.0381123
2011 TK5,0.4340654606200152,12.60283027612675,0.788365094291091,Aten,0.116107
2011 TL5,0.3052141652007012,22.69175537853474,2.43656535449102,Amor,0.293252
2011 TO6,0.1542196371966807,12.49465393488031,1.34444596207145,Amor,0.0670817
2011 TP6,0.2246920379691308,2.587785810207521,1.51809335929174,Amor,0.0463407
2011 TQ8,0.5913151865750159,6.166302406347508,3.13736589018021,Apollo,0.00960502
2011 TX8,0.7084131587598547,5.978377347730597,0.86751255014614,Aten,0.0126819
2011 TN9,0.4512189053605694,4.104837296480128,2.61664468701111,Amor,0.0437853
2011 UB,0.477650453816904,1.884314072850121,2.67816800413174,Apollo,0.0127431
2011 UD,0.7805515929264428,8.816724315011925,2.89775488845356,Apollo,0.101496
2011 UE,0.4386257900966392,7.852703540458975,2.39067146438937,Apollo,0.0188374
2011 UT,0.5437996110505238,2.346956351325334,2.98025915272138,Apollo,0.000182509
2011 UU,0.5537599383464142,6.801154139769076,4.1503338709722,Amor,0.157998
2011 UE10,0.3809313748958142,3.563222550652779,2.12572810495443,Amor,0.0274322
2011 UF10,0.2953993826780478,9.97699997506852,1.46491181772513,Apollo,0.0666977
2011 UG10,0.5794209744943306,1.742994637450026,3.84681294903064,Amor,0.0335261
2011 UH10,0.315841188036916,3.354464831995392,1.7707507943142,Apollo,0.0208743
2011 UJ10,0.605572969394068,1.713495231211101,4.70828470390976,Amor,0.112289
2011 UK10,0.2593196810761866,6.077428814625665,1.36331866330054,Apollo,0.00072802
2011 UL10,0.6091818474085514,0.836716586842171,2.68286133882299,Apollo,0.00788139
2011 UG20,0.6867446915935503,18.98706570697324,1.19206734137403,Apollo,0.0050685
2011 UH20,0.3360835090560666,35.77057867368131,1.36570385278327,Apollo,0.0108886
2011 UJ20,0.2353038120342162,9.222423226878739,1.83656240846527,Amor,0.165517
2011 UN20,0.3167346154842715,13.10069505739106,1.97155538356485,Amor,0.09964
2011 UP20,0.2903724827363047,9.579251413495708,2.17453493849735,Amor,0.234802
2011 UQ20,0.3230273121004197,2.673576612723476,1.98417183736894,Amor,0.0680525
2011 UD21,0.03036172017496037,1.06108794206027,0.968161402042616,Aten,0.00323213
2011 UE21,0.7324597371425051,44.73946976524854,3.33085441089607,Apollo,0.0932408
2011 UF21,0.4072934437687162,21.38380151312499,1.87277469168309,Apollo,0.0631139
2011 UG21,0.5470023986676948,14.56834599443344,0.906945503448225,Aten,0.129285
2011 UH21,0.4543861751537666,3.401422696352878,2.74290625708766,Amor,0.094734
2011 UJ21,0.2746443149564559,27.73815587810967,0.95818178046789,Aten,0.0307317
2011 UK21,0.4311919891551719,7.701666601019213,2.26122059673995,Apollo,0.00867954
2011 UP63,0.1211908180947778,11.33344304486731,1.11702636479126,Apollo,0.0404563
2011 UQ63,0.520971577571202,9.055703597353887,2.33971047122479,Apollo,0.00233857
2011 UR63,0.5952742238529934,4.050897720138853,3.33815363069924,Apollo,0.0080699
2011 US63,0.7804820794084979,20.53867610690338,5.24779827098332,Apollo,0.0647377
2011 UT63,0.2883075995721098,21.74273571365609,1.72277940524015,Amor,0.0323065
2011 UU63,0.5370704264442691,10.87269474876574,2.05949739101464,Apollo,0.0256073
2011 UV63,0.1337791597377138,9.78621616052355,1.30236912224908,Amor,0.03288
2011 UW63,0.3988748735867134,26.36529937337857,2.33167115803669,Amor,0.0773764
2011 UX63,0.5125454673336439,5.397703176531244,3.4190991912056,Amor,0.106526
2011 UY63,0.4106401981649409,21.70569613707467,1.40157930406797,Apollo,0.13277
2011 UZ63,0.2869968292728778,20.84152505009224,2.36826694366955,Amor,0.275034
2011 UA64,0.6217343292997938,6.35960493125315,3.41734351288311,Apollo,0.0108737
2011 UB64,0.2736445298715976,5.741917059148661,1.72674009646012,Amor,0.0504581
2011 UC64,0.4626425919679889,3.929622594993481,1.10881082043708,Apollo,0.00154331
2011 UD64,0.3127082933465209,10.55478196273171,1.44227892755438,Apollo,0.0273777
2011 UN91,0.6493638390357068,6.094447737952987,3.56225827427025,Apollo,0.0274191
2011 UO91,0.3947804728037032,5.656159360565089,1.31241706963869,Apollo,0.0126366
2011 UP91,0.4825468810735208,6.998775396352026,2.94055911404359,Amor,0.12818
2011 UQ91,0.4067348367064443,38.48475701638743,2.82635544849713,Amor,0.333504
2011 UR91,0.5069755026063391,27.75741959081375,2.2478524339597,Apollo,0.107289
2011 US91,0.2394647341399975,29.36826721343675,1.05484366472687,Apollo,0.0748294
2011 UT91,0.4097857118004898,13.55955120156097,1.59159179915872,Apollo,0.0072335
2011 UV114,0.2472664294561306,14.29381318503141,1.65580975661388,Amor,0.0583529
2011 UW114,0.5370362617297145,5.908731517564729,4.41251100031732,Amor,0.249909
2011 UX114,0.5308788338446966,5.888417428642488,3.9079360229328,Amor,0.181164
2011 UY114,0.0955565804536191,9.10664357799013,1.28845371390233,Amor,0.138841
2011 UZ114,0.484249912875894,1.240510906069064,2.63202954966426,Apollo,0.00707212
2011 UA115,0.6237551154915479,0.6295682984516674,4.12206329566979,Apollo,0.008519
2011 UB115,0.4236246271007977,12.59266701400975,2.38298728732478,Amor,0.137853
2011 UC115,0.4884348602292544,17.18370108124886,3.97620299482288,Amor,0.315701
2011 UD115,0.4598196456904527,4.565638446339144,2.22561609600893,Apollo,0.0534945
2011 UB131,0.8126385257624,14.27993414469501,4.99031767278024,Apollo,0.13729
2011 UL147,0.4714118225984538,4.658676157564967,3.4714889051897,Amor,0.227409
2011 UM147,0.53569729994997,6.450071876733787,4.34729825467932,Amor,0.24669
2011 UU158,0.4008112654513163,8.833492493977271,3.12965551164811,Amor,0.326424
2011 UV158,0.4966949118031428,5.622554667719149,2.43147606076036,Apollo,0.0302746
2011 UG169,0.219340081969296,1.577622774545568,1.62934768464454,Amor,0.0930318
2011 UH169,0.5258493147225581,10.99650107350823,4.44166927562881,Amor,0.284717
2011 UJ169,0.2181577959627588,10.51902735377234,1.53094608996065,Amor,0.0463901
2011 UL169,0.3774809049324424,6.812641784459416,1.76494161463664,Apollo,0.000869554
2011 UM169,0.5250773524862867,6.261973563159126,2.21249767939398,Apollo,0.00357426
2011 UB190,0.264041854877509,14.56421683076335,1.4110108272611,Apollo,0.0663185
2011 UC190,0.5534127318663274,8.10536199654638,3.06714829761971,Apollo,0.00309708
2011 UX192,0.7953273971686231,55.59482822911676,1.81772394263791,Apollo,0.612322
2011 UY192,0.4294394382702512,4.816370984438704,1.3212898710136,Apollo,0.0134401
2011 UA193,0.5904698579170644,11.95621508216689,3.96301878617283,Amor,0.032058
2011 UR255,0.3269468190343247,21.27023561311154,2.55918145961911,Amor,0.435591
2011 UW255,0.4919691490659045,9.712121617828975,1.62188004240107,Apollo,0.00719219
2011 UX255,0.7878498187561256,7.829422588119023,2.68560017756497,Apollo,0.000840997
2011 UY255,0.3189834905318973,8.041488048997257,1.56757067443337,Apollo,0.0751297
2011 UZ255,0.5781751730139776,3.47173820668892,2.90730247199613,Apollo,0.00360143
2011 UD256,0.5988967920012687,47.06166349995473,1.76050855439983,Apollo,0.36132
2011 UE256,0.8018878378782528,11.6765131598032,4.36185647077621,Apollo,0.106621
2011 UF256,0.6774600345400664,42.96731305477039,7.18704407785811,Amor,0.256993
2011 UX275,0.07647710941219586,4.544316404923178,1.05283049642847,Apollo,0.0202373
2011 UY275,0.3243021857088728,7.724973628731465,1.04486129833167,Apollo,0.038828
2011 UZ275,0.1872769271300736,8.507443487490457,1.45994500185692,Amor,0.0568608
2011 UA276,0.3573771199272169,10.08579160477093,2.16852521366741,Amor,0.0921192
2011 UB276,0.3799414239443193,19.49210813767534,1.84771771031465,Apollo,0.109336
2011 UC276,0.4850488854810212,6.781787272045049,2.87001077672093,Amor,0.0511917
2011 UE305,0.6703750475978095,4.71579188978616,3.76872805226589,Apollo,0.0135173
2011 VA,0.33213656756696,12.26385179112162,1.8140218006765,Apollo,0.0598533
2011 VB,0.6123481965757477,1.389589849427894,4.53160398241783,Amor,0.0756445
2011 VH5,0.41718069918949,8.01663803684556,1.518856793828,Apollo,0.119317
2011 VO5,0.4549585102593955,8.081952684720546,2.62375170400322,Amor,0.0880007
2011 VP5,0.4792360391061783,3.043248736070114,3.86798804866222,Amor,0.292933
2011 VT5,0.6137007163273767,1.733451935017001,2.17063148621653,Apollo,0.0125878
2011 VU5,0.5567812115848335,30.46687446855059,3.26101414094063,Apollo,0.016555
2011 VW5,0.5457354791929157,16.68178506284704,3.69155880680928,Amor,0.100943
2011 VF9,0.3183278918911667,23.09644805634406,2.33157193294119,Amor,0.215269
2011 VG9,0.7756709081053577,1.266485816691041,3.43704527404009,Apollo,0.00662446
2011 VP12,0.4506372951280695,8.349696895216544,2.7878849160827,Amor,0.105414
2011 WA,0.2856987202530377,30.38579343095512,0.776292197059854,Aten,0.0504017
2011 WB,0.4252433001675847,6.175901251319703,2.33553820652789,Apollo,0.0352966
2011 WC,0.0983402433453686,9.397958816367735,1.31967700057017,Amor,0.140172
2011 WD,0.2287510791308977,5.67490424515281,1.58718041683646,Amor,0.0732648
2011 WE,0.05625621472584291,0.09561451818385105,1.0830599471829,Apollo,0.00763509
2011 WN2,0.5900376192500275,5.417131406303674,3.71133285403121,Apollo,0.0221383
2011 WO2,0.5669838827381136,1.526893874269754,2.58979682209934,Apollo,0.0089487
2011 WQ2,0.5882110090514386,3.860566514404905,3.64339975796871,Apollo,0.00562845
2011 WR2,0.392393114202123,12.50347139198665,1.12527771982718,Apollo,0.0397855
2011 WU2,0.04384014049016965,3.042609133826935,1.28756977622287,Amor,0.145578
2011 WV2,0.1597148295746946,22.68079410790645,1.89027381635185,Amor,0.360028
2011 WP4,0.4142480931527843,0.9488652390408571,1.584568495782,Apollo,0.0038422
2011 WQ4,0.4702077566077741,0.1941058023723802,2.42994922157987,Apollo,0.00179788
2011 WU4,0.5193476564848983,6.274492150658244,2.70147356901583,Apollo,0.0840314
2011 WV4,0.2992774543983966,11.83614247431666,1.29647869776358,Apollo,0.0271326
2011 WH5,0.4539117747661565,9.704803706025148,3.53384362234275,Amor,0.278822
2011 WK5,0.5151473744758185,5.886059227887719,3.2848600739934,Amor,0.0865774
2011 WK14,0.2438721832410146,1.956137033583936,2.19442588886545,Amor,0.29163
2011 WH15,0.7226161661343893,22.04498556516273,3.07196726110414,Apollo,0.30779
2011 WJ15,0.7889670659605438,14.88906268274133,3.5056085026529,Apollo,0.0048209
2011 WK15,0.4711544429304046,7.021788101007577,2.81162519360879,Amor,0.112988
2011 WE32,0.4842737237313671,22.45813287261437,3.67223647626992,Amor,0.280225
2011 WF32,0.5866486484460652,14.55301239165101,4.53561313711699,Amor,0.215447
2011 WB39,0.4259019099114482,10.65422089170361,2.28916971390878,Apollo,0.13567
2011 WC39,0.2883507382085261,9.046321455959054,1.80699238099508,Amor,0.0843463
2011 WD39,0.541075664990745,59.49671913867725,1.48573386573356,Apollo,0.411988
2011 WP41,0.5408967847713986,11.49447451718306,2.7170104500019,Apollo,0.0678455
2011 WQ41,0.3642495531274562,3.127494272468617,2.44362872197955,Amor,0.156487
2011 WR41,0.345677738531374,5.216047295366312,0.731394096452268,Aten,0.0405437
2011 WC44,0.6984851794258192,20.7160015301768,3.75366756104784,Apollo,0.0978921
2011 WE44,0.4293267338012603,21.59507274556066,3.21233265674857,Amor,0.260987
2011 WF44,0.5880832844747635,3.797394191218695,2.62958545102593,Apollo,0.00305697
2011 WG44,0.1651897332417465,14.53258465803451,1.68582489367762,Amor,0.200571
2011 WL46,0.4935123117720527,22.86151884078513,3.63960113823519,Amor,0.214867
2011 WN46,0.4145194201952625,26.56996572334131,1.22644013398258,Apollo,0.0453413
2011 WO46,0.4100851760578295,3.589304655549511,1.89375108237979,Apollo,0.0320255
2011 WP46,0.3803149695564989,32.1197976247883,2.47511516035668,Amor,0.313608
2011 WQ46,0.3676270404569226,1.075629674277756,2.13379939013501,Amor,0.0663283
2011 WR46,0.8947783505421641,4.872551970411492,3.88883368985143,Apollo,0.0277903
2011 WS46,0.4677704801438163,21.26278526779261,1.34442655139704,Apollo,0.0235674
2011 WL69,0.6149208539878201,10.47091991742264,4.78918274609623,Amor,0.11587
2011 WN69,0.7800182766875353,6.039423233218181,3.98844510935635,Apollo,0.000566765
2011 WP69,0.3630548426344528,13.69803815819425,2.21197760244489,Amor,0.106762
2011 WR69,0.35542650830838,18.27543452666975,1.4782620828111,Apollo,0.0392561
2011 WS74,0.3529872247419915,13.69343272209168,0.964751671184861,Aten,0.0211666
2011 WU74,0.6666261474541654,5.912248703220969,3.03739570422229,Apollo,0.00397997
2011 WV74,0.6626392521222604,7.086649760896529,2.931961071198,Apollo,0.00845864
2011 WS95,0.5347261219336518,1.207074128143779,2.94055801654263,Apollo,0.015137
2011 WV95,0.4495798352120057,2.359705023905357,2.36982096596834,Apollo,0.00877659
2011 WW95,0.206640315941542,35.74047298875605,1.49509711038054,Amor,0.185872
2011 WA96,0.3534519567906708,13.05782280032414,2.1870705045345,Amor,0.209818
2011 WB96,0.2364981614240106,16.83167688821967,1.5879722620444,Amor,0.0674847
2011 XD,0.3390758984151725,9.481293710959797,1.4506550741851,Apollo,0.0474252
2011 XF,0.4333118385471215,6.132422929240147,3.3211748971364,Amor,0.277882
2011 XD1,0.4535817766938036,4.190867420461647,2.44384215508752,Apollo,0.0240615
2011 XL1,0.5069068242519915,11.20239931731641,4.27665408052992,Amor,0.345845
2011 XC2,0.5805491889746373,28.80638488702699,2.83227557137737,Apollo,0.000333603
2011 XS2,0.7408365749306238,30.80875826163631,2.10126110980021,Apollo,0.0884837
2011 XA3,0.92579837555052,28.12497988338669,1.77633200091548,Apollo,0.0327713
2011 YC,0.3733725048631465,14.0389451077074,2.1906279198983,Amor,0.0729526
2011 YQ1,0.5485188006576993,1.721210709224478,2.68919548289802,Apollo,0.00250961
2011 YW1,0.3266116527467965,34.95147827083093,2.43592917461513,Amor,0.238332
2011 YE6,0.7290968385734672,3.064787791706606,4.72171208872123,Apollo,0.0435027
2011 YG6,0.2988746110419875,28.05728764172699,1.25682028310877,Apollo,0.023862
2011 YH6,0.5526311402082864,11.11679653349112,4.01849238265673,Amor,0.173358
2011 YJ6,0.2204050278092571,17.25997970469256,1.46735146519544,Apollo,0.057746
2011 YK6,0.5775058846495527,5.851059364266904,2.92555081981609,Apollo,0.00168903
2011 YL6,0.4846223117104827,8.995273024763407,3.58840051606486,Amor,0.246771
2011 YP10,0.1721940462463264,9.294573944583684,1.33246589022495,Apollo,0.0704964
2011 YQ10,0.5215100342510821,2.397614790548446,3.35741015981319,Amor,0.0782679
2011 YW10,0.4430429823537363,2.929882044700801,0.804184425938629,Aten,0.00866265
2011 YY10,0.2906820038330327,24.7358772690826,1.97810145420571,Amor,0.135594
2011 YW15,0.3287166136817629,5.054176216490116,1.80698793386201,Apollo,0.0129934
2011 YX15,0.1627876813443287,12.82313143821661,1.19549734036236,Apollo,0.0166135
2011 YG28,0.6257706510481296,12.34392782199553,4.63281355512778,Amor,0.0838057
2011 YH28,0.7167942273240767,8.737110329218638,4.21900017227232,Apollo,0.00330467
2011 YJ28,0.09257489742829483,27.08382481952184,1.09083150117521,Apollo,0.0211912
2011 YK28,0.1734066598001625,16.04650905602883,1.54969962126316,Amor,0.130503
2011 YL28,0.3579247149903786,4.41924157997562,1.6908160471103,Apollo,0.00406527
2011 YY28,0.6796745378330994,7.371561498910205,6.33566105469089,Amor,0.152926
2011 YZ28,0.473930573436278,9.960178754182207,3.35811493575437,Amor,0.216079
2011 YA29,0.2325500207759023,23.16055787996359,1.41241774789371,Apollo,0.0675777
2011 YB29,0.6001135968225396,3.573286642706388,4.27543579938472,Amor,0.076967
2011 YC29,0.1565284640941027,23.06055992600104,1.3638600498528,Amor,0.0592707
2011 YD29,0.3088951361858492,6.970118310921364,0.670290101379429,Aten,0.0152678
2011 YE29,0.0470832197804469,25.03526694297123,1.06669551637826,Apollo,0.0118829
2011 YB40,0.5932700955307816,32.72774824563705,4.08530681184747,Amor,0.159456
2011 YC40,0.4203901975506866,6.43732065637561,1.72320325217523,Apollo,0.000521785
2011 YD40,0.308249835268144,34.27725944587866,2.53163873978241,Amor,0.498083
2011 YE40,0.1717919243576742,23.20603472415046,1.33700083138897,Apollo,0.0218229
2011 YH40,0.327730468584531,11.33654705177066,1.65171994615712,Apollo,0.0117734
2011 YT62,0.1937108970221799,6.144458531833172,1.31249772785961,Apollo,0.0181798
2011 YV62,0.5999108425604613,7.788936817078772,2.0931513692203,Apollo,0.00358197
2011 YW62,0.4069821383108898,3.093123168358099,2.85879852326845,Amor,0.214483
2011 YX62,0.9268117319649797,8.621385092241423,4.01876633024866,Apollo,0.0488739
2011 YY62,0.6594041204912633,5.445491830051722,3.86070486477725,Apollo,0.00204526
2011 YZ62,0.4625291887589599,1.75462873172838,2.69584697742658,Amor,0.0633178
2011 YA63,0.2498321167404439,1.305238496166053,1.72465428361718,Amor,0.0949786
2011 YB63,0.5131856285272187,1.492644911645508,2.72436263546225,Apollo,0.00202763
2011 YC63,0.5964671438488792,10.40986235276682,1.89786239626115,Apollo,0.00124064
2011 YL63,0.8471909278539878,19.05715421977463,2.51156111715666,Apollo,0.166048
2011 YM63,0.5275154016876047,1.414521981930479,3.43215670519912,Amor,0.0873039
2011 YU74,0.2587963466274611,1.990473334846478,1.44572205087694,Apollo,0.0207622
2012 AQ,0.1029862407154074,2.848453891557589,1.10508163550144,Apollo,0.000213543
2012 AW,0.2896391815206303,14.02851891088334,1.25472988223521,Apollo,0.120915
2012 AX,0.5059903003285109,7.134555732362608,2.95570022751584,Amor,0.0722264
2012 AY,0.2654241981878017,20.55277883719361,1.36018327711393,Apollo,0.0905284
2012 AZ,0.378942718207006,5.963328357407771,1.54962650206574,Apollo,0.0332579
2012 AA3,0.4027557970537217,9.440228775268595,2.68443087877357,Amor,0.172763
2012 AB3,0.6178446323640152,7.800872559307414,3.77360213779185,Apollo,0.0342023
2012 AC3,0.3941964497539397,7.452811980567295,2.22084533046039,Amor,0.0653373
2012 AE3,0.1843236127641949,40.1896021002779,1.67848589647804,Amor,0.248079
2012 AF3,0.139287193411602,12.84148492271369,1.08888792575833,Apollo,0.0234605
2012 AG7,0.4661726609979608,4.426268042032378,3.73986563219519,Amor,0.300932
2012 AM10,0.5150864473181888,2.079102766426697,1.81693602926711,Apollo,0.0200681
2012 AN10,0.3981762609200889,14.13086296771606,0.867178548453689,Aten,0.00210399
2012 AO10,0.2927798309772747,6.000908781641672,1.53025616755619,Apollo,0.0462355
2012 AP10,0.1383254768824168,2.733477505493178,0.838272180463536,Aten,0.00195901
2012 AQ10,0.4234474242662063,3.418814606267517,2.15866536056032,Apollo,0.00524085
2012 AT10,0.4647417422495672,22.27459625381242,3.07159216274609,Amor,0.362153
2012 AW10,0.4367479300048748,7.390566859622674,1.85963225664153,Apollo,0.00792563
2012 AA11,0.4856952116109175,6.422873977646595,2.77981899097904,Apollo,0.0465233
2012 AC11,0.07110428375458519,20.83964240470932,1.52289576560359,Amor,0.246474
2012 AW12,0.6063407542836794,51.51759779364195,2.19690773576516,Apollo,0.132242
2012 AC13,0.4302093648227882,1.861190368321119,3.25441401600582,Amor,0.264317
2012 AT22,0.1596693425661414,27.33394804053938,1.23564742825324,Apollo,0.065115
2012 BN1,0.1855987571052074,4.16633289621292,0.855600907553997,Aten,0.0306414
2012 BO1,0.173428036029659,4.56489255758036,1.56519394917619,Amor,0.131876
2012 BP1,0.1738669378331064,26.12278875581604,1.66028027450767,Amor,0.174572
2012 BR1,0.2637616075408862,18.16597996726372,1.10458870395349,Apollo,0.0562807
2012 BS1,0.3819937715115053,1.076106949882933,1.73129430365507,Apollo,0.00222649
2012 BT1,0.3069930371173611,4.348268209112915,0.692813951374286,Aten,0.0131122
2012 BU1,0.4426334265850089,0.4250335137249965,2.05133819713383,Apollo,0.000336716
2012 BV1,0.3150900029741489,0.7637307663747773,1.36939716069864,Apollo,0.000698487
2012 BX1,0.3047306575136409,12.97713717323615,1.22667729109562,Apollo,0.0130428
2012 BY1,0.6746454178438448,0.4765643138227702,3.1152015377241,Apollo,0.00265414
2012 BZ1,0.594410286952838,37.16155699280021,1.50258332116091,Apollo,0.0341719
2012 BF11,0.0736953056119976,14.71519336873977,1.41200814750378,Amor,0.190519
2012 BG11,0.50775118217791,7.810011458049012,2.68682955416747,Apollo,0.0281358
2012 BJ11,0.409459829921328,5.081360510765199,2.29355939081134,Amor,0.0962494
2012 BK11,0.3895723606187008,2.523924586620523,2.57907407112922,Amor,0.160367
2012 BL11,0.1533164227666313,10.84870341769907,1.38979157213339,Amor,0.0751307
2012 BM11,0.4169502365639106,29.30783159899126,2.42617346272841,Amor,0.0761731
2012 BO11,0.3624730588020456,0.4707484773208079,1.64066634506603,Apollo,0.00162825
2012 BT13,0.3629629386830718,16.6753281335123,2.62281507734673,Amor,0.338781
2012 BV13,0.1006340441135418,12.21609511708271,0.917529275981029,Aten,0.0074122
2012 BW13,0.5404678305342504,1.094391571248117,2.59497063335524,Apollo,0.00152819
2012 BX13,0.6236184925472038,44.55049821788603,1.67766199054662,Apollo,0.261902
2012 BZ13,0.1853531148337515,16.54370460254231,1.35083409551224,Apollo,0.0233786
2012 BA14,0.5231242743788065,10.98299308580205,2.84334295157639,Apollo,0.0394486
2012 BB14,0.09872375809443684,2.640618990666172,1.09580569927789,Apollo,0.0167389
2012 BC14,0.465338812041771,6.486181054898656,1.68386287814704,Apollo,0.00879713
2012 BD14,0.2402811106707109,1.533427586879747,1.02713345957193,Apollo,0.00788676
2012 BE14,0.09216936913396863,22.3548306383959,1.64517041708666,Amor,0.281048
2012 BF14,0.5917913823325536,8.064919819039646,3.39300259993584,Apollo,0.0764482
2012 BG14,0.4873891797242074,14.21749253143593,1.72365242315098,Apollo,0.0307027
2012 BH14,0.1206202365545544,25.48683605870613,1.49083984014839,Amor,0.166838
2012 BJ14,0.7413010044278088,6.391920683402588,2.95039368727271,Apollo,0.000861594
2012 BK14,0.1881054808577586,1.484718265671942,0.971320893571649,Aten,0.00188193
2012 BL14,0.6540488437724082,6.837847165228093,2.26646434420915,Apollo,0.00126673
2012 BR23,0.278097332976347,13.89764263380854,1.93002912389555,Amor,0.212209
2012 BS23,0.5774657318232195,5.387282138059562,2.69651710852615,Apollo,0.0325259
2012 BV26,0.1486694831366757,21.36685587241113,1.2048000280867,Apollo,0.0421022
2012 BA27,0.2798127688022253,12.88442373014204,2.41718742835361,Amor,0.341189
2012 BD27,0.4861240188546652,40.80320422009019,3.83981078491296,Amor,0.453896
2012 BE27,0.5027301292763474,12.74614558786269,2.74370305823859,Apollo,0.0128639
2012 BF27,0.6127235679530536,8.062379223060807,3.19201521916217,Apollo,0.000754
2012 BX34,0.3582060343743524,10.52472998386732,0.663070649524416,Aten,6.40642e-05
2012 BZ34,0.3675921342147598,29.57043688040043,2.23999445665358,Amor,0.268887
2012 BA35,0.1158474903999676,5.806015711899208,1.10787668471562,Apollo,0.018672
2012 BT61,0.486862536822433,10.04518435447527,3.83421706903933,Amor,0.283359
2012 BU61,0.7768493264931675,5.224349643149307,4.01482091000243,Apollo,0.0265425
2012 BV61,0.3532824322190369,0.6358157431299849,1.89133834846941,Apollo,0.0108792
2012 BW61,0.5620924785179077,14.52473670918683,2.53856359321782,Apollo,0.0396627
2012 BY61,0.3766144616984629,24.30522767517262,2.18447563437331,Amor,0.0653172
2012 BZ61,0.4847955104171298,13.05071141463216,2.9864458462278,Amor,0.0991378
2012 BA62,0.116145720265411,14.12509722241582,1.09219099647632,Apollo,0.0403336
2012 BB62,0.5264465743956386,7.2232402276463,2.74141140937635,Apollo,0.0363899
2012 BC62,0.3589220067443598,11.51553236486863,1.89200937453211,Apollo,0.0411038
2012 BY76,0.3694655452224539,4.516087995585432,1.70734756531453,Apollo,0.0496414
2012 BZ76,0.6746427439156201,7.347721300804148,3.76473160919928,Apollo,0.0981424
2012 BA77,0.6320026337552058,1.18474464420862,3.62689393141966,Apollo,0.000125367
2012 BC77,0.5938485444492715,4.595095077111956,2.58937781362516,Apollo,0.0113708
2012 BD77,0.2450161273871262,32.6879671071261,2.07254759657802,Amor,0.375302
2012 BF77,0.3327432464348588,5.229188755848261,1.84240009564757,Apollo,0.0195448
2012 BK77,0.4384906719358719,5.727528563178981,2.72015007373875,Amor,0.145333
2012 BL77,0.5079374546117731,20.69831638025513,0.915671551831472,Aten,0.114795
2012 BM77,0.5836356751203114,12.77022406983885,3.89184742138992,Amor,0.0446269
2012 BN77,0.5369263958348588,5.790393035579399,4.24969048375534,Amor,0.238794
2012 BO77,0.5611591005019272,12.37146453056307,0.917497843629825,Aten,0.0677509
2012 BE86,0.497688024084186,27.97624976121673,4.08898717624825,Amor,0.510234
2012 BF86,0.4360924059264903,6.018141998659971,0.657387092913508,Aten,0.0232467
2012 BG86,0.7508172236996217,35.76553987262502,1.41326980112624,Apollo,0.186609
2012 BH86,0.3888478321131441,3.560218659104477,1.48674835102972,Apollo,0.0030965
2012 BJ86,0.6370764185531429,1.339932832940467,2.7884832796728,Apollo,0.00319833
2012 BK86,0.313603288661272,25.04768015176248,2.52851270725074,Amor,0.413698
2012 BL86,0.6070112950966604,6.541857138095637,4.09024965847067,Apollo,0.0260665
2012 BM86,0.6365279372291898,11.36611417317412,3.14226409354856,Apollo,0.0197336
2012 BA102,0.3959446386795133,2.367376068922571,1.92506779766951,Apollo,0.00181156
2012 BB102,0.1852864276058608,21.44100065362388,1.64702619728341,Amor,0.150703
2012 BC102,0.4298196189670662,25.8765642875878,2.2272719197831,Apollo,0.0104138
2012 BN123,0.5714862077166856,8.925805518574323,4.05703931415562,Amor,0.10849
2012 BO123,0.07150755061176668,23.95954310548487,1.24137465828859,Amor,0.0958807
2012 BP123,0.1562462774212407,2.59359416154978,1.18940814635446,Apollo,0.0273998
2012 BQ123,0.6871434539702066,0.9269838813900756,2.84374458182973,Apollo,0.0120322
2012 BB124,0.211130668426319,15.78831163852658,1.24092056368312,Apollo,0.0209733
2012 BC124,0.4782728671894896,41.81538781301613,3.48889740289792,Amor,0.234472
2012 BE124,0.9096070209245282,16.28878639189187,4.0400140871522,Apollo,0.192929
2012 CA,0.1624672019893306,35.88561855034758,1.38956546511218,Amor,0.0908202
2012 CD,0.2082314007902404,23.37487349770327,1.55616409043589,Amor,0.144548
2012 CR,0.3847484084059036,2.186376703437897,2.38128540637887,Amor,0.100946
2012 CS,0.7073337103012934,1.126838932538618,3.66551693992634,Apollo,0.00591098
2012 CT,0.5007336637116654,16.07381064840268,3.51011169635115,Amor,0.204741
2012 CU,0.5063425993970649,0.3109620341481244,2.30186840344195,Apollo,0.00305568
2012 CK2,0.5066032442086055,25.9294904573053,4.14163013875865,Amor,0.515056
2012 CM2,0.2171054917549581,5.828913146369255,0.981243649265673,Aten,0.0732977
2012 CN2,0.2112749199180781,10.02351787892133,1.54752074446737,Amor,0.0720898
2012 CP2,0.3967459157899325,8.08878462214534,2.29001871555365,Amor,0.0861632
2012 CC17,0.3644660263023982,11.79769547701998,2.0644750048754,Amor,0.111149
2012 CL17,0.7039487433534154,4.38997945977721,2.52773362355593,Apollo,0.0061591
2012 CD18,0.4861312167040842,17.12118219265414,2.82574025875778,Amor,0.04331
2012 CA21,0.6562390739450417,28.66218786817622,4.34676192592102,Apollo,0.00415668
2012 CC29,0.7789794874366268,1.940763602463316,3.77471263237863,Apollo,0.0198953
2012 CL29,0.3431539610939162,8.0757416951641,2.30918099975449,Amor,0.159623
2012 CM29,0.4054568944312664,6.159676170626311,2.91782632098598,Amor,0.23165
2012 CO36,0.3002649016456579,12.44771521251328,1.17250900981897,Apollo,0.0442024
2012 CP36,0.4944165210991643,13.95194604444091,3.10181775942335,Amor,0.134884
2012 CQ36,0.5000424379924322,3.802578785770993,1.69496501628542,Apollo,0.0605448
2012 CR36,0.3580936416094275,26.95608903820055,1.60133967829004,Apollo,0.107201
2012 CR45,0.337645565504118,3.66992872380768,1.90552675748318,Amor,0.028369
2012 CN46,0.201724342843357,2.258473964115043,1.7499005670553,Amor,0.171339
2012 CP46,0.06937358415399869,7.349357091315482,1.23654799035279,Amor,0.0868016
2012 CQ46,0.4373605631145417,0.6203035100133794,1.32134638608934,Apollo,0.00925908
2012 CR46,0.2413581265484549,2.665760954999425,1.54914594823267,Apollo,0.0283298
2012 CS46,0.2781334196730993,0.492513247185675,1.42462550080337,Apollo,0.0063214
2012 CA53,0.1924008168024558,10.80717203222852,1.42333711681228,Amor,0.071277
2012 CA55,0.4795921151589517,8.637834929510122,2.41776280372325,Apollo,0.0129836
2012 CU59,0.4887512804633952,6.848791170209917,3.7670146103955,Amor,0.261033
2012 DO,0.5058861686181102,10.26457474086323,3.29542954870524,Amor,0.105702
2012 DP,0.4572795641778654,4.037759753053839,2.89057775586019,Amor,0.121323
2012 DX,0.3996472439981619,5.944558094732804,1.71976593055504,Apollo,0.00206384
2012 DY,0.5425637371891039,4.99096804283541,3.09920261288441,Apollo,0.0154971
2012 DZ,0.6492784931266702,1.22138337116999,3.21045999939703,Apollo,0.00377438
2012 DF4,0.5396808816202304,4.707708389790813,1.84631168357986,Apollo,0.0078821
2012 DG4,0.5995996474185369,9.699016314832306,5.6848419595518,Amor,0.338384
2012 DH4,0.5766034613920288,14.46790339469776,2.8963544346621,Apollo,0.0637271
2012 DK4,0.1816809229259805,4.09599694103447,0.842193720262668,Aten,0.0122183
2012 DL4,0.3045748376093364,7.729010499886501,1.39753335846421,Apollo,0.0380913
2012 DM4,0.4597914644674749,12.64792597915717,2.71603791320664,Amor,0.0742646
2012 DO8,0.246963850589727,8.752980500863288,0.923053763082594,Aten,0.125776
2012 DQ8,0.1479828613246236,29.77643471776905,0.940375511923125,Aten,0.109471
2012 DX13,0.7656230626503089,1.347662882346331,3.11342086467115,Apollo,0.0104141
2012 DY13,0.5736122890815842,2.83664611680144,1.76200154225716,Apollo,0.000532037
2012 DZ13,0.3906299585338333,9.308276465829234,1.20863688825954,Apollo,0.0224648
2012 DJ14,0.6672140393960552,14.62578783826196,4.76462176888729,Apollo,0.0153203
2012 DK14,0.455586536481494,19.58262165366072,2.12537094738339,Apollo,0.0604533
2012 DL14,0.2219842851359762,3.995817263406834,1.78129561339414,Amor,0.158277
2012 DM14,0.2773247335490386,15.92135636565254,1.74188707605786,Amor,0.142669
2012 DN14,0.1833765552955398,7.5025635222542,1.48409525848185,Amor,0.0692844
2012 DC28,0.2132174503487483,37.79435364483442,1.76395563398624,Amor,0.160739
2012 DS30,0.09262764945566564,9.544954937904695,1.14359178382494,Apollo,0.0295047
2012 DW30,0.513228769742334,2.912243280073876,3.43120223256201,Amor,0.119091
2012 DE31,0.3728479939969274,29.69159473693877,1.23383880961226,Apollo,0.0438653
2012 DF31,0.4747161777398446,1.573207464118795,1.16602696649965,Apollo,0.0233399
2012 DJ31,0.5914779845933634,0.9311951700877275,2.74630283292909,Apollo,0.0068988
2012 DK31,0.5766489540501006,11.17111295037374,0.577871567603927,Aten,0.0254092
2012 DL31,0.2232859927783454,9.508932835594983,0.936817350042384,Aten,0.112085
2012 DN31,0.5913767070622434,2.798142939402277,3.98040858138272,Amor,0.0358411
2012 DM32,0.1719816257076345,12.88109150823502,1.07932482209695,Apollo,0.013515
2012 DP32,0.5257580113761007,3.243736661507196,2.92431553447842,Apollo,0.0323764
2012 DQ32,0.498195071892522,5.935370329596877,2.95108320353236,Amor,0.050774
2012 DR32,0.4856960152245341,17.19749779099593,0.834870565664248,Aten,0.00548907
2012 DS32,0.3042576216016669,7.538770091460177,1.39366066484144,Apollo,0.00186035
2012 DT32,0.5158351687113713,6.441479688284085,1.56593842367756,Apollo,0.0812321
2012 DW32,0.4808443090198024,3.179292227329853,2.70252347905756,Apollo,0.0115684
2012 DX32,0.4094958669942331,1.447578227526668,2.93985820091545,Amor,0.211264
2012 DY32,0.165971119657873,9.537505970245636,1.12876284012983,Apollo,0.0110592
2012 DZ32,0.4694274797771765,7.385293267951919,3.48996081271864,Amor,0.243676
2012 DA33,0.5041988702417891,6.479190196724531,1.17895725405948,Apollo,0.0361097
2012 DV43,0.2754994827268158,3.042207549213639,1.73536128496428,Amor,0.05731
2012 DW43,0.4404411353130404,6.91151902485052,2.0444473323307,Apollo,0.0212659
2012 DX43,0.4391250102581912,8.552056893797804,2.90523242273218,Amor,0.151292
2012 DY43,0.6417653088350604,10.37780700937125,2.0193415497047,Apollo,0.0349427
2012 DG54,0.7366664329039394,30.76872718667303,3.50438412441311,Apollo,0.240896
2012 DH54,0.1463173976408981,3.300593448737891,0.906824635843008,Aten,0.00869111
2012 DJ54,0.2299147950582652,1.972866890997257,1.27486901884272,Apollo,0.00173522
2012 DT60,0.1123684260491485,7.476792824028155,1.30054284413789,Amor,0.113148
2012 DU60,0.4598244839860618,3.352953628034729,2.41462636188034,Apollo,0.0109941
2012 DW60,0.1679413647198074,4.820029210796952,1.17162768763124,Apollo,0.00192084
2012 DE61,0.4487180105800138,19.27601663018149,3.42057189889907,Amor,0.440179
2012 DH61,0.5081045125281854,23.47950115065589,3.29307582385072,Amor,0.175563
2012 DX75,0.5712897957124908,14.77156011362304,3.63557759974037,Apollo,0.0560593
2012 EA,0.3767921008697335,1.584298860589807,2.02300275223263,Apollo,0.00639928
2012 EB,0.0783159597523832,15.82384776768416,1.11648377572215,Apollo,0.0416361
2012 EC,0.1374846962490151,0.9131629117469133,1.23571363017759,Apollo,0.00239932
2012 EJ1,0.4899313048755636,6.759308940280605,2.46760357401051,Apollo,0.0186087
2012 EK1,0.2751040687967067,44.54124498876465,1.55142244280822,Apollo,0.0371712
2012 EM1,0.4254290451904444,2.128094333296169,2.28695916760175,Apollo,0.00991117
2012 EZ1,0.5959092900273526,0.5022319676739663,2.84110800744318,Apollo,0.00112267
2012 EB2,0.4234260215713457,3.902485095569085,2.3887848585719,Amor,0.0301005
2012 EN3,0.5571398514115662,4.752720250932478,3.43466918709331,Apollo,0.0340278
2012 EO3,0.3564274298430627,29.53347881000273,0.689415429055746,Aten,0.0590191
2012 EP3,0.4032112651876839,6.565382100291255,0.902512621995918,Aten,0.0379317
2012 EQ3,0.8218720213293325,8.426704756382511,1.50536399427064,Apollo,0.0278156
2012 ER3,0.4109214699947517,12.74029670242764,1.86153494454258,Apollo,0.0527377
2012 ES3,0.4259394495499524,9.69557235421028,2.30035312755367,Apollo,0.0497021
2012 EF5,0.2611604335757452,47.82074899202334,1.35298320617341,Apollo,0.0514595
2012 EG5,0.5430828695969189,3.043750599450549,3.14505446800778,Apollo,0.0023204
2012 EH5,0.1273758937716143,15.59831984739389,0.971036224321581,Aten,0.108667
2012 EJ5,0.3160988495885085,0.1859036448038105,1.78620113217612,Apollo,0.0099333
2012 EK5,0.5583971981952862,9.96083478667313,2.46161151839777,Apollo,0.00530919
2012 EL5,0.6710819778488489,7.005603587825962,3.86865550798771,Apollo,0.0714394
2012 EM5,0.6156520185547688,28.76336022395893,2.51714251680821,Apollo,0.0137765
2012 EN5,0.3042607555272702,3.939827481998229,1.04125867219516,Apollo,0.000965028
2012 EO5,0.5045012366408896,6.591993258968548,2.08646306717904,Apollo,0.0261321
2012 EP5,0.2213035115783316,25.85728991997323,1.68195942980707,Amor,0.250622
2012 EJ8,0.7070059396538375,3.539440557609679,1.86579149093592,Apollo,0.0553236
2012 EK8,0.5101117950378213,9.662056198816048,2.92225081021976,Apollo,0.0237031
2012 EL8,0.1491363384134411,4.252483276484469,1.2950391398588,Apollo,0.0178006
2012 EM8,0.2443913029786935,3.909028277742777,1.60577841604069,Amor,0.0377757
2012 EO8,0.5620499634352293,8.59778285664772,2.92285780010885,Apollo,0.00341711
2012 EN10,0.406416869981666,11.12389113222451,1.852858888359,Apollo,0.0177415
2012 EO10,0.5215636466565843,2.233256574080531,3.38139868277369,Amor,0.0807208
2012 EP10,0.1161766048315356,1.032596223932804,1.07671520618327,Apollo,0.00212252
2012 EQ10,0.2907259384648084,12.3155246921932,1.66099758153951,Apollo,0.0241372
2012 ER10,0.5198382021221993,4.435167426221668,2.67800164218912,Apollo,0.0100637
2012 ES10,0.7570174766537462,6.81519785369205,2.5892274621758,Apollo,0.00544228
2012 EZ11,0.205140207658247,19.60536858962276,1.72577004415408,Amor,0.274162
2012 EA12,0.3750507513121047,30.91585070819991,1.96893692460965,Apollo,0.0367303
2012 ER14,0.3632063986326133,6.859356237698258,2.09457869506073,Amor,0.0549179
2012 ES14,0.6529491641130616,24.74947061213231,4.10454418550201,Apollo,0.171526
2012 EV14,0.3962256511636291,31.5368904567243,2.29001706113188,Amor,0.21192
2012 EW14,0.4933646682322765,5.4471622233168,2.87944563920851,Amor,0.0479648
2012 FE,0.4237143892009673,4.812641678311718,2.32166774228041,Apollo,0.0267443
2012 FF,0.2565851691386185,17.58913545951349,1.89454738965362,Amor,0.150661
2012 FG,0.6354124407450014,2.22117832704251,3.01286440084557,Apollo,0.00280199
2012 FJ,0.4430183809760522,39.97814460948153,3.38228527376037,Amor,0.26709
2012 FM,0.486197231507905,3.219610259329168,2.70491773814377,Apollo,0.01774
2012 FN,0.1870689762645295,3.233220287106682,1.34996010913102,Apollo,0.0156125
2012 FB1,0.3281245349449074,14.22567374846127,2.31254199408468,Amor,0.184333
2012 FC1,0.6114744783474283,8.269812039598284,4.86591634853843,Amor,0.125858
2012 FD1,0.4949937183288131,6.065266982047902,2.89309255387366,Amor,0.08522
2012 FQ1,0.6159411739980868,5.17170024176171,4.20481114342695,Apollo,0.00808682
2012 FR1,0.7100316241320784,13.29208559216277,3.21568527905753,Apollo,0.0127339
2012 FD10,0.2019709179875246,33.14093305309802,1.94434163144233,Amor,0.338994
2012 FX13,0.135355972244833,16.26347263139442,1.06671666401459,Apollo,0.0516943
2012 FY13,0.5141834507587112,0.4176376595081651,3.46191456423716,Amor,0.114776
2012 FZ13,0.4444036290253237,11.75852652673329,1.05493152766791,Apollo,0.0667474
2012 FA14,0.2832751583864114,3.28781232581671,1.68177170915083,Apollo,0.0276456
2012 FB14,0.4924859574241531,7.918753020456042,2.93301055961984,Amor,0.0451438
2012 FJ15,0.7034965433672907,1.493424213577924,3.7736159299255,Apollo,0.0215884
2012 FK15,0.0664631591392419,24.3567816910265,0.986919048581611,Aten,0.0487373
2012 FD23,0.5840043492340755,8.925754837320454,3.18784475126419,Apollo,0.0751701
2012 FS23,0.6318250936734496,37.93622256980289,1.32729499838041,Apollo,0.17839
2012 FT23,0.3770439657678647,15.05720267845664,2.04088454330842,Apollo,0.0885817
2012 FU23,0.5902451687205232,5.43898255604622,1.84331371873171,Apollo,0.00663479
2012 FV23,0.366924460239067,1.073681786680397,1.9303017148026,Apollo,0.00486262
2012 FW23,0.1422403757787455,11.34961234818309,1.48994930260534,Amor,0.126361
2012 FX23,0.4766194572954761,11.21858642004814,2.77827575299589,Amor,0.0537069
2012 FY23,0.5786444737958032,17.23118844845572,3.76258617107826,Amor,0.0912852
2012 FL35,0.7519903576587625,19.01937726700021,1.86399006007391,Apollo,0.162103
2012 FM35,0.1183112008430148,2.120717841727495,1.01742132554559,Apollo,0.00776832
2012 FN35,0.2719453715920327,9.332412438419373,1.26267626270907,Apollo,0.00386133
2012 FO35,0.577563146088633,7.139732057636001,2.4276327323282,Apollo,0.0327726
2012 FP35,0.4515217407797176,8.976304804159753,1.59691739496638,Apollo,0.00126811
2012 FQ35,0.2180461138069119,18.05257050182261,1.46612532840906,Apollo,0.0215338
2012 FR35,0.5476680064477977,13.39162561383378,4.0051285615527,Amor,0.14029
2012 FS35,0.1185107686931414,2.338268817497231,1.15244059218319,Apollo,0.00108291
2012 FT35,0.2040167346647168,5.127406713727442,0.761315104501325,Aten,0.000730245
2012 FU35,0.3173790767976605,8.25399806375383,1.75187126847331,Apollo,0.0691046
2012 FV35,0.3588851259382584,5.806582809219113,1.47317267530182,Apollo,0.0250634
2012 FW35,0.5430814297632601,6.331091745461237,2.78792123229903,Apollo,0.011671
2012 FX35,0.0672782676567661,10.82155588956098,1.11483323926978,Apollo,0.00719936
2012 FH38,0.5864079586826024,8.55752484209662,1.92809565530324,Apollo,0.0511468
2012 FZ44,0.554977560941811,12.37661328017252,2.16633467365381,Apollo,0.076169
2012 FM52,0.6117296219788617,22.34719100294264,3.58199746469532,Apollo,0.0666615
2012 FO52,0.4865867104126637,3.738867782383114,2.92791880767765,Amor,0.0779912
2012 FP52,0.1135915444062156,18.67794195155811,1.21706156967506,Apollo,0.0301312
2012 FQ52,0.4880212884314385,2.64154114328919,2.85727754154666,Amor,0.0435762
2012 FR52,0.3980965344160565,3.054397052419462,2.88462318178016,Amor,0.225155
2012 FS52,0.4675604673939891,15.96070447719031,1.60194951993055,Apollo,0.013281
2012 FA57,0.6111609607531912,0.3194239886742913,4.0003137497395,Apollo,0.000314916
2012 FD58,0.3856140651596205,15.5857404114099,1.17588572917688,Apollo,0.150365
2012 FE58,0.4810116139251396,7.808031189303604,3.30541770441136,Amor,0.153435
2012 FG58,0.5472188385073132,13.51681485725652,3.14500572987998,Apollo,0.037361
2012 FH58,0.3020910182501205,7.610691783656813,1.30227494575713,Apollo,0.00912435
2012 FJ58,0.386014616198402,22.8217111264302,1.58637851911643,Apollo,0.0574307
2012 FN62,0.6157409707486279,10.00756905283967,5.90769473226708,Amor,0.261546
2012 FO62,0.5162606492742742,3.98042730267343,2.85874922560551,Apollo,0.01872
2012 FP62,0.1833116335894075,34.05207095520456,1.84712574900491,Amor,0.299934
2012 FQ62,0.7270978245397037,1.097516170126863,3.23230686112096,Apollo,0.0131001
2012 FT62,0.5486583227009804,3.464804983684199,2.52320020378452,Apollo,0.0146687
2012 FU62,0.3634439302810424,17.5846367738438,1.94873731400346,Apollo,0.168702
2012 FA71,0.7135392477449659,3.001647421567516,4.69039703721694,Apollo,0.0169191
2012 FB71,0.7100210078427708,2.769701027669422,4.39124060142697,Apollo,0.017538
2012 FC71,0.08809182060541326,4.940883662782027,0.981608737845414,Aten,0.0551819
2012 GC,0.1914098151712932,17.91300556551331,1.5197442172699,Amor,0.0720364
2012 GD,0.5104526518360752,0.5229729782980618,2.76919540653566,Apollo,0.00047196
2012 GE,0.3723676421816737,3.477631079151264,1.19133346501091,Apollo,0.00567502
2012 GK,0.4683040013141795,3.357466385213643,2.41553624670701,Apollo,0.00237615
2012 GO,0.2085968161823524,4.210877884412704,1.89666081148273,Amor,0.213661
2012 GP1,0.296078716789805,2.823390058973202,1.74232308486589,Amor,0.0213107
2012 GC2,0.3953703112967612,12.68313128224635,1.75832951109681,Apollo,0.0451585
2012 GD2,0.2624871491251684,35.85095790687085,1.67375423517666,Amor,0.0461675
2012 GA5,0.06645204906375295,7.298056938663282,1.22061424981576,Amor,0.0965478
2012 GB5,0.575514876436592,5.155661486929016,3.14104199018718,Apollo,0.0433886
2012 GC5,0.1819566072321991,9.208523325543371,1.55249923587007,Amor,0.0966277
2012 GD5,0.4279082400490022,2.471414251340821,2.74406138360157,Amor,0.103368
2012 GE5,0.6313412081089252,7.348969248739606,4.71665664471068,Amor,0.044552
2012 GS5,0.8547227731263685,17.24561569390205,6.25005244440282,Apollo,0.235378
2012 GT5,0.4803562205654458,4.20246440590386,3.37161545447443,Amor,0.153641
2012 GV11,0.2157249162312218,5.404439775153407,1.06852578673665,Apollo,0.0748787
2012 GW11,0.5686479908524766,10.43796766252584,2.04680428798227,Apollo,0.00784163
2012 GX11,0.4447847519379644,9.315741345861335,3.07020285597796,Amor,0.157005
2012 GY11,0.4455821429492957,4.442141484111125,2.41306692884815,Apollo,0.0165148
2012 GA12,0.7732986401261249,1.81156840723525,3.85611043356724,Apollo,0.0202988
2012 GV17,0.4589533499413003,11.04027789262728,2.10384935293467,Apollo,0.00547879
2012 GB18,0.8060691340420482,7.611448952430488,3.82045639888299,Apollo,0.0849009
2012 HE,0.5384993927196633,7.887178973048954,3.22294820869851,Apollo,0.0124631
2012 HK,0.2875764090433593,17.22427950681179,1.79561710986471,Amor,0.0507386
2012 HL,0.5201652881743645,9.269351378656403,3.03043847447504,Apollo,0.0516147
2012 HM,0.1975733963845021,7.147286477129428,1.27414750628817,Apollo,0.00375485
2012 HN,0.2326949637753701,25.13939532627839,1.0753916135678,Apollo,0.016999
2012 HO,0.2169561018237572,21.4915816485328,1.69581492774856,Amor,0.165747
2012 HQ,0.6763316097805667,6.166145472713632,2.94826202526088,Apollo,0.0160498
2012 HN1,0.1531566703384647,2.406217018873012,1.03891786258324,Apollo,0.0112769
2012 HW1,0.6613934817023049,49.57239713490092,1.09262750861691,Apollo,0.396161
2012 HY1,0.5645324815877388,4.773628305892035,3.27640790908664,Apollo,0.0655388
2012 HA2,0.142993487087764,38.47250698310604,1.10865391007851,Apollo,0.0621651
2012 HB2,0.2600080373796235,1.63707871675145,1.63739847259312,Amor,0.0259745
2012 HE2,0.4365236001057777,14.7443824751805,2.27563205506215,Apollo,0.0236317
2012 HF2,0.3674307352353842,12.42681086759783,1.30154373982067,Apollo,0.0124143
2012 HG2,0.1813037185978786,0.1146634864947363,1.29463015627032,Apollo,1.39122e-05
2012 HN2,0.5218911025150994,28.90450636082117,4.23034650038185,Amor,0.408247
2012 HQ2,0.4075445177726862,2.6705912136222,2.35068386061035,Amor,0.0528743
2012 HR2,0.5504922114528767,3.745815901457314,3.71073976571642,Amor,0.0740694
2012 HG8,0.7278678547922667,25.58015803311963,3.85859641102951,Apollo,0.000908233
2012 HH8,0.74594660571747,33.81662146023544,1.83203743369194,Apollo,0.0530525
2012 HJ8,0.7211126935187401,13.71616937743961,2.6528085360695,Apollo,0.201516
2012 HK8,0.2961115040004466,36.80143333160927,1.76077367152203,Amor,0.0613042
2012 HL8,0.5364641485900766,3.515995980523611,3.84170969469421,Amor,0.121277
2012 HM8,0.6261854490492892,1.813403520626689,5.02188461019295,Amor,0.0815336
2012 HN8,0.3863474601891086,21.85349208408431,2.51292645196916,Amor,0.237305
2012 HO8,0.101852415288551,24.00615843829778,1.23533250147786,Amor,0.0634156
2012 HM13,0.6027716842364949,4.903130070228138,3.19249381728647,Apollo,0.00129423
2012 HN13,0.308214667214413,4.074247406504212,1.67172035294613,Apollo,0.0520877
2012 HO13,0.1621029126744231,38.03990985299266,1.33257412995383,Apollo,0.170569
2012 HP13,0.1761204315527027,23.01699860239921,0.979749649884963,Aten,0.0016422
2012 HO15,0.6451480826043451,26.09615525849636,3.80488838326202,Apollo,0.091511
2012 HP15,0.3484365961462345,29.50972088166989,1.21031255125724,Apollo,0.168758
2012 HS15,0.4951584588002816,8.36828766016498,3.07107117533325,Amor,0.0639378
2012 HC20,0.6458808118886362,18.22363344924754,3.50662866984008,Apollo,0.112292
2012 HD20,0.2716020948120609,4.692329549124455,1.28367997105853,Apollo,0.0436713
2012 HH20,0.2923616779418193,14.4556970631707,1.05148657802051,Apollo,0.0487889
2012 HB25,0.591453648300035,1.517489166683071,3.78713313140055,Apollo,0.00163714
2012 HC25,0.187678494512326,6.389234149424697,1.3296702912538,Apollo,0.0183427
2012 HD25,0.6280990395733148,5.947987973874841,2.77349151527401,Apollo,0.0242359
2012 HE31,0.3935500167927461,0.5242567968264759,1.62984567336676,Apollo,0.00304591
2012 HH31,0.137304630300935,3.291603546100806,1.31069366468767,Amor,0.0697807
2012 HJ31,0.5832557378519178,5.627886559721541,3.72953550727941,Apollo,0.0522353
2012 HK31,0.1207525653137497,2.204953240895395,1.11287867980449,Apollo,0.0146432
2012 HL31,0.3740302419315673,19.80851478863397,0.836365097455001,Aten,0.144347
2012 HZ33,0.2103965382581847,23.87539106976177,1.31034869793245,Apollo,0.000458415
2012 HA34,0.3711893687020384,12.49583311029114,1.63544287353528,Apollo,0.002377
2012 HB34,0.6715314579378244,30.0700622945489,2.74694609921,Apollo,0.175108
2012 HN40,0.6712601669701599,14.38334537658725,4.45191803150194,Apollo,0.0742923
2012 HR69,0.4636206834818117,6.540377066567373,3.44018378627386,Amor,0.206306
2012 JA,0.5624029500681564,2.242331787067092,3.06195046359833,Apollo,0.0096049
2012 JQ,0.5443219141485487,5.846489470650499,3.39591970278257,Amor,0.0436402
2012 JU,0.5817810699645611,7.168139786552467,3.09815449408229,Apollo,0.00347632
2012 JM4,0.3486152189559413,2.903749347831866,2.69126974535948,Amor,0.251521
2012 JN4,0.1389763063943099,20.98580881856641,1.30701027465525,Amor,0.067761
2012 JO4,0.4416938308037705,1.584490084482548,2.4559263063092,Apollo,0.0243383
2012 JP4,0.5771961148446497,15.12526497601304,2.33093077170486,Apollo,0.0249523
2012 JQ4,0.6081682147228765,19.87079324170478,3.80246803455002,Apollo,0.0520552
2012 JR4,0.1392923296149453,15.37497749746714,1.40142817142118,Amor,0.138698
2012 JU4,0.2756277204388936,17.06264792316169,2.40042744180089,Amor,0.36513
2012 JH11,0.342940871256623,6.720267417175723,2.44521101163117,Amor,0.182355
2012 JS11,0.6734231727907063,9.534527946188282,4.7451050545216,Apollo,0.0488816
2012 JU11,0.268521965015188,4.796644260036781,1.81633652599735,Amor,0.0722961
2012 JV11,0.680653486599787,0.6715981292038357,2.81894532529973,Apollo,0.00928307
2012 JW11,0.5095816235747065,2.668727023747069,3.60612935179204,Amor,0.141703
2012 JX11,0.4733267456638463,7.797505007730302,2.76485619444937,Amor,0.0425097
2012 JB16,0.2769413004088984,35.73403123279203,2.28954827684737,Amor,0.243415
2012 KA,0.4172857198017371,19.01987538237382,1.8790653119222,Apollo,0.000152379
2012 KW,0.3506946856201427,13.45294227672126,1.83761482673666,Apollo,0.00445304
2012 KX,0.5673402873812068,3.22972083308919,3.83999756792401,Amor,0.0602714
2012 KO1,0.5061064440811797,5.297458653402788,3.16375881461322,Amor,0.085105
2012 KZ3,0.3866952909122021,7.086733971335812,2.44833250630656,Amor,0.100856
2012 KA4,0.7799690516563997,5.803687883372663,1.15412116662359,Apollo,0.026179
2012 KB4,0.06152130252084533,6.313581175645115,1.14398416564568,Amor,0.070931
2012 KB6,0.3134143460110603,8.080224336198466,1.58868164042685,Apollo,0.0575615
2012 KC6,0.2464218070195379,11.32051165526021,1.38228656490693,Apollo,0.0504258
2012 KD6,0.5256195975407226,12.11848013073065,3.02449103645941,Apollo,0.0192318
2012 KK11,0.3991581215844825,5.137035314049836,2.38694644533476,Amor,0.0590066
2012 KL11,0.4140303058247301,27.76312196440583,3.11858628054972,Amor,0.349629
2012 KM11,0.2682427424681302,8.404602647550607,1.6144263565269,Apollo,0.085759
2012 KN11,0.6554150576910648,5.428911900667036,3.0392916160566,Apollo,0.0203955
2012 KO11,0.1232283124247219,16.36649791163396,1.09564366237274,Apollo,0.0155524
2012 KT12,0.1916331108829011,1.709581733472699,1.3799911551365,Apollo,0.00247708
2012 KU12,0.4887150100428918,8.624727734852389,2.09727391245751,Apollo,0.0403318
2012 KJ18,0.4539949511609863,9.493662928841678,3.21374172372153,Amor,0.171119
2012 KK18,0.5512576174217929,16.26268484922308,4.54711699330349,Amor,0.268742
2012 KM18,0.2990415332836119,6.145233382672,2.21823435901836,Amor,0.183715
2012 KN18,0.6314166890606998,2.178297874467179,4.40733712670212,Apollo,0.0319827
2012 KO18,0.6616053999764882,5.755720890686119,3.2977528920544,Apollo,0.0282241
2012 KP24,0.3702548389567724,18.45657331475986,1.83759739974365,Apollo,0.00158979
2012 KE25,0.7623303557285845,11.39646600437157,2.13684270120274,Apollo,0.176527
2012 KF25,0.04971212128252712,16.93911561571976,0.981552790199716,Aten,0.0175427
2012 KX41,0.6186893130695872,4.444472568639739,3.61898317330242,Apollo,0.0341104
2012 KZ41,0.6045207451956199,1.635111854512408,3.48968121178604,Apollo,0.0100928
2012 KA42,0.2508046116639141,6.164191667413799,1.49405230670034,Apollo,0.014825
2012 KT42,0.5548459916609161,2.192712802615032,2.01923914037605,Apollo,0.00104672
2012 KC45,0.181283063898102,8.656691923096634,1.27766321019636,Apollo,0.00356786
2012 KM45,0.5931477162892002,28.3505516524206,3.40958094805387,Apollo,0.0700228
2012 LA,0.02157402597124029,3.158953426783034,1.06128607476631,Amor,0.0201401
2012 LJ,0.698797325042569,0.6882628461963971,3.54349459200327,Apollo,0.00214894
2012 LT,0.5569051030661466,5.445018774631138,3.50633109659446,Amor,0.00991187
2012 LU,0.3344722721019613,3.120371712480603,1.88956029657022,Amor,0.00962675
2012 LD1,0.1175192433414026,15.23980099273312,1.29622810186871,Amor,0.0824754
2012 LP1,0.3299140261464297,20.00470683869292,1.8555276319234,Apollo,0.0652384
2012 LZ1,0.5893543449763216,26.08751949290657,4.09405242905138,Amor,0.0447129
2012 LJ2,0.5344140531634708,34.33579129799774,2.3926858683888,Apollo,0.150713
2012 LF4,0.2610861750857717,5.823774039640143,1.43265285308284,Apollo,0.0345725
2012 LG4,0.31021375003572,14.16530168814167,1.20292529448733,Apollo,0.0106273
2012 LQ7,0.5292395884008544,10.20764899179104,3.58211154447368,Amor,0.0981817
2012 LT7,0.7603234769739422,42.26195639235637,1.12142169201535,Apollo,0.455744
2012 LU7,0.5506092163768002,8.985214629432543,3.80698499341443,Amor,0.0842243
2012 LW7,0.2182941654484775,8.638259251800438,1.53621902442887,Amor,0.0833712
2012 LL9,0.731288427214163,35.15325979050783,4.4682435490058,Apollo,0.241884
2012 LA11,0.09620821109286448,5.128212971541698,0.979662397415793,Aten,0.00499095
2012 LE11,0.6000094069436519,10.31431498528593,4.66989688148999,Amor,0.155628
2012 LG11,0.3947562539586797,36.94634753086124,2.85700474522717,Amor,0.205531
2012 LH11,0.3044409096484831,29.03664995293684,1.64775057576548,Apollo,0.128203
2012 LJ11,0.564288126857388,25.89014754596256,4.10640402053632,Amor,0.124026
2012 LK11,0.595473028098372,5.170567834659408,3.77579993527809,Apollo,0.004311
2012 LC13,0.4263338066252242,5.435273578674606,3.22879464238956,Amor,0.238271
2012 LD13,0.7183715221472632,4.873666139776108,3.7765222346753,Apollo,0.0695857
2012 MP,0.08757178456620203,14.52684458142574,1.53379806957206,Amor,0.200999
2012 MQ,0.4815159443263778,7.732915330274491,3.06491936009842,Amor,0.0983137
2012 MW1,0.3960275678177044,36.17621795459591,2.15564029971884,Apollo,0.118242
2012 MN2,0.4515273091214261,3.838084994738866,3.29792897370286,Amor,0.215108
2012 MX2,0.4850584419291342,5.304195187938129,0.746039045877763,Aten,0.0211788
2012 MY2,0.203966143598789,0.1841303155151723,1.41496477557669,Apollo,0.002846
2012 MO3,0.4667383288774058,13.42605758032766,0.90863114255914,Aten,0.0873649
2012 MQ3,0.1782260601522093,7.947583756711579,1.59695162028965,Amor,0.116699
2012 MR4,0.6717208346081225,53.14351198951677,2.03149367489137,Apollo,0.453502
2012 MS4,0.7209343700954502,67.68063830479385,3.40745290179563,Apollo,0.0362595
2012 MV4,0.5240423338913744,6.476175383236887,3.1557503656136,Amor,0.0793113
2012 MJ6,0.4899477983018466,9.234980072203655,2.45954085206482,Apollo,0.0247577
2012 MS6,0.5389984912940179,13.48641186171886,4.58173821470489,Amor,0.291306
2012 MZ6,0.7120304762136532,1.357896200435067,3.13305587221472,Apollo,0.0146797
2012 MA7,0.6475557858641651,24.98222052114945,5.49344330188917,Amor,0.102164
2012 MB7,0.2721188977043902,20.03627282491999,1.41621127596507,Apollo,0.0861433
2012 MC7,0.564929126836513,29.3208340003845,3.78548709923047,Amor,0.246534
2012 MD7,0.1088491452100616,3.755755440228538,0.965822055622721,Aten,0.0165504
2012 ME7,0.5461782588850664,11.49173260492282,3.83431310466609,Amor,0.205856
2012 MF7,0.3833914209314089,1.967668166873756,1.79093295399749,Apollo,9.45593e-05
2012 MG7,0.2544826165418668,13.42540004252217,1.94196976029086,Amor,0.192592
2012 NN,0.6274158928374135,4.631099866720802,4.13124314465627,Apollo,0.0291541
2012 NO,0.4249592096738368,43.68661855749448,1.38582278091697,Apollo,0.119816
2012 NQ,0.7574586799526055,11.4813379349881,2.5774778539489,Apollo,0.142916
2012 OO,0.3836526083185124,4.834506603299589,2.21133758864818,Amor,0.0364945
2012 OA1,0.4797848408697323,7.248547948496116,3.102205512582,Amor,0.0887942
2012 OB1,0.4717271349199391,6.824616328511439,3.38909808030552,Amor,0.187772
2012 OE1,0.4119166751828958,6.161485567717809,3.25987536350412,Amor,0.297202
2012 OU1,0.3508921791054877,11.60692295689256,1.59526218952663,Apollo,0.0151798
2012 OU5,0.4004579667159053,8.220039924331491,3.09349215816038,Amor,0.258285
2012 PA,0.7029499186184346,11.2468497218159,1.58238643545418,Apollo,0.146747
2012 PN,0.5897441729433479,1.253251507677915,4.02009358633809,Amor,0.0243159
2012 PX,0.5648597104856192,3.401862589688422,3.41810569860059,Apollo,0.00167985
2012 PS4,0.5927338781023919,3.939869757366826,2.35075934102206,Apollo,0.0461848
2012 PG5,0.5960757360116469,16.59398115022003,5.24131381929559,Amor,0.240119
2012 PH6,0.3491275978819703,22.87625230574504,2.32247542199339,Amor,0.158572
2012 PJ6,0.4247188681586678,6.801246938152167,3.12211273862118,Amor,0.225422
2012 PN6,0.3211361644932606,29.78053609661206,2.19117205878837,Amor,0.144058
2012 PO17,0.4459796232075468,8.434714824255769,3.17251244301241,Amor,0.180723
2012 PP17,0.5358420230087381,5.742115393679902,3.95922552743021,Amor,0.17576
2012 PS17,0.5149212060919024,12.57427640538301,3.93159622682649,Amor,0.233935
2012 PZ17,0.1439972165556378,5.388319078960015,0.843323100727839,Aten,0.00489759
2012 PY19,0.2003869572698416,1.363404381732289,0.815443430948754,Aten,0.00968196
2012 PZ19,0.5405951635652518,2.332244142785694,3.51765909471222,Amor,0.0729759
2012 PA20,0.5829478016116091,6.796315234271728,2.88040766000927,Apollo,0.0173364
2012 PB20,0.08848395586862032,5.92419307424986,1.06428212920371,Apollo,0.00303935
2012 PD20,0.4425863444687968,3.638652801232735,2.52929044918786,Amor,0.0235151
2012 PK24,0.4122494329124583,6.670272799932576,1.52299904205981,Apollo,0.000164928
2012 PP24,0.4600988954869932,4.972220489216527,3.14941846177165,Amor,0.149706
2012 PM28,0.6737545595945938,9.62222388675153,2.43113887106941,Apollo,0.0958416
2012 PO28,0.3855143369625396,3.591694001734657,3.02322512492261,Amor,0.274349
2012 QJ2,0.4435210048736097,28.84686601023822,3.27724973867758,Amor,0.25123
2012 QV2,0.5509582159515684,7.149314973349094,3.32723794416126,Apollo,0.011999
2012 QC8,0.7585787720159514,5.672692995615266,4.73842428765212,Apollo,0.045422
2012 QD8,0.698135566849274,5.581328823132783,2.64423350853681,Apollo,0.00176924
2012 QH8,0.3668698467298264,19.40865602763328,0.880893976833679,Aten,0.225103
2012 QQ10,0.4690097396599404,3.960194457896954,2.69104207214314,Amor,0.0436257
2012 QH14,0.5270080301955191,1.086794659912605,2.63949422741703,Apollo,0.00583319
2012 QJ14,0.5249536402357871,15.9167745195037,3.88594429080483,Amor,0.171646
2012 QK14,0.485074413408759,4.438305368749473,3.93919326445468,Amor,0.280839
2012 QL14,0.5409693970393419,15.32254926357484,0.680375191833401,Aten,0.0724788
2012 QM14,0.3869365314604264,0.918884277504459,1.35114569573521,Apollo,0.0095923
2012 QY14,0.4766684408931237,3.191443250820327,3.70575269409656,Amor,0.255609
2012 QZ16,0.5034402967926548,6.121839817613719,1.90743884317863,Apollo,0.00873087
2012 QP17,0.6319675787934881,14.2387413810626,4.87607750810173,Amor,0.238927
2012 QV17,0.6415108839748497,11.30717700270392,4.69659669784855,Apollo,0.00119413
2012 QW17,0.652396965273792,12.72906692951284,3.80077147788784,Apollo,0.0316055
2012 QX17,0.486358502168584,2.792641829957157,3.38716706878058,Amor,0.146895
2012 QY17,0.2989594246785829,18.6118042355565,1.86219031487402,Amor,0.0503626
2012 QZ17,0.5612017315426696,2.327959940058937,3.96944202206231,Amor,0.0909532
2012 QA18,0.36504132100834,22.63879092865605,2.14676046416444,Amor,0.0710617
2012 QB18,0.5539732230320399,7.524091760624386,2.80891112185326,Apollo,0.0105994
2012 QC18,0.5199788645699642,1.64561306142762,3.32785247191565,Amor,0.0672133
2012 QD18,0.4354774451334051,8.419589090332744,2.34668606920414,Apollo,0.0264958
2012 QF42,0.545787876687068,4.978852502503097,3.53398611025759,Amor,0.0904348
2012 QG42,0.3744933796690587,6.808297253949644,1.03889130411184,Apollo,0.0137441
2012 QJ45,0.3530470763853448,10.12277459617965,2.44743927192126,Amor,0.249835
2012 QK45,0.5233166233088875,2.999300829532488,3.20213892173468,Amor,0.0288626
2012 QG49,0.3698782292045973,4.981228151586252,1.30700905331109,Apollo,0.0685411
2012 QH49,0.5984782574845906,38.26249519878568,4.44704456428786,Amor,0.0968049
2012 QE50,0.4408269537229074,11.90136882723322,2.28175917310941,Apollo,0.0455135
2012 QQ50,0.5046568626754699,9.418461376140773,2.25010589862899,Apollo,0.0791818
2012 QR50,0.1721652426406897,22.92012099875743,1.88579466676685,Amor,0.276685
2012 RO1,0.5144031315106531,26.12328096423793,4.0223650854579,Amor,0.453103
2012 RL2,0.4105922159308013,3.207570504561779,2.31256956607271,Amor,0.0515431
2012 RM2,0.5197098840077019,4.853810095455107,2.93863585406512,Apollo,0.0573143
2012 RB3,0.4901233687708846,45.67182599680859,3.08913087166437,Amor,0.155261
2012 RH3,0.4869759226294086,3.563759741700676,3.45007684489506,Amor,0.157146
2012 RN6,0.6515303245826446,3.239566076333529,2.10680271491833,Apollo,0.0533937
2012 RH10,0.4693218193494917,13.91720863057739,1.22616626969211,Apollo,0.0753898
2012 RJ10,0.6221553733685593,4.376556999285877,3.2016802148149,Apollo,0.00911348
2012 RG15,0.4535934024490644,48.93601140523692,1.11788592105508,Apollo,0.0223256
2012 RH15,0.5727248406122134,3.979922711586603,3.87096610324488,Amor,0.0541106
2012 RJ15,0.1239893491607357,24.7621867623058,1.0130448857613,Apollo,0.0884376
2012 RK15,0.6664672598080871,0.4177817084586369,3.53349342574666,Apollo,0.00426531
2012 RL15,0.2939234509454868,26.50444122350599,0.82066291523589,Aten,0.076736
2012 RM15,0.2495607002210933,8.00599280810171,1.14525794908574,Apollo,0.00954935
2012 RN15,0.2535293955712348,29.23619725779664,1.63558720394452,Amor,0.0460773
2012 RO15,0.3629403068952777,12.45127164694607,2.06544511980824,Amor,0.0653877
2012 RP15,0.5841334149552284,4.364042604154339,4.17774584145048,Amor,0.0927993
2012 RQ16,0.4814469717926205,4.781863482392862,3.60552310901838,Amor,0.226682
2012 RR16,0.2960220352161843,3.858378910350715,1.62123954997371,Apollo,0.00161996
2012 RT16,0.2952512989328856,10.40039754225503,0.902794483689704,Aten,0.0115085
2012 RU16,0.6126858072396769,0.4044366618490227,3.92122326724789,Apollo,0.00310489
2012 RV16,0.6710136006451772,20.21722185710788,4.60664002566929,Apollo,0.132649
2012 RW16,0.5688750325161314,5.605749573454851,3.82855784350432,Amor,0.0506395
2012 RX16,0.382151252452118,2.522045642824659,2.70028760613708,Amor,0.205057
2012 RO48,0.5081857119757989,7.577300156579098,3.60206981551913,Amor,0.188608
2012 SW2,0.6782684455183078,3.274905282603698,3.63059479894843,Apollo,0.00546547
2012 SX2,0.5011100794408845,7.329018148109016,2.88256386802379,Apollo,0.029068
2012 SY2,0.5216384198454107,10.58492144726864,4.10931791571996,Amor,0.227782
2012 SZ2,0.2795414754668555,17.11758993878844,1.48564953335942,Apollo,0.0160681
2012 SA3,0.6464720763671022,9.296154860261257,2.77089824479534,Apollo,0.0309474
2012 SB3,0.365214302031249,2.694409768326518,1.79490430964489,Apollo,0.00343312
2012 SK8,0.226417783815658,23.47285768575874,1.55207167933692,Amor,0.127924
2012 SL8,0.452444307832447,17.54767162210428,1.45243081064603,Apollo,0.175569
2012 SM8,0.3398891123187596,4.703587564312516,1.91461892220147,Amor,0.031984
2012 ST9,0.6628108670334483,7.692172491776841,2.74452883290306,Apollo,0.0658334
2012 SU9,0.3599905683924894,0.4937974162265977,0.896446626097895,Aten,0.00399751
2012 SV9,0.6306773677707445,4.772863251748959,2.82572816767785,Apollo,0.0133012
2012 SV20,0.4046975282697058,12.09187451199137,2.708363953821,Amor,0.225435
2012 SX20,0.3472595177826586,9.755171948143431,2.29860049144143,Amor,0.159429
2012 SY20,0.3593246607346589,15.23225842473549,2.48829596025782,Amor,0.184878
2012 SG32,0.2642766468435109,18.621654651475,1.48331352968707,Apollo,0.117964
2012 SH32,0.4040387945625874,16.48747378525064,2.66507823674666,Amor,0.142297
2012 SJ32,0.3678849974581801,2.097094003146145,1.7902309743021,Apollo,0.00939735
2012 SW49,0.5263029143380384,22.76063995572863,4.01006777127065,Amor,0.260532
2012 SX49,0.1160434556387145,3.947061400609232,0.927640600225829,Aten,0.0201214
2012 SY49,0.5569052697547507,1.193523697589235,1.88740389867584,Apollo,9.86299e-05
2012 SZ49,0.3337249851795414,5.812191203508965,1.975847065905,Amor,0.0773403
2012 SK50,0.1886667353300309,8.818668175158287,1.48095907760862,Amor,0.0566879
2012 SL50,0.4646410613166381,9.535959361776278,2.01243499319407,Apollo,0.0015981
2012 SM50,0.1345664510450033,16.40488625340608,1.32135039446979,Amor,0.106494
2012 SR56,0.3600320279911123,2.305014634147187,1.47595971003797,Apollo,0.00336695
2012 SS56,0.4463451100387339,45.85269537513612,2.58957956832579,Amor,0.0542197
2012 SF58,0.5951731881548991,8.338369178894519,3.14464659044388,Apollo,0.0142762
2012 SG58,0.7092855645636663,6.448900556299114,4.79830530935046,Apollo,0.0025118
2012 SH58,0.4589757928757963,0.3391844666854333,2.62519049913119,Amor,0.0268176
2012 SJ58,0.3470636149462513,10.07099028469821,1.35162161945521,Apollo,0.0150066
2012 SA59,0.5184492395116959,9.512127312219405,4.41071334985719,Amor,0.356118
2012 TV,0.5718581938361311,5.542170627002116,1.84358641562559,Apollo,0.00170761
2012 TC4,0.4037625551321508,0.5342551354434516,2.06281880841185,Apollo,0.000100202
2012 TQ5,0.3608301752637049,13.55162228061814,2.04431698094257,Amor,0.0317365
2012 TR5,0.3864357760970292,13.11205734089013,1.98452681722167,Apollo,0.0566413
2012 TS5,0.2289544316731311,19.98304334139996,1.68161640282947,Amor,0.103714
2012 TT5,0.6539470932635613,15.22813881837834,2.99227020414689,Apollo,0.0540723
2012 TL20,0.3292460454490158,7.721082827072154,2.05024165639265,Amor,0.104218
2012 TM20,0.4914118891997644,6.484057623650833,3.16411829646811,Amor,0.136284
2012 TN20,0.3859417769958631,11.61677981032732,1.2861354871028,Apollo,0.138523
2012 TO20,0.5115495081621082,3.744000044416511,4.04048500568981,Amor,0.245533
2012 TP20,0.3263657757731067,0.6576051631140193,1.63349806799561,Apollo,0.00375278
2012 TQ20,0.5145005163382881,0.8186752054606375,2.85961719838466,Apollo,0.00965339
2012 TR20,0.5735896684523165,14.34838591697871,3.8116595943239,Amor,0.0469239
2012 TC43,0.7028486009398115,9.400542562108013,7.29841687795386,Amor,0.18863
2012 TX52,0.2456797565287484,5.774384410619636,2.19151876463722,Amor,0.281125
2012 TY52,0.5531981012798471,9.631223851930915,2.14554648081466,Apollo,0.000309087
2012 TZ52,0.3218474390809617,18.13757500638235,2.10425922639369,Amor,0.133797
2012 TB53,0.1604278216106984,14.56231592245558,1.40358891880187,Amor,0.16505
2012 TD53,0.5068962786761734,9.156037034909644,3.88510272079144,Amor,0.223103
2012 TE53,0.5865944837391636,3.925516195152556,3.53189536119679,Apollo,0.00349844
2012 TF53,0.3688438651848659,6.129614388731356,1.70285188623331,Apollo,0.0457697
2012 TG53,0.5633708736787751,2.67697625512609,3.22282839930552,Apollo,0.0050277
2012 TH53,0.4649946127723796,7.640488901105278,2.51082096620151,Apollo,0.033529
2012 TJ53,0.5761019320745623,1.676178752918872,2.74303995515682,Apollo,0.0064653
2012 TT78,0.4179834877021602,7.727901956041078,2.75887554916456,Amor,0.199396
2012 TW78,0.4521245611082374,11.06607571133791,3.58718089622885,Amor,0.300088
2012 TX78,0.4486031464276741,8.498364831916282,3.20041809785417,Amor,0.213127
2012 TD79,0.5965615828975627,8.127095463963547,2.7943854636554,Apollo,0.0183718
2012 TE79,0.4480193422054222,3.280183119154446,2.06809425188136,Apollo,0.0122924
2012 TF79,0.03817616373164254,1.00602820785699,1.07575314568777,Apollo,0.0314455
2012 TG79,0.5764426542723056,1.059031194168906,3.83710372144849,Amor,0.0397794
2012 TH79,0.6174242363419721,7.729741287901443,3.72854909462083,Apollo,0.0759785
2012 TJ79,0.3270680088519722,12.14186067244369,1.86492487466898,Amor,0.116386
2012 TK79,0.5653297504403901,10.59066513956783,4.17402634437348,Amor,0.139201
2012 TL79,0.3969035411362989,8.505763083875985,2.41958884609822,Amor,0.111242
2012 TM79,0.5529518493799418,1.399220028637634,3.15452897138926,Apollo,0.000339242
2012 TY79,0.4149503378770903,19.52743637510973,3.29477706652136,Amor,0.390804
2012 TZ79,0.3135964324646167,10.77001606861502,1.6887817734939,Apollo,0.118143
2012 TK123,0.6869215215665181,27.95293689205067,2.44493568931155,Apollo,0.0815337
2012 TN139,0.5123139490388463,2.804632996863113,3.6540117772092,Amor,0.164661
2012 TO139,0.8878385926563293,5.345027272101395,3.81421702299037,Apollo,0.000488806
2012 TP139,0.4646598723640981,2.342464244186109,1.77786672566362,Apollo,0.0381146
2012 TQ139,0.3721369898831676,6.035083891383572,2.42557899905167,Amor,0.155966
2012 TR139,0.3880752517430814,52.52078567649821,2.74527965703168,Amor,0.2039
2012 TT145,0.4580401795706409,7.702148390942407,3.1274400275419,Amor,0.161752
2012 TD146,0.4879957127491503,9.23298131609752,3.33662469802912,Amor,0.17144
2012 TE146,0.3102195906739532,3.688764054329538,1.85263227281775,Amor,0.0621499
2012 TF146,0.5005373804315997,4.323861356498895,3.11546302001293,Amor,0.0744056
2012 TG146,0.5626611621792554,2.967700646043861,4.56813131134324,Amor,0.209521
2012 TH146,0.506791997602322,3.663008022266648,3.98047407068466,Amor,0.245596
2012 TJ146,0.6446691864121731,5.168387800977182,4.38720580404287,Apollo,0.0420249
2012 TQ146,0.4240512081951973,4.973820620162548,1.90974155944857,Apollo,0.00443027
2012 TR146,0.2576882939118713,1.234125879486181,1.96619434985131,Amor,0.172277
2012 TA219,0.5633549933021069,25.05214906378707,4.28453059001099,Amor,0.443645
2012 TO231,0.6178774353525461,37.01231021926238,4.83357237007791,Amor,0.20906
2012 TP231,0.2540083881667677,6.754498077463515,1.18504455572764,Apollo,0.00491466
2012 TQ231,0.464748752648114,3.358504516433778,1.30701974028623,Apollo,0.0038013
2012 TR231,0.2911112123133255,33.43613120874693,0.768341772691106,Aten,0.0736084
2012 TS231,0.6037191508880683,5.421881167084578,3.84351680150128,Apollo,0.0737317
2012 TT231,0.6474661180081979,7.06676108099732,2.73716191557711,Apollo,0.0165876
2012 TU231,0.4533555724307705,9.611459240932172,2.30334677413429,Apollo,0.00259082
2012 TV231,0.4452704565597645,9.618228344516485,3.37833755806972,Amor,0.25393
2012 TQ256,0.361040820335348,1.672602398268633,2.78314921229719,Amor,0.273884
2012 TT256,0.7275856341745318,11.10319744292819,4.35683393958725,Apollo,0.166668
2012 TA259,0.7396273339755426,10.30169084028049,2.58448731611811,Apollo,0.170771
2012 TB259,0.5762518278721829,7.209133125710665,2.63332263976245,Apollo,0.0781727
2012 TP274,0.5675106303882165,22.70297686784491,3.83548400219648,Amor,0.0986243
2012 TX284,0.2937166699304214,18.12668186937609,2.27053683644171,Amor,0.31281
2012 UC,0.3268471585575536,8.33423273197023,0.896749036590585,Aten,0.0185433
2012 UD,0.4170303807696253,8.716642975936127,2.42463213360297,Amor,0.0594625
2012 UE,0.574287550163037,1.154419745478964,2.62458380706346,Apollo,0.000484782
2012 UF,0.3994980801267461,6.663034261491111,2.15952634694266,Apollo,0.0169184
2012 UG,0.5504798881770395,4.337641114419115,3.44978243169777,Amor,0.0275815
2012 UH,0.5356675214724835,7.500547668857198,3.38943657441136,Amor,0.0498558
2012 UJ,0.2286345722466793,28.32020153126766,1.52179368474911,Amor,0.0657812
2012 UK,0.3512892888183684,9.799886533205482,1.88593582387945,Apollo,0.0976738
2012 UL,0.4341285681008031,0.9348917179133527,2.40746734130858,Apollo,0.0186297
2012 US9,0.2468718679953443,8.276407309008038,1.14259029141325,Apollo,0.133359
2012 UT9,0.2402389027595177,26.31278852716635,1.51266238961403,Apollo,0.0162466
2012 UU9,0.3880655362024332,2.647084746188667,1.93350409199799,Apollo,0.02282
2012 UV9,0.4966892900852609,4.959008011919255,2.59625607888665,Apollo,0.0284944
2012 UW9,0.5011903434421876,6.635981801757554,2.45441265879094,Apollo,0.0199621
2012 UX9,0.5971513638244879,10.0581555876925,3.95355031919356,Apollo,0.0263997
2012 UY9,0.4080479691290592,2.774730620761177,1.85451532940003,Apollo,0.00750671
2012 UQ18,0.4084912665466285,11.94635451416746,2.44120269060157,Amor,0.0982357
2012 UR18,0.3503969655426502,7.521661872083105,1.59723557430106,Apollo,0.0287827
2012 US18,0.3555635265239968,3.548607180950301,1.30698096142102,Apollo,0.00450009
2012 UT18,0.5983806485033979,7.198699722391428,3.60030503302526,Apollo,0.0603769
2012 UX27,0.617385415934111,4.395725419581761,4.36705437670512,Amor,0.0722538
2012 UZ33,0.58040113166257,3.35604736000217,3.32678622462975,Apollo,0.00599377
2012 UB34,0.5571408103440205,15.15176037670281,4.25692436695441,Amor,0.269408
2012 UC34,0.3128476405565218,5.579760681048261,1.51304757777572,Apollo,0.0439501
2012 UD34,0.3566243951808877,5.344148078477292,2.80969895432701,Amor,0.283628
2012 UE34,0.09932356884659926,9.657793400693343,1.16234856372382,Apollo,0.00231318
2012 UF34,0.6568895616169336,4.694918199754334,4.77957762982187,Apollo,0.0140312
2012 US68,0.9580024246149212,25.74497724242421,3.95688624161077,Apollo,0.171241
2012 UU68,0.2286470753841335,5.453038531531941,0.912717039627017,Aten,0.00528509
2012 UW68,0.1554856726898979,2.471527978740408,1.21119981131376,Apollo,0.0238656
2012 UX68,0.2815189237191819,4.044914282285959,1.13580016911493,Apollo,0.00636129
2012 UY68,0.2281684081314268,2.89910839866842,1.27337551413256,Apollo,0.0170513
2012 UZ68,0.5003251244228805,4.892742705120932,2.70386368092792,Apollo,0.0161064
2012 UB69,0.4901680959114203,29.14182254371986,3.07581661355925,Amor,0.110185
2012 UC69,0.5513352480762677,5.820534404792495,3.15950022890295,Apollo,0.0278472
2012 UT136,0.6714422924228406,7.705790198821418,2.53619741456783,Apollo,0.102952
2012 UU136,0.2119348911562974,35.58845268927763,1.24967487814521,Apollo,0.0368055
2012 UW136,0.170917913907985,14.42097051108649,1.02968252123558,Apollo,0.141766
2012 UX136,0.1830150080374449,4.537648167952552,1.13653654944028,Apollo,0.00661384
2012 UY136,0.4163332715453368,4.941492128279332,2.27651320854018,Apollo,0.0152316
2012 UO138,0.6679530548530762,54.57105403433067,2.86359585933969,Apollo,0.270964
2012 UQ138,0.435575256126799,4.315751369937875,3.36893637741203,Amor,0.287766
2012 UR138,0.5434691804573465,7.775343245403064,2.7604037672194,Apollo,0.00240982
2012 UN158,0.5551910214445156,11.3324286164695,4.24868125031179,Amor,0.165661
2012 UR158,0.8577943985186804,3.191724448098611,3.33440555794816,Apollo,0.00120817
2012 UU158,0.3738323422061354,5.973756952834552,1.15281753429803,Apollo,0.000220668
2012 UV158,0.3305002043769378,21.56390877037411,1.88125180788863,Amor,0.03831
2012 UW158,0.6863641943765734,35.56243177071383,3.33677284645995,Apollo,0.0267453
2012 US169,0.4871726737601257,4.173428330985724,3.63506396892591,Amor,0.202001
2012 UT169,0.4539830201992067,6.333314453703156,3.2199934733703,Amor,0.178954
2012 UU169,0.6253758593819663,5.834353293845765,3.88390103298772,Apollo,0.00433897
2012 UK171,0.2230129270257223,1.28836056216296,0.795702704382276,Aten,0.0132937
2012 UL171,0.1433953699096083,3.172864567443817,1.09384106486717,Apollo,0.0133891
2012 UA174,0.5047193770442083,10.1473700085521,3.48456192871363,Amor,0.147251
2012 UB174,0.3309493466022012,17.62945041872857,1.50901634091792,Apollo,0.0155896
2012 VY4,0.6016839918044462,11.03721693787077,4.78736464406209,Amor,0.162326
2012 VZ4,0.4058990273569335,31.43180807898936,2.33289349072753,Amor,0.194095
2012 VA5,0.608369725495707,5.809680076222687,4.20006510901689,Amor,0.0613968
2012 VB5,0.6512511977307823,5.734259946511229,3.01839899655638,Apollo,0.0119252
2012 VC5,0.617576606854715,9.114794179309717,4.77862352789551,Amor,0.0963497
2012 VD5,0.5626072736704203,2.372276896534261,2.84739320653366,Apollo,0.00329169
2012 VF5,0.3953732413675078,21.17806205586525,2.8134581211693,Amor,0.211656
2012 VG5,0.3453017863126091,16.02104213845741,2.01053772374321,Amor,0.0532442
2012 VH5,0.2454295671210079,9.338563971430597,1.09862161615718,Apollo,0.15947
2012 VJ5,0.2621220831704983,12.94568684380875,1.68110796235631,Amor,0.0527686
2012 VK5,0.2280433625775452,4.781707051884089,0.908866874520845,Aten,0.0480744
2012 VL5,0.4468942149759502,0.7302416653738483,2.44989353261972,Apollo,0.0122119
2012 VC6,0.5031237917329339,3.461953089886773,2.96272550762485,Amor,0.0676823
2012 VD6,0.2551549660930819,10.23969421102165,1.55802779466687,Apollo,0.0593921
2012 VE6,0.2155562374916211,16.23355037649699,1.97485724908539,Amor,0.244507
2012 VF6,0.6119253832064988,60.93333338062074,5.95030561028538,Amor,0.378028
2012 VG6,0.5355450292236217,7.146468614441669,3.71955830731444,Amor,0.184063
2012 VH6,0.4772556173487799,7.924716995306082,3.35622014381195,Amor,0.200623
2012 VJ6,0.6755448306163042,7.27582703920351,4.26053046579777,Apollo,0.058407
2012 VK6,0.7054449427436342,1.839895545493723,3.49524326583902,Apollo,0.0271004
2012 VL6,0.5655637994399039,8.727011939623472,3.5870425290108,Amor,0.0354298
2012 VM6,0.1661215060030279,5.115518508491244,1.19776079758676,Apollo,0.0364832
2012 VN6,0.460589643638329,21.02988422110315,1.0654357033769,Apollo,0.215493
2012 VO6,0.5357306859844925,3.569820751901444,2.75641426659821,Apollo,0.0263195
2012 VP6,0.1412749689746611,8.433808319522042,1.44296535818466,Amor,0.114749
2012 VQ6,0.4956357639633069,0.8398210936763031,1.85270727603611,Apollo,0.004137
2012 VS6,0.3591305187953158,31.1135458353635,1.4525729009073,Apollo,0.090195
2012 VT6,0.2984185225326688,10.70064776723544,1.55482206885342,Apollo,0.081127
2012 VN7,0.4349451693142074,3.917866276439738,3.40939160753814,Amor,0.286264
2012 VO7,0.4604920878888931,5.757370962675789,2.95598008578127,Amor,0.152903
2012 VZ19,0.2541282831554883,1.246514521210357,0.973769714578025,Aten,0.0110988
2012 VA20,0.5545344114771291,4.396470976631907,2.1846698734224,Apollo,0.0180914
2012 VB20,0.6006894237197756,1.958138910388538,3.1942851535504,Apollo,0.00699421
2012 VA26,0.4343627787709418,9.91795917012027,2.0443613977019,Apollo,0.0133303
2012 VB26,0.5637732378805165,4.066807767064225,2.51345806121351,Apollo,0.0203368
2012 VC26,0.1953132612957423,1.481202890386706,0.924826300250541,Aten,0.00292569
2012 VD26,0.4713340306028441,6.933940545594132,2.7168746667666,Amor,0.0379128
2012 VE26,0.6333070017565962,3.577480346070421,1.99979583962239,Apollo,0.00115831
2012 VF26,0.5498429062490435,3.736458972200454,3.88309445116141,Amor,0.121649
2012 VG26,0.5464099245975502,19.63367306279412,3.92957457969144,Amor,0.18016
2012 VZ36,0.565617535388266,21.21394716641655,4.64728298682364,Amor,0.208586
2012 VB37,0.3126215654458403,1.907098897972361,1.74560103959066,Apollo,0.0125017
2012 VC37,0.6391803056974674,3.933656762277967,4.62940437240295,Apollo,0.034038
2012 VD37,0.1651283794127535,21.46041597087477,1.45807266484242,Amor,0.102998
2012 VE37,0.5367588778348161,17.46539482741395,1.06096400208653,Apollo,0.15077
2012 VF37,0.6515377648116654,4.898084202787196,3.86718161960472,Apollo,0.0162094
2012 VJ38,0.2861823151958823,0.3858593706394359,1.58390731945553,Apollo,7.61351e-05
2012 VE46,0.3612327680951801,6.669134777796773,0.602127295199972,Atira,0.0328337
2012 VF46,0.520646516605033,11.20332106396225,2.79434151897445,Apollo,0.0367699
2012 VG46,0.3278408514207988,27.7204605156257,1.92749238843848,Amor,0.0507357
2012 VH46,0.4676516197778354,7.9663400149912,2.70881164524608,Amor,0.0600504
2012 VJ46,0.5782207472926023,0.3823099046845101,3.87747970994494,Amor,0.0569593
2012 VK76,0.2641920408162483,20.49321290209469,1.17030154753574,Apollo,0.104553
2012 VM76,0.5870007538467815,15.87760241510993,4.4130963429175,Amor,0.179365
2012 VN76,0.4815685930581256,1.484016839172508,2.63629384123888,Apollo,0.0109126
2012 VP76,0.4398610279382317,5.89120067590339,2.64296043878411,Amor,0.0839078
2012 VQ76,0.5284806741739779,21.39859853107403,4.2615568165797,Amor,0.250427
2012 VR76,0.1292906413401114,5.014073686821887,1.12841277174798,Apollo,0.0115751
2012 VS76,0.3861425683628378,0.806621930665842,0.986524051211672,Aten,0.00188969
2012 VT76,0.5754441920047648,2.224133073081144,3.07678166734983,Apollo,0.00394839
2012 VU76,0.1284824627896527,6.756280058764788,1.02800366663732,Apollo,0.00466751
2012 VV76,0.6645758031799781,1.05518349283382,4.07913334549538,Apollo,0.000816044
2012 VD77,0.6185315596615582,2.314326773028086,4.08981227857823,Apollo,0.018618
2012 VE77,0.5546036320052222,8.100316982255801,2.0990352067553,Apollo,0.00104284
2012 VF77,0.6109367159882261,2.33894843076134,3.85701367606295,Apollo,0.0115495
2012 VG77,0.5098790031841589,29.56799177636737,2.16706763213102,Apollo,0.0602168
2012 VH77,0.4780308698768727,2.755989060754179,2.1506268842692,Apollo,0.000177428
2012 VJ77,0.3464922072814489,29.93805259661751,0.843551209197327,Aten,0.0610647
2012 VK77,0.51458064495258,2.129405264776349,3.2494125897973,Amor,0.0791709
2012 VC82,0.5809691751311646,10.81019069259299,3.67193669083485,Apollo,0.0315491
2012 VK82,0.3174236460349988,32.24276605379407,2.04008542155896,Amor,0.208922
2012 VM82,0.4609037561561268,32.01917831493352,3.40900907458111,Amor,0.247856
2012 WE,0.6644671790266753,31.06295939265857,1.83050807826751,Apollo,0.0274247
2012 WF,0.19905662588375,14.04832623913996,1.18756252760963,Apollo,0.00752011
