spkid,data_arc,condition_code
20000433,46582,0
20000719,41810,0
20000887,39281,0
20001036,37053,0
20001221,33947,0
20001566,27807,0
20001580,26710,0
20001620,27232,0
20001627,34962,0
20001685,28382,0
20001862,34796,0
20001863,28517,0
20001864,20100,0
20001865,19746,0
20001866,26001,0
20001915,24702,0
20001916,26457,0
20001917,26257,0
20001943,19383,0
20001980,27681,0
20001981,19295,0
20002059,22440,0
20002061,23892,0
20002062,23339,0
20002063,17584,0
20002100,18358,0
20002101,32656,0
20002102,18356,0
20002135,15749,1
20002201,34275,0
20002202,19190,0
20002212,17356,0
20002329,18174,0
20002340,16477,0
20002368,17744,0
20002608,16284,1
20003102,16182,0
20003103,16145,0
20003122,17188,0
20003199,15656,0
20003200,15468,0
20003271,15854,0
20003288,15707,0
20003352,16240,0
20003360,16137,0
20003361,15915,0
20003362,7394,1
20003551,15268,0
20003552,15547,0
20003553,14686,0
20003554,12044,0
20003671,15278,0
20003691,18500,0
20003752,18145,0
20003753,19009,0
20003757,15208,0
20003838,14334,0
20003908,16395,0
20003988,14534,0
20004015,27524,0
20004034,14206,0
20004055,15030,0
20004179,33641,0
20004183,24386,0
20004197,25868,0
20004257,14105,0
20004341,13943,0
20004401,13625,0
20004450,32459,0
20004486,14311,0
20004487,13752,0
20004503,16486,0
20004544,13474,0
20004581,11706,0
20004596,16282,0
20004660,15434,0
20004688,14739,0
20004769,13391,0
20004947,17569,0
20004953,18686,0
20004954,18562,0
20004957,18271,0
20005011,23834,0
20005131,13219,0
20005143,26330,0
20005189,12870,0
20005324,13671,0
20005332,18899,0
20005370,14437,0
20005381,12493,0
20005496,19252,0
20005587,26347,0
20005590,2218,2
20005604,14963,0
20005620,25779,0
20005626,20154,0
20005645,18307,0
20005646,13094,0
20005653,18857,0
20005660,18360,0
20005693,15425,0
20005731,13554,0
20005751,13534,0
20005786,12485,0
20005797,15950,0
20005828,12853,0
20005836,16387,0
20005863,15576,0
20005869,16826,0
20005879,12195,0
20006037,13260,0
20006047,13449,0
20006050,26695,0
20006053,17865,0
20006063,23683,0
20006178,17602,0
20006239,15707,0
20006455,13060,0
20006456,16955,0
20006489,8968,0
20006491,11898,0
20006569,15430,0
20006611,15596,0
20007025,10919,0
20007088,16431,0
20007092,16492,0
20007236,13249,0
20007335,13444,0
20007336,15430,0
20007341,11636,0
20007350,22185,0
20007358,24214,0
20007474,12732,0
20007480,15764,0
20007482,18595,0
20007753,13289,0
20007822,11845,0
20007839,10752,0
20007888,12427,0
20007889,17560,0
20007977,25942,0
20008013,27168,0
20008014,13005,0
20008034,12327,0
20008035,12208,0
20008037,17007,0
20008176,12475,0
20008201,16137,0
20008507,12820,0
20008566,15282,0
20008567,25599,0
20008709,12968,0
20009058,12273,0
20009162,13862,0
20009172,13364,0
20009202,11713,0
20009400,12430,0
20009856,12747,0
20009950,12915,0
20010115,26031,0
20010145,11729,0
20010150,11505,0
20010165,12767,0
20010302,13393,0
20010563,11187,0
20010636,25608,0
20010860,10807,0
20011054,31957,0
20011066,18013,0
20011284,27208,0
20011311,11785,0
20011398,15796,0
20011405,16953,0
20011500,13157,0
20011885,12032,0
20012538,13981,0
20012711,12865,0
20012923,25904,0
20013553,17006,0
20013651,16820,0
20014402,12641,0
20014827,14112,0
20015745,15849,0
20015817,11536,0
20016064,10726,0
20016636,11814,0
20016657,11538,0
20016816,10279,0
20016834,13630,0
20016912,12256,0
20016960,15443,0
20017181,25212,0
20017182,17771,0
20017188,12998,0
20017274,25691,0
20017511,12119,0
20018106,16923,0
20018109,26852,0
20018172,17094,0
20018736,26234,0
20018882,26330,0
20019356,11893,0
20019764,12990,0
20020086,10789,0
20020236,10162,0
20020255,9044,0
20020425,2448,1
20020429,9892,0
20020460,25949,0
20020790,11747,0
20020826,26374,0
20021088,13212,0
20021277,12548,0
20021374,18416,0
20022099,11016,0
20022753,25672,0
20022771,9843,0
20023183,11622,0
20023187,13027,0
20023548,11207,0
20023606,14820,0
20023714,10261,0
20024443,11315,0
20024445,12502,0
20024475,9286,0
20024761,11481,0
20025143,9588,0
20025330,16939,0
20025916,10004,0
20026166,26360,0
20026310,26451,0
20026379,8407,0
20026663,18817,0
20026760,10857,0
20026817,12226,0
20027002,9663,0
20027031,26813,0
20027346,17380,0
20029075,27458,0
20030825,12899,0
20030997,10648,0
20031210,25409,0
20031221,9950,0
20031345,16970,0
20031346,10040,0
20031662,8765,0
20031669,10658,0
20032906,14569,0
20033342,9571,0
20034613,33622,0
20035107,12566,0
20035396,13144,0
20035432,8861,0
20035670,1238,0
20036017,9451,0
20036183,9951,0
20036236,16868,0
20036284,9219,0
20037336,17771,0
20037638,10788,0
20037655,10923,0
20038071,8690,0
20038086,12384,0
20038091,16581,0
20038239,9339,0
20039557,12384,0
20039565,27140,0
20039572,11718,0
20039796,14196,0
20040263,13786,0
20040267,25619,0
20040329,9771,0
20041429,10197,0
20041440,9686,0
20042286,17921,0
20048603,13641,0
20052340,16817,0
20052381,11843,0
20052387,11930,0
20052689,9826,0
20052750,11643,0
20052760,9768,0
20052761,9773,0
20052762,26356,0
20052768,14014,0
20053110,9759,0
20053319,9853,0
20053409,7620,0
20053426,8871,0
20053429,9524,0
20053430,8861,0
20053435,18817,0
20053550,12130,0
20053789,25266,0
20054071,13697,0
20054401,13280,0
20054509,1826,0
20054660,9093,0
20054686,13364,0
20054690,26770,0
20054789,17221,0
20055408,16722,0
20055532,26387,0
20065674,13661,0
20065679,25910,0
20065690,12418,0
20065706,12021,0
20065717,12224,0
20065733,11984,0
20065803,896,0
20065909,9149,0
20065996,11113,0
20066008,10714,0
20066063,9064,0
20066146,15321,0
20066251,14722,0
20066253,8854,0
20066272,9546,0
20066391,9911,0
20066400,13942,0
20066407,15562,0
20066959,8890,0
20067367,17602,0
20067381,9287,0
20067399,26793,0
20068031,11597,0
20068063,13318,0
20068216,8878,0
20068267,9085,0
20068278,10565,0
20068346,16882,0
20068347,7444,0
20068348,25951,0
20068350,25984,0
20068359,11099,0
20068372,8559,0
20068548,11630,0
20068950,24191,0
20069230,32025,0
20085182,12373,0
20085184,17503,0
20085236,11938,0
20085275,11572,0
20085490,16055,0
20085585,2039,0
20085628,10179,0
20085640,7584,0
20085709,9907,0
20085713,9520,0
20085770,12791,0
20085774,12846,0
20085804,13280,0
20085818,11841,0
20085839,11885,0
20085867,11097,0
20085938,9259,0
20085953,20084,0
20085989,12805,0
20085990,9026,0
20086039,9788,0
20086067,13141,0
20086324,9270,0
20086326,16535,0
20086450,9560,0
20086666,9223,0
20086667,13186,0
20086819,11324,0
20086829,18665,0
20086878,15386,0
20087024,17201,0
20087025,9297,0
20087309,18320,0
20087311,15854,0
20087684,17573,0
20088188,12423,0
20088213,9207,0
20088254,16796,0
20088263,9888,0
20088264,9986,0
20088710,26004,0
20088959,7342,0
20089136,8874,0
20089355,17449,0
20089830,16016,0
20089958,9405,0
20089959,26202,0
20090075,25657,0
20090147,13190,0
20090367,15319,0
20090373,9929,0
20090403,13280,0
20090416,11900,0
20096189,14227,0
20096315,10605,0
20096536,17963,0
20096590,12365,0
20096631,14005,0
20096744,9727,0
20097725,9299,0
20098943,15801,0
20099248,12705,0
20099799,13582,0
20099907,13198,0
20099935,25980,0
20099942,6599,0
20100004,15501,0
20100085,15931,0
20100756,13416,0
20100926,16893,0
20101869,7238,0
20101873,15540,0
20101955,7693,0
20102873,16571,0
20103067,11244,0
20105140,26681,0
20105141,16954,0
20106538,9102,0
20106589,9158,0
20108519,12897,0
20108906,8132,0
20111253,9550,0
20112221,11226,0
20112985,14863,0
20115052,15772,0
20136564,16947,0
20136582,12427,0
20136617,13277,0
20136618,11730,0
20136635,11220,0
20136745,10708,0
20136770,9304,0
20136773,10315,0
20136793,9882,0
20136795,10451,0
20136818,7982,0
20136839,13196,0
20136849,9868,0
20136874,11011,0
20136897,10075,0
20136900,9169,0
20136923,14385,0
20136993,7882,0
20137032,11761,0
20137044,9936,0
20137052,9914,0
20137062,14033,0
20137064,8942,0
20137078,9916,0
20137084,11404,0
20137099,8814,0
20137108,24459,0
20137120,9487,0
20137125,9692,0
20137126,9840,0
20137158,10171,0
20137170,9847,0
20137175,9787,0
20137199,16979,0
20137427,9477,0
20137671,17491,0
20137799,12799,0
20137802,26011,0
20137805,9469,0
20137911,9145,0
20137924,10591,0
20137925,26365,0
20138013,15344,0
20138095,14599,0
20138127,9477,0
20138155,12460,0
20138175,9442,0
20138205,15648,0
20138258,9165,0
20138325,9144,0
20138359,8475,0
20138404,14915,0
20138524,9129,0
20138727,7656,0
20138815,8790,1
20138846,13635,0
20138847,15698,0
20138852,9187,0
20138859,9072,0
20138877,9271,0
20138883,15371,0
20138893,9121,0
20138911,15162,0
20138925,11945,0
20138937,9891,0
20138947,9136,0
20138971,9143,0
20139047,8980,0
20139056,8993,0
20139211,9574,0
20139289,9069,0
20139345,8527,0
20139359,8772,0
20139622,8289,0
20140039,8475,0
20140158,8823,0
20140288,10719,0
20140333,8404,0
20140928,18015,0
20141018,12157,0
20141052,13550,0
20141053,8485,0
20141056,8738,0
20141078,10245,0
20141079,9957,0
20141354,13678,0
20141424,2001,1
20141432,3746,0
20141447,8587,0
20141484,8803,0
20141495,8785,0
20141498,11046,0
20141525,8116,0
20141526,4308,1
20141527,11307,0
20141531,7962,0
20141593,14780,0
20141614,8663,0
20141670,8679,0
20141761,7854,0
20141765,13820,0
20141851,9168,0
20141874,9062,0
20142040,11697,0
20142348,8978,0
20142464,12186,0
20142555,7763,0
20142561,8141,0
20142563,10455,0
20142781,8743,0
20143381,15742,0
20143404,16352,0
20143409,8334,0
20143487,13542,0
20143527,8176,0
20143624,8260,0
20143637,8010,0
20143643,8917,0
20143649,7198,0
20143651,16267,0
20143678,16720,0
20143947,8772,0
20143992,15033,0
20144332,25914,0
20144411,9074,0
20144861,8781,0
20144898,8800,0
20144900,7708,0
20144901,7783,0
20144922,17812,0
20145656,23802,0
20152558,12330,0
20152560,12844,0
20152561,15592,0
20152563,25988,0
20152564,11554,0
20152575,11485,0
20152637,9209,0
20152664,11529,0
20152667,25578,0
20152671,9399,0
20152679,19853,0
20152680,12844,0
20152685,9961,0
20152742,10285,0
20152754,9532,0
20152756,17438,0
20152770,13198,0
20152787,9000,0
20152828,9441,0
20152889,10248,0
20152895,25134,0
20152931,9511,0
20152941,9158,0
20152942,9401,0
20152952,12428,0
20152964,11052,0
20152978,9400,0
20153002,9163,0
20153195,8717,0
20153201,8479,0
20153219,7787,0
20153220,10070,0
20153243,8834,0
20153249,13367,0
20153267,11421,0
20153271,9168,0
20153306,11585,0
20153311,13376,0
20153315,8272,0
20153349,8542,0
20153415,10003,0
20153460,8848,0
20153591,12672,0
20153792,8710,0
20153814,10614,0
20153842,9456,0
20153951,8648,0
20153953,18576,0
20153957,7486,0
20153958,15330,0
20154007,14861,0
20154019,1269,1
20154020,8687,0
20154029,8481,0
20154035,8813,0
20154144,8711,0
20154229,9148,0
20154244,11109,0
20154268,8082,0
20154269,8459,0
20154275,7586,0
20154276,8344,0
20154278,12513,0
20154300,8823,0
20154302,7997,0
20154330,14263,0
20154347,10241,0
20154453,8179,0
20154555,8354,0
20154589,9195,0
20154590,9980,0
20154631,8397,0
20154652,5817,0
20154656,7996,0
20154658,9107,0
20154715,8480,0
20154807,17413,0
20154988,9509,0
20154991,13742,0
20154993,8371,0
20155110,15052,0
20155140,15384,0
20155334,15493,0
20155336,8354,0
20155338,1700,0
20155340,8798,0
20155341,16555,0
20159399,10050,0
20159402,9604,0
20159454,9180,0
20159459,9424,0
20159467,9368,0
20159495,13348,0
20159504,9222,0
20159518,8771,0
20159533,10372,0
20159555,8515,0
20159560,8891,0
20159608,8767,0
20159609,8575,0
20159635,8555,0
20159677,3817,0
20159686,10198,0
20159699,8123,0
20159856,15882,0
20159857,11370,0
20159923,10661,0
20159928,13852,0
20159929,18100,0
20161989,16425,0
20161995,15537,0
20161998,13434,0
20161999,12719,0
20162000,13001,0
20162004,25965,0
20162011,10714,0
20162015,3301,1
20162038,10988,0
20162039,10849,0
20162058,12246,0
20162063,10253,0
20162080,16461,0
20162082,9360,0
20162116,8971,0
20162117,9937,0
20162120,9833,0
20162142,9902,0
20162149,9676,0
20162157,8891,0
20162161,7688,0
20162162,9047,0
20162168,9774,0
20162173,14345,0
20162181,16459,0
20162183,6765,0
20162186,12598,0
20162195,8001,0
20162196,9324,0
20162210,7745,0
20162214,9331,0
20162215,9919,0
20162269,11728,0
20162273,11789,0
20162361,11715,0
20162385,9546,0
20162416,1944,0
20162421,17851,0
20162422,8820,0
20162433,9047,0
20162452,15174,0
20162463,8095,0
20162470,7324,0
20162472,9007,0
20162474,8225,0
20162483,8412,0
20162510,8644,0
20162566,9145,0
20162567,9145,0
20162581,14351,0
20162635,9321,0
20162679,10658,0
20162687,8630,0
20162694,8058,0
20162695,1295,1
20162698,9189,0
20162723,11606,0
20162740,8441,0
20162741,11757,0
20162781,12599,0
20162783,8740,0
20162825,8023,0
20162854,8533,0
20162873,8222,0
20162882,9477,0
20162900,9135,0
20162903,8982,0
20162911,8812,0
20162913,12374,0
20162922,2215,0
20162926,2022,1
20162979,8417,0
20162980,17520,0
20162998,11866,0
20163000,10327,0
20163001,5315,0
20163014,13155,0
20163015,2006,0
20163023,8428,0
20163026,7980,0
20163051,17590,0
20163067,1108,1
20163070,7483,0
20163081,12832,0
20163132,8765,0
20163191,8000,0
20163243,8783,0
20163249,8367,0
20163250,13241,0
20163252,9651,0
20163295,2775,0
20163335,8428,0
20163348,8435,0
20163364,8734,0
20163373,10636,0
20163412,10778,0
20163454,7488,0
20163667,3003,0
20163679,8313,0
20163683,8039,0
20163691,13334,0
20163692,7999,0
20163693,8445,0
20163694,14391,0
20163696,8427,0
20163697,4328,0
20163732,26279,0
20163758,7639,0
20163760,15165,0
20163818,8006,0
20163899,9153,0
20163902,7703,0
20164120,8808,0
20164121,15580,0
20164184,7940,0
20164201,7750,0
20164202,4823,0
20164206,26114,0
20164207,9082,0
20164211,7595,0
20164214,6433,0
20164215,3134,0
20164216,7921,0
20164217,9526,0
20164221,7211,0
20164222,7902,0
20164294,3564,1
20164341,1384,1
20164342,1612,1
20164400,17387,0
20168044,1482,1
20168318,12884,0
20168378,13370,0
20168791,16396,0
20169352,8832,0
20169675,18485,0
20170013,5491,0
20170086,8364,0
20170502,5802,0
20170891,8516,0
20170903,8415,0
20171486,10655,0
20171576,9570,0
20171819,9049,0
20171839,8451,0
20172034,26081,0
20172678,7921,0
20172718,8744,0
20172722,8085,0
20172974,8419,0
20173232,9753,0
20173561,8588,0
20173664,8691,0
20173689,8874,0
20174050,14081,0
20174806,7921,0
20174881,9160,0
20175114,10273,0
20175189,8338,0
20175706,14691,0
20175729,9562,0
20175921,9027,0
20177016,8006,0
20177049,8354,0
20177255,12932,0
20177614,9082,0
20177651,10261,0
20178601,13765,0
20178871,16186,0
20179806,2017,0
20180186,14122,0
20183548,8032,0
20184266,2392,0
20184990,11618,0
20185702,9830,0
20185716,8853,0
20185851,9096,0
20185853,8950,0
20186822,8752,0
20186823,9472,0
20186844,8660,0
20187026,7647,0
20187040,8093,0
20188174,12458,0
20188452,18487,0
20189008,11720,0
20189011,9654,0
20189040,8541,0
20189058,10604,0
20189062,8813,0
20189173,7538,0
20189263,17300,0
20189552,9319,0
20189630,10278,0
20189700,8516,0
20189865,7762,0
20189973,7839,0
20190119,7297,0
20190135,8428,0
20190161,20996,0
20190166,8515,0
20190208,6692,0
20190491,6321,0
20190758,11507,0
20190788,8455,0
20191094,2406,0
20192559,7308,0
20192563,9718,0
20192642,11283,0
20193178,9061,0
20194006,7954,0
20194126,8851,0
20194268,8860,0
20194386,13961,0
20196068,3355,0
20196256,8055,0
20196625,9179,0
20197588,9126,0
20198752,10283,0
20198856,7609,0
20199003,6940,0
20199145,7292,0
20199801,9452,0
20200754,7728,0
20200840,11271,0
20202411,16385,0
20202435,6972,0
20202683,4080,1
20203015,7354,0
20203217,8905,0
20203471,11377,0
20204131,8721,0
20204232,8837,0
20205378,8915,0
20205388,8694,0
20205744,10224,0
20206359,8251,0
20206378,8777,0
20206910,9061,0
20207398,7632,0
20207945,25841,0
20207970,15834,0
20208023,9862,0
20208115,8889,0
20208565,8823,0
20208617,8728,0
20209215,2320,1
20209924,8489,0
20210012,7684,0
20211871,9449,0
20211914,14068,0
20212359,8797,0
20212546,8040,0
20213053,10001,0
20213869,7359,0
20214088,18357,0
20214869,7606,0
20215167,9429,0
20215188,9341,0
20215442,8050,0
20215588,8029,0
20215757,9839,0
20216115,7053,0
20216258,5694,0
20216523,8111,0
20216689,10330,0
20216707,8031,0
20216985,8148,0
20217013,8465,0
20217390,6506,0
20217430,8381,0
20217628,22716,0
20217796,7526,0
20217807,18525,0
20217837,8789,0
20218017,7866,0
20218863,8509,0
20219021,12060,0
20219071,10314,0
20219527,10327,0
20220124,7905,0
20220839,8279,0
20220909,8902,0
20221455,7303,0
20221787,8539,0
20221980,10276,0
20222008,12162,0
20222073,9553,0
20222165,9505,0
20222869,8780,0
20223456,8786,0
20224926,8475,0
20225312,9558,0
20225416,9199,0
20225586,9181,0
20225900,8288,0
20226198,11604,0
20226219,13318,0
20226514,10665,0
20226554,12071,0
20228368,9190,0
20228502,6914,0
20228587,8820,0
20229007,8126,0
20229672,6677,0
20230089,9686,0
20230111,8830,0
20230118,8292,0
20230420,2781,0
20230549,7484,0
20230599,8335,0
20230979,7575,0
20231134,9110,0
20231792,11142,0
20231937,9037,0
20232368,8141,0
20232382,8295,0
20232691,8071,0
20234061,9749,0
20234145,6939,0
20234341,12369,0
20235086,8294,0
20235700,7357,0
20235756,10956,0
20236716,12622,0
20237442,9596,0
20237551,9414,0
20237805,10128,0
20238063,10974,0
20238456,14179,0
20239849,6221,0
20240320,9294,0
20241370,10305,0
20241596,26848,0
20241662,9360,0
20242147,8003,0
20242187,14122,0
20242191,7996,0
20242211,7826,0
20242216,8201,0
20242450,7597,0
20242643,7303,0
20242708,7386,0
20243025,25995,0
20243147,12404,0
20243298,9234,0
20243566,11554,0
20244670,8299,0
20244977,7697,0
20246138,18043,0
20247156,8495,0
20247360,4652,0
20247517,8459,0
20248083,11372,0
20248590,10879,0
20248818,10362,0
20248926,8800,0
20249595,11322,0
20249615,9311,0
20249816,6796,0
20249886,12231,0
20250162,7147,0
20250458,8035,0
20250577,7603,0
20250614,6670,0
20250620,7462,0
20250680,16106,0
20250697,8661,0
20250706,7268,0
20251346,12496,0
20251722,10224,0
20251732,9145,0
20252091,8836,0
20252373,8849,0
20252399,8116,0
20252558,8834,0
20252793,8665,0
20253062,7733,0
20253106,8357,0
20253586,7889,0
20253841,8015,0
20254417,7714,0
20254419,8829,0
20255071,8484,1
20255501,6553,0
20256004,8059,0
20256412,11378,0
20256670,12390,0
20257744,9202,0
20257838,14974,0
20258325,8560,0
20259221,8776,0
20259802,7867,0
20260141,9049,0
20260277,6283,0
20261938,8653,0
20262623,5827,0
20263976,27711,0
20264308,9648,0
20264357,8000,0
20264993,7939,0
20265032,7922,0
20265187,8061,0
20265196,7775,0
20265482,6907,0
20265661,7393,0
20265962,8681,0
20267131,9524,0
20267136,9242,0
20267221,6976,0
20267223,9164,0
20267270,10959,0
20267337,8540,0
20267494,8350,0
20267720,8160,0
20267729,7646,0
20267759,26155,0
20267940,8032,0
20269690,10195,0
20271480,12478,0
20274138,8465,0
20274855,12568,0
20275545,9565,0
20275558,14436,0
20275611,17894,0
20275677,8328,0
20275714,8829,0
20275792,8510,0
20275974,5457,0
20275975,7352,0
20275976,8894,0
20276033,8828,0
20276049,8521,0
20276111,10230,0
20276392,8483,0
20276397,10809,0
20276409,8096,0
20276468,7915,0
20276660,7022,0
20276703,7688,0
20276732,7959,0
20276770,7680,0
20276786,8471,0
20276891,7150,0
20277039,7674,0
20277127,9067,0
20277142,7294,0
20277279,7096,0
20277473,7939,0
20277475,3563,0
20277570,6670,0
20277616,8484,0
20277617,7296,0
20277810,11310,1
20277830,3731,1
20277958,8197,0
20278327,8093,0
20278381,1712,1
20279744,9752,0
20279816,8224,0
20280136,8112,0
20280244,8072,0
20280491,7646,0
20281070,6387,0
20281365,9213,0
20281375,3374,0
20283457,25573,0
20283460,7485,0
20283729,8495,0
20284114,8115,0
20284422,6499,0
20285110,26360,0
20285179,9865,0
20285263,9958,0
20285331,9795,0
20285339,8800,0
20285540,6867,0
20285567,8062,0
20285571,9355,0
20285625,9334,0
20285638,9154,0
20285818,9180,0
20285838,8956,0
20285944,8916,0
20285990,8820,0
20286079,8045,0
20286080,7237,0
20288592,6628,0
20288807,8095,0
20288914,7678,0
20289227,7694,0
20289315,7927,0
20290772,7204,1
20292165,7991,0
20292220,8286,0
20293054,7561,0
20293726,2922,0
20294739,6471,0
20296318,6224,0
20297274,10539,0
20297300,9460,0
20297418,9199,0
20299582,6984,0
20301011,5978,0
20301844,12498,0
20302010,8981,0
20302156,8490,0
20302169,8428,0
20302311,7753,0
20302523,8231,0
20302591,8294,0
20302800,7821,0
20302830,7504,0
20302831,8400,0
20302871,8387,0
20303174,8886,0
20303248,8107,0
20303250,7014,0
20303262,8797,0
20303449,7644,0
20303450,7584,0
20303933,9205,0
20304088,6956,0
20304153,7194,0
20304293,8848,0
20304330,8060,0
20304640,8085,0
20305090,12408,0
20306367,23648,0
20306383,11719,0
20306431,10031,0
20306462,9340,0
20306523,8207,0
20306595,8795,0
20306918,8093,0
20307005,3653,0
20307070,8804,0
20307161,8072,0
20307493,7792,0
20307564,7860,0
20307918,7350,0
20308041,7280,0
20308043,7724,0
20308127,7781,0
20308242,7457,0
20308635,5857,0
20308899,6838,0
20309203,8171,0
20309214,1187,1
20309662,1823,1
20309728,8184,0
20310402,8951,0
20310442,9133,0
20310560,16496,0
20310737,8710,0
20310842,8448,0
20311044,7993,0
20311066,7937,0
20311321,7295,0
20311554,12481,0
20311555,6993,0
20311925,8743,0
20312070,6270,0
20312473,10148,0
20312942,10158,0
20312956,9151,0
20313276,8816,0
20313538,8310,0
20313548,7198,0
20313552,8081,0
20313809,8039,0
20314079,7670,0
20314082,7415,0
20314212,2402,0
20315020,8719,0
20315098,6959,0
20315508,6367,0
20316695,10723,0
20317212,7914,0
20317255,8691,0
20317643,8095,0
20317685,7939,0
20318050,10597,0
20318160,24872,0
20318411,7757,0
20318450,6879,0
20319988,8718,0
20320378,3842,0
20322652,9720,0
20322705,8830,0
20322756,7723,0
20322763,17104,0
20322775,8182,0
20322913,8662,0
20322966,7526,0
20323179,8399,0
20323300,7022,0
20325102,4347,1
20325395,4594,0
20325769,8126,0
20326290,12008,0
20326291,9172,0
20326302,7596,0
20326332,7457,0
20326354,8260,0
20326386,8757,0
20326388,8653,0
20326683,8531,0
20326732,8035,0
20326742,7814,0
20326777,7943,0
20326946,7742,0
20327140,2581,0
20328059,7027,0
20329275,9746,0
20329291,8960,0
20329338,8281,0
20329340,8277,0
20329343,7263,0
20329390,7375,0
20329395,7319,0
20329437,7729,0
20329520,8215,0
20329571,8463,0
20329614,8321,0
20329669,17865,0
20329713,8088,0
20329770,6986,0
20329774,7649,0
20329915,8095,1
20330233,6891,0
20330659,7366,0
20330809,6318,0
20330825,7720,0
20331471,14586,0
20331509,9558,0
20331510,12647,0
20331769,8028,0
20331792,10212,0
20331876,7829,0
20331963,6962,0
20331990,7679,0
20331999,6522,0
20332408,6696,0
20332446,8690,0
20332775,5411,0
20333284,9680,0
20333311,8148,0
20333358,8833,0
20333478,7666,0
20333480,7570,0
20333510,7217,0
20333521,7487,0
20333555,7397,0
20333578,9055,0
20333707,8787,0
20333755,9161,0
20333888,9045,0
20333889,9506,0
20333908,9452,0
20334412,7774,0
20334673,8287,0
20335746,6957,0
20335758,6942,0
20337053,9840,0
20337069,9921,0
20337075,9319,0
20337084,9264,0
20337118,9133,0
20337119,9482,0
20337248,8813,0
20337252,8794,0
20337345,8426,0
20337557,8080,0
20337558,8313,0
20337866,8467,0
20338049,8656,0
20338172,8583,0
20338176,7908,0
20338292,8342,0
20338347,7231,0
20338567,7884,0
20339492,14960,0
20339714,10432,0
20339715,8861,0
20340048,6956,0
20340291,6502,0
20340666,7094,0
20341050,13586,0
20341816,8502,0
20341843,6500,0
20342866,1958,0
20343098,17813,0
20343158,7760,0
20343166,8493,0
20344074,10290,0
20344076,10202,0
20344133,9338,0
20344143,9011,0
20344756,7631,0
20345646,5268,0
20345705,6651,0
20345722,6958,0
20345813,9762,0
20345853,13349,0
20347634,8833,0
20347813,7983,0
20348304,10021,0
20348306,7638,0
20348314,7644,0
20348400,8474,0
20348461,7322,0
20348595,6993,0
20348776,11751,0
20349063,6988,0
20349068,6799,0
20349074,8055,0
20349219,5957,0
20349507,12491,0
20349925,6733,0
20349928,9059,0
20350462,9131,0
20350513,9550,0
20350523,9522,0
20350536,8948,0
20350713,8114,0
20350751,8035,0
20350964,8432,0
20350988,8230,0
20351278,7827,0
20351331,7708,0
20351340,7000,0
20351370,7559,0
20351508,6004,0
20351545,7379,0
20351815,6813,0
20352102,6587,0
20352143,6481,0
20353190,9332,0
20353938,8559,0
20353947,8745,0
20354030,8251,0
20354101,8346,0
20354127,8140,0
20354182,8333,0
20354332,8215,0
20354663,7291,0
20354713,10941,0
20354876,6920,0
20354952,15467,0
20355046,7962,0
20355256,11008,0
20355770,27108,0
20356285,8329,0
20356394,6824,0
20356991,9223,0
20357005,5173,0
20357022,9065,0
20357024,9580,0
20357028,9516,0
20357058,8644,0
20357311,25333,0
20357414,17786,0
20357439,8071,0
20357594,8008,0
20357618,5820,0
20357621,7296,0
20357622,7632,0
20358453,11681,0
20358471,6826,0
20358744,7989,0
20359170,2235,1
20359242,6137,0
20359369,4406,0
20359592,9187,0
20360191,8984,0
20360192,12238,0
20360433,8339,0
20360502,7006,0
20361071,11381,0
20361123,8556,0
20361518,15604,1
20361532,6555,0
20361538,7855,0
20361611,10180,0
20361689,8277,0
20361754,7955,0
20361861,6683,0
20362310,20860,0
20363024,9371,0
20363027,9517,0
20363067,7383,0
20363069,7502,0
20363071,9391,0
20363075,8220,0
20363076,8150,0
20363084,8903,0
20363116,8770,0
20363163,8575,0
20363267,8286,0
20363298,7997,0
20363305,8226,0
20363344,8556,0
20363505,26035,0
20363599,8048,0
20363617,7377,0
20363626,7543,0
20363734,7755,0
20363790,14866,0
20363814,6981,0
20363831,5299,0
20364136,7339,0
20364762,4229,0
20364877,5914,0
20365014,6220,0
20365071,3170,0
20365246,8354,0
20365424,1103,1
20365449,2988,0
20366470,8206,0
20366615,7467,0
20366733,7791,0
20366746,6263,0
20366774,6926,0
20366833,6398,0
20367248,2183,1
20367390,8028,0
20367525,6558,0
20367638,10222,0
20367684,3919,0
20367789,5397,0
20367943,364,0
20368184,9142,0
20368203,4456,0
20368565,7753,0
20368664,6993,0
20368790,5690,0
20368949,6707,0
20369057,2700,0
20369264,5604,0
20369296,7978,0
20369452,4803,0
20369454,9220,0
20369983,9915,1
20369984,7648,0
20369986,9844,0
20370037,8785,0
20370061,8299,0
20370307,8085,0
20370688,6798,0
20370702,7928,0
20371336,4180,0
20371660,6894,0
20371973,6265,0
20373135,6998,0
20373393,25109,0
20373428,8661,0
20373503,9035,0
20373579,8707,0
20374038,8018,0
20374158,8781,0
20374188,7214,0
20374267,7604,0
20374449,7166,0
20374851,8092,0
20374855,8469,0
20375054,4180,0
20375103,7390,0
20375505,9991,0
20375657,1699,0
20376707,9961,0
20376729,12518,0
20376775,17034,0
20376778,8458,0
20376788,6963,0
20376848,7393,0
20376864,8305,0
20376879,7295,0
20376883,8702,1
20377097,27052,0
20377732,7174,0
20377972,8389,0
20378124,6597,0
20378160,5877,0
20378358,6421,0
20378526,6709,0
20378610,6450,0
20378842,5246,0
20380128,10015,0
20380160,17060,0
20380188,8218,0
20380205,8312,0
20380321,10197,0
20380359,13280,0
20380455,7596,0
20380476,11314,0
20380524,7814,0
20380636,6621,0
20380818,6646,0
20380929,6861,0
20380981,7115,0
20381181,6651,0
20381564,6155,0
20381677,6234,0
20381906,9158,0
20381989,5083,0
20382395,13985,0
20382406,10968,0
20382459,8396,0
20382503,8570,0
20382625,8295,0
20382745,8060,0
20382758,7882,0
20382825,7517,0
20382875,6868,0
20383610,5651,0
20385186,13614,0
20385252,5301,0
20385268,8906,0
20385343,8334,0
20385402,8504,0
20385423,8145,0
20385497,8109,0
20385580,15716,0
20385605,7583,0
20385843,7248,0
20386259,6599,0
20386281,5894,0
20386298,7416,0
20386454,5486,0
20386504,8469,0
20386720,25405,0
20386847,8886,0
20387505,9106,0
20387648,7160,0
20387668,4189,0
20387717,8416,0
20387733,8101,0
20387746,8250,0
20387793,8114,0
20387816,7351,0
20387871,6545,0
20388185,7265,0
20388188,6312,0
20388189,8768,0
20388468,10306,0
20388567,10825,0
20388798,6608,0
20388838,7499,0
20388945,6389,0
20389694,2940,0
20390522,10094,0
20390536,9354,1
20390725,8067,0
20390929,7655,1
20391033,7452,0
20391151,3237,0
20391211,8152,0
20391275,6714,0
20391449,6679,0
20391451,6452,0
20391508,4632,0
20392211,9253,0
20392476,6190,0
20392704,8002,0
20393359,9692,0
20393569,8359,0
20393908,7157,0
20394130,6245,0
20394155,4259,0
20394392,6955,0
20394783,6244,0
20395143,5569,0
20395207,5329,0
20395289,5334,0
20396593,8430,0
20396730,8118,0
20396793,8082,0
20396794,7644,0
20397237,7055,0
20397326,26311,0
20397471,8389,0
20397474,6152,0
20397847,7441,0
20398188,7726,0
20399307,12160,0
20399308,10884,0
20399325,9540,0
20399433,4832,0
20399446,7809,0
20399457,7318,0
20399611,7824,0
20399774,7916,0
20401856,7702,0
20401857,8780,0
20401885,7728,0
20401925,7698,0
20401954,7675,0
20401998,8065,0
20402267,8452,0
20403039,8441,0
20403247,6110,0
20403775,8040,0
20404108,11800,0
20405189,8471,0
20405212,8039,0
20405427,7383,0
20405562,7991,0
20405762,7082,0
20406213,5894,0
20406952,5930,0
20407324,1499,0
20407338,8286,0
20407653,16622,0
20407656,8614,0
20408751,13422,0
20408752,11986,0
20408792,7263,0
20408869,8366,0
20408980,8499,0
20408982,8395,1
20409204,7441,0
20409256,4798,0
20409266,7336,0
20409342,7434,0
20409836,6126,0
20409934,6428,0
20410088,5893,0
20410195,6202,0
20410622,7748,0
20410627,4419,0
20410649,6259,0
20410650,7180,0
20410777,5523,0
20410778,5674,0
20410832,4814,0
20411165,4577,0
20411201,5680,0
20411280,7319,0
20411611,11776,0
20411655,10742,0
20412976,13938,0
20412977,12804,0
20412983,9557,0
20412995,8613,0
20413002,9684,0
20413021,7799,0
20413038,18193,0
20413091,8404,0
20413123,8256,0
20413192,8371,0
20413216,9067,0
20413260,8028,0
20413421,7396,0
20413563,7031,0
20413577,7279,0
20413820,6502,0
20413989,6955,0
20414286,5168,0
20414287,4671,0
20414429,10573,0
20414532,5597,0
20414586,7919,0
20414746,5055,0
20414772,6584,0
20414800,5545,0
20414903,15721,0
20414960,4326,0
20414990,3503,0
20415027,5263,0
20415029,12734,0
20415267,8253,0
20415710,5867,0
20415711,9811,0
20415713,9491,0
20415715,10667,0
20415745,11169,0
20415746,15571,0
20415949,8073,0
20415986,4872,0
20415987,7318,0
20416002,8388,0
20416032,6467,0
20416071,8297,0
20416151,7392,0
20416186,7734,0
20416195,7514,0
20416217,7130,0
20416224,8293,0
20416231,8178,0
20416283,5071,0
20416567,9667,0
20416584,5850,0
20416591,7587,0
20416675,3681,0
20416680,7505,0
20416694,7708,0
20416801,6877,0
20416804,6827,0
20416851,8054,0
20417167,7355,0
20417201,6750,0
20417210,6605,0
20417211,7281,0
20417217,6598,0
20417264,8425,0
20417419,6181,0
20417581,6806,0
20417612,8068,1
20417634,2956,0
20417655,5929,0
20417816,9147,0
20417871,13202,0
20417874,2989,0
20417949,6315,0
20418094,6639,0
20418135,7681,0
20418198,6566,0
20418233,5994,0
20418265,5816,0
20418416,5688,0
20418797,7318,0
20418846,5732,0
20418849,5526,0
20418896,5747,0
20418900,6073,0
20418929,7471,0
20419022,5605,0
20419464,6661,0
20419472,8428,0
20419624,4472,0
20419829,4397,0
20419880,4561,0
20419922,5765,0
20420048,5126,0
20420187,5896,0
20420210,4742,0
20420262,5146,0
20420286,3073,0
20420302,10186,0
20420591,9151,0
20420738,2290,0
20422637,10719,0
20422638,11704,0
20422659,9582,0
20422686,9513,0
20422699,8630,0
20422787,10101,0
20422977,7590,0
20423022,8118,0
20423100,5490,0
20423210,7536,0
20423321,7288,0
20423709,6850,0
20423747,7267,0
20424089,6128,0
20424392,5459,0
20424482,9065,0
20424532,5695,0
20424965,5828,0
20424969,3298,1
20425047,8443,0
20425250,2352,0
20425450,7284,0
20425713,5379,0
20425755,8449,0
20426071,4342,1
20426082,11133,0
20427499,5728,0
20427621,8056,0
20427643,6985,0
20427684,8079,0
20427778,7342,0
20428086,7118,0
20428209,7077,0
20428223,6297,0
20428681,8606,0
20428694,6118,0
20429073,6719,0
20429094,4788,0
20429382,8093,0
20429389,4652,0
20429584,4401,0
20429733,4568,0
20429736,5843,0
20429746,4564,0
20430439,9028,0
20430440,9362,0
20430544,8397,0
20430552,8263,0
20430802,5636,0
20430804,6985,0
20431107,6881,0
20431394,8824,0
20431698,7955,0
20431760,6241,0
20431775,8230,0
20431776,9685,0
20432226,8752,1
20432509,5536,0
20432655,5418,0
20433303,659,2
20433939,7276,0
20433953,10332,0
20433960,9322,0
20433992,9164,0
20434007,8474,0
20434051,8841,0
20434053,7321,0
20434096,7734,0
20434154,8444,0
20434188,7709,0
20434196,8212,0
20434313,7691,0
20434326,6227,1
20434344,7680,0
20434500,7368,0
20434632,7427,0
20434633,7338,0
20434677,7332,0
20434734,7280,0
20434740,7226,0
20434751,6760,0
20434786,8470,0
20435058,6210,0
20435138,7917,0
20435159,6414,0
20435302,10047,0
20435404,4756,0
20435441,7702,0
20435548,6394,0
20435730,6692,0
20436030,5892,0
20436035,4331,0
20436037,5409,0
20436094,2029,1
20436116,5318,0
20436324,8414,0
20436325,7311,0
20436329,1983,0
20436568,8033,0
20436654,8442,0
20436671,6195,0
20436724,4878,0
20436761,5150,0
20436763,9040,0
20436764,8448,0
20436771,2604,0
20436774,4854,0
20436775,3037,0
20437316,4202,0
20437841,7735,0
20437844,9519,0
20437846,9641,0
20437879,8503,0
20437905,4930,0
20437908,8543,0
20437965,4596,0
20437994,8809,0
20438017,7745,0
20438105,6655,0
20438107,7358,0
20438116,7374,0
20438317,7205,0
20438429,6642,0
20438430,7017,0
20438452,7991,0
20438661,5882,0
20438897,8634,0
20438902,5894,0
20438908,3868,0
20438955,4306,0
20438990,5439,0
20439313,4142,0
20439437,4350,0
20439854,9679,0
20439877,9525,0
20439889,10894,0
20439898,8676,0
20439908,8592,0
20440012,5826,0
20440212,8039,0
20441058,6196,0
20441103,13515,0
20441304,6590,0
20441641,6297,0
20441823,5794,0
20441825,5755,0
20441952,5877,0
20441987,5134,0
20442037,5606,0
20442177,4640,0
20442243,4571,0
20442523,4771,0
20442559,4883,0
20442605,8855,0
20442609,7578,0
20442742,5430,0
20443103,2722,0
20443104,959,1
20443806,8769,0
20443837,9156,0
20443880,7717,0
20443923,8507,0
20443972,7112,0
20444004,8011,0
20444185,7354,0
20444193,5379,0
20444584,4050,0
20444627,15803,0
20444628,6670,0
20444935,5801,0
20445025,5163,0
20445267,5481,0
20445305,5519,0
20445775,4676,0
20445830,1330,0
20445974,4284,0
20446789,10239,0
20446791,9920,0
20446804,9373,0
20446826,8582,0
20446833,5742,0
20446862,8426,0
20446924,12123,0
20446935,8458,0
20446938,8255,0
20446955,7149,0
20446963,7703,2
20447221,7354,0
20447655,6412,0
20447755,6422,0
20447795,6744,1
20447903,6212,0
20447977,2830,1
20448003,6622,0
20448628,5120,0
20448721,1725,0
20448724,5432,0
20448818,7526,0
20448972,8781,0
20449074,8271,0
20449089,4657,0
20449107,7823,0
20450142,7343,0
20450143,8650,0
20450159,8562,0
20450160,8333,0
20450185,7696,0
20450203,8286,0
20450237,7342,0
20450238,7992,0
20450259,6257,0
20450263,8089,0
20450270,6158,0
20450293,7156,0
20450300,7659,0
20450648,6665,0
20450649,6994,0
20450779,6451,0
20450894,25825,0
20451003,5945,0
20451124,6141,0
20451157,5849,0
20451217,8776,0
20451297,5492,1
20451370,4782,0
20451397,5100,0
20452302,9062,0
20452307,10270,0
20452313,8946,0
20452314,9140,0
20452334,8039,0
20452376,7730,0
20452389,8103,0
20452397,6542,0
20452421,6297,0
20452474,7647,0
20452561,6298,0
20452639,7295,0
20452807,5607,0
20453100,5693,0
20453309,5856,0
20453563,5431,0
20453687,5780,0
20453707,5580,0
20453729,5838,0
20453778,4661,0
20454078,7415,0
20454094,2411,0
20454100,4071,0
20454101,8381,0
20454177,5079,0
20454266,5757,0
20455146,11999,0
20455148,10629,0
20455157,8857,0
20455176,9237,0
20455184,9055,0
20455185,9413,0
20455192,9321,0
20455193,9323,0
20455199,8958,0
20455213,8944,0
20455299,7965,0
20455322,7888,0
20455407,7173,0
20455415,8323,0
20455426,5899,0
20455432,7857,0
20455550,7962,0
20455554,5740,0
20455588,6847,0
20455591,6754,0
20455594,7746,0
20455659,4784,0
20455687,5342,0
20455736,7407,0
20455795,6978,0
20455956,4407,0
20456051,7349,0
20456301,6643,0
20456536,6037,0
20456537,5828,0
20456618,4284,1
20456651,8467,0
20456863,6617,0
20456898,6313,0
20456938,6385,0
20456946,6018,0
20456973,8798,0
20457059,7319,0
20457212,6513,0
20457260,14707,0
20457647,6169,0
20457662,5152,0
20457663,12905,0
20457768,8564,0
20457912,6968,0
20458062,5866,0
20458116,2852,1
20458122,9499,0
20458135,5596,0
20458198,5290,0
20458368,5602,0
20458375,7554,0
20458418,5492,0
20458436,4981,0
20458452,8002,0
20458723,3786,0
20458732,4668,0
20458745,6059,0
20458964,3000,0
20459046,16539,1
20459119,3944,0
20459200,7777,0
20459386,5071,0
20459451,8524,0
20459458,9825,0
20459462,6885,0
20459683,4295,0
20459872,1415,0
20461353,6113,0
20461365,8573,0
20461397,8952,0
20461501,8227,0
20461852,3721,0
20461912,5019,0
20462041,5066,0
20462238,2945,1
20462329,4295,0
20462550,4455,0
20462559,5320,0
20462736,5912,0
20462775,5829,0
20462959,5394,0
20463216,7731,0
20463257,8354,1
20463282,4405,0
20463360,3413,0
20463380,5292,0
20463387,4406,0
20463664,12494,0
20464639,7555,0
20464797,6374,0
20464798,7280,0
20464885,11317,0
20465098,7087,0
20465166,8954,0
20465402,6243,0
20465616,5195,0
20465617,7813,0
20465633,6528,0
20465749,5829,0
20465824,3824,0
20465826,2348,0
20465853,2034,1
20465892,5147,0
20466053,4867,0
20466130,3070,0
20466191,4795,0
20466507,759,1
20466508,6393,0
20467309,10615,0
20467317,7110,0
20467335,6438,0
20467336,7698,0
20467347,4948,0
20467351,7676,0
20467352,7967,0
20467372,4360,0
20467460,6903,0
20467475,7123,0
20467527,6550,0
20467609,6626,0
20467835,3487,0
20467917,5171,0
20467963,4580,0
20468004,4766,0
20468005,4353,0
20468117,2278,0
20468446,6823,0
20468448,8264,0
20468452,4773,0
20468462,7824,0
20468468,7673,0
20468481,6432,0
20468540,6942,0
20468541,6527,0
20468583,6832,0
20468681,7637,0
20468684,8211,0
20468727,4392,0
20468730,5750,0
20468738,6369,0
20468741,5289,0
20468813,4955,0
20468837,4898,0
20468909,1483,1
20468910,7971,0
20469219,7604,0
20469356,8808,0
20469373,5538,0
20469445,8065,0
20469494,8268,0
20469513,4968,0
20469634,7496,0
20469722,4220,0
20469727,7294,0
20469737,7331,0
20469896,6802,0
20469929,9115,0
20470004,6778,0
20470310,4156,0
20470510,5834,0
20470585,3043,0
20470594,7656,0
20470678,5910,0
20470864,6240,0
20470909,6230,0
20470951,5120,0
20470975,7533,0
20471034,7537,0
20471083,5883,0
20471108,4403,0
20471240,5748,0
20471241,5421,0
20471323,3884,0
20471487,4302,0
20471926,3765,0
20471956,4397,0
20471984,1020,2
20472263,2903,1
20474158,13913,0
20474163,9504,0
20474179,9113,0
20474223,7666,0
20474231,8944,0
20474238,5534,0
20474425,8417,0
20474451,4941,0
20474474,8395,0
20474532,8099,0
20474549,6082,0
20474554,8142,0
20474574,7802,0
20474585,6607,0
20474611,7655,0
20474613,7386,0
20474674,5728,0
20474706,7400,0
20475016,4033,0
20475354,7495,0
20475462,9361,0
20475534,4401,0
20475665,5713,0
20475950,6140,0
20475967,6369,0
20476093,5439,0
20476187,7332,0
20476438,6057,0
20476601,2893,0
20476904,5746,0
20477051,9106,0
20477162,4368,0
20477248,9117,0
20477327,5376,0
20477465,8409,0
20477490,5217,0
20477491,3681,0
20477492,5305,0
20477519,7818,0
20477524,5851,0
20477588,4167,0
20477719,4382,0
20477762,5577,0
20477885,6609,0
20478574,4849,0
20478784,3146,0
20479325,5242,0
20479345,8328,0
20480004,5098,0
20480808,10594,0
20480817,9235,0
20480820,9074,0
20480822,9888,0
20480823,9794,0
20480824,9727,0
20480854,5898,0
20480856,8510,0
20480858,8976,0
20480883,8762,0
20480885,8411,0
20480922,5502,0
20480927,7821,0
20480934,8369,0
20480936,7437,0
20480984,4900,0
20481025,5500,0
20481027,6878,0
20481032,14127,0
20481052,7033,0
20481127,4069,1
20481327,6994,0
20481381,3820,0
20481394,5146,0
20481442,7331,0
20481457,6469,0
20481482,5409,0
20481532,7499,0
20481542,4838,0
20481543,6776,0
20481775,5386,0
20481790,5960,0
20481817,5537,0
20481904,5875,0
20481918,6104,0
20481965,8304,0
20481984,10500,0
20481985,14647,0
20481989,5278,0
20482049,5277,0
20482054,8084,0
20482055,5300,0
20482111,5661,0
20482228,5105,0
20482234,3186,1
20482244,6599,0
20482250,4236,0
20482344,9088,0
20482391,3772,0
20482467,4633,0
20482488,1500,0
20482505,4728,0
20482533,4803,0
20482562,3987,0
20482566,4201,0
20482650,2382,0
20482718,6627,0
20482766,4251,0
20482796,5522,0
20482798,8771,0
20483408,9476,0
20483422,8395,0
20483423,8337,0
20483432,7004,0
20483453,8007,0
20483459,7489,0
20483468,7633,0
20483471,7655,0
20483472,8587,0
20483504,7749,0
20483506,8457,0
20483508,7728,0
20483509,7640,0
20483531,6524,0
20483547,7785,0
20483560,7673,0
20483563,7733,0
20483566,8117,0
20483656,7312,0
20483662,6756,0
20483856,6880,0
20483878,6406,0
20483989,4035,0
20484199,6976,0
20484402,6490,0
20484403,6609,0
20484462,5459,0
20484506,6569,0
20484517,11649,0
20484725,6011,0
20484757,6035,0
20484795,5928,0
20484850,4186,0
20484976,5159,0
20485051,5168,0
20485110,5274,0
20485652,3879,0
20485823,4294,0
20485882,5117,0
20486001,4628,0
20486607,15274,0
20486692,6508,0
20486739,5898,0
20487577,861,1
20487580,8442,0
20487583,2437,1
20488450,11659,0
20488453,10641,0
20488461,10241,0
20488465,7967,0
20488474,9102,0
20488486,9185,0
20488490,7707,0
20488494,8952,0
20488509,8420,0
20488515,5836,0
20488579,7881,0
20488580,7530,0
20488615,8404,0
20488636,8003,0
20488640,6411,0
20488645,7568,0
20488693,9205,0
20488698,7403,0
20488789,7681,0
20488803,6988,0
20489203,5409,0
20489235,6528,0
20489337,3916,0
20489453,6575,0
20489486,5021,0
20489885,6528,0
20489900,6231,0
20490354,7581,0
20490581,7013,0
20490636,5705,0
20490684,7301,0
20490791,6223,0
20491007,9221,0
20491424,4761,0
20491565,7713,0
20491567,4706,0
20491842,8019,0
20492143,12972,0
20492478,3980,0
20494658,8954,0
20494689,6592,0
20494690,6230,0
20494696,4630,0
20494697,6362,0
20494706,8378,0
20494710,8787,0
20494713,6952,0
20494880,6128,0
20494975,5935,0
20494999,8046,0
20495021,2434,1
20495102,8015,0
20495168,7159,0
20495187,4399,0
20495222,4470,0
20495278,7875,0
20495316,3107,0
20495323,4336,0
20495331,5239,0
20495417,5947,0
20495511,4155,0
20495615,3753,0
20495829,9887,0
20495833,8871,0
20495848,7142,0
20495857,5257,0
20495858,7880,0
20495891,6763,0
20495930,7335,0
20495959,4688,0
20495960,5660,0
20496001,6201,0
20496005,6257,0
20496013,3431,0
20496018,6449,0
20496124,8839,0
20496174,4998,0
20496230,4807,0
20496326,10379,0
20496327,8434,0
20496816,12162,0
20496817,12109,0
20496818,11883,0
20496837,8352,0
20496860,8268,0
20496861,9547,0
20496869,11348,0
20496901,9200,0
20496962,8100,0
20496981,5632,0
20497025,6138,0
20497094,7856,0
20497096,7677,0
20497113,7713,0
20497117,7728,0
20497135,6670,0
20497174,5067,0
20497176,4866,0
20497230,7541,0
20497232,6119,0
20497236,4543,0
20497245,6646,0
20497626,6611,0
20498066,6769,0
20498068,7324,0
20498125,6352,0
20498143,5525,0
20498441,7512,0
20498548,5962,0
20498550,6266,0
20498918,5482,0
20499307,5877,0
20499490,5303,0
20499496,8365,0
20499582,5052,0
20499672,16220,0
20499986,5169,0
20499998,2300,0
20500080,7073,0
20500094,5065,0
20500136,3112,0
20500749,3654,0
20500922,4391,1
20501243,6165,0
20501567,2358,0
20501647,2327,0
20501878,6262,0
20501934,8354,0
20503274,5136,0
20503277,5536,0
20503293,6669,0
20503861,7121,0
20503865,6560,1
20503871,9368,0
20503880,8029,0
20503892,8074,0
20503911,5694,0
20503941,10250,0
20503960,6582,0
20503966,7070,0
20504025,7475,0
20504033,7297,0
20504034,6831,0
20504074,7243,0
20504181,4792,0
20504256,9359,0
20504392,5509,0
20504505,4668,0
20504680,3213,0
20504711,6729,0
20504800,3592,0
20504827,2722,0
20504887,7710,0
20504928,5199,0
20504994,2370,0
20505019,4477,0
20505093,5696,0
20505169,3674,0
20505178,7319,0
20505657,3543,0
20505667,10037,0
20506074,3703,0
20506425,8631,0
20506437,12516,0
20506459,14851,0
20506491,8777,0
20506590,6577,0
20506732,6870,0
20506779,6407,0
20506859,3931,0
20506951,3465,0
20507355,5217,0
20507366,4578,0
20507422,4937,0
20507716,4362,0
20507847,8646,0
20508767,11467,0
20508772,9555,0
20508774,7941,0
20508786,6711,0
20508796,6589,0
20508861,8052,0
20508871,7527,0
20508905,7794,0
20508908,7009,0
20508912,5151,0
20508918,8058,0
20508967,7710,0
20508997,6090,0
20509073,7323,0
20509102,6242,0
20509191,4211,0
20509192,7184,0
20509352,6946,0
20509353,6799,0
20509456,4108,0
20509505,6603,0
20509520,6534,0
20509523,6229,0
20509569,8215,0
20509821,8412,0
20509935,6056,0
20510055,5692,0
20510073,3876,0
20510160,5011,0
20510190,8843,0
20510238,5349,0
20510262,6620,0
20510529,8054,0
20511002,3854,0
20511008,2998,0
20511064,9530,0
20511137,4296,1
20511243,5835,0
20511520,15956,0
20511523,4135,0
20511600,3679,0
20511684,7342,0
20511777,7778,0
20511808,3331,0
20512234,1873,1
20512242,8814,0
20512244,2243,1
20512245,4830,0
20513125,10518,0
20513126,7128,0
20513138,8786,0
20513163,5041,0
20513165,7652,0
20513170,6197,0
20513171,5954,0
20513181,7294,0
20513182,4899,0
20513312,6579,0
20513358,3895,0
20513472,5828,0
20513489,3511,0
20513497,5312,0
20513529,8798,0
20513550,17269,0
20513572,4573,0
20513711,4107,0
20513776,5686,1
20513916,4327,1
20514041,8026,0
20514150,994,0
20514568,8979,0
20514571,7919,0
20514596,9182,0
20514597,5858,0
20514652,7471,0
20514846,3661,0
20514914,5246,0
20515010,3823,0
20515049,8554,0
20515082,15119,0
20515335,4450,0
20515446,2405,0
20515639,1416,1
20515742,1126,1
20515767,1738,1
20516154,7680,0
20516155,3617,0
20516396,7729,0
20516398,8630,0
20516420,7102,0
20516423,7351,0
20516428,6965,0
20516435,7702,0
20516454,4982,0
20516457,4823,0
20516641,5522,0
20516734,6220,0
20516803,5778,0
20516868,4575,0
20516976,4572,0
20516984,5197,0
20516986,7188,0
20517046,8730,0
20517103,8795,0
20517681,26146,0
20517829,3359,0
20518424,9198,0
20518426,7919,0
20518440,5211,0
20518463,7595,0
20518469,15640,0
20518507,5866,0
20518635,5758,0
20518638,5735,0
20518640,5701,0
20518646,7407,0
20518678,5306,0
20518735,5118,0
20518737,5424,0
20518771,5692,0
20518810,3020,0
20518847,9009,0
20519307,5145,0
20519354,5768,1
20519504,4397,0
20519824,4435,1
20520585,3566,0
20520808,3716,0
20520862,2056,0
20522684,3337,0
20523585,9902,0
20523586,9522,0
20523587,8860,0
20523589,8073,0
20523590,7546,0
20523592,8586,0
20523593,8371,0
20523594,6073,0
20523595,7138,0
20523596,5932,0
20523598,7510,0
20523599,7402,0
20523600,6433,0
20523602,7707,0
20523603,7882,0
20523604,7865,0
20523605,5505,0
20523606,7674,0
20523607,7691,0
20523608,6708,0
20523609,6231,0
20523610,6194,0
20523611,7361,0
20523612,4602,0
20523613,6584,2
20523614,5867,0
20523616,6231,0
20523619,4225,0
20523621,4871,0
20523623,4093,0
20523625,5470,0
20523626,5546,0
20523628,6335,0
20523630,5013,0
20523631,6587,0
20523632,4914,0
20523633,7351,0
20523636,4987,0
20523637,5105,0
20523638,3089,0
20523641,4639,0
20523648,6197,0
20523650,4905,0
20523651,5314,0
20523654,5109,0
20523656,2732,0
20523657,4458,0
20523660,4626,0
20523661,4400,0
20523662,2277,0
20523663,2149,0
20523664,4441,0
20523665,3361,0
20523666,3164,0
20523667,4246,0
20523668,4255,0
20523669,2039,0
20523670,4681,0
20523679,11562,0
20523685,3666,0
20523694,3151,1
20523707,3810,0
20523728,3273,1
20523732,5597,0
20523737,3864,0
20523747,5054,0
20523775,3157,0
20523779,8445,0
20523781,2768,1
20523786,4005,0
20523788,3307,0
20523792,3249,1
20523795,9096,0
20523796,3275,1
20523799,11009,0
20523801,10399,0
20523802,9501,0
20523803,8584,0
20523804,7527,0
20523805,8981,0
20523806,7882,0
20523807,5845,0
20523808,6291,0
20523809,6381,0
20523810,7612,0
20523811,5669,0
20523812,3691,0
20523813,7059,0
20523814,5442,0
20523815,4777,0
20523816,8057,0
20523817,3284,0
20523818,4432,0
20523819,4374,0
20523820,3689,0
20523821,5188,0
20523822,4607,0
20523823,7906,0
20523824,3760,0
20523826,12577,0
20523828,11641,0
20523915,7903,0
20523934,10218,0
20523941,9535,0
20523945,7747,0
20523950,9175,0
20523966,7314,0
20523967,9529,0
20523971,9472,0
20523972,7506,0
20524150,8930,0
20524196,8199,0
20524268,8206,0
20524391,8031,0
20524392,8681,0
20524459,6272,0
20524471,10634,0
20524474,8740,0
20524475,8640,0
20524516,7862,0
20524522,7622,0
20524530,6610,0
20524536,7876,0
20524594,7198,0
20524597,7860,0
20524599,7484,0
20524603,8438,0
20524974,7870,0
20525229,6962,0
20525231,7624,0
20525234,7622,0
20525268,5109,0
20525319,7728,0
20525356,7341,0
20525364,5528,0
20525477,5356,0
20525484,5727,0
20525498,6301,0
20525552,6346,0
20526238,7156,0
20526449,6989,0
20526587,6724,0
20526670,7039,0
20526742,11736,0
20526798,5880,1
20526825,10624,0
20526826,6213,0
20526878,8769,0
20526898,6624,0
20527115,10625,0
20527671,5537,0
20527715,6452,0
20527841,5852,1
20527959,5310,0
20527977,6590,0
20528159,6062,0
20528284,6268,0
20528507,5729,0
20528609,6335,0
20528650,3869,0
20528756,8708,0
20528804,5730,0
20528807,3716,0
20528857,5743,0
20528859,3943,0
20529032,8645,0
20529366,5158,0
20529450,5882,0
20529668,9721,0
20529670,4223,0
20529718,5780,0
20529720,5407,0
20529752,4610,0
20529753,4562,0
20529819,3149,1
20529920,3101,0
20529951,5496,0
20530085,4669,0
20530151,8395,0
20530520,3103,0
20530531,4417,0
20530743,4427,0
20530871,4024,1
20530938,7700,0
20530940,5174,0
20530974,5105,0
20531060,2927,0
20531277,3511,0
20531898,4578,0
20531899,4788,0
20531914,4321,0
20531944,4685,0
20532058,6573,1
20532874,8417,0
20533011,1809,0
20533372,4043,0
20533541,4242,1
20533638,8256,0
20533671,6977,0
20533722,4325,0
20533990,7108,0
20534676,3707,0
20535148,4236,0
20535221,3646,2
20535844,3817,0
20536531,1644,0
20537098,3546,0
20537342,3623,0
20537395,7448,0
20537467,2027,0
20537686,2731,1
20537829,3668,1
20538085,3723,0
20538212,3573,0
20538644,3301,0
20538648,3658,0
20538979,4929,0
20539063,6244,0
20539694,745,2
20539856,2936,0
20539940,4912,0
20543319,4379,0
20545274,5056,0
20549328,5463,0
20549459,5440,0
20549948,3931,0
20550271,10253,0
20551685,6146,0
20554126,7533,0
20555122,4250,0
20558307,4035,0
20560563,4400,0
20564883,3124,0
20564934,7473,0
20566540,2882,0
20567077,4039,0
20567092,5499,0
20572822,6355,0
20574660,5520,1
20576330,4591,0
20576763,4540,0
20577723,5082,0
20580109,7764,0
20584604,3582,0
20584693,3507,0
20585185,3296,0
20585310,4308,0
20585428,1477,1
20585734,4190,0
20591179,6953,0
20592968,8383,0
20594769,4122,0
20594913,2157,1
20594936,8122,0
20594938,4899,0
20595116,8748,0
20597171,8292,0
20598001,6091,0
20601696,4109,0
20601798,11368,0
20604197,2918,1
20605070,4006,0
20605489,4230,0
20605911,5090,0
20606367,5245,2
20606438,18139,0
20606441,5104,0
20606605,5535,0
20606702,5152,1
20606900,8034,0
20606908,7516,0
20606939,4567,0
20608017,8402,0
20612012,14028,0
20612013,11014,0
20612027,9858,0
20612050,8829,0
20612057,9530,0
20612058,8095,0
20612061,13785,0
20612064,4349,0
20612089,8445,0
20612091,12168,0
20612094,9692,0
20612098,8799,0
20612103,7860,0
20612143,12308,0
20612152,15265,1
20612162,8356,0
20612171,7740,0
20612197,6974,0
20612199,8972,0
20612202,7667,0
20612210,7350,0
20612227,8995,0
20612267,6988,0
20612324,8849,0
20612326,7213,0
20612337,6569,0
20612342,8722,0
20612343,6303,1
20612346,7684,0
20612348,7151,0
20612356,8424,0
20612357,8501,0
20612358,8029,0
20612362,8405,0
20612363,8451,0
20612364,6417,0
20612380,7620,0
20612383,7597,0
20612443,7363,0
20612472,8253,0
20612484,6706,0
20612509,6818,0
20612522,8574,0
20612529,8355,0
20612536,8097,0
20612541,7905,0
20612552,7882,0
20612556,8185,0
20612558,7442,0
20612563,6651,0
20612589,7929,0
20612593,6715,0
20612600,6663,1
20612608,7548,0
20612723,7481,0
20612750,6411,0
20612760,7177,0
20612777,6994,0
20612780,6055,0
20612781,7682,0
20612786,9900,0
20612800,8094,0
20612801,7869,0
20612813,6998,0
20612856,6946,0
20612901,5785,0
20612922,6464,0
20612924,5136,0
20612929,7709,0
20612955,7250,0
20612970,6990,0
20612982,4159,0
20612989,7069,0
20612991,5805,0
20613010,1186,2
20613014,7148,0
20613096,7831,0
20613217,7229,0
20613234,6678,0
20613286,6559,0
20613291,7229,0
20613315,5850,0
20613397,6615,0
20613398,5860,0
20613400,5599,0
20613401,6968,0
20613403,6322,0
20613420,7002,0
20613422,6767,0
20613433,5854,0
20613434,6788,0
20613439,10441,0
20613440,18137,0
20613450,5029,0
20613471,5213,0
20613496,6406,0
20613512,8424,0
20613527,6025,0
20613569,8055,0
20613626,5662,0
20613676,6627,0
20613714,5390,0
20613726,5538,0
20613763,6791,0
20613775,5251,0
20613814,5874,0
20613829,5106,0
20613862,5222,0
20613910,5120,0
20613913,5873,0
20613939,5916,0
20613940,9486,0
20613949,5513,0
20613959,6553,0
20613964,9536,0
20613985,8186,0
20613986,5781,0
20613995,6136,0
20614088,4611,0
20614134,4726,0
20614266,11751,0
20614313,6300,0
20614316,6225,0
20614374,11848,0
20614406,7083,0
20614417,10761,0
20614427,8590,0
20614433,4960,0
20614449,7284,0
20614470,9559,0
20614478,9123,0
20614521,14385,0
20614599,6472,0
20614603,7619,0
20614643,6618,0
20614689,4390,0
20618348,4404,0
20618350,4680,0
20619034,6362,0
20619106,6979,0
20619492,8632,0
20619920,5150,0
20619926,6159,0
20620000,5039,0
20620055,8415,0
20620056,5889,0
20620058,5153,0
20620059,8338,0
20620061,5707,0
20620062,5508,0
20620063,5689,0
20620064,5637,0
20620066,5491,0
20620067,3453,0
20620068,4076,0
20620069,8061,0
20620070,7912,0
20620071,2981,0
20620072,4263,0
20620073,4049,0
20620076,8509,0
20620077,2188,0
20620078,8397,0
20620079,2715,0
20620080,3959,0
20620082,3328,0
20620083,3601,0
20620084,3305,0
20620085,3504,0
20620089,3687,0
20620090,4740,0
20620091,4372,1
20620092,3778,0
20620093,8740,0
20620094,4417,0
20620095,7764,0
20620096,5241,0
20620097,2468,1
20620098,1361,1
20620099,1683,0
20620100,7298,0
20620101,4400,0
20620102,3994,0
20620103,4062,0
20620104,4720,0
20620105,3306,0
20620106,3191,0
20620107,3471,1
20620108,5364,0
20620844,5142,0
20621890,4539,0
20621911,4411,0
20622484,4166,0
20622577,3644,1
20622591,4729,0
20623769,5459,0
20625646,5156,0
20625788,5164,0
20625991,6223,0
20627157,4207,0
20627523,5778,0
20628250,6557,0
20651565,6599,0
20654647,6759,0
20657084,12265,1
20658883,7596,0
20659609,5246,0
20659952,6705,0
20659955,7488,0
20660096,8537,0
20660483,8126,0
20660599,8601,0
20661492,8022,0
20662203,6997,0
20662390,6823,0
20662564,6963,0
20663005,6352,0
20663216,6964,0
20663491,6170,0
20663927,6183,0
20664078,5858,0
20664220,5695,0
20665151,6272,0
20665250,5591,0
20665326,5477,0
20665382,5719,0
20665390,5139,0
20665429,6121,0
20666220,5175,0
20666241,4831,0
20666332,5113,0
20666360,8786,0
20666673,5563,0
20666729,7736,0
20666966,4787,0
20667255,4774,0
20667303,4751,0
20668499,3645,0
20668727,4364,0
20668779,4394,0
20668935,7877,0
20668949,4215,0
20669051,8281,0
20669555,4913,0
20669608,4813,0
20670011,5181,0
20670246,8768,0
20670295,3878,0
20670610,4067,0
20670931,4046,0
20671076,3902,0
20671243,8062,0
20671294,4408,0
20671970,3638,0
20672457,6323,0
20672531,3376,0
20672745,4817,0
20672881,4120,0
20673011,5491,0
20673566,3324,0
20673675,3334,0
20673677,8736,0
20673713,2919,0
20674207,8741,0
20674590,3146,0
20674942,3631,0
20675214,3755,0
20675481,10444,0
20675603,2960,0
20675689,2681,0
20675797,8437,0
20676261,3236,0
20676362,2936,0
20676480,3623,0
20677578,3374,0
20677579,3332,0
20677600,3518,0
20677781,3512,0
20678010,3281,0
20678263,2478,0
20678413,4463,0
20678715,2613,0
20678861,3360,1
20678899,3895,0
20678927,3218,0
20678964,4517,0
20678976,3264,0
20678989,5520,0
20679164,7853,0
20679337,3324,1
20679420,4754,0
20679440,3724,0
20679648,8648,0
20679655,3632,0
20679656,3098,0
20679657,3693,0
20679756,3660,0
20679757,3273,0
20679786,4390,0
20679814,4433,0
20679829,4718,0
20679885,4335,0
20679969,4672,0
20686964,6555,0
20688126,4602,0
20688841,4408,0
20690253,3709,0
20693691,8045,1
20696314,5101,0
20696513,7299,0
20699726,4344,0
20706765,4115,0
20707657,4730,0
20709992,4301,0
20710271,4686,0
20712200,4972,0
20719002,5380,0
20719194,4842,0
20719979,5493,1
20723136,6615,0
20723661,6571,1
20726196,5483,0
20738442,5902,0
20741081,6426,0
20741126,6933,0
20741232,6736,0
20741491,6966,0
20741537,6219,0
20741640,6247,0
20742415,6201,0
20742677,6709,0
20743213,8801,0
20743995,5744,0
20744103,4917,0
20744281,5406,0
20744852,5489,0
20745227,4200,0
20745311,4406,0
20746190,4070,0
20746192,4043,0
20746333,6919,0
20746849,5062,0
20747011,8424,0
20747127,6235,0
20747164,3999,0
20748147,3540,0
20748258,8640,0
20748283,4398,0
20748318,25330,0
20748611,8393,0
20748940,3536,0
20749081,3836,0
20749593,4624,0
20749629,16301,0
20749995,3187,0
20749996,4217,0
20750500,6807,0
20751530,4279,0
20751784,5518,0
20752033,3688,0
20752296,3877,0
20752877,5911,1
20753099,6516,0
20753131,3218,0
20754217,9030,0
20755140,5490,0
20755902,7672,0
20755919,8438,0
20755963,8275,0
20756064,6913,0
20756065,3511,0
20756170,3159,0
20756248,10692,0
20756316,11965,0
20756327,4340,0
20756476,4018,0
20756519,5568,0
20756710,3525,0
20756769,18443,0
20756876,7057,1
20756880,5104,0
20756955,3325,0
20756956,5510,0
20756957,5853,0
20756958,4781,0
20756994,4956,0
20756995,4171,0
20756998,4247,0
20761121,5672,0
20762379,5155,0
20771893,4347,0
20775475,6982,0
20776617,6530,0
20778852,5228,0
20779817,4769,0
20780896,4446,0
20781912,4142,0
20783796,2559,0
20784199,3819,0
20784815,5111,0
20785648,3482,0
20786229,6857,0
20786479,3336,0
20786484,3364,0
20787933,3157,0
20788042,4268,0
20788283,8426,0
20789058,6788,0
20789529,3067,0
20789530,3450,0
20790012,4897,0
20790039,2475,0
20790064,2620,0
20790747,3774,0
20790748,3565,0
20790911,2550,0
20791223,2576,1
20791587,2236,1
20791942,3156,0
20791983,4702,0
20792104,3213,0
20792156,4344,0
20793297,8230,0
20793349,8263,0
20793384,8288,0
20793531,7711,0
20793565,7675,0
20793578,9130,0
20793950,9657,0
20793962,7114,0
20794283,7046,0
20794730,6656,0
20794904,6490,0
20795322,6266,0
20795378,6259,0
20795661,6052,0
20795994,5964,0
20795995,6944,0
20796068,6220,0
20796120,5851,0
20796132,5873,0
20796478,5617,0
20796585,5526,0
20796734,5314,0
20797155,5208,0
20797455,5130,0
20797489,5117,0
20797490,16328,0
20797508,4980,0
20797571,4962,0
20797684,5053,0
20797937,4868,0
20797988,4812,0
20798099,4809,0
20798171,4802,0
20798412,6461,0
20798730,4519,0
20798790,4482,0
20799061,4547,0
20799164,4436,0
20800056,4158,0
20800599,4047,0
20801525,3901,0
20801944,3737,0
20802885,6584,0
20803308,9856,0
20803401,3536,0
20804323,3643,0
20804325,3751,0
20804841,3653,0
20805071,3325,0
20805737,3353,0
20805893,8443,0
20805936,3289,0
20806009,3215,0
20806713,3241,0
20806899,4481,0
20807393,4708,0
20808521,4473,0
20808588,4340,0
20808862,6631,0
20809043,3137,0
20809561,3657,0
20809699,4817,0
20809757,4457,0
20809875,4425,0
20810074,3704,0
20811221,3357,0
20812544,7240,0
20812769,7325,0
20813064,7937,0
20813247,6958,0
20813475,8352,0
20813870,6718,0
20813899,6424,0
20815335,5701,0
20816502,5337,0
20817368,6517,0
20817851,4767,0
20817966,4558,0
20818015,4994,0
20818155,4314,0
20818298,8616,0
20819229,4070,0
20819287,4054,0
20819795,4171,0
20820090,3993,0
20821523,5480,0
20824839,8005,0
20825328,8058,0
20825486,7125,0
20825909,4400,0
20826212,4316,0
20826387,5032,0
20826640,4616,0
20826663,4316,0
20826726,4535,0
20826749,8724,0
20826775,4838,0
20826799,4319,0
20826847,4417,0
20826869,13231,0
20826914,10714,0
20826936,9860,0
20826941,9270,0
20826946,10019,0
20827103,9300,0
20827121,9218,0
20827146,9319,0
20827552,8051,0
20827574,8643,0
20827991,7020,0
20828093,7740,0
20828399,7465,0
20828465,13246,0
20828534,7331,0
20829223,11315,0
20829386,7060,0
20830406,6401,0
20830529,6422,0
20831325,6032,0
20831340,5941,0
20831781,4607,0
20832667,5723,0
20832994,5578,0
20833009,5586,0
20833459,4197,0
20835475,4833,0
20835579,5195,0
20835889,5016,0
20836356,4752,0
20836372,4977,0
20836411,4880,0
20836755,6012,0
20837134,4788,0
20837253,4199,0
20837449,4399,0
20837610,8748,0
20837683,3940,0
20838181,3956,0
20838545,10692,0
20839444,4037,0
20839546,4128,0
20839556,4203,0
20841508,3691,0
20841631,3829,0
20841645,3739,0
20841703,5655,0
20841704,3868,0
20841851,4546,0
20842474,6712,0
20842527,3535,0
20842528,7703,0
20843003,3490,0
20843079,5458,0
20843295,13313,0
20843651,3299,0
20843691,5288,0
20844394,3095,0
20844507,5108,0
20844707,3023,0
20845303,2665,0
20845838,7849,0
20846080,3499,1
20846169,7953,0
20846374,2542,0
20846509,4751,0
20846584,3417,0
20846655,5087,0
20847034,5650,0
20847260,6099,0
20847304,5082,0
20847328,8982,0
20847344,3883,0
20847349,3896,0
20847353,4588,0
20847364,5474,0
20847431,11555,0
20847517,9156,0
20847576,8822,0
20847906,7168,0
20848125,7204,0
20848953,6936,0
20848974,7137,0
20849066,7484,0
20849426,9911,0
20849725,6181,0
20849742,5345,0
20849775,5665,0
20849800,8964,0
20849833,7015,0
20849835,5986,0
20849877,6934,0
20849935,7095,0
20850338,5253,0
20850450,6808,0
20850536,6648,0
20850956,5164,0
20850976,8623,0
20851470,5547,0
20851471,5169,0
20851534,7589,0
20851933,8466,0
20853110,5792,0
20853358,5078,0
20853424,8066,0
20853531,4935,0
20853873,4071,0
20854275,4965,0
20855077,4234,0
20855197,5283,0
20855525,4195,0
20856574,4062,0
20856903,4484,0
20856955,10044,0
20856979,4775,0
20857380,4962,0
20857421,5594,0
20857478,8309,0
20857494,3503,0
20857541,4347,0
20857652,4538,0
20857653,8104,0
20858130,6971,0
20858610,4110,0
20858620,5746,0
20859061,8320,0
20859365,6201,0
20859487,10823,0
20859506,4605,0
20859524,4221,0
20859642,4560,0
20859716,4552,0
20859815,3728,0
20860019,4471,0
20860288,4984,0
20860375,4394,0
20860519,4234,0
20860591,4378,0
20861115,4277,0
20861128,4398,0
20861366,7506,0
20862524,4281,0
20863777,3232,0
20863778,2593,0
20864101,8201,0
20864393,3337,0
20864405,3715,0
20865465,8239,0
20866329,4390,0
20866580,4276,0
20866876,8551,0
20867840,4533,0
20868894,7913,0
20868895,7145,0
20869228,4276,0
20869521,5764,0
20869522,7708,0
20869984,4983,0
20870028,4530,0
20870296,3766,0
20870462,5338,0
20871181,3655,0
20871271,4313,0
20871399,3501,0
20871972,5125,0
20872436,7694,0
20872502,4244,0
20872737,4293,0
20872894,4569,0
20872932,8148,0
20872992,4589,0
20873204,7799,0
20873893,4136,0
20874272,5915,0
20874493,4520,0
20874728,6844,0
20874868,9874,0
20874981,4546,0
20875006,4423,0
20875047,4881,0
20875056,6056,0
20875163,9900,0
20875181,9490,0
20875182,9578,0
20875188,9525,0
20875192,9307,0
20875207,8790,0
20875236,8788,0
20875249,8390,0
20875272,8636,0
20875461,6537,0
20875493,7842,0
20875496,7808,0
20875565,7688,0
20875754,6926,0
20875759,7267,0
20875786,7307,0
20875832,6644,0
20875863,6752,0
20875904,6987,0
20875992,7556,0
20876021,6632,0
20876034,6984,0
20876049,8814,0
20876091,6731,0
20876174,6590,0
20876393,6554,1
20876446,6434,0
20876453,7330,0
20876588,6262,0
20876653,6218,0
20876813,11671,0
20876841,6250,0
20876912,6175,0
20876954,15195,0
20876982,6051,0
20876995,4780,0
20877413,5666,0
20877458,5499,0
20877685,5467,0
20877717,5526,0
20877718,4143,0
20877756,5433,0
20877808,6211,0
20877855,5318,0
20877877,5403,0
20877915,5590,0
20877916,5325,0
20878008,5146,0
20878228,4530,0
20878285,10055,0
20878293,5141,0
20878300,5146,0
20878384,5002,0
20878420,4936,0
20878421,4919,0
20878692,4795,0
20878706,4602,0
20878758,8772,0
20878899,4647,0
20879232,4405,0
20879426,4777,0
20879537,4454,0
20879598,8744,0
20879864,15813,0
20879908,4273,0
20880019,4105,0
20880080,4082,0
20880116,4162,0
20880302,3887,0
20880750,3311,1
20881303,3910,0
20881898,3236,0
20882173,7398,0
20882273,5498,0
20882782,3521,0
20882844,3341,0
20882845,4731,0
20883024,10815,0
20883073,6639,0
20883081,4423,1
20883088,3700,0
20883378,5215,0
20883465,3336,0
20883607,6608,0
20883801,2623,0
20884011,8420,0
20884090,3924,0
20884186,5227,0
20884385,3045,0
20884403,5540,0
20884785,2938,0
20884793,5910,0
20884829,2928,0
20884842,2890,0
20884903,4655,0
20884904,3269,0
20884943,10463,0
20885020,5460,0
20885021,2677,0
20885067,2001,0
20885120,4415,0
20885268,5141,0
20885322,7453,0
20885347,2598,1
20885376,4121,0
20885377,4953,0
20885551,3137,0
20885552,4806,0
20885617,4654,0
20885677,3715,1
20885992,3329,0
20886039,8561,0
20886097,2923,0
20886138,6551,0
20886139,4033,0
20886181,5475,0
20886275,2263,0
20886345,2225,0
20886371,3189,0
20886456,8442,0
20886505,2523,1
20886605,3448,0
20886606,4268,0
20886662,3164,0
20886663,4140,0
20886700,2293,0
20886709,3055,1
20886732,2685,0
20886819,3668,0
20886832,2622,1
20886858,3249,0
20886859,4030,0
20886889,8069,1
20886890,3498,0
20886933,7504,0
20886985,2825,1
20886986,3318,0
20887017,7940,0
20887030,4202,0
3012393,4,9
3005804,15357,0
3092100,12899,0
3092101,13549,0
3092102,15,9
3092104,\N,9
3002856,12594,0
3092105,11,8
3092106,3,8
3092107,\N,9
3003148,8,8
3005816,9339,0
3092109,11,9
3005818,7232,0
3092111,3,8
3005831,6,6
3005851,11607,0
3092112,\N,9
3092113,5,8
3005864,33,7
3092114,5,6
3092115,3,8
3005871,10245,0
3092117,\N,9
3005874,12,6
3005877,1,8
3005896,8400,1
3092118,3,7
3092119,11750,0
3092120,8432,1
3012399,6919,0
3092121,12,8
3005920,1,8
3092122,4,8
3092123,3,8
3092124,9496,2
3092125,2,7
3005942,26,8
3005943,8977,0
3092127,2,8
3092128,11009,1
3092129,2,9
3092130,13,8
3092131,\N,9
3005969,11345,0
3092132,10977,2
3092133,\N,9
3092134,7,8
3005973,11333,0
3092135,3,9
3092136,8,9
3006176,5,8
3007932,56,6
3092138,10607,0
3007722,6180,0
3006207,11051,0
3007950,7,7
3092139,1,9
3092140,7479,2
3092141,23,7
3008008,5138,0
3008064,33,7
3008028,8,7
3092142,9530,0
3092143,10,8
3008362,8785,0
3008375,10,9
3008376,10328,0
3092144,10192,0
3092146,9,8
3092147,10114,0
3009014,63,5
3009026,5,6
3009067,66,6
3009117,23,8
3092151,7,9
3092152,6212,0
3092153,7316,2
3092154,9154,0
3092155,1,9
3092156,3,9
3009542,2984,0
3009717,10204,0
3009749,2,6
3092157,21,8
3092158,6234,0
3010077,22,7
3092160,9850,0
3010346,3667,1
3010679,10305,0
3010682,9955,0
3010396,3,8
3092161,23,8
3007490,10355,0
3010734,21,7
3092162,14,8
3092163,13,8
3092164,10,8
3092165,6942,0
3092166,15,9
3007574,8420,0
3007859,9530,0
3007642,8430,0
3092168,8656,0
3092169,5,9
3011167,8595,0
3007925,6,7
3007053,1,7
3092170,3,8
3092171,10,8
3184472,1,9
3092172,3,9
3011573,562,2
3012991,9184,0
3011965,8726,0
3012996,39,7
3092174,9383,0
3013024,10069,0
3092175,32,7
3092176,7,8
3013039,18,8
54179903,1,9
3092181,6225,0
3092182,28,7
3013623,10071,0
3092184,6,9
3013061,8,8
3012392,9472,2
3013645,9501,0
3013648,8972,0
3013651,9,8
3013658,4,8
3092186,9185,0
3014153,1489,0
3014162,57,7
3092188,7,9
3013664,9772,0
3014781,58,6
3092193,24,7
3014110,9915,1
3014184,7302,0
3014112,125,6
3092194,9570,0
3015796,7815,0
3015823,9311,0
3092196,11,9
3092197,7336,0
3014683,7704,0
3092198,10,9
3092199,9184,0
3015692,7392,0
3092201,9881,0
3015694,8047,0
3092202,12,8
3092203,8088,0
3015695,9147,0
3092205,7684,0
3092206,9160,0
3016524,10,8
3064315,1926,2
3017307,8977,0
3017308,11,9
3017309,9927,1
3092212,24,7
3092213,21,8
3018330,6,8
3017729,24,6
3019075,7788,0
3019077,56,6
3092214,9507,0
3092215,8071,0
3019624,7317,0
3019079,6,7
3092216,4,9
3018335,7084,0
3019631,9849,0
3092217,9720,0
3019083,239,6
3092220,9819,0
3092221,5,9
3020950,1564,0
3020976,20,7
3092224,16,8
3092225,28,7
3019646,9462,0
3092227,8727,0
3019647,6,9
3092228,3,9
3022007,7673,0
3092229,8420,0
3022013,1944,1
3022026,9490,0
3023165,56,7
3023021,61,6
3022995,5899,0
3092231,9035,1
3023018,3057,0
3022933,14,8
3023012,9514,0
3022035,7033,0
3022935,16,8
3092232,10,8
3023064,67,6
3024682,8417,0
3023213,9632,0
3022970,7691,0
3022971,8388,0
3023157,5,5
3024692,9577,0
3024695,8356,0
3024696,3672,1
54402375,8938,0
3023216,7,9
3092234,13,9
3022973,6,5
3022972,11,8
3022974,7170,0
3092235,19,8
3023285,6,7
3092236,8087,0
3092237,8738,0
3022975,4869,0
3092238,4,9
3092239,7312,0
3092241,8,9
3092242,3,9
3092243,3,9
3092244,3,8
3092245,3,7
3024030,5,7
3024715,88,5
3024714,8088,0
3092247,16,9
3025760,71,6
3025766,6943,0
3029456,4290,0
3026912,7,5
3029650,8907,1
3029651,7742,0
3092248,7459,1
3029670,10765,0
3031701,5499,0
3092249,4,8
3031751,4466,1
3028805,8646,0
3034813,9088,0
3028806,39,8
3031776,6523,0
3028810,9537,0
3031172,6836,1
3031814,5,7
3031176,8041,1
3092253,7358,1
3031184,8437,0
3092255,19,8
3035165,9520,0
54506152,1,9
3036128,9422,0
3036140,7950,0
3092257,8434,0
3092258,6965,1
3036336,8883,0
3092259,6245,0
3076412,5056,0
3036363,6264,0
3092260,7335,0
3092261,8066,0
3035245,5,9
3092262,3,8
3035252,7335,0
3042552,6306,1
3043880,1070,1
3043885,7646,0
3092264,7655,2
3092266,12,9
3038472,9141,0
3042555,3,6
3193003,9390,1
3046647,74,6
3046648,759,2
3092267,2,9
3046843,7711,0
3047101,8541,0
3046120,31,7
3092268,6,8
3092269,7680,0
3053778,7469,0
3046124,8209,0
3046125,7800,0
3092270,5,7
3054041,4462,0
3065692,9177,0
3065636,92,5
3067537,91,5
3092271,4,9
3061255,2749,0
3065556,8478,0
3046149,3478,1
3067545,87,6
3092273,28,7
3067559,72,7
3063594,6227,0
3063595,8412,0
3061702,4783,0
3066079,69,6
3050514,5484,0
3061707,61,6
3061726,88,5
3061746,8545,1
3061790,1458,1
3067565,66,8
3061794,8452,0
3054334,2,8
3054338,8,7
3062448,83,6
3054374,507,3
3067588,5139,0
3067589,6405,0
3067590,67,6
3050517,7915,0
3062723,8844,0
3054373,5435,1
3063789,33,6
3068617,6226,0
3054375,52,7
3065518,9088,0
3092274,4,9
3063058,8850,0
3092275,4,8
3092276,4,9
3063064,15,8
3092277,3,9
3070712,65,7
3076549,8811,0
3063080,16,7
3071222,59,6
3065540,8862,0
3092278,24,7
3057546,21,7
3072800,7345,0
3092279,22,7
3070547,12,8
3092280,26,7
3092281,9148,0
3057549,4028,0
3069008,8540,0
3065184,6347,0
3067492,8435,2
3069224,4948,0
3067828,4834,0
3076813,713,2
3092284,8769,0
3070723,4827,0
3068066,40,6
3071939,6967,0
3072969,62,6
3072545,9638,0
3092285,8763,0
3092286,2,8
3072405,8575,1
3092287,1,9
3092288,2,9
3092289,2,9
3069758,2213,1
3070801,7751,0
3076609,60,6
3076610,8752,0
3076622,58,5
3070749,3,8
3070541,9154,0
3071762,9160,0
3072196,5,6
3078275,210,4
3092292,12,9
3092293,4,9
3071766,6246,0
3092294,21,7
3071767,9136,0
3072273,7,3
3071769,8300,0
3092295,18,7
3076737,9144,0
54509645,2,9
3072291,19,6
3076747,9134,0
3076772,13,9
3076773,8624,0
3092296,4,7
3076774,7157,0
3074752,3850,0
3078253,6973,0
3074753,4046,0
3077082,6020,0
3092297,6234,1
3092298,4,9
3076783,59,6
3076784,8652,0
3076812,7475,0
3076899,8422,0
3092299,5,8
54221661,7683,0
3077026,6741,0
3092300,8440,0
3076814,6781,0
3079018,2116,1
3077854,4,7
3092301,19,8
3078262,8050,0
3079888,8563,0
3079905,68,6
3092303,13,8
3079913,7354,0
3092304,71,6
3080816,5919,0
3092305,8916,0
3091293,3148,1
3079950,6616,0
3080986,7704,0
3079958,736,1
3081029,5176,0
3080778,7996,0
3092306,58,7
3080850,7,8
3091694,57,6
3091713,6660,0
3091716,7229,1
3091723,2082,1
3091724,30,7
3091760,15,8
3091784,6655,0
3091894,8532,0
3092308,10,8
3091895,6999,0
3081292,25,6
3091994,26,7
3080637,7316,1
3092068,8978,0
3092069,8462,0
3092312,8027,0
3092313,7915,0
3092314,2447,1
3080993,26,8
3092315,8209,1
3092076,2579,1
3092316,13,8
3092085,8961,0
3092092,34,7
3092319,33,7
3082922,6246,0
3092326,6588,0
3092356,119,4
3092327,7891,0
3092328,8471,0
3082923,7123,0
3092358,10017,1
3092330,4190,0
3092331,5,8
3092332,34,7
3092333,23,8
3092334,6231,0
3092337,1865,0
3092338,7348,0
3082928,7,5
3092363,6261,0
3459879,8119,1
3092365,6580,0
3082930,918,1
3082929,8307,0
3092341,8035,1
3092096,2,8
3092342,8857,0
3092343,5,9
54509646,2,9
54506153,1,9
3092345,6737,0
3092346,3,8
3092369,5152,0
3092347,8,4
3092372,40,6
3092374,4194,0
3092375,38,7
3092381,6529,0
3092384,7856,0
3092385,8602,0
3092387,6,9
3092389,2,8
3092390,4,3
3092391,7551,0
3092393,13,8
3092395,8048,0
3092397,6,9
3092398,23,8
3092400,19,8
3092402,30,8
3092403,8359,0
3092404,8426,0
3092408,1,9
3092406,2,7
3092413,4562,1
3092414,1,8
3092415,3,9
3092417,5519,0
3092418,19,7
3092496,6299,0
3092478,5862,0
3092419,7,9
3092474,7146,0
3092475,2,8
3092476,7,7
3092477,8088,0
3092479,8441,0
3092480,6012,0
3092483,5,9
3092484,4,8
3092487,9,9
3092490,4785,0
3092493,6,9
3092515,24,8
3092499,3,8
3092504,1233,1
3092506,1,6
3092508,5173,0
3092516,28,7
3092517,6232,0
3092519,4,8
3092520,12,9
3092521,6227,0
3092522,1814,0
3102665,6218,0
3102670,1,9
3102668,8435,1
3102669,5129,0
3102674,6229,0
3102681,5,7
3102683,388,1
3102686,5197,1
3102688,11,9
3102694,7448,0
3102695,8861,1
3102697,26,7
3102699,5,8
3102700,8766,0
3102701,73,5
3102702,62,6
3102703,5483,1
3102704,2,9
3102705,7,8
3102706,58,6
3102708,8054,0
3102709,21,8
3102710,24,8
3102713,1455,0
3102714,4,9
3102715,12136,0
3102716,7119,0
3102717,7830,0
3102734,6606,0
3102719,11,7
3102761,8423,0
3102724,1283,0
3102728,8801,0
3102729,35,7
3102730,6273,0
3102731,7274,0
3102739,8029,0
3102738,5352,0
3102741,7830,0
3102742,8038,0
3102743,8420,0
3102752,7333,0
3102756,5114,2
3102758,998,2
3102762,736,0
3102766,11,9
3102767,5,9
3102764,2357,0
3102770,111,5
3102771,8,7
3102774,7699,3
3102777,1,9
3102776,8664,0
3102778,2,9
3102780,1220,0
3102782,10636,1
3102783,47,6
3102784,7315,0
3102785,5500,0
3102786,1829,0
3114012,8354,1
3114014,6957,0
3114020,1432,1
3114018,8461,0
3114022,7,9
3114023,14,7
3114026,7,7
3114028,7980,0
3114030,5842,1
3114032,4,9
3114033,4,9
3114034,6211,1
3114037,83,5
3114051,20,9
3114052,4583,1
3114056,5258,0
3114073,1090,0
3114074,48,9
3114075,34,6
3114077,60,6
3114105,9,8
3114106,50,7
3117412,58,6
3117413,1465,2
3117418,7867,0
3117424,6958,0
3117427,25,5
3117428,5134,0
3117430,5518,0
3117429,4937,0
3117432,87,5
3117433,5664,1
3117434,13,8
3117435,4421,0
3117436,10,8
3117439,34,6
3157486,8370,0
3117441,2,7
3117446,21,8
3117458,8413,0
3117459,2949,0
3117460,7310,0
3117461,34,7
3117467,5,9
54133139,8404,0
3120863,7,7
3120862,48,6
3120867,96,6
3120869,1,8
3120870,6,8
3120885,7,9
3120886,701,1
3120888,58,6
3120893,84,5
3120891,21,8
3120892,7846,0
3120896,8610,0
3120902,8048,0
3120904,8556,0
3124998,6421,1
3125002,6120,0
3125005,7066,0
3125007,12,8
3126182,1153,0
3126183,6287,0
3126226,6437,0
3127232,31,7
3127385,3996,0
3127387,7,7
3127389,1302,2
3127391,5124,0
3127392,6795,0
3127393,1132,1
3127399,7,7
3127400,114,6
3127403,8424,0
3127408,10,7
3709286,6941,0
3127411,8051,0
3127412,18,8
3127413,6238,0
3130457,8141,0
3130460,8048,0
3130461,4197,0
3130462,31,7
3130464,6,8
3131063,1099,0
3484142,5893,0
3132091,6955,0
3132126,7335,0
3132127,249,2
3132128,88,6
3132507,2717,1
3132508,7283,0
3132510,125,5
3132512,7387,0
3132513,37,7
3132515,59,6
3132516,40,7
3132517,145,5
3132520,4,8
3133153,3092,0
54444003,20,7
3133157,7991,0
3134255,114,6
3134259,5831,1
3137689,1948,1
3134277,5343,0
3134261,4792,0
3134262,4023,0
3134269,90,7
3134274,15,8
3134279,8038,2
3134280,17,9
3136724,8081,0
3136725,7315,0
3136727,7054,0
3136726,5491,0
3136729,6967,0
3136730,2,9
3137829,39,6
3136733,6992,0
3137721,7708,0
3137725,176,5
3137727,7331,0
3137731,7,8
3137732,4,8
3137734,29,7
3137735,6968,2
3137736,26,6
3137737,4,9
3137738,7684,1
3137739,7124,0
3137744,10,9
3137844,23,3
3137845,7,8
3137846,40,7
3137848,34,6
3137850,8489,0
3137853,4,9
3137852,6429,0
3137851,7506,0
3137854,7096,0
3137864,5067,0
3137865,8597,0
3141523,57,6
3141525,7664,0
3141528,14,7
3141532,38,6
3141533,39,6
3141531,1479,2
3141536,28,8
3141537,84,6
3141539,9,8
3143112,8384,0
3143094,6603,0
3143081,8070,0
3143082,3,8
3143084,1942,2
3143085,22,8
3143086,16,8
3143089,8203,0
3143090,78,5
3143095,6578,0
3143110,5195,0
3143117,8369,0
3143120,7119,0
3143121,6975,0
3143141,91,5
3144143,28,7
3144144,8457,0
3144145,6979,0
3144148,5849,1
3144150,131,6
3144152,55,6
3144154,1,9
3144508,49,6
3144510,18,8
3144511,2,9
3144513,49,7
3144518,6200,2
3144521,5868,0
3144531,16,7
3144532,8815,0
3145495,19,8
3145497,64,5
3145502,8440,0
3145504,4,9
3145506,7,8
3145507,30,6
3145510,87,6
3145515,6695,0
3145519,2408,1
3145520,5857,0
3146499,8407,0
3146500,3,8
3146501,13,8
3146503,8425,0
3147006,6,9
3147312,8214,0
3147314,7677,0
3147315,7356,0
3147323,7457,0
3147542,46,7
3147545,11,8
3147547,11,8
3147550,2,9
3147552,89,5
3147555,9126,0
3147556,2,9
3147579,5485,0
3147580,7944,0
3147581,1657,0
3147586,1652,0
3148443,7,8
3148445,1136,0
3150188,8366,0
3150189,7137,0
3150190,8,7
3150191,161,5
3150193,5,6
3150194,8428,0
3150196,6973,0
54166393,1,9
3150768,8,5
3150769,6930,0
3150771,7995,0
3150772,6607,0
3150775,21,7
3150776,8409,0
3150778,13,8
3151442,40,6
3151443,13,8
3151641,7,8
3151644,8401,0
3151645,26,7
3151646,7,8
3151652,5978,0
3151655,7332,0
3152305,5,8
3152307,20,8
3152333,8183,0
3152311,8388,0
3152313,3,8
3152314,8052,0
3152315,6629,0
3152316,93,5
3152317,8058,0
3152318,8374,0
3152319,6581,0
54271398,6934,1
3152320,1430,1
3152321,1004,1
3152322,6,7
3152323,21,8
3153509,8053,0
3153510,8391,0
3153514,3,7
3153516,8162,0
3153517,8283,0
3153530,12,6
3154349,2,8
3154350,4,8
3154351,29,8
3154352,6,8
3154487,6752,0
3154491,2,7
3154492,30,7
3154493,7488,0
3154494,6636,0
3154495,109,5
3154507,14,7
3154511,2570,1
3154520,59,5
3154521,12,8
3154522,6572,0
3156302,6923,0
3157017,1,8
3157020,3488,0
3157021,36,6
3157022,6896,0
3157028,7155,0
3157031,6991,0
3157332,8144,0
3157334,1068,1
3157333,7473,0
3157340,8120,0
3157483,6189,0
3157489,6873,0
3157768,83,6
3157783,87,5
3158115,66,5
3158116,9,8
3158118,6321,0
3158119,27,7
3158120,3101,0
3158121,6615,0
3158122,3,4
3158126,8087,0
3158140,3789,0
3159882,7019,0
3159886,5110,0
3159888,46,6
3159889,15,8
3159890,17,8
3159894,6912,0
3160723,3,3
3160724,4758,0
3160726,9,7
3160727,3143,0
3160728,3144,0
3160732,9222,1
3160733,36,6
3160734,7,8
3160735,93,6
3160737,7516,0
3160747,7,5
3160741,6028,0
3160742,8039,0
3160745,37,7
3160748,8,5
3160783,32,7
3160785,5673,0
3160787,4259,1
3160791,34,6
3160790,8150,0
3160789,7852,0
3160795,6,9
3160793,32,6
3160792,6637,0
3160794,2,8
3160797,81,6
3160841,4,7
3160846,5518,0
3160847,83,6
3160848,4510,0
3160853,7323,0
3160852,25,4
3160850,6628,0
3163738,5440,0
3163739,7695,0
3163740,13,8
3163741,8092,0
3163762,6689,0
3163743,1,9
3163744,6261,0
3163745,7747,0
3163746,8058,0
3163747,33,7
3163749,44,7
3163748,7148,0
3163751,43,7
3163752,6,9
3163754,13,9
3163759,5236,0
3163758,5,8
3163757,9,8
3164401,7323,1
3164402,1548,0
3164405,6,8
3164406,6968,0
3164408,13,8
3164410,6241,0
3164411,7320,0
3164412,735,2
3164413,12,8
3164414,11,8
3164415,\N,9
3164416,6613,0
3164417,7,8
3164431,1,8
3165472,6990,0
3166087,10,7
3167340,6978,0
3167343,7676,0
3167345,6207,1
3167346,18,7
3167348,6943,0
3167355,35,7
3167358,23,8
3167363,5527,0
3167365,4,7
3167364,6220,0
3167366,7968,0
3167367,2,6
3167368,7140,0
3167369,18,8
3167371,162,5
3169265,4669,0
3169271,3112,0
3169269,3,9
3169270,6247,0
3169272,2927,0
3169273,1,7
3169274,4,7
3170235,10,8
3170228,7674,0
3170238,12,8
3170212,56,6
3170213,23,7
3170242,6213,1
3170244,27,7
3170247,5517,0
3170215,6413,0
3170216,25,7
3170204,6228,0
3170218,30,7
3170245,5,5
3170225,22,8
3170226,11,8
3170221,467,1
3170237,2,7
3170205,15,8
3170231,8114,0
3170208,4,7
3170209,7265,0
3170210,8083,0
3170232,6195,0
3170233,26,4
3172312,16,8
3172313,5708,0
3172316,4791,1
3172317,17,8
3172322,28,7
3172325,35,7
3172327,7333,1
3172328,2572,4
3172329,29,6
3172331,7172,0
3172332,30,6
3172333,105,5
3172334,27,7
3174192,6954,0
3174184,4302,0
3174186,7,8
3174187,6229,0
3174190,7029,0
3174196,5853,0
3174197,4,9
3174198,21,8
3174201,34,7
3174202,7906,0
3174205,1,9
54506155,2,9
3174211,5,8
3174214,16,8
3174215,1775,1
3175324,12,7
3175325,10,8
3175326,3117,0
3175327,1548,1
3175328,340,2
3175334,6388,0
3175335,4,9
3175336,3,9
3176186,1321,0
3176187,1,7
3177177,7310,0
3177178,103,5
3177193,2,7
3177197,10,7
3177200,2039,1
3177201,5142,0
3177191,9,7
3177198,1090,2
3177199,6593,0
3177202,6184,1
3177204,5388,0
3177205,2,9
3177206,2,8
3177208,7309,0
3177210,11,9
3177211,6054,0
3177212,11,8
3177213,12,9
3177214,121,6
3177216,4,8
3177218,3,8
3177219,6997,0
3177220,6,7
3177223,6408,0
3177224,1,7
3177225,7,8
3177227,7855,0
3177229,57,7
3177230,7671,0
3177232,2,7
3177233,11,7
3177235,2,8
3177237,57,6
3177238,15,7
3249978,\N,9
3179347,6978,0
3179348,11,7
3179352,45,6
3179353,20,7
3179354,12,8
3179358,7,8
3179359,21,8
3179360,10,8
3179362,2,8
3179364,16,7
3179361,1,7
3179365,1,7
3179366,6031,0
3180145,1098,0
3180146,6,9
3180147,30,6
3180149,20,8
3180152,7894,0
3180153,13,8
3180156,9,7
3180176,4,8
3180179,6,8
3180180,7995,0
3180181,91,6
3180182,20,7
3180183,5661,0
3180184,4726,0
3180185,3,9
3180186,6930,0
3180192,1,7
3182164,29,7
3182174,21,8
3182169,6244,0
3182170,19,8
3182171,4579,0
3182173,8710,0
3182180,9,8
3182181,7679,0
3182183,2,7
3182184,3,9
3182185,2,9
3182188,6378,0
3182189,7875,1
3182820,2,8
3182822,1025,1
3182823,7017,0
3182826,24,7
3182828,5629,1
3182830,10,9
3182831,3,8
3182832,6,7
3183834,5120,0
3183835,7,8
3183840,1079,0
3183841,3,8
3183842,9,7
3183844,4,8
3183846,32,6
3183847,4,7
3183850,1,9
3183851,6455,1
3183852,7681,0
3183853,41,7
3183855,14,8
3184150,15,7
3184152,1,9
3184153,2,9
3184154,7,8
3184156,1,7
3184157,21,8
3184158,4,9
3184160,5321,0
3184470,7880,0
3184473,32,7
3184474,2937,1
3184478,7263,0
3184479,26,7
3248660,11,8
3248669,7,8
3248670,6,8
3248672,4427,0
3248699,4,8
3248865,4842,0
3248972,6817,0
3249035,70,7
3249142,5294,1
3249181,1,7
3249182,3799,0
3249183,30,7
3249184,31,7
3249232,7707,0
3249348,3,7
3249531,7,8
3249532,7718,1
3249705,13,8
3249704,58,6
3249785,30,7
3249864,5729,0
3249865,31,7
3249983,17,8
3249980,13,8
3249982,6057,0
3250108,3,8
3250109,47,6
3250110,5,9
3250193,6,9
3250194,2,8
3250196,41,6
3250293,10,5
3250294,8,8
3251424,7474,0
3251425,11,8
3251444,7005,0
3251448,72,3
3251517,6722,0
3251513,5700,0
3251515,70,6
3251516,28,8
3251589,2044,1
3251590,9,8
3251712,5708,0
3251885,75,5
3251886,6712,0
3251887,1,7
3251889,5617,0
3252103,5,8
3252104,5842,0
3252105,25,8
3252344,59,6
3252345,25,7
3252347,7330,0
3252348,57,6
3252349,3118,0
3252350,91,5
3252570,51,6
3252572,2,8
3252915,6,9
3252917,2788,1
3754553,11,8
3253149,1,8
3253150,17,7
3253151,4817,0
3253643,5,8
3253644,10479,0
3253645,5118,1
3254259,16,8
3254498,17,9
3254920,7565,0
3254921,2,9
3255169,2,7
3255170,2,9
3255171,1,8
3255172,1,9
3255174,1,8
3255328,81,6
3255465,2167,1
3255879,4737,1
3255979,30,6
3256043,7688,0
3256319,5315,0
3256321,5466,0
3256322,4270,0
3256323,7831,0
3256326,1,8
3256328,4787,1
3256425,4461,0
3256426,12,8
3256427,31,7
3256581,45,7
3256583,7,9
3256739,7150,1
3257024,8,8
3257025,35,7
3257026,37,6
3257077,3,7
3257078,6966,0
3257080,7444,0
3257091,6271,0
3257201,48,6
3258062,1,6
3258075,6990,0
3258076,6579,0
3260293,7203,0
3261398,6207,0
3261400,2,8
3261401,3,7
3261680,17,9
3261681,4052,1
3261768,7795,0
3261769,6946,0
3261919,3,7
3262243,40,7
3262244,5167,0
3262409,18,8
3262569,3,7
3262691,7652,0
3262792,6217,1
3263232,7373,1
3263233,13,7
3263234,2,7
3263235,7309,0
3263252,6,8
3263254,6763,0
3263336,39,7
3263414,6947,0
3263415,6769,0
3263448,4758,0
3263533,157,5
3263535,6266,0
3263536,5529,0
3263538,1268,0
3263539,27,7
3263540,5486,0
3263615,1101,1
3263613,19,8
3263616,21,7
3263660,1410,0
3263661,3,7
3263662,7109,0
3263791,9,9
3263792,5,8
3264085,6,8
3264086,2,9
3264188,4,6
3264189,9,8
3264190,19,8
3264224,2,9
3264225,6755,0
3264323,3149,1
3264324,14,8
3264322,4840,0
3264547,13,8
3264549,1,8
3264722,44,6
3265390,9,8
3265391,14,8
3265469,8,9
3265470,33,7
3265791,3,9
3265792,5899,1
3265824,6370,0
3265904,3,8
3265906,6482,0
3265908,3,8
3266031,2,7
3266032,1,9
3266033,1,8
3266034,18,8
3266177,3,8
3266178,8442,0
3266179,1,9
3266180,7712,0
54219798,6249,0
3266506,6963,0
3266944,6,7
3267071,3,7
3267067,4,8
3267065,2076,1
3267144,9,8
3267202,6,9
3267312,4,8
3267204,5,8
3267313,54,6
3267343,8,8
3267370,10,9
3267403,4272,0
3267405,4749,2
3267564,5,5
3267565,5,9
3267783,2937,0
3273445,149,6
3273446,7187,0
3273453,6680,0
3273458,3,9
3273459,4,8
3273482,4,9
3273481,100,2
3273495,2,9
3273522,12,9
3273523,6951,0
3273524,26,8
3273785,2,9
3273784,2,8
3273786,6960,0
3273789,43,7
3273790,5463,0
3273787,11,7
3273783,24,8
3273791,3,9
3273833,2,8
3273967,4027,0
3273968,31,7
3273969,2,9
3273970,24,7
3273971,7166,0
3273972,2,9
3274163,22,7
3274164,3839,2
3274165,21,8
3274166,6957,1
3274167,5,8
3274302,6368,0
3274303,7,8
3274304,6733,0
3274305,23,7
3274489,7538,0
3274491,3,9
54506156,5,9
3274493,8,5
3274691,8,6
3274690,78,5
3274693,6950,0
3274696,1,8
3274695,5639,0
3274905,1,5
3274999,5898,0
3275203,3290,0
3275508,5857,0
3275506,64,6
3275511,1,8
3275512,7905,0
3275513,42,6
3275514,5145,0
3275673,1102,1
3275973,4019,1
3275974,4,7
3275976,12,8
3275977,1,9
3275978,4737,0
3276097,6,7
3276216,6257,0
3276397,2388,0
3276439,115,6
3276440,2,8
3276441,24,7
3276443,2,9
3276444,5613,0
3276446,2,9
3276600,2,8
3276686,4,7
3276917,5,9
3276997,51,6
3276999,3441,0
3277069,14,7
3277463,77,5
3277464,11,9
3277568,64,6
3277569,6,7
3277570,2762,0
3277571,6,7
3277639,2,9
3277640,6052,0
3277704,7512,0
3277815,7,8
3277897,1,8
3277999,3,9
3278000,4757,0
3278002,56,6
3278080,6237,0
3278078,6751,0
3278181,38,7
3278182,3,7
3278321,7348,0
3278402,3646,0
3278744,6222,1
3278966,24,8
3279191,4770,0
3279221,6744,0
3279270,7,7
3279271,186,5
3279375,4,7
3279376,7323,0
3279436,3,7
3279435,4698,0
3279609,7076,0
3279676,22,8
3279740,5844,1
3283184,4772,1
3279827,20,8
3279865,1135,0
3279866,5,7
3279958,97,5
3279998,1964,1
3283217,4,8
3283218,6586,1
3283219,7071,0
3283227,6941,0
3283245,19,7
3283246,5846,0
3283248,6120,0
3283250,7117,0
3283445,9,8
3283480,55,6
3283520,3,8
3283571,3364,1
3283679,5116,1
3283780,13,8
3283781,6315,0
3283897,1,9
3283898,6808,0
3283947,8,8
3283948,3,7
3283950,6219,0
3284922,4723,0
3284923,7284,0
3285074,858,1
3285075,87,5
3285183,4,9
3285184,10,8
3285304,4080,0
3285299,3815,0
3285302,43,7
3285300,5978,0
3285301,6,6
3285298,74,6
3288433,4824,0
3288440,6241,0
3288478,4191,1
3288605,41,6
3288622,5196,0
3288788,6980,0
3288853,6712,0
3288854,6928,0
3288931,6918,0
3288933,9,4
3288934,5957,0
3289053,54,5
3289054,7499,0
3289125,1,9
3289126,7469,0
3289172,29,5
3289173,6204,0
3289174,53,6
3289175,6302,0
3289176,3281,1
3289740,5258,0
3289742,3141,0
3290340,91,5
3291164,103,5
3289177,13,8
3289178,4792,0
3289351,7,8
3289743,5299,0
3289744,141,5
3289739,6920,1
3289745,68,6
3289746,5235,0
3289928,24,8
3289929,6217,0
3290081,46,6
3290407,4754,1
3290632,5927,0
3290808,6762,0
3290809,7407,0
3290856,6166,0
3290880,7163,0
3291099,14,8
3291100,20,8
3291101,30,6
3291103,14,8
3291165,29,7
3291167,89,5
3291168,27,7
3291169,3428,0
3291170,6682,0
3291224,6220,0
3291225,29,7
3291227,4,9
3291298,16,8
3291347,7087,0
3291349,8,8
3291350,5818,0
3291351,21,7
3291352,3,7
3292013,7,8
3292014,28,7
3292011,65,6
3292015,4,6
3292017,6,9
3292018,14,8
3292019,6,9
3292020,4173,0
3292344,49,6
3292261,6,8
3292262,22,7
3292263,2485,0
3292264,26,7
3292345,6206,0
3292347,2719,0
3292767,4,9
3292769,6229,0
3293285,3774,0
3293282,25,6
3293284,5,8
3293788,1535,1
3293789,1589,1
3293790,2,5
3293827,6580,0
3293830,12,5
3293831,4389,2
3293832,12967,0
3293921,26,7
3293922,5849,0
3293923,4,8
3293924,\N,9
3293925,896,1
3293961,1,7
3293962,3,7
3293969,6404,0
3303216,2,9
3295779,5146,0
3295781,4082,0
3295782,1,7
3295783,72,6
3295784,30,6
3295786,6810,0
3295787,5,7
3295789,7266,0
3295790,6,9
3295791,19,8
3297180,7451,1
3297182,2,6
3297183,4825,0
3297184,4022,0
3297186,6267,0
3297188,19,7
3297202,18,9
3297203,6260,0
3297204,12,8
3297205,4,8
3297230,5863,0
3297231,5,7
3297352,15,9
3297353,4753,0
3297354,3,7
3297358,16,8
3297360,2,7
3297361,5319,0
3297363,6,8
3297364,28,7
3297367,24,8
3297368,3,9
3297369,12,8
3297370,2,8
3297371,21,7
3297373,7,8
3297374,3459,0
3297375,22,7
3297376,70,5
3297377,3,8
3297378,6141,0
3297379,5471,0
54502895,1,9
54506157,3,9
3297382,54,6
3297386,4,9
3297388,3298,0
3297627,1,8
3297389,1,9
3297391,5860,0
3297392,4807,0
3297632,57,6
3297633,6222,0
3297628,2,8
3297629,5874,4
3297630,15,8
3297631,1,9
3297634,7,6
3297635,7344,2
3299023,25,7
3299469,6015,0
3299470,6936,0
3299721,2,5
3299723,6,8
3299814,25,7
3299815,6606,0
3299816,10,8
3299947,7020,0
3299948,20,7
3303320,1,9
3300165,14,6
3302880,1,8
3303213,5114,0
3303215,3,8
3303217,3,7
3303223,6,7
3303219,5506,0
3303218,6396,0
3303224,2,8
3303309,71,5
3304383,2,7
3304561,\N,8
3304562,5,9
3304563,5,8
3304564,6,9
3304565,15,8
3304566,5830,0
3304648,4779,0
3304649,8,9
3304650,7384,0
3304999,7052,0
3305000,24,7
3305001,23,7
3305002,1451,0
3305003,23,7
3305029,26,3
3305030,4758,0
3305031,35,7
3305296,40,6
3305298,6,4
3305485,30,7
3305500,3,8
3305962,5,8
3306399,6974,0
3306215,6,8
3309709,5835,0
3306401,2,9
3306402,24,8
3306404,6603,0
3306405,23,8
3306407,\N,9
3306408,7410,1
3306579,3,8
3306580,18,7
3306659,3,8
3307058,10,7
3307059,5221,0
3307230,1488,1
3307231,20,7
3308948,4461,0
3308949,13,8
3308950,3,7
3309089,14,7
3309090,6951,0
3309091,13,7
3309092,7328,0
3309093,2971,0
3309286,7324,1
3309287,64,5
3309288,17,8
3309476,6031,0
3309693,8876,0
3309690,6355,0
3309827,4629,0
3309829,6942,0
3309831,7,9
3309832,5,7
3309856,39,6
3309857,6962,2
3310464,5844,0
3311263,25,7
3311267,5580,0
3311675,3,8
3311676,19,8
3311863,26,7
3311864,222,5
3311865,1507,1
3311866,3,8
3311867,15,8
3311868,3,7
3311958,24,8
3311959,30,7
3311960,3,8
3311961,5875,0
3311962,18,7
3311963,5843,0
3311964,7274,0
3311965,7379,0
3312034,6665,0
3312035,6567,0
3312036,6937,2
3312420,45,6
3312421,45,6
54509648,2,9
3313157,3,6
3313220,10,8
3313555,29,7
3313556,141,5
3313558,2,7
3313559,33,8
3313560,9,8
3313729,5,7
3313730,5,8
3313726,16,7
3313731,4,8
3313732,12,8
3313734,14,8
3313733,15,7
3313735,6,8
3313736,13,7
3313738,8,8
3313739,7302,0
3313737,8,8
3313847,13,8
3313972,12,8
3313974,2,6
3313975,5,8
3313976,15,8
3314044,7,8
3314045,6243,0
3314046,11,7
3314048,14,6
3314049,7,8
3314050,8,8
3314052,5679,0
3314053,1,7
3314201,3,7
3314251,2,9
3314252,9,8
3314253,1,7
3314405,6899,0
3314788,5,8
3315004,587,3
3315645,2,9
3315647,4920,0
3315651,1,8
3315653,5,8
3321493,4754,0
3321495,7347,0
3321499,47,6
3321532,6218,0
3321534,19,8
3321570,3,8
3321627,7307,0
3321628,18,8
3321629,5243,0
3321667,1943,1
3321668,6593,0
3323885,13,8
3323886,31,7
3323887,34,7
3323932,6,8
3323933,7150,0
3323934,4046,0
3323935,5147,0
3323936,30,7
3323937,1,8
3323938,6263,0
3323939,1,6
3324065,6366,0
3324251,5,6
3324252,2,7
3324254,5824,0
3324509,29,7
3324625,\N,9
3324626,5970,0
3324627,3518,0
3324628,2,9
3324629,5,8
3324632,65,6
3324631,32,7
3324656,1,8
3324657,5,8
3324658,51,6
3324685,6933,0
3325500,83,5
3325501,5,9
3325502,5,6
3325503,8,9
3325655,23,7
3325670,6232,1
3325671,1,9
3325672,21,8
3325673,46,7
3325674,5258,0
3325676,6411,2
3325677,1,8
3327141,6543,0
3327360,17,8
3327361,14,8
3329988,7014,0
3328630,27,7
3328633,3,8
3328634,27,6
3328669,5,8
3328730,735,1
3328821,28,7
3328950,4577,0
3329226,6438,0
3329243,6258,0
3329277,22,7
3329279,4753,0
3329370,6808,0
3329371,5592,0
3329605,2,7
3329825,3265,0
3329987,12,7
3330049,3432,0
3330050,1099,1
3330051,3,6
3330156,13,8
3330158,5299,1
3330159,40,5
3330160,14,9
3330161,16,8
3330447,6618,0
3330680,59,5
3330682,2,8
3330683,1633,0
3330685,4,9
3330686,3318,0
3330687,7,7
3330688,7,7
3330689,4076,0
3330690,199,5
3331069,1,8
3331094,7136,0
3331095,6209,0
3331096,88,6
3331600,1,9
3331848,1,8
3331849,21,9
3332413,11,8
3332414,6732,0
3332534,\N,8
3332535,4,3
3332788,20,7
3332789,7131,1
3333078,6185,0
54425072,8049,1
3333273,8431,0
3333489,34,6
3333490,4940,0
3333576,6,7
3333609,7097,0
3333610,6556,0
3333612,5855,0
3333737,6589,0
3333957,3,9
3334361,3,8
3334435,21,7
3334436,8406,0
3334438,77,6
3335045,61,6
3335046,6946,0
3335047,6538,0
3335048,22,8
3335049,7135,0
3335226,4773,0
3335227,50,7
3335302,3,8
3335422,6936,0
3335304,6989,0
3335305,1,9
3335306,15,8
3335421,1,9
3335423,8252,0
3335553,7151,0
3335424,1829,0
3335555,4,7
3335613,5289,0
3336867,7104,1
3336903,3,7
3337025,81,6
3337063,6226,0
3337064,7070,0
3337145,6505,0
3337293,4753,1
3337294,89,5
3337315,26,7
3337559,7,9
3337560,48,6
3337561,1573,0
3337591,1,6
3337592,43,6
3337593,60,6
3337594,2,9
3337598,4848,0
3337599,6530,0
3337629,4695,0
3337711,18,8
3337712,30,7
3337714,6959,0
3337733,8387,0
3337735,6235,0
3337834,3120,0
3337992,3540,0
3337993,1808,1
3337999,5830,0
3338022,39,7
3338137,58,6
3338138,4731,0
3338368,6555,0
3338519,34,6
3338813,7,9
3338814,4396,1
3339081,25,8
3339082,18,5
3339218,7111,2
3339220,27,8
3342315,22,8
3339595,7071,0
3339667,4730,0
3339668,6260,1
3340061,\N,8
3340060,7,9
3341129,3128,0
3341200,18,7
3341510,1,6
3342130,6100,0
3342129,4,9
3403148,281,2
3342248,3,7
3342249,27,6
3342316,96,5
3342318,6196,0
3342322,4785,0
3342643,5490,0
3342645,6212,0
3342644,3030,0
3343104,6937,0
3343101,30,7
3343105,84,5
3343102,5171,0
3343108,39,6
3343490,4,7
3344169,23,7
3344170,7030,0
3344171,1,7
3345236,6731,0
3561777,6313,0
3345299,5,8
3345300,6,8
3345301,22,7
3345302,7,7
3345303,4,8
3345304,5846,0
3346458,1,8
3346459,48,7
3346460,6970,0
3346470,3661,0
3346474,43,6
3346475,2,8
3346476,3,8
3346477,5475,0
3347493,15,5
3347494,13,9
3347497,5951,0
3347507,\N,9
54075548,2842,0
3347502,4957,0
3347503,2,9
3348144,3658,1
3348146,5536,0
3348265,4865,0
3348266,50,6
3348448,22,8
3350559,11,8
3350631,19,8
3350637,77,6
3350634,8,8
3350635,6958,0
54473957,32,6
54524512,6751,1
3351040,57,6
3351041,66,5
3351217,6,9
3351219,5,7
3351221,56,6
3351222,6969,0
3351224,6144,0
3351481,6611,0
3351830,6,8
3351831,4,8
3351832,11,7
3351833,6602,0
3351834,6919,0
3351835,4171,0
3352549,702,1
3352550,52,8
3352551,7,8
3352689,6049,1
3353631,3,9
3353632,28,7
3353633,3,8
3354731,30,7
3354736,20,9
3354737,6968,0
3354738,1,8
3354739,1,7
3354954,3,8
3354955,4,6
3354956,40,6
3354958,2376,1
3355845,3,7
3355869,1,9
3355871,6638,0
3355873,8,8
3356887,5919,0
3358114,47,6
3358115,6958,0
3358116,22,8
3358117,1518,0
3358219,16,9
3358222,3279,2
3358223,5858,0
3358224,20,8
3358520,3,7
3358521,5,9
3358522,6213,0
3358670,13,8
3358672,56,6
3358690,8,7
3359024,6600,0
3359094,4,7
3359096,9,7
3359266,1,8
3359270,1470,0
3359271,8,9
3359272,1,7
3359276,3,9
3359277,2,9
3359279,7026,0
3359281,53,6
3359282,6432,0
3359284,31,7
3360225,33,7
3360226,4023,1
3360227,6081,0
3360537,17,9
3360538,10,8
3360541,2,8
3360542,2,8
3360543,4,9
3360544,5,8
3360545,17,8
3360546,30,7
3361550,2,8
3361623,2,9
3361624,6546,0
3361625,6229,0
3361626,5140,0
3362875,2,9
3362876,18,8
3362877,3,8
3362878,22,8
3363039,\N,9
3363228,27,7
3363333,5324,0
3363346,5451,0
3363347,30,7
3363348,4047,0
3363351,6550,0
3363352,6271,0
3363353,11,9
3363380,27,7
3363381,4931,0
3363420,12,9
3363421,5467,1
3363422,6970,0
3363429,10,7
3363430,28,6
3363432,8,8
3363695,10,8
3363696,3666,1
3363697,4773,0
3363698,6,8
3363699,1,7
3363722,14,8
3363723,9,7
54337736,5935,1
3363724,20,7
3363725,11,8
3363726,1,7
3363879,5159,0
3363908,6203,0
3364159,4200,0
3364160,4866,0
3364161,6253,1
3364286,3,8
3364287,31,7
3364288,57,6
3364306,1,9
3364452,60,8
3364629,6080,0
3364640,56,6
3364895,26,8
3365921,5501,1
3365951,19,7
3365953,27,7
3365954,6654,0
3365983,101,6
3365985,5,8
3365986,6952,0
3366074,40,7
3366075,6988,0
3366078,1043,1
3366280,2,7
3366282,4,6
3366605,9,9
3366645,3042,1
3366807,14,8
3366808,5847,0
3366809,7,8
3366886,49,7
3366887,15,8
3367027,4805,0
3367127,2,8
3367128,11,7
3367129,10,8
3367150,27,7
3367717,4761,0
3367719,6869,0
3367720,7,8
3367721,16,6
3367758,4938,0
3367759,10,8
3367829,7,8
3367831,28,6
3367832,1,9
3367842,3456,0
3367899,15,7
3367900,4043,0
3367902,57,6
3367903,123,5
3367904,6963,0
3368185,10,8
3368186,6,8
3368187,1836,0
3368247,22,7
3368294,1107,1
3368403,9,8
3368404,1565,2
3368405,17,7
3368493,6944,0
3368494,58,6
3368495,6938,0
3368602,4,8
3368731,6197,2
3368732,1827,0
3368733,6945,0
3368734,33,6
3368735,4,9
3368737,4,8
3368739,18,8
3368860,9,8
3368861,6612,0
3368866,5,7
3368867,5902,0
3369097,4052,0
3369098,9850,0
3369614,1933,0
3371145,3869,0
3370021,6212,0
3370168,6945,0
3370169,2,4
3370278,4,6
3370280,4105,0
3370281,6207,0
3370282,97,5
3370283,47,6
3370285,5,8
3370286,5,7
3370287,6458,0
3370493,7,8
3370494,6,9
3370495,6592,0
3370497,3,8
3370498,4,7
3370499,6,8
3370501,4,8
3370502,3,9
3370503,4,9
3370504,17,7
3371135,4409,0
3371136,5,8
3371138,6585,0
3371139,5964,0
3371142,1,8
3371143,3,6
3371146,5884,0
3371361,1,9
3371362,40,6
3371363,1,9
3371364,1,9
3371669,5493,0
3371670,6,8
3371671,6022,0
3371672,59,6
3371673,3080,0
3371743,2,7
3371744,32,7
3372208,5217,0
3372211,1,9
3372212,1,8
3372213,1,8
3372214,2,8
3372215,1,9
3372216,1,8
3372217,1,9
3372653,4,9
3372733,2531,1
3373097,6330,0
3373174,3081,1
3373617,4,7
3373618,15,8
3373682,6336,0
3373684,6230,0
3373917,6925,0
3373918,5640,0
3373919,6924,0
3373974,2,9
3373975,5310,0
3373976,9,8
3373977,3,9
3373978,5871,0
3373980,5853,0
3373981,6,7
3374162,9,9
3374350,6379,0
3374352,1,9
3374389,4756,0
3374390,3,7
3374391,4284,1
3374667,11,6
3374668,27,7
3374669,6877,0
3374670,31,7
3374671,1,9
3375232,4156,0
3375233,15,8
3375501,3,8
3375503,1136,1
3376041,1,9
3375696,4838,0
3375773,25,8
3376006,4,8
3376262,31,7
3376263,3,9
3376341,14,8
3376342,14,8
3376343,114,5
3376345,6,6
3376346,4617,0
3377488,5896,0
3377483,4015,0
3377484,3869,0
3377489,9687,0
3377490,20,7
3377520,97,5
3377815,15,8
3377816,51,6
3377868,2,8
3377888,3,9
3378130,2,8
3378131,38,7
3378233,9,9
3378272,4048,0
3378273,62,6
3378351,6347,0
3378544,31,7
3378545,3915,0
3378547,42,6
3378560,2,6
3378561,4779,0
3378562,6232,0
3378563,3,8
3378731,3785,0
3378732,414,2
3378801,6976,0
3378803,3,8
3378930,2763,1
3379013,4247,2
3379434,3615,0
3379718,6815,0
3379831,4,9
3379832,1535,1
3379843,4601,0
3379844,4722,0
3379897,45,7
3380954,28,7
3380959,67,6
3381085,4,7
3381230,6943,0
3381231,92,5
3381232,6886,0
3381257,6712,0
3381258,6196,0
3381259,85,5
3381260,3699,0
3381261,5483,1
3381347,7,9
3381348,4,7
3381448,4763,0
3381449,3534,0
3382711,74,5
3382826,74,6
3382866,5660,0
3383665,2521,1
3383666,95,5
3383667,2,7
3383668,33,7
3383669,45,6
3383670,13,7
3383671,28,7
3383902,\N,7
3383901,43,7
3383903,10,8
3383904,6780,0
3383905,19,8
3384028,6235,0
3384029,8,9
3384030,4058,0
3384031,4869,0
3384064,9,8
3384066,6,9
3384067,5875,0
3384068,3113,0
3384069,7,9
3384070,6421,0
3384181,52,7
3384182,32,8
3384183,7376,0
3384184,36,6
3384185,356,3
3384187,31,7
3384188,5,8
3384400,4,7
3384401,19,8
3384403,5875,0
3384404,25,7
3384405,1,9
3384406,2213,0
3384408,55,6
3384480,2,8
3384482,9,8
3384484,5111,0
3384485,49,6
3384486,1329,1
3384487,1,9
3384488,5567,0
3385159,45,7
3385161,2,8
3385162,3,9
3385163,6310,0
3385164,5186,0
3385643,5491,0
3385645,2,8
54518101,2,9
3385825,62,5
3385826,7,7
3385827,18,8
3386133,4940,0
3386134,4766,0
3386861,12,8
3386862,3,7
3387092,5828,0
3387132,37,7
3387334,7,8
3387455,4,8
3387456,30,7
3387457,91,5
3387458,5675,0
3387534,35,4
3387547,5,9
3387548,1,8
3387549,6229,0
3387550,25,8
3387551,8,8
3387608,3,9
3387609,5112,0
3387611,3,9
3387612,1,9
3387613,3590,1
3387614,9,9
3387615,21,8
3387616,10,7
3387785,9,8
3387786,32,8
3387789,4811,0
3387792,6225,0
3388076,\N,9
3388078,32,7
3388080,5256,0
3388081,8409,0
3388311,6252,0
3388313,29,7
3388314,1,9
3388315,3492,0
3388317,4,9
3388318,30,7
3388319,19,8
3388320,5133,0
3388321,1,9
3388354,6947,1
3388356,7329,0
3388395,3,7
3388396,3663,1
3388397,7,8
3388398,38,7
3388400,2,8
3388401,1,8
3388408,16,7
3388409,1,9
3388410,3,7
3388411,18,8
3388485,3,7
3388486,6730,0
54111255,6636,0
3388487,\N,9
3388488,38,6
3388489,\N,7
3388886,79,6
3388887,6587,0
3388888,5658,0
3389195,2239,1
3389196,69,5
3389198,6323,1
3389200,14,8
3389361,5491,0
3389362,4,8
3389363,10,8
3389365,2963,1
3389465,8,9
3389466,14,6
3389467,1,9
3389468,2,8
3389469,18,8
3389487,2,9
3389488,396,2
3390107,4037,0
3390108,5896,0
3390109,4833,0
3390647,5148,0
3391531,15,7
3391852,60,6
3391853,19,8
3391854,7,8
3392082,6200,0
3392083,69,7
3392084,4035,0
3392298,2,8
3392299,5,8
3392300,32,7
3392301,6,8
3392302,775,2
3392303,2385,0
3392304,2,9
3392305,4,8
3392306,99,5
3392307,7,8
3392308,2332,0
3392309,7,8
3392310,30,7
3392364,2,8
3392365,3168,0
3392366,9,6
3392367,24,7
3392368,6038,0
3392369,6246,0
3392370,3,9
3392371,13,8
3392374,\N,9
3392375,11,8
3392376,5,8
3392449,23,7
3392450,30,8
3392451,11,9
3393170,14,8
54219802,6380,0
3393816,5,8
3393817,6591,0
3393818,9,5
3393819,23,7
3393820,1,8
3393821,7,9
3393822,1,9
3394071,6212,1
3394072,3097,3
3394073,3,9
3394074,3,7
3394075,2211,0
3394076,5119,0
3394077,2,7
3394535,92,7
3394536,2,8
3394537,2,9
3394539,50,6
3394540,4186,0
3394541,5689,0
3394542,6,8
3394543,6595,0
3394708,44,7
3394709,1,8
3394754,1,6
3394751,3062,0
3394752,6,9
3394753,1,9
3394773,11,8
3394774,6543,1
3394775,2,9
3394776,13,7
3394777,31,8
3395309,6615,0
3395310,4326,0
3395311,41,7
3395313,6216,0
3394778,8,6
3394780,1,9
3395953,4,7
3395954,3,7
3395955,2,9
3395956,6242,0
3395957,15,8
3395958,27,6
3395959,5891,0
3395960,12,9
3395961,3164,2
3395963,\N,9
3395983,27,6
3395986,3033,0
3395987,4449,0
3395988,26,7
3395990,1,8
3395991,62,6
3397429,2924,0
3397494,33,7
3397495,\N,9
3397496,2,9
3397567,6240,0
3397568,27,7
3397570,5239,1
3397571,6349,0
3397572,2050,0
3397573,14,8
3397574,8,9
3397577,23,7
3397856,5120,0
3397957,19,8
3397995,19,8
3398022,1,9
3398062,148,5
3398066,6208,0
3398063,10,8
3398086,20,8
3398087,1,9
3403929,2,9
3398088,5224,0
3398089,15,8
3398090,46,6
3398093,\N,9
3398095,6621,0
3398129,1481,1
3398131,1,9
3398132,30,6
3398133,23,7
3398134,12,8
3398140,5935,0
3398648,5118,0
3398649,26,6
3398651,2,8
3398653,5,8
3398654,11,6
3398655,30,6
3398656,4029,0
3398740,6589,1
3404166,15,8
3398658,18,8
3398754,4406,0
3398821,3011,2
3399085,6,4
3399119,61,7
3399121,11,7
3399122,6,9
3399546,1446,0
3399548,6206,0
3399550,14,8
3414953,8915,0
3399581,6225,0
3399918,2263,0
3399919,4402,0
3399920,29,6
3399921,1470,1
3399922,1817,1
3399923,1532,1
3399924,19,8
3400185,4,8
3400245,79,5
3400306,5222,0
3400308,47,7
3400309,1,7
3400310,2987,1
3401100,1,8
3401101,6560,0
3401102,4,8
3401103,4579,0
3401189,4,9
3401190,28,7
3401192,2957,1
3404088,4879,0
3401380,15,8
3401381,384,2
3401382,6379,0
3401383,1,9
3401384,14,8
3401388,5105,0
3401386,15,7
3401387,5,7
3401426,6462,0
3401427,4,9
3401432,5488,0
3401433,\N,8
3401901,10,8
3401902,4,8
3401904,6592,0
3402129,6591,0
3402130,9,7
3402131,6230,0
3402132,4968,0
3402133,127,5
3402134,3,7
3402197,2,9
3402198,4,7
3402200,47,7
3402202,16,8
3402203,1561,0
3402204,6,6
3402205,1,7
3402206,1,9
3408076,4767,0
3402245,4,6
3402246,1,8
3402247,19,7
3402249,35,6
3402250,7,9
3402364,10,8
3402365,5157,0
3402646,6206,0
3402366,7,6
3402609,4,8
3402612,6,9
3402613,22,7
3402615,2,7
3402616,2678,1
3402617,105,5
3402618,2,8
3402620,143,5
3402636,11,9
3402638,2,9
3402639,12,9
3402641,3,8
3402642,6027,0
3402643,6022,0
3402647,1925,1
3402648,18,7
3403073,26,7
3403149,4769,1
3403150,5891,0
3403151,44,7
3403506,5154,0
3404125,5175,0
3404126,40,6
3404127,110,5
3404128,15,7
3404129,7,8
3404165,10,6
3404362,2,8
3404364,6,8
3404489,2,9
3404490,2,8
3404491,7,9
3404492,61,6
3404493,9,9
3404494,3,7
3404522,8,9
3404524,33,7
3404525,5144,0
3404526,6158,0
3404527,6035,0
3404528,2,9
3404529,10,8
3404530,6213,1
3404531,3,8
3404763,5827,0
3404765,3,9
3404767,1271,1
3404768,5056,0
3404769,8,9
3404782,32,7
3404783,33,6
3405069,1,9
3405070,6566,0
3405085,6558,0
3405088,30,7
3405100,6228,0
3405147,2,5
3405148,5490,0
3405149,5,9
3405174,57,5
3405189,28,6
3405191,5991,0
3405193,32,7
3405194,1,9
3405195,4,9
3405333,1,8
3405334,\N,9
3405335,1,7
3405613,\N,9
3405614,\N,9
3405338,\N,9
3405336,\N,9
3405616,5111,1
3405617,25,7
3406023,1,9
3406024,2,9
3406025,107,6
3406026,2,6
3406027,3,7
3406330,2,9
3406331,3661,0
3406332,\N,9
3406333,21,7
3406334,2,9
3406335,2,9
3406336,2,9
3406337,23,7
3406338,1,8
3406339,1,9
3406488,17,7
3406892,5116,0
3406893,43,6
3407363,1,9
3407474,4412,0
3407475,12,9
3407476,6,9
3407477,4,8
3407478,1,9
3407480,6465,0
3407481,1,7
3407482,12,8
3407483,11,9
3407485,1,8
3407608,75,5
3408651,6949,0
3407677,3494,1
3407680,42,6
3407681,4,6
3407682,6079,0
3407941,8,8
3407942,58,7
3407943,10,8
3407944,7686,0
3407945,34,6
3407946,4944,0
3408011,6274,1
3408012,7,9
3408013,4165,0
3408077,10,8
3408128,6,8
3408129,1,9
3408130,3,9
3408131,6152,0
3408171,27,7
3408173,1,8
3408240,8,9
3408242,17,9
3408243,4,7
3408244,8,5
3408583,9,7
3408584,5871,0
3408585,98,5
3408586,5497,1
3408587,52,6
3408589,4,8
3408590,28,6
3408591,11,8
3408592,5132,0
3408593,25,8
3408679,1,9
3408650,6,6
3408681,4933,0
3408682,4041,0
3408697,8778,0
3409112,6214,0
3408698,25,7
3408699,15,8
3409124,47,6
3409431,82,5
3409433,5890,0
3409434,9,6
3409435,2264,0
3409438,6285,1
3409652,2,9
3409623,19,8
3409624,5869,0
3409625,6,6
3409626,13,8
3409643,2,9
3409644,2,9
3409645,4050,0
3409646,5034,0
3409647,11,8
3409648,6545,0
3409649,7,8
3409650,33,7
3409651,4996,0
3409667,6266,0
3409668,1841,0
3409686,7,8
3409687,10,8
3409706,5,9
3409707,2919,0
3409961,2006,0
3409962,8,8
3410620,6529,0
3409709,2,7
3409963,7,4
3409965,5893,0
3409988,5429,0
3409990,732,1
3409991,13,6
3410170,27,7
3410171,3314,0
3410172,27,7
3410213,7,7
3410214,4936,0
3410341,22,7
3410385,36,7
3410459,29,7
3410474,372,2
3410533,5,4
3410534,12,6
3410576,1,9
3410588,19,7
3410589,4013,0
3410622,\N,9
3413890,119,5
3412706,4,8
3412748,5,8
3412749,5,5
3412755,5113,0
3412756,6469,0
3412757,8,8
3412890,4759,1
3412891,11,9
3412892,4,8
3412894,4971,0
3412895,7,8
3412932,22,7
3412933,5123,0
3413073,107,5
3413074,8,8
3413075,12,8
3413076,8,6
3413111,\N,9
3413164,2,9
3413165,5490,0
3413261,37,5
3414248,1054,2
3414251,4377,0
3414391,5864,0
3414394,14,8
3414400,56,6
3414402,6055,0
3414403,11,9
3414424,6236,1
3414425,1599,1
3414431,56,6
3418109,5364,0
3418111,19,8
3419889,63,5
3419890,5122,0
3419891,2216,0
3421512,32,7
3421944,4015,0
3421946,6,7
3422138,27,7
3422140,5665,0
3422141,9,7
3422247,38,7
3422248,26,8
3422249,25,8
3422250,4778,0
3422252,5168,0
3422251,4961,0
3422254,3468,1
3422536,18,7
3423022,34,7
3423023,54,6
3423024,4243,0
3423026,81,5
3423027,6219,0
3423199,68,5
3423202,15,9
3423200,4750,1
3423201,6165,0
3423321,5716,0
3423604,6,9
3423762,35,7
3423763,\N,9
3423827,4030,0
3424289,8,9
3425295,5800,0
3425298,6122,0
3425605,5963,0
3425606,27,8
3425607,30,7
3425609,10,8
3426239,6234,0
3426408,2016,0
3426412,4581,1
3426409,8,8
3426410,4739,0
3426411,57,6
3426634,83,6
3426635,2359,0
3426636,188,6
3426637,5117,0
3426655,52,6
3426791,4371,0
3426672,5169,0
3426807,5900,0
3426808,26,7
3426809,2,9
3426810,12,8
3426811,20,7
3426812,74,5
3426814,5900,0
3427741,1414,1
3432142,2079,1
3427440,4,6
3427441,5837,1
3427442,4126,0
3427443,4038,0
3427456,4025,1
3427457,6307,0
3427458,6297,0
3427459,6213,0
3427460,7,5
3427519,4828,0
3427520,1946,0
3427522,4057,0
3427523,3,8
3427524,2441,0
3427525,28,6
3427526,36,7
3427734,3371,0
3427737,38,6
3427738,97,5
3427739,1,9
3427740,37,6
3427794,6286,0
3427985,144,5
3427986,4106,0
3428254,10896,0
3428255,1828,2
3428257,10,8
3428258,\N,9
3428259,11,8
3428343,4750,0
3428344,6387,1
3428528,30,9
3428529,2,8
3428531,30,7
3428532,3685,1
3428533,4758,1
3428534,3,8
3428697,2,9
3428698,8,7
3428699,7,8
3428700,5499,0
3428701,19,8
3428702,6,9
3428703,1,9
3428705,14,8
3428704,4,8
3429684,10,6
3429686,1,9
3429687,7,9
3429688,29,9
3429689,1,8
3429817,16,8
3429818,4047,0
3429820,1,8
3429821,5,8
3429847,6012,1
3430291,1,4
3430304,24,6
3430307,6,7
3430308,10,9
3430311,5849,0
3430382,19,7
3430384,1,8
3430385,2,8
3430386,4412,0
3430403,6311,0
3430404,12,9
3430405,24,7
3430406,2054,0
3430407,14,8
3430408,4928,0
3430489,1,9
3430490,4765,0
3430492,5856,0
3430493,4389,0
3430497,\N,9
3430494,20,5
3431598,5714,0
3431599,4937,0
54506158,1,9
3432561,3362,0
3432568,87,5
3432569,4144,0
54298757,20,7
3432562,4026,0
3432564,\N,9
3432565,11,8
3432638,6230,0
3432639,5,7
3432646,\N,9
3432640,6,9
3432641,11,9
3432675,3648,0
3432676,8,8
3432678,\N,9
3432687,8,9
3432688,741,1
3432702,12,7
3432703,6273,0
3432704,6,8
3433062,7,8
3433063,7,9
3433064,5137,0
3433332,2731,0
3433333,6229,0
3433334,33,7
3433335,12,9
3433336,5,9
3433361,11,9
3433362,5,8
3433363,1,8
3433365,6210,0
3433366,6241,0
3433367,5475,0
3433757,1,9
3433759,5678,0
3434368,3603,0
3434369,5870,0
3434370,1,9
3434371,\N,9
3434372,27,7
3434373,2,9
3434374,1,9
3435023,4139,1
3435025,1,8
3435026,2,7
3435027,5851,0
3435081,31,6
3435082,28,7
3435083,37,7
3435084,17,8
3435538,41,7
3435539,6,6
3435540,7,8
3435541,3,6
3435542,3,9
3435543,48,6
3435544,2,7
3435545,3,9
3435546,31,6
3435548,3067,0
3435550,7,9
3435549,3,8
3435551,\N,9
3435552,\N,9
3436407,31,6
3437789,5,8
3437790,14,8
3437791,2,7
3437792,\N,9
3437805,6311,0
3437807,1,9
3438957,53,5
3438958,52,7
3438960,22,8
3438964,7683,0
3439358,5673,0
3439359,8,7
3439361,7,7
3439360,5,8
3439478,1871,0
3439479,3327,0
3439480,\N,9
3439481,3698,0
3439482,6,9
3439560,2,6
3439561,3,8
3439562,2,8
3439802,5477,1
3439804,15,7
3439805,7,8
3439806,120,5
3439807,3671,0
3439808,\N,9
3439809,30,6
3439810,16,7
3439811,\N,9
3439812,\N,9
3439814,3641,1
3440134,9,9
3440285,5122,1
3440286,6267,0
3440317,1511,1
3440319,18,8
3440320,7119,0
3440392,6321,0
3440393,6225,0
3440394,3288,0
3440395,3663,0
3440396,3645,1
3440584,6185,1
3440770,30,5
3440788,13,8
3440789,33,8
3440790,6,8
3440791,4575,0
3440792,22,8
3440793,30,7
3441023,1124,1
3441024,5,9
3441025,5659,0
3441027,\N,9
3441089,5846,0
3441090,9,9
3441091,4084,0
3441092,5,7
3441094,8,7
3441112,19,8
3441113,18,9
3441114,2771,0
3441126,4044,0
3441127,9,7
3441128,4037,0
3441149,4787,0
3441169,28,7
3441170,5896,0
3441171,4067,0
3441172,1,9
3441806,4793,0
3441820,37,7
3441842,4362,0
3441844,1,8
3441845,35,7
3441846,13,7
3441847,1,9
3441848,9,9
3441849,5,7
3442027,8855,0
3441850,30,6
3441851,\N,9
3441852,2313,2
3441853,6231,0
3441854,60,6
3442030,6228,0
3442523,5926,0
3442524,18,7
3442525,4773,0
3442526,16,8
3442839,6,8
3442842,5843,0
3442843,26,7
3442844,22,8
3442845,\N,9
3442849,16,7
3442846,5051,0
3442847,9,8
3442848,32,7
3443214,40,6
3443215,2,8
3443216,4,7
3443217,3,8
3443219,44,6
3443805,9,7
3443806,25,7
3443808,4,7
3443859,1,9
3443810,30,6
3443811,28,7
3443812,74,5
3443813,55,6
3443832,49,6
3443833,6193,0
3444212,4444,1
3444273,16,9
3444274,6218,0
3444275,5351,0
3444292,4762,0
3444293,20,7
3444296,12,8
3444297,885,1
3444298,6,7
3444300,20,7
3444368,17,6
3444369,1,9
3444370,5128,0
3444371,2,6
3444372,13,6
3444374,3398,0
3444375,16,8
3444376,1327,2
3444436,3,7
3444437,9,9
3444438,14,8
3444439,11,8
3444440,16,7
3444442,15,8
3444550,11,8
3444551,5259,0
3444558,\N,9
3444552,5,8
3444553,10,8
3445068,7691,1
3445069,17,8
3445071,28,7
3445072,23,7
3445073,78,6
3445075,3,7
3445076,13,8
3445077,33,7
3445078,7,8
3445079,5868,0
3446999,1360,1
3445081,6167,0
3445442,4817,0
3445537,23,8
3445538,6259,0
3445539,20,7
3445540,2,7
3445541,1443,1
3445543,4394,0
3445544,4046,1
3445545,1,9
3445546,19,8
3445599,7,8
3445600,1,9
3445601,1,8
3445602,6252,0
3445605,2708,0
3445619,1081,1
3445620,17,7
3445621,5337,0
3445622,72,6
3445623,72,6
3445624,1,9
3445625,5162,0
3445626,1,9
3445627,1,9
3445628,2,9
3445631,\N,9
3445632,1,9
3445664,26,7
3445665,5544,0
3445666,6202,0
3446242,5117,0
3446391,6169,0
3446397,35,7
3446998,31,7
3447910,7,8
3447911,16,8
3447912,1,9
3447915,12,9
3447916,5493,0
3447917,24,6
3447919,5851,0
3447920,3990,0
3447930,3789,0
3447933,88,5
3447934,4231,0
3448005,3,8
3448006,7,9
3448007,12,8
3448008,2254,1
3448009,1827,1
3448068,40,7
3448069,2196,0
3448070,2,7
3448109,5133,0
3448110,36,6
3448530,4078,0
3448531,6,7
3448785,\N,9
3448961,1389,0
3448962,21,6
3448963,21,7
3448965,2,8
3448966,3,7
3448967,4759,0
3448989,48,6
3448990,5315,2
3448991,1,8
3448992,7,4
3448993,5111,0
3448994,18,8
3449053,3,8
3449749,6118,0
3449055,5,7
3449085,1,9
3449114,6,8
3449116,14,8
3449118,1,9
3449119,7,8
3449121,4,7
3449122,1,9
3449123,1,8
3449124,25,7
3449125,1,9
3449127,45,7
3449128,6243,0
3449129,28,8
3449130,2,9
3449132,2,8
3449133,\N,9
3449591,6202,0
3449599,5581,0
3451020,34,7
3451021,6212,0
54473958,2,9
3451022,6224,0
3451789,2909,0
3451791,16,8
3451792,1,5
3451793,31,7
3451794,2,7
3451795,3,8
3451796,4756,0
3454525,16,8
3454526,14,8
3454527,9,8
3454530,14,8
3454729,22,8
3454730,39,7
3454733,13,8
3454734,3,7
3454735,1087,1
3454736,4987,2
3454737,5,8
3454738,1,9
3454893,6,8
3454894,5081,1
3454895,8,8
3455099,2,7
3455135,10,8
3455136,1,8
3455137,8165,0
3455138,6,8
3455139,4769,0
3455259,6,7
3455312,6221,0
3455313,18,8
3455314,6165,0
3455315,34,7
3455335,4227,0
3455348,24,8
3455349,6,8
3455468,50,7
3455469,2,7
3455470,1,8
3455471,1,8
3455472,6,8
3455473,5,8
3455474,24,8
3455741,29,7
3455742,3,8
3455743,46,6
3457386,6041,0
3457387,5476,0
3457388,2222,1
3457389,8,8
3457390,5819,0
3457434,9,9
3457435,5847,0
3457436,2,8
3457438,942,1
3457439,52,7
3457840,5109,1
3457841,6,9
3457842,1799,0
3457844,8,9
3457845,2,7
3457846,3,6
3457847,7,8
3457848,1,8
3457849,5497,0
3458492,1,8
3458578,4,7
3458579,21,7
3458748,4765,0
3458749,3904,1
3458939,2,8
3458940,2186,0
3458941,5159,0
3458970,5,7
3458972,23,8
3459083,3484,0
3459084,4,9
3459085,5663,0
3459086,5130,0
3459087,32,6
3459175,22,6
3459176,33,7
3459242,4017,0
3459243,4753,0
3459308,4,9
3459309,3841,0
3459310,3,7
3459429,5716,0
3459430,1,9
3459472,\N,9
3459473,1,7
3459474,4864,1
3459484,21,7
3459656,23,8
3459796,1,7
3459797,5370,0
3459811,4,9
3459812,5297,0
3460261,14,8
3460262,5477,0
3460263,5849,0
3460325,6083,0
3461177,2188,1
3461178,7,5
3461188,7,9
3461229,50,6
3461230,6301,0
3461231,10,8
3461232,24,8
3461273,6089,0
3462016,3,8
3462071,\N,8
3462098,18,9
3462099,4,8
3462504,3,6
3462505,9,8
3463079,25,7
3463094,1877,1
3463161,6218,0
3463173,5680,0
3463174,8,9
3463175,5877,0
3463176,146,4
3463234,13,8
3463370,5,7
3463371,5140,0
3463372,15,8
3463389,11,9
3463396,6014,0
3463397,27,8
3463447,32,8
3463448,57,6
3463741,5780,0
3463759,5846,0
3463913,34,6
3463992,4221,0
3464007,186,4
3464766,3640,0
3464767,60,5
3465187,4784,0
3465236,4071,0
3465237,21,8
3465252,13,7
3465283,1,8
3465284,4770,0
3465291,5069,1
3465534,18,7
3465535,9,8
3465585,4802,0
3465683,4385,0
3465690,4047,0
3465691,12,7
3465692,13,8
3465696,31,7
3465716,1,9
3465697,110,5
3465717,6961,0
3465718,5,7
3465719,30,6
3465720,26,7
3465887,9,8
3465888,10,8
3465889,116,5
3465890,8,8
3465892,58,5
3465948,31,7
3465949,4045,0
3465951,4945,0
3465952,11,9
3466055,52,6
3466056,57,5
3466069,3430,0
3466070,9,7
3466111,25,7
3466597,21,8
3466625,49,6
3466626,29,6
3466627,3361,0
3466628,18,6
3466651,119,5
3466652,4778,0
3466654,4,7
3466678,4038,0
3467048,14,8
3467060,10327,0
3467061,1848,0
3467062,4,8
3467074,92,5
3467083,3728,0
3467084,4029,0
3467085,118,5
3467094,7,8
3467095,4082,0
3467147,5,8
3467149,58,5
3467151,3331,0
3467165,1,8
3467166,12,8
3467177,4725,2
3467179,5,8
3467180,1,9
3467181,5668,0
3467182,8,9
3467183,4,8
3467184,15,8
3467185,\N,8
3467186,4990,0
3467187,4,9
3467188,3839,0
3467189,5044,1
3467213,2,9
3467215,7685,0
3467217,111,5
3467218,7680,1
3467219,11,9
3467220,6,9
3467221,\N,9
3467222,2,7
3467224,2,9
3467225,8,8
3467226,12,8
3467227,28,7
3467264,1,9
3467256,78,5
3467258,14,4
3467259,1,9
3467261,5513,0
3467313,1138,1
3467315,6,8
3467316,5,7
3467317,8,8
3467318,5,7
3467354,3458,0
3467355,5335,0
3467356,58,6
3467394,5845,0
3467395,9,6
3467708,8,8
3467709,6015,0
54180331,2,9
3467748,17,8
3467750,7,7
3468430,5074,0
3468431,13,7
3468432,53,6
3468433,14,8
3468488,5,5
3468490,501,5
3468491,6,8
3468492,5,8
3468525,3245,0
3468526,109,6
3468527,15,7
3468528,10,8
3468529,1,8
3468530,1,9
3468532,4,8
3468533,31,7
3468534,4,9
3468535,13,7
3468662,5137,0
3468663,1,8
3469638,1,9
3469639,2,8
3469640,13,9
3469641,1,8
3469642,2,8
3469643,4918,0
3469644,26,7
3469645,1411,1
3469646,20,7
3470497,\N,9
3470902,5,8
3471215,11,6
3471216,3,7
3471217,4,7
3471218,8,7
3471219,8,7
3471230,2590,0
3471356,4,7
3471357,1888,0
3471358,10,8
3471359,10,8
3471513,7094,0
3471514,1,7
3471515,5,8
3471517,4,7
3471518,3685,0
3471519,36,7
3471520,2,6
3471521,10,7
3471522,8,8
3471523,\N,9
3471524,5,9
3471581,42,7
3471582,5467,0
3471662,5457,0
3471976,2,7
3471583,10,8
3471584,2,9
3471585,3,7
3471586,5,5
3471587,7,7
3471588,10,8
3471589,5114,0
3471657,7,8
3471659,10,9
3471660,4047,0
3471661,83,6
3471663,34,7
3471687,2,8
3471688,4021,0
3471689,7,8
3471690,33,7
3471691,6,8
3471693,7,7
3471715,1810,0
3471716,5012,0
3471717,69,6
3471718,1600,0
3471926,12,8
3471972,12,7
3471973,3730,0
3471974,3245,0
3471975,4,8
3472193,4404,0
3472194,14,7
3472299,25,7
3472300,50,6
3472365,23,8
3472366,3305,0
3472367,24,8
3472368,42,6
3472369,9,8
3472370,5851,1
3472371,1,9
3472372,1,9
3472373,5,9
3472374,5754,0
3472375,186,2
3472376,7,8
3472549,15,6
3472550,24,7
3472553,5891,0
3472551,23,8
3472552,4723,0
3472693,695,3
3472694,21,7
3472695,4,8
3472696,3,8
3472697,4,8
3472698,10,7
3472699,4981,0
3472700,13,6
3474857,\N,9
3475231,20,7
3475232,14,7
3475233,6,8
3475234,14,8
3475235,5851,0
3475236,4932,0
3475237,3,7
3475238,5404,0
3475239,1494,1
3475240,5121,0
3475241,9,8
3475467,369,2
3475468,1,7
54271312,4546,1
3475990,19,8
3475994,1,8
3475991,7,9
3475992,3,8
3476130,5,9
3476131,9,9
3476132,6,6
3476145,5110,0
3476133,25,8
3476526,\N,9
3476770,2,8
3476771,11,9
3476772,10,8
3476773,5,8
3476774,4431,0
3476775,5493,0
3476776,2,8
3476777,3632,0
3476778,10,8
3477574,139,6
3477575,2,7
3477696,1,7
3477697,2610,1
3477698,3280,1
3477699,5,9
3477700,28,8
3477702,2,9
3477703,1,5
3477705,8,8
3477706,4,9
3477708,4,8
3477939,13,7
3477940,4,7
3477941,2,8
3477942,4024,1
3477943,3813,0
3477944,4,9
3477945,3,6
3477946,1,8
3478007,7,8
3478008,36,7
3478009,4687,0
3478247,4369,0
3478248,5495,0
3478249,18,8
3478250,4744,1
3478251,1,7
3478252,44,7
3478253,1,8
3478254,1801,0
3478255,5137,0
3478344,1,7
3478346,27,8
3478347,1,8
3478348,9,8
3478349,1,8
3478350,3,8
3478351,2,8
3478352,16,6
3478353,1,9
3478650,3,9
3478651,1,8
3478652,1,7
3478653,4391,1
3478654,2,8
3478655,1,9
3478658,4626,0
3478659,25,7
3479008,580,1
3479009,1,8
3479010,1,9
3479012,49,6
3479013,5480,0
3479014,22,7
3479015,32,6
3479117,1,8
3479119,2,8
3479121,31,7
3479122,1378,0
3479123,1,9
3479124,1,9
3479126,9,8
3479128,4,7
3479129,\N,9
3479138,5709,0
3483721,6353,0
3481977,1403,0
3483055,37,6
3483204,47,5
3483205,\N,9
3483206,5638,0
3483293,8,9
3483294,5321,0
3483326,61,6
3483327,31,6
3483328,\N,9
3483513,5881,0
3483541,22,7
3483542,21,7
3483649,55,6
3483651,6,9
3483652,4020,1
3483647,\N,9
3483800,17,7
3483884,1,9
3483885,5377,0
3483886,6,6
3483887,3,7
3484042,5620,0
3484043,17,7
3484044,5160,0
3484581,1,7
3484640,60,6
3484642,119,5
3484643,8,7
3484921,5834,0
3484836,6,8
3484837,10,8
3484838,4951,0
3484839,5022,1
3484922,31,8
3484923,6,9
3484924,29,7
3484925,19,8
3484926,9,7
3484927,9,7
3484928,6,8
3484929,9,7
3485259,3678,0
3485260,5419,0
3485261,4,9
3485263,4059,0
3485264,3,3
3485630,5,8
3485631,9,5
3485632,2550,0
3485806,5488,0
3485807,5461,0
3485808,4,8
3485969,35,6
3490930,3598,0
3592397,2,9
3485971,10,7
3486120,23,7
3486328,64,6
3486329,4152,0
3486468,29,7
3486477,112,5
3486494,41,6
3487953,138,5
3487954,5,7
54236944,7,9
54180389,5610,0
3506746,20,7
3506988,8,8
3506990,26,7
3507181,5077,0
3507182,12,9
3507183,10,8
3507716,7,9
3507937,22,8
3508106,1385,1
3508107,7,7
3508109,19,7
3508110,7,9
3508111,18,8
3508114,10,9
3508116,12,5
3508117,33,8
3508118,\N,9
3508119,4,8
3508124,5,8
3508120,4,8
3508121,\N,9
3508125,5,7
3508127,1943,0
3508128,18,6
3508129,5,9
3508166,31,8
3508131,4370,0
3508132,820,1
3508133,1711,2
3508134,3548,0
3508135,31,8
3508161,4794,0
3508167,50,7
3521441,5104,0
54180403,27,7
3511362,5856,0
3511508,5498,1
54049909,11,9
3508137,3,8
3508138,1,9
3508140,41,7
3508141,4,9
3508142,3,8
3508144,27,7
3508146,5364,0
3508152,6,9
3508149,12,8
3508151,5,6
3508153,4639,0
3508154,8,9
3508155,4,8
3508157,35,6
3508158,1,8
3508159,6,7
3508160,5,7
3508162,1962,0
3508163,5363,0
3508164,32,9
54361568,4801,0
3510599,116,4
3511311,2,9
3511354,2187,0
3511355,5610,1
3511153,2,9
3511111,5159,1
3511360,3,9
3511361,10,8
3511514,5570,0
3511515,14,7
3511827,4043,0
3511828,25,8
3511830,37,7
3511831,5,8
3511832,13,8
3511834,5893,0
3511835,1849,1
3511892,4768,0
3511894,233,4
3511895,5,9
3511912,33,6
3511913,49,6
3518083,3837,0
3991702,10602,0
3511914,5,8
3511915,120,6
3511916,30,7
3512275,10,6
3512277,6,7
3512278,4,6
3512279,51,6
3512281,5601,0
3512283,13,8
3512284,8,7
3512285,9,8
3512345,19,8
3512346,22,7
3512348,7,8
3512646,28,7
3512647,54,7
3512696,29,7
3512697,61,7
3512698,7,7
3512699,7,8
3512700,26,8
3512701,3,7
3512702,1644,2
3512703,6,8
3512704,4390,0
3513050,10,7
3513052,3,7
3513053,17,8
3513382,4061,0
54024339,9045,0
3513745,4899,0
3514546,5813,0
3514547,3433,0
3514548,220,5
3514549,4670,0
3514550,118,5
3514551,4900,0
3514798,5470,0
3514800,176,6
3516411,1095,1
54161072,4713,0
3514801,4021,0
3514889,4405,0
3514890,4,6
3514891,5484,1
3514951,25,7
3514892,13,8
3514956,4029,0
3514957,30,7
3514959,5139,0
3515026,4,7
3515027,4494,0
3515028,16,6
3515065,3344,0
3515066,3203,0
3593249,5004,2
3515377,5836,0
3515379,8,9
3515380,26,7
3515381,16,8
3515451,7,6
3515452,9,8
3515453,38,7
3515454,53,7
3515456,12,8
3515458,5440,0
3515471,715,1
3515472,24,6
3515473,3984,0
3515474,4,9
3515659,9,7
3515660,6,9
3515661,38,6
3515662,3077,0
3515663,5047,0
3515691,4440,0
3515692,4380,1
3515693,16,7
3516407,1800,1
3516408,6,7
3516409,12,8
3516410,21,8
3516487,5143,0
3516488,7,9
3516489,2752,0
3516631,34,7
3517465,5826,1
3516633,5819,0
3517109,165,4
3517314,6,6
3518084,2192,2
3518217,\N,9
3518258,37,7
3518264,8,9
3518265,14,6
3518295,5742,2
3518309,4987,1
3518595,4894,0
3519516,5367,1
3520205,37,6
3521512,23,7
3520758,1830,1
3519453,4,6
3519488,5303,0
3519490,4763,0
3519517,12,8
3519518,978,2
3519519,2,7
3519520,4,7
3519521,6,8
3519522,3670,0
54180486,5114,0
3520202,3854,0
3520204,1,9
3520208,2346,1
3520209,2890,0
3520662,4,5
3520663,10,8
3520665,5672,1
3520666,3442,0
3520667,4,4
3520694,1130,1
3520754,4645,0
3520756,35,7
3520757,27,7
3520759,27,7
3520760,39,6
3520761,3276,1
3520762,4747,0
3521439,4002,0
3521440,17,7
3521513,63,6
3521853,16,8
3521854,9,8
3522124,3077,0
3522125,3341,0
3522126,5756,0
3522155,23,7
3522158,5156,0
3522159,2,7
3522160,36,7
3524069,3844,0
3522631,4713,0
3522632,4040,0
3522633,3,7
3528690,3482,0
3523337,40,6
3523338,3,8
3523340,48,6
3523341,4,9
3523943,3,7
3523944,4421,0
3523945,3916,0
3523946,5778,0
3524019,5670,0
3524070,2202,6
3524071,3,7
3525129,2,6
3525131,8395,0
3526640,4953,0
3594087,7162,0
3528381,3805,0
54114211,1955,1
3527853,8,8
3527904,1098,0
3527906,4921,0
3528688,5132,0
3529053,4652,0
3529056,30,8
3529587,5472,0
3529588,47,6
3529599,4758,0
3529600,31,6
3529601,4023,0
3529602,1,9
3529603,1,9
3529605,4973,0
3529621,8,7
3529622,7,9
3529623,4,9
3529624,142,5
3529625,4697,0
3534716,2103,0
3532367,3691,0
3532368,123,5
3536586,4714,0
54145586,4021,0
3529626,4,6
3530350,4380,1
3530351,7,8
3530352,2478,1
3532347,1,9
3532364,18,8
3532365,4420,0
3532366,24,6
3532394,5495,0
3532401,3341,0
3532404,1438,1
3532406,7,7
3532407,3,8
3536126,5678,0
3536555,3501,0
3536587,2,9
3536589,241,4
54205433,4167,0
3535790,3287,0
3535791,5,8
3536556,6,7
3536557,15,7
3536563,5,9
3536564,6,8
3536565,8,7
3536571,2,7
3536591,4075,0
3536593,417,2
3536608,657,1
3536611,9,9
3536621,3304,0
54148940,5323,1
3536625,4191,0
3536635,3353,0
3536669,3714,0
3537858,23,8
3537906,5310,0
3537907,1302,0
3538600,61,6
3541206,3822,0
3541502,5722,0
3541503,2028,0
3541504,5568,0
3541750,132,4
3541751,3519,1
3542541,4793,0
3543621,4025,0
3547607,5465,0
3541505,4935,0
3541752,34,7
3541753,88,5
3541754,43,7
3542517,3,7
3542518,6,7
3542519,4783,0
3542520,4132,0
3542521,3875,0
3542542,5254,0
3542555,3631,0
3543347,4249,0
3544380,85,5
3544949,32,7
3544980,46,6
3544981,63,6
54132120,3717,1
3545179,4753,0
3545238,4338,1
3545393,2331,0
3545399,16,7
3545514,5499,0
3545400,48,7
3545413,1433,1
3545414,16,8
3545415,26,7
3545416,4,7
3545417,45,6
3545477,109,5
3545478,27,7
3545479,1,9
3545480,11,9
3545481,39,6
3545482,7,8
3545483,7,9
3545484,97,5
3545508,6,8
3545509,1,9
3545510,6,8
3545511,5,9
3545512,1,8
3545513,3,8
3545515,3709,0
3545516,51,5
3545552,4375,2
54509649,2,9
3545553,11,8
3545554,68,6
3545555,31,8
3545556,28,8
3545557,3,9
3545558,1073,1
3545628,2,9
3545629,30,7
3545630,3,7
3545631,6,7
3545632,5506,1
3545633,1,9
3545705,3,7
3545706,4087,0
3545707,2,9
3545710,1096,1
3545711,5826,0
3545712,34,7
3545713,3669,1
3545714,83,5
3545715,23,8
3545787,7,8
3545815,4019,0
3545901,7,8
3545905,50,6
3545906,916,1
3545907,5,8
3545908,20,8
3545973,8,7
3545974,3737,0
3545975,1,8
3545976,1952,0
3545977,66,5
3545978,27,6
3545979,7,7
3545980,50,5
3545981,7,7
3545982,4920,0
3546367,5691,0
3546525,1,8
3546697,32,7
3546698,148,5
3546699,3,8
3546739,3,9
3546742,5622,0
3547804,1332,1
3547318,3322,0
3547991,4888,0
3548889,4840,1
3552292,3626,0
3546700,83,5
3546701,26,7
3546702,3084,0
3546703,6,7
3546704,9,7
3546740,1,9
3546741,20,6
3546743,5125,0
3546776,1973,1
3546778,3,9
3546795,3,8
3546796,19,8
3546797,44,7
3546798,24,7
3547175,21,7
3547225,5245,0
3547226,3,9
3547227,19,7
3547588,3415,0
3547610,20,9
3547611,2,7
3547628,3669,0
3547631,10,9
3547632,47,6
3547633,30,7
3547634,10,8
3547635,\N,9
3547675,4,8
3547676,63,6
3547677,1526,0
3547678,4446,0
3547769,22,7
3547770,8,8
3547771,4751,0
3547772,1,9
3547799,14,7
3547805,8,9
3547936,5234,0
3547937,7,8
3547992,4959,0
3547993,6,9
3548082,15,6
3548084,14,8
3548085,23,4
3548240,1,9
3548241,4,8
3548242,3,8
3549922,3315,0
3548393,9,8
3548525,3,7
3548526,21,7
3548527,3,6
3548528,4406,0
3548529,5,8
3548530,13,8
3548531,5936,0
3548658,7,8
3548660,4007,0
3548661,82,6
3548662,31,7
3548663,6,9
3548664,3106,0
3548665,6,8
3548666,5,6
3548667,4439,0
3548882,90,5
3548884,4016,0
3548885,120,4
3548886,14,8
3548887,5,4
3548888,4,9
3548890,5,8
3549032,7,9
3548892,3,8
3548893,7,7
3549033,2594,0
3549035,18,7
3549036,8060,0
3549391,4778,0
3549393,1,9
3549561,4835,0
3549562,12,8
3549563,2,9
3549565,2,9
3549694,3322,0
3550893,4633,0
54417772,48,6
3789549,18,6
3549566,14,8
3549617,7,5
3549619,\N,9
3549637,1,9
3549638,15,8
3549639,1,9
3549640,15,6
3549679,4796,0
3549695,10,8
3549696,4207,0
3550041,100,5
3550042,4919,0
3550043,15,8
3550044,34,6
3550045,41,6
3550046,21,8
3550056,4747,0
3550057,32,6
3550058,3428,0
3550073,4,6
3550074,7,8
3550075,2,5
3550076,33,6
3550077,2,8
3550082,1322,0
3550083,11,7
3550084,4252,0
3550086,8,9
3550087,13,9
3550088,5588,0
3550089,7,6
3550090,3,9
3550113,2080,0
3550114,32,6
3550115,23,8
3550127,4765,0
3550128,37,6
3550232,4814,0
3573147,5455,0
3550117,13,5
3550130,1,9
3550131,11,9
3550132,3,8
3550133,48,6
3550134,29,7
3550135,1,9
3550136,4,8
3550137,36,5
3550138,10,8
3550139,4411,2
3550140,8,8
3550229,13,8
3550230,1,9
3550231,8,9
3550233,1541,0
3550298,2434,0
3550300,2184,0
3550304,3289,2
3550305,9,8
3550306,3222,1
3550308,5,7
3550309,8,7
3550464,5149,0
3550465,37,6
3550466,20,6
3550467,4744,0
3550607,5,7
3550608,5143,1
3550609,4467,0
3550610,1,8
3550611,38,7
3550612,\N,9
3550613,9,8
3550614,23,7
3550885,9,8
3550886,32,8
3550887,33,7
3550888,5,6
3550890,4557,1
3550891,744,1
3550892,4,8
3551062,58,6
3551063,5089,0
3551064,24,7
3551066,5519,1
3551068,3298,0
3551069,28,7
3551070,2311,1
3551165,16,8
3551166,3,9
3551167,3,9
3551168,29,3
3551325,18,7
3551326,6,8
3551327,1493,0
3551328,4389,0
3551329,7,9
3551405,16,8
3551406,12,8
3551407,4133,0
3551408,26,8
3551474,17,7
3551475,4022,0
3551519,\N,9
3551476,\N,8
3551477,2,9
3551478,\N,9
3551520,\N,9
3551479,\N,9
3551480,\N,9
3551522,5,8
3551523,1490,2
3551524,73,5
3552154,26,7
3551525,14,8
3552155,71,6
3551526,4,7
3552162,18,7
3552289,5560,0
54506162,2,9
3552161,1,7
3552163,49,6
3552164,5121,0
3552290,5600,0
3552523,14,6
3552524,1421,0
3552530,6,8
3552531,1,8
3552572,\N,9
3552532,\N,9
3552533,3,9
3552534,3109,2
3552535,\N,9
3552537,5798,1
3552538,4198,0
3552574,6988,0
3552575,362,2
3552576,4927,0
3552631,5491,2
3552578,5499,0
3552654,14,6
3552655,50,6
3552659,\N,9
3552662,10,7
3552663,44,6
3552664,2723,0
3552665,61,5
3552666,3839,1
3552667,10,8
3552668,1,7
3552682,\N,9
3552683,\N,9
3552669,8,8
3552670,1,9
3552671,5132,0
3552684,8,8
3552685,2548,1
3552686,8,8
3552687,1,9
3552688,11,8
3552689,4970,1
3552690,\N,9
3552691,\N,9
3552692,\N,9
3552693,3,9
3552770,14,7
3552771,7,8
3552772,1,9
3552773,8,7
3552774,31,8
3552775,1868,1
3552776,11,9
3552777,4764,0
3552778,115,5
3552779,8,8
3552780,4776,0
3553057,50,6
3553058,32,6
3553059,6,9
3553060,7,7
3553061,3,6
3553062,5,6
3553148,5528,1
3553151,4757,0
3553152,4,8
3553153,11109,0
3553154,49,6
3553155,3861,0
3553229,5,8
3553279,4979,0
3553281,6,7
3553282,18,8
3553283,1413,2
3553284,4777,0
3553285,54,6
3553286,1,9
3553287,30,7
3553288,25,8
3553432,117,5
3553433,3,9
3553705,5002,0
3553546,1,9
3553583,2202,1
3553584,7,7
3553585,23,7
3553587,4744,2
3553664,3,9
3553665,763,0
3553666,5094,0
3553700,\N,9
3553667,6,8
3553668,3,9
3553701,\N,9
3553702,\N,9
3553704,5476,0
3553960,4780,1
3553961,1,9
3553962,1,8
3553986,5587,0
3553987,5164,0
3553988,2,7
3554011,4394,0
3554013,4192,0
3554015,1,9
3555069,4862,0
3553994,5571,0
3554416,10,7
3554418,4934,0
3554439,6,7
3554640,4,7
3554641,23,7
3554862,11,8
3554963,1834,1
3555045,1506,1
3555012,2954,0
3555013,39,7
3555014,6,7
3555015,22,5
3555016,364,1
3555017,\N,9
3555043,\N,9
3555018,2,9
3555019,5,9
3555044,3702,0
54339181,4234,1
3555046,4,7
3555047,8,9
3555070,8,7
3555072,583,2
3555083,35,7
3555102,27,7
3555103,5102,0
3555152,406,3
3555153,1,8
3555154,\N,9
3555155,61,6
3555156,3307,1
3555163,4232,0
3555164,49,6
3555165,4016,2
3555170,\N,9
3555171,2919,0
3555172,1,8
3555201,5038,0
3555202,1,9
3555203,38,7
3555204,13,7
3555208,3,6
3555205,2,8
3555210,3,8
3555212,14,8
3555411,5544,0
3555520,1447,0
3555521,1,9
3555627,2,8
3555628,7,8
3555649,3,8
3555650,25,7
3555651,14,8
3555652,6,8
3555653,5023,0
3555654,6,7
3555675,23,8
3555676,2,8
3555677,4406,0
3555678,3,8
3555679,\N,9
3555680,100,5
3555707,31,6
3555708,4959,0
3555763,4881,0
3555764,34,7
3555765,4,8
3555766,33,7
54304638,4301,0
3555767,1,8
3555768,4,8
3555769,15,7
3555789,33,7
3555793,6,9
3555794,4833,0
3558389,1457,0
3555795,32,7
3555886,7,7
3555887,4,7
3555888,3682,0
3555910,5133,0
3555911,4,9
3555912,26,7
3555913,3,9
3555914,24,7
3556018,5,8
3556048,951,1
3556125,13,6
3556126,2908,2
3556127,12,6
3557083,12,8
3557084,6,9
3557087,6,9
3557088,55,6
3557481,3844,0
3557636,28,7
3557752,11,8
3557758,8,9
3557783,8,9
3557784,114,5
3557791,5477,0
3557804,31,7
3557824,11,8
3556206,\N,6
3556207,21,7
3556959,7292,0
3556961,18,7
3556962,4,8
3556963,5,7
3556966,11,7
3556968,3302,0
3556969,4041,1
3556970,3,8
3556971,57,6
3556972,9,7
3557081,1,7
3557086,20,8
3557193,3060,0
3557089,16,7
3557196,4754,0
3557197,3899,1
3557198,1,9
3557199,\N,9
3557200,4763,0
3557330,\N,9
3557331,\N,9
3557201,\N,9
3557332,\N,9
3557334,17,8
3557335,23,7
3557336,1,9
3557338,2,8
3557482,2,9
3557483,1,9
3557484,1,9
3557485,3303,0
3557486,1269,0
3557487,129,6
3557529,4,9
3557530,3249,1
3557531,1,9
3557532,3,9
3557533,2176,0
3557535,5140,0
3557536,3628,0
3557537,21,8
3557543,1,8
3557544,\N,9
3557545,\N,9
3557546,\N,9
3557822,4969,0
3557637,\N,9
3557825,16,7
3557826,5483,2
3557827,3,7
3557828,7,8
3557829,15,6
3557843,5485,0
3557844,3664,0
3557878,\N,9
3557879,\N,9
3557880,17,7
3557955,15,7
3557956,4,7
3557957,1421,0
3557958,5,6
3557959,12,7
3558194,24,8
3558196,9,7
3558197,32,7
3558276,2,9
3558277,13,8
3558278,4021,0
3558279,3489,0
3558280,2750,2
3558281,1,9
3558282,1307,2
3558372,1508,1
3558373,4983,0
3558374,2570,0
3558376,29,7
3558377,1,7
3558378,\N,7
3558379,2,6
3558380,737,2
3558381,3,7
3558382,20,6
3558383,741,1
3558385,4364,1
3558386,4333,0
3558388,5476,0
3558897,5,7
3558898,2,9
3558899,3,7
3559546,16,8
3559547,1377,1
3559548,26,7
3559597,4,8
3559595,4,8
3559596,4,7
3559598,1768,1
3559599,5286,1
3559600,7259,0
3559737,6622,0
3559739,5495,0
3559740,19,8
3559741,4,7
3559781,2759,0
3559782,3,7
3559783,1,9
3559784,3,9
3559839,5392,0
3559841,14,9
3559842,2209,1
3559843,3240,0
3559905,2,9
3559906,4,7
3559907,18,8
3559908,\N,9
3559909,1,8
3559910,22,7
3559911,30,6
3559912,39,7
3560813,4606,0
3560053,5111,1
3560054,19,6
3560055,1,9
3560056,7,8
3560057,\N,7
3560058,14,8
3560079,3,6
3560080,11,8
3560081,47,6
3560129,4,9
3560130,60,3
3560131,5487,0
3560132,2,8
3560133,17,7
3560196,1,9
3560197,7,8
3560198,56,5
3560548,2,8
3560549,4205,1
3560550,39,7
3560770,4,9
3560771,1,8
3560772,4701,0
3560814,3,9
3560815,25,7
3560817,4192,0
3560818,5,8
3560912,5146,0
3560913,2,9
3560914,31,7
3561030,14,7
3560915,4614,0
3560916,27,7
3560917,81,6
3560918,12,8
3560919,11,7
3560920,34,7
3560921,6,9
3560922,5220,0
3561024,6,7
3561025,52,7
3561026,35,6
3561027,10,8
3561029,4024,1
3561031,4769,2
3561032,10,8
3561033,9452,0
3561034,20,7
3561771,12,8
3561772,1,7
3562032,1,8
3562033,3,7
3562318,48,6
3562319,23,7
3562320,5,7
3562321,4809,0
3562324,8,7
3562548,371,2
3562549,24,7
3562830,1392,1
3562831,119,5
3562832,13,8
3562834,3565,0
3562865,4482,2
3563434,4037,0
3562866,2323,0
3563277,10,7
3563278,4295,0
3563279,2,9
3563339,69,5
3563343,2760,0
3563424,56,6
3563425,138,5
3563426,4832,0
3563431,12,8
3563432,2,9
3563433,5324,0
3563491,2199,1
3563708,193,4
3563709,23,6
3563710,4,7
3563920,4500,0
3563857,3092,0
3563858,626,1
3563859,61,6
3563860,3020,0
3563861,4941,0
3564018,3347,0
3564019,2,8
3564020,1,8
3564021,1,9
3564039,14,7
3564040,4760,0
3564143,1338,1
3564144,13,8
3564145,4,9
3564246,3638,0
3564247,27,7
3564248,11,7
3564249,33,6
3564250,7698,0
3564585,29,6
3564591,40,6
3564719,12,8
3564852,156,5
3564590,8032,0
3564723,42,6
3564724,18,8
3564725,19,7
3564854,923,0
3565066,7,6
3565278,5,8
3565336,4103,0
3565392,7,7
3565393,27,7
3565394,2,7
3565395,4402,0
3565416,2214,0
3565474,5042,0
3566813,1065,1
3566360,11,7
3566441,4797,0
3566463,5129,0
3566464,1420,1
3566465,7,8
3566466,60,5
3566530,107,6
3566531,2,9
3566532,11346,0
3566534,8,9
3566606,1,8
3566627,5444,0
3566628,9,7
3566629,12,8
3566630,37,7
3566694,13,8
3566695,9,9
3566696,5,9
3566698,5,8
3566699,6,8
3566814,16,7
3566974,23,7
3566975,5479,0
3566976,5387,0
3567472,31,6
3567473,6902,0
3567474,3,9
3567519,6,9
3567971,2,9
3567537,2946,0
3567572,4021,0
3567573,4223,0
3567657,4950,0
3567658,7,8
3567880,2,8
3567972,20,9
3567991,5395,0
3567992,2,8
3567993,2143,0
3567995,167,5
3567996,28,7
3568014,22,7
3568056,4395,0
3568057,4570,0
3568291,31,6
3568303,967,2
3568305,3285,0
3568306,8,8
3568307,1154,0
3568308,70,6
3568321,4,8
3568329,5087,0
3568337,2,9
3568372,2724,1
3568373,69,6
3568374,22,7
3568375,26,8
3568377,23,6
3568385,31,6
3568386,4169,0
3568422,4749,0
3568423,28,8
3568559,55,7
3568564,2689,0
3569037,1028,1
3572227,1108,1
3572706,11582,0
3573072,93,6
3573149,23,7
3573150,55,6
3573151,1,9
3573152,2138,0
3573153,8418,0
3573155,73,5
3573156,5129,0
3573157,37,7
3573839,1094,1
3574100,942,1
3574101,5,8
3574131,3721,0
3574132,32,7
3574133,32,7
3574134,3452,1
3574135,90,6
3574334,2129,0
3574335,8,8
3574344,4318,1
3574593,1395,1
3574772,13,8
3574786,24,7
3574819,10,9
3575154,17,6
3575163,6,8
3576630,4193,0
3576729,28,5
3576730,31,8
3574783,2067,1
3574785,1028,2
3574812,60,5
3574820,5,8
3574830,2090,0
3574901,1,9
3574902,54,5
3574903,4956,0
3575219,8,8
3838789,8230,0
3576468,34,6
3576469,4945,0
3576470,140,5
3576527,2668,0
3576629,6748,0
3576631,69,6
3576672,5223,0
3576673,34,7
3576674,11,8
3576675,85,5
3576726,1482,1
3576728,9,7
3576785,9,7
3576890,5,9
3576891,8,8
3576960,122,5
3576998,6646,0
3577067,51,6
3577068,22,7
3577069,13,7
3577116,4,8
3577159,18,8
3582011,3920,0
3577448,56,6
3577534,15,8
3577535,71,5
3577945,22,7
3578559,3388,0
3578624,3663,2
3578625,3,9
3578626,13,7
3578627,8,8
3578628,3,8
3578686,10,8
3578687,2670,1
3578688,1949,1
3578689,8,7
3578822,65,6
3578825,2,8
3578826,35,7
3578827,14,8
3578828,5946,0
3578829,12,8
3578831,58,6
3578910,9042,0
3578912,9,8
3578917,4944,0
3578913,4,9
3578914,27,7
3578915,14,8
3578916,1603,1
3578918,6,9
3578919,69,5
3578920,71,6
3578921,35,6
3578922,4748,0
3578973,3,9
3578974,1598,0
3578975,10,8
3578976,31,7
3578977,4,8
3578978,9,8
3578979,2,9
3578980,3487,0
3578982,13,8
3578981,38,7
3579073,6,7
3579074,56,6
3579075,1811,1
3579076,5256,1
3579077,2,7
3579080,94,5
3579081,1649,0
3579082,8,9
3579457,6,8
3579459,61,6
3579460,2929,0
3579622,37,7
3579623,\N,8
3579624,1623,0
3579625,44,6
3579928,73,6
3579748,1450,0
3579749,3663,0
3579750,4,8
3580053,37,6
3580054,7,8
3580055,2,9
3580056,1,7
3580319,3865,0
3580320,82,4
3580321,87,5
3580322,4,9
3580323,2,9
3580324,1,9
3580325,4,8
3580326,7,8
3580665,5,8
3580959,2031,0
3580960,1510,1
3581668,42,7
3580666,5,9
3580961,2,9
3580962,3820,0
3580963,1662,1
3580964,469,4
3580965,3,8
3581505,70,6
3581506,1103,0
3581554,2,9
3581555,2,9
3581556,4013,1
3581557,27,6
3581598,3,8
3581599,95,5
3581657,24,7
3581669,4748,0
3582010,1223,1
3582027,5,5
3582040,16,8
3582041,5,7
3582056,38,6
3582057,42,6
3582083,1,9
3582084,177,4
3582085,7,8
3582086,3,8
3582087,15,8
3582088,16,7
3582089,4,7
3582137,2189,0
3582138,4007,0
3582139,2,9
3582140,30,6
3582141,14,8
3582142,13,8
3582145,37,4
3582230,9,9
3582231,5978,0
3582232,4000,0
3582233,4116,0
3582236,9,8
3582234,5,6
3582510,27,7
3582511,5,8
3582512,12,9
3582513,246,3
3582514,9,8
3582515,7,8
3582516,4752,0
3582517,9,9
3582518,12,8
3582519,27,8
3582520,27,6
3582521,3,8
3582522,11,7
3582523,2,7
3582524,8,7
3582663,4,8
3582664,7,8
3582665,1131,0
3582666,35,6
3582667,3284,0
3582668,11,8
3582669,20,7
3582864,3,8
3582865,68,5
3582866,64,6
3582867,3303,0
3582868,17,8
3582869,33,7
3582870,6,9
3583386,2929,0
3582871,33,7
3582873,3667,0
3583428,5222,0
3583429,8300,0
3583690,2070,1
3583691,185,4
3583808,40,6
3583809,45,5
3583812,21,7
3583810,4,7
3583811,8,8
3583978,9,8
3583979,3,7
3584135,4808,1
3584136,9,8
3584137,8,8
3585280,5257,0
3584575,4752,0
3584576,2,8
3584577,3990,0
3584578,976,1
3584579,2543,1
3584580,9541,0
3584581,6,9
3584583,1,7
3584584,1,9
3584585,27,7
3584586,16,8
3584587,144,4
3584588,1,9
3585470,1326,0
3585468,1,9
3585469,31,7
3585731,3264,1
3586021,109,5
3586022,27,7
3586026,2,9
3586027,4784,0
3586029,4061,0
3587870,15,8
3587871,4900,0
3588019,5130,0
3587872,5116,0
3587873,10,8
3587874,4592,0
3587875,29,7
54502909,\N,9
3588015,6,7
3588016,4,9
3588017,6,7
3588018,7,8
3588022,10,7
3588023,4623,1
3588062,8,6
3588063,6,6
3588064,22,7
3588065,4764,0
3588388,1,9
3588389,47,6
3588534,8682,0
3588783,2435,1
3588784,9,8
3588787,5112,0
3588846,4046,0
3588847,6,9
3588898,125,6
3588899,3301,0
3588900,4397,1
3589133,6,9
3589134,42,5
3589135,13,7
3589136,31,7
3589137,4821,0
3589138,5,8
3589139,23,8
3589296,32,7
3589298,10,8
3589299,5,8
3589300,4213,1
3589301,83,6
3589302,11,8
3589303,6,8
3589543,83,5
3589544,4,8
3589545,47,6
3589546,6,8
3589591,11,4
3589592,2,8
3589593,1,7
3589714,23,4
3589716,35,7
3589717,5,9
3589718,4633,0
3589719,1,9
3590076,30,6
3590078,3713,0
3590183,87,3
3590304,4,9
3590911,22,7
3591267,4758,1
3591407,4004,0
3591409,10,8
3591447,10,7
3591465,1810,1
3591595,5136,0
3591611,1839,0
3591612,4390,0
3591613,7,8
3591614,3,8
3591615,109,5
3591616,33,7
3591617,7307,0
3591641,4811,0
3591643,1,9
3591688,55,6
3591689,5,6
3591720,5162,0
3591721,182,5
3591722,4403,0
3591723,6,8
3591724,6,7
3591749,6,9
3591750,48,6
3591751,5,9
3591752,80,5
3591753,1313,1
3591754,3,7
3591755,3,7
3591756,4429,0
3591757,1,8
3591758,31,7
3591759,2,7
3591760,28,3
3591884,4521,1
3591886,1173,2
3591887,50,6
3591888,3,9
3591889,24,7
3591890,13,8
3591891,30,6
3591892,1,7
3591893,1,8
3592014,4454,0
3592015,93,5
3596097,4911,0
3591894,2,5
3592016,3622,1
3592017,75,6
3592018,1430,1
3592019,2,8
3592118,23,7
3592119,17,8
3592120,57,5
3592226,4576,0
3592227,21,7
54029194,3983,1
3592305,15,8
3592306,4744,1
3592307,15,8
3592308,1838,1
3595636,4,6
3595643,1203,1
3595645,2,8
3595774,5120,0
3595776,38,6
3595880,4834,0
3595889,4798,0
3597505,3740,1
3595919,4397,0
3595920,1,9
3595921,1,9
3595922,1,9
3595923,3,8
3595924,1,8
3595925,7,7
3595926,1,7
3595927,7,7
3595928,6,8
3595929,2,9
3595981,4992,0
3595982,7,8
3595983,164,4
3595984,96,5
3595985,1,8
3595986,6,9
3595988,15,7
3596090,4728,0
3596030,4031,0
3596031,5,7
3596032,3660,0
3596033,4,8
3596034,6,8
3596035,4275,0
3596036,1,9
3596037,10,5
3596038,45,6
3596039,10,8
3596040,8,8
3596041,5,9
3596042,7,9
3596043,\N,9
3596044,\N,9
3596142,896,1
3596143,3132,0
3596145,4376,0
3596257,4360,0
3596211,3077,0
3596212,4008,0
3596213,6,8
3596262,2,3
3596263,3309,1
3596264,3932,0
3596490,33,6
3596491,4371,0
3596492,49,6
3596493,1,9
3596494,1,9
3596495,1,8
3596496,2,7
3596497,6,8
3596498,1,8
3596673,5,9
3596674,4333,0
3596675,5,9
3596677,9,8
3596678,33,6
3596680,37,7
3596681,83,6
3596682,23,7
3596683,37,7
3596684,4790,1
3596685,4018,1
3596841,4253,0
3596842,2218,1
3596843,1119,2
3596844,7,8
3596845,5152,0
3596846,1,9
3596847,29,7
3596848,1273,0
3596962,22,8
3596963,1,9
3596964,3,9
3597091,1,9
3597092,1,9
3597093,1,9
3597094,1,9
3597095,16893,0
3597096,5134,0
3597098,4387,0
3597099,17,8
3597226,1,9
3597331,2,9
3597332,16,8
3597333,5149,0
3597334,19,7
3597506,4244,0
3597508,1,8
3597509,9,8
3597510,2787,0
3597511,801,1
3598900,1,9
3598975,11,8
3599062,4913,0
3599109,29,7
3599111,64,5
3599112,1172,1
3599252,1,9
3599253,56,6
3599302,6219,0
3599303,14,8
3599304,19,7
3599385,16,7
3599389,9,8
3599390,2,9
3599391,10,7
3599392,2,7
3599478,29,6
3599930,4504,0
3838790,1656,2
3599388,4682,0
3599393,10,9
3599403,2,5
3599404,3,8
3599405,4750,0
3599477,5,7
3599479,6408,0
3599480,1327,0
3599482,37,7
3599483,3,7
3599484,27,7
3599541,4043,1
3599543,5125,1
3599599,11,3
3599600,5,7
3599601,11,8
3599682,2,9
3599683,3,9
3599684,19,7
3599685,1,9
3599686,78,5
3599768,4,9
3599860,4,7
3599861,106,5
3599862,22,7
3599863,5128,0
3599865,6,8
3599866,3983,1
3599867,5099,0
3599868,52,6
3599869,3,6
3599870,21,7
3599871,33,6
3599872,3653,0
3599873,3,7
3599929,4050,0
3599932,8,7
3599933,1229,1
3599934,6295,0
3599935,5112,0
3599936,19,7
3600003,29,7
3600004,5,8
3600005,16,7
3600006,24,7
3600104,5113,1
3600105,14,2
3600106,17,6
3600234,4764,0
3600235,3,8
3600236,2706,0
3600238,3637,0
3600241,8436,0
3600475,4205,0
3600237,12,6
3600243,14,7
3600356,3937,0
3600476,7,9
3600477,1,8
3600479,5,8
3600559,1,8
3600481,27,7
3600562,11,8
3600563,11,6
3600564,1,7
3600600,4833,0
3600601,10,8
3600602,22,7
3601274,12,8
3601275,21,4
3601276,18,6
3601277,4,7
3601278,6,9
3601279,1277,0
3601281,\N,8
3601282,1,6
3601280,927,3
3601283,3493,0
3601297,1,9
3601298,19,7
3601299,1,7
3601300,2998,0
3601301,9,5
3601335,11,7
3601336,35,7
3601337,13,6
3601338,11,7
3601339,10,8
3601340,13,8
3601342,4406,0
3601343,4,8
3601398,1359,0
3601400,2921,0
3601406,9,9
3601407,164,5
3601401,1,9
3601402,1,9
3601403,7,8
3601408,3721,0
3601409,5,7
3601410,\N,9
3601455,13,8
3601456,32,7
3601457,160,5
3601471,4945,1
3601472,4564,0
3601526,3079,5
3601554,10,8
3601555,1,9
3601556,8,9
3601557,1837,0
3601558,1,9
3601573,7,9
3601574,1,8
3601575,1037,1
3601611,9,9
3601612,1,9
3601613,4,7
3601614,6,7
3601615,26,7
3601616,1,8
3601617,2485,0
3601665,5496,0
3601666,24,5
3601667,7,9
3601668,4569,0
3601669,2,6
3601670,18,7
3601671,1451,0
3601672,1,5
3601673,4,6
3601674,5109,0
3601676,7,9
3601675,3,9
3601677,3661,0
3601702,1990,0
3601797,4786,0
3601987,5082,0
3601924,1270,0
3601925,16,7
3601926,23,8
3601927,22,7
3601928,4,8
3601929,6,8
3602021,4798,1
3602022,3777,0
3602023,1058,0
3602024,8,7
3602025,4,9
3602062,4653,0
3602063,1152,1
3602064,4932,0
3602065,4,8
3602081,14,8
3602082,22,7
3602155,4,9
3602156,16,8
3602157,21,5
3602158,1,8
3602159,5,8
3602160,2,7
3602203,4535,0
3602249,2,9
3602500,11,7
3602504,9,7
3602505,5,8
3602525,8103,0
3602526,20,7
3602527,8,8
3602528,4145,0
3602529,6,8
3602530,4674,0
3602531,66,5
3602572,666,3
3602573,4,8
3602574,1091,0
3602575,4,7
3602576,7,9
3602625,1380,0
3602654,274,6
3602577,5,8
3602620,37,7
3602621,2301,0
3602622,5075,0
3602623,5,8
3602624,74,6
3602626,5,8
3602687,6,6
3602689,4762,0
3602701,4722,0
3602702,3672,0
3602703,15,7
3602704,1,7
3602705,4754,0
3602706,39,5
3602739,1500,1
3602742,39,7
3602743,127,5
3602783,1456,0
3602784,4031,0
3602785,2922,0
3602786,5,8
3602787,65,6
3602788,19,3
3602789,3780,0
3602790,3,8
3602836,3,8
3602837,3810,0
3602838,9,8
3602839,744,1
3602847,1658,0
3602848,2184,1
3602910,1116,1
3602932,2570,0
3602933,3338,0
3602934,6,7
3602980,25,6
3602981,3,9
3602982,4966,0
3603122,16,7
3603125,30,6
3603126,14,9
3603127,30,7
3603128,3652,0
3603170,4683,0
3603171,\N,8
3603225,4285,0
3603608,3309,0
3605728,2720,0
3603227,14,8
3603600,18,7
3603609,1,7
3603626,5726,0
3603627,11,7
3603628,15,7
3603629,7,9
3603630,19,8
3603631,2556,1
3603632,4423,0
3603657,110,5
3604216,206,2
3604180,56,6
3604181,4,8
3604182,72,5
3604183,68,6
3604184,8422,0
3604179,1,7
3604234,4,7
3604235,42,6
3604261,4,9
3604303,36,7
3604304,2577,0
3604305,3094,0
3604306,3,8
3604307,5412,0
3604308,11,8
3604480,31,7
3604481,38,6
3604482,19,7
3604483,25,7
3604484,4573,1
3604617,2551,0
3604618,260,4
3604838,4938,0
3604839,3471,0
3604841,32,6
3604842,15,8
3604843,33,7
3604990,5,6
3605005,4778,0
3605006,3,6
3605162,1,9
3605164,2564,0
3605165,\N,9
3605257,1,6
3605306,1,7
3605319,2426,0
3605334,179,2
3605539,1,7
3605558,9,7
3605559,18,6
3605565,4742,0
3605566,5,9
3605577,3029,0
3605578,4388,0
3605596,10,7
3605597,13,7
3605663,12,8
3605664,7709,0
3605665,1654,0
3605727,26,6
3605730,3287,0
3605745,441,3
3605759,4995,0
3605761,4965,0
3605762,32,7
3605763,31,7
3605764,1603,1
3605791,4834,0
3605792,13,8
3605793,5142,0
3605794,1087,1
3605840,4930,0
3605841,3805,0
3605858,4422,1
3605859,12,4
3605885,4101,0
3605886,3059,0
3605889,3670,1
3605890,6444,0
3605891,1036,1
3605900,1862,1
3605937,3271,0
3605940,24,8
3605941,4016,0
3605942,2743,0
3605943,29,7
3605944,1,7
3605945,147,4
3605946,29,7
3605947,1529,1
3606220,1278,1
3606221,24,7
3606223,3910,0
3606252,4196,0
3606264,1026,1
3606265,2689,1
3606269,4876,0
3606270,7,7
3607079,57,6
3606312,4466,0
3607086,71,6
3607372,34,4
3607382,4173,0
3607400,13403,0
3607412,2555,0
3607413,986,2
3607466,32,7
3607479,41,6
3607480,4524,0
3607481,3019,0
3607504,7,6
3607527,3,6
3607528,2639,0
3607529,58,6
3607530,4567,0
3607532,27,7
3607626,3488,0
3607627,75,5
3607665,10,8
3607683,5401,0
3607669,4763,0
3607717,3659,0
3607728,8429,0
3607729,4962,0
3607742,2541,0
3607784,2836,0
3607819,5,7
3607820,2,9
3607821,57,5
3607823,24,7
3607822,6,8
3607833,3946,0
3607874,4,7
3607924,14422,0
3607957,5,7
3607958,11,8
3607959,71,5
3607960,2,8
3607961,31,7
3607962,2,8
3607963,22,7
3607964,3688,0
3607965,6,8
3608091,2687,0
3608092,2449,0
3608218,1923,2
3608219,27,8
3608323,3523,1
3608324,46,7
3608326,3475,0
3608404,3525,0
3608405,4801,1
3608427,4410,0
3608473,127,4
3608474,1008,0
3608475,15,8
3608483,75,5
3608519,1684,0
3608565,4025,0
3608566,9,8
3608618,3739,0
3608619,10,8
3608620,8,7
3608621,2709,0
3608622,8,7
3608623,2956,0
3608624,6,8
3608625,32,7
3608626,102,6
3608664,61,6
3608665,4674,0
3608667,2,6
3608668,25,8
3608669,3497,0
3608670,31,7
3608671,2917,1
54115828,29,7
3608726,3,7
3608727,5,8
3608728,71,5
3608729,4,7
3608730,4930,0
3608731,6,8
3608784,4926,0
3608785,4747,1
3608786,6,8
3608822,8285,0
3608823,5,7
3608824,5,9
3608929,2918,0
3608931,27,7
3608932,27,7
3609117,3479,0
3609118,2952,0
3609119,4,8
3609162,4385,0
3609163,2,7
3609164,4,7
3609165,1500,0
3609221,23,8
3609222,2,7
3609223,1,8
3609383,2027,1
3609384,16,8
3609485,1,8
3609486,8,8
3609487,2,8
3609488,8,7
3609504,4689,0
3609661,11,7
3609693,1897,0
3609751,3,7
3609752,5,8
3609753,42,6
3609754,4389,0
3609839,16,7
3609840,10,8
3609841,3310,0
3609842,65,6
3609843,8,7
3609844,2,8
3609845,11,8
3610167,13,8
3610023,10,7
3610024,922,1
3610025,2072,1
3610026,4904,1
3610027,46,6
3610028,2,7
3610029,4624,0
3610030,24,3
3610031,7,8
3610032,1,9
3610170,4045,0
3610339,68,4
3610340,4854,0
3610173,10,8
3610174,5,8
3610175,67,3
3610176,2,8
3610177,131,5
3610178,27,7
3610179,24,7
3610180,1,9
3610181,1,7
3610182,4725,0
3610183,1657,2
3610358,4610,0
3610525,34,7
3610526,6967,0
3610527,4845,0
3610528,89,5
3610529,4001,1
3610759,1144,1
3610760,3700,0
3610761,4,9
3610762,38,8
3610763,37,7
3610764,36,6
3610765,3467,0
3611396,2,7
3611397,40,7
3617331,10934,0
3611398,3816,0
3611399,4723,0
3611401,1,9
3611402,5,7
3611403,175,4
3611404,9,8
3611405,23,7
3611406,31,7
3611415,87,5
3611416,4764,0
3612164,3903,0
3612165,2771,0
3612173,51,6
3612838,3305,0
3611400,6,6
3611407,38,6
3611408,2,8
3611409,2,7
3611410,28,8
3611411,2,8
3611412,1,8
3611413,5,9
3611414,24,7
3612166,3224,0
3612167,10,8
3612168,8,7
3612169,4791,0
3612170,3,9
3612171,4,7
3612172,4752,1
3612644,33,7
3612645,6,8
3612646,3,7
3612647,1,9
3612841,57,6
3612842,10960,0
3612844,1294,2
3612845,3471,1
3612846,8973,0
3612847,2578,0
3612848,4,7
3613388,2915,2
3613389,3664,0
3613391,178,4
3613392,3499,0
3613393,24,7
3613394,3,8
3613396,27,7
3613397,52,6
3614396,3895,3
3614397,7313,0
3614399,356,2
3614400,9,6
3614401,1,7
3614637,9497,0
3614638,23,7
3614639,4040,0
3615792,1593,1
3614980,3679,0
3614981,17,7
3614982,7,8
3614983,1,9
3615337,26,6
3615338,955,3
3615339,3,8
3615463,4446,0
3615464,2,8
3615557,2588,0
3615558,1,8
3616339,73,5
3616340,2583,0
3616341,103,5
3616342,3,8
3616343,32,7
3616344,1,7
3616346,3824,0
3616347,11,8
3616348,4349,0
3616349,10,8
3616350,3674,1
3616351,3,7
3616687,49,6
3616688,20,7
3616689,12,7
3616690,19,7
3616691,103,5
3616692,46,6
3616693,4759,0
3616694,40,8
3616695,2434,0
3616696,6593,0
3616697,4445,2
3616698,4225,0
3616699,4772,0
3616700,5,8
3616701,9,9
3616702,5,8
3616816,2644,0
3616817,2357,0
3616818,2,8
3616819,10,8
3616820,13,8
3617074,4,7
3617075,1,9
3617076,4,5
3617077,7,8
3617078,\N,8
3617079,36,6
3617080,17,8
3617153,6299,0
3617154,2558,0
3617155,7,8
3617156,\N,9
3617157,2132,2
3617158,217,5
3617339,4,6
3617387,2225,1
3617388,12,8
3617389,8,8
3617390,10,8
3617391,81,6
3617706,4777,0
3617707,23,7
3617708,3,8
3617710,55,6
3617711,31,6
3617712,9,6
3617713,3,6
3617714,2,8
3617715,596,2
3617716,13,8
3617954,21,8
3617955,3,8
3617956,5,9
3617957,5,8
3617958,9,8
3617959,28,7
3617960,4749,0
3618023,4058,0
3618027,22,7
3618062,2478,1
3618063,2,9
3618064,6,7
3618065,7,8
3618066,27,7
3618296,13,3
3618403,4,8
3618404,6,7
3618405,23,7
3618443,4457,0
3618492,4035,1
3618493,26,6
3618494,4,7
3618643,8281,0
3618644,27,6
3618806,12,7
3619156,11,8
3619157,2935,0
3619158,8,7
3619159,10,8
3619273,18,7
3619274,34,7
3619321,11,8
3619322,16,7
3619323,10,8
3619324,1,9
3619342,2397,0
3619343,2899,0
3619457,4506,0
3619458,131,5
3619459,8,7
3619460,210,3
3619461,10,6
3619462,7,7
3619481,106,5
3619633,2,7
3619724,4713,0
3619725,175,5
3619726,4811,0
3619727,39,6
3619728,5099,0
3619736,2882,0
3619729,26,7
3619730,2,8
3619731,12,6
3619732,4018,2
3619733,10,8
3619734,15,8
3619735,67,6
3620467,1287,0
3620468,41,6
3620470,33,6
3620666,1135,0
3620667,3304,0
3620668,36,6
3620669,28,6
3620670,4758,0
3620671,1097,0
3620672,3,3
3620673,1421,0
3620675,1063,0
3620676,162,4
3620677,3,7
3620678,4,7
3620679,11,8
3620862,13,8
3620863,4848,0
3620864,25,7
3620865,25,7
3620866,42,7
3620867,2946,0
3620868,4798,0
3620869,3,9
3620870,7,8
3621018,51,6
3621019,30,6
3621020,1,8
3621021,25,8
3621022,2,7
3621023,2311,1
3621024,4,6
3621027,4402,0
3621568,5093,0
3621604,1463,0
3621619,1476,1
3621620,1836,0
3621642,23,7
3621643,1,8
3621700,1356,1
3621701,27,7
3621702,105,5
3621703,2,8
3621772,1049,1
3621773,1467,1
3621805,1251,2
3621808,27,6
3621811,1440,2
3621812,3871,0
3621813,2967,0
3621814,3412,0
3623672,3857,0
3623477,1568,1
3621815,15,7
3623478,2,8
3623479,4,8
3623480,6,7
3623481,42,6
3623506,1034,1
3623482,2518,0
3623483,9,8
3623484,14,7
3623485,114,6
3623521,4046,0
3623522,43,7
3623523,43,6
3623524,1655,2
3623525,30,7
3623526,1,7
3623576,2655,0
3623578,63,6
3623579,15,8
3623580,2570,0
3623581,25,5
3623609,2372,0
3623610,58,7
3623611,8,9
3623612,10,9
3623675,2544,1
3623678,10,7
3623679,23,6
3623680,3,7
3623682,3,7
3623683,12,7
3623684,5,8
3623946,7910,0
3623947,32,7
3623948,2952,0
3623951,11,8
3623954,4028,0
3623996,3,8
3623997,4805,0
3623998,7,8
3623999,5,8
3624055,2,7
3624056,79,5
3624058,1,9
3624057,6,7
3624059,1825,1
3624075,24,7
3624076,6,8
3624132,7,8
3624133,60,6
3624134,2070,1
3624232,7341,0
54423942,3560,0
3624233,22,7
3624234,6,7
3624235,24,7
3624236,7,8
3624237,2,8
3624591,16,7
3624592,1,9
3624593,2,9
3624594,6,8
3624595,1,8
3624596,16,8
3624597,26,3
3624598,2540,1
3624741,3480,0
3624742,33,7
3624744,258,4
3624745,6,9
3624746,4523,0
3624748,15,8
3624749,2,8
3624751,16,6
3624752,4,9
3624757,20,7
3624753,1,8
3624754,14,8
3624755,22,7
3624756,2155,2
3624900,8771,0
3624901,4748,0
3624903,3,8
3624904,4,8
3625068,3657,0
3625069,1,9
3625070,3,8
3625071,12,8
3625125,3592,1
3625126,8743,0
3625128,4395,0
3625129,375,0
3625130,4745,0
3625334,4012,0
3625335,2205,0
3625336,79,6
3625596,1405,1
3625704,2559,4
3625708,1,7
3625705,19,7
3625706,1732,0
3625707,41,6
3625729,3676,1
3626394,3547,0
54566453,54,6
3625730,41,5
3625731,13,8
3625862,4,8
3625863,7,9
3625940,37,6
3626028,2554,3
3626029,4375,0
3626030,9,8
3626031,1,9
3626081,5,9
3626082,637,1
3626083,7,8
3626085,28,6
3626087,1273,1
3626240,2670,0
3626395,11,7
3626397,22,8
3626611,4252,0
3626612,26,7
3626614,2402,0
3626615,20,7
3626687,4378,0
3626688,9,5
3626689,2544,0
3626690,6,8
3626732,4509,0
3626730,4040,0
3626734,18,7
3626735,1,8
3627033,2768,0
3627004,1064,1
3627005,3,8
3627006,20,8
3627007,11,8
3627008,2,9
3627009,19,7
3627010,1,7
3627011,2562,1
3627012,9447,1
3627055,17,8
3627056,3,8
3627058,16,8
3627103,29,7
3629112,2416,0
54458193,5,9
3627013,5,8
3627014,8,7
3627059,3,6
3627060,173,4
3627104,6,8
3627105,2544,0
3627106,1,9
3627107,16,8
3627108,4098,0
3627109,25,7
3627110,4034,0
3627111,7,9
3627112,1,8
3627115,4728,1
3627116,4246,0
3627117,1,7
3627425,4415,1
3627426,4438,0
3627427,2,8
3628123,3302,0
3629083,141,5
3629084,1,7
3629085,1,8
3629113,3,8
3629114,16,8
3629115,8,7
3629116,19,8
3630270,48,6
3630273,9,8
3630271,39,7
3630272,11,8
3630636,34,6
3630815,16,7
3630816,8,9
3630817,12,4
3631789,1,8
3631790,4736,0
3631820,9,8
3631822,3959,0
3631823,3878,0
3631824,2698,0
3631850,88,5
3631851,95,5
3631865,9,8
3631970,7,9
3631971,4,8
3631991,12,7
3631992,11,8
3631993,1,8
3632076,38,6
3632077,2,6
3632078,21,8
3632079,1,9
3632080,3,8
3632081,28,7
3632237,18,8
3632238,56,6
3632239,113,7
3632240,37,6
3632241,19,7
3632242,6,8
3632243,152,5
3632244,4042,0
3632245,4765,0
3632547,1472,1
3632548,1,8
3632550,4,8
3632549,8,8
3632675,4133,0
3632676,2487,0
3632677,3,9
3632678,54,7
3633046,60,6
3633047,2572,0
3644173,4127,0
3632679,6,7
3632682,2861,0
3633048,3866,0
3633049,2202,0
3633050,2536,2
3633051,2944,0
3633052,12,3
3633053,150,4
3633054,11,7
3633126,23,7
3633127,9,8
3633139,3301,1
3633148,5598,0
3633149,4708,0
3633184,30,7
3633185,45,6
3633190,4122,0
3633189,3850,0
3634119,2,8
3634127,4785,0
3634128,19,7
3634129,36,7
3634130,10,8
3634154,12,7
3634155,1257,3
3634156,7,8
3634185,3985,0
3634186,7353,0
3634225,9564,0
3634226,4237,0
3634275,6,7
3634276,6,8
3634347,3355,0
3634348,653,3
3634387,120,5
3634388,4405,0
3634390,3809,1
3634392,11,8
3634393,2,7
3634440,2,7
3634441,4,8
3634442,12,8
3634443,28,7
3634444,10,8
3634612,27,3
3634613,58,6
3634615,964,1
3634614,2,6
3634616,2566,0
3634618,4058,0
3634619,375,3
3634620,2752,2
3634621,4704,0
3634712,20,7
3634713,6,4
3634714,140,5
3634781,8297,0
3634782,10,8
3634783,6427,0
3634784,19,8
3634785,1647,3
3634786,4452,0
3634848,8815,0
3634847,1672,1
3634888,2977,0
3634889,17,7
3634904,6101,0
3634943,6209,0
3634905,15,6
3634907,18,8
3634906,5,8
3635071,6,9
3635072,20,8
3635073,4029,0
3635074,42,7
3635077,4722,0
3635075,56,5
3635078,5083,0
3635076,31,6
3635121,16,8
3635122,20,7
3635123,3629,0
3636250,14,7
3636251,5,7
3636252,1096,0
3636713,183,3
3638201,1,8
3646076,2005,3
3646078,3,9
3838792,17,9
54410340,4580,1
54539577,4,8
3636714,18,7
3636862,37,7
3637425,603,1
3637424,5,8
3637724,32,7
3637725,11,7
3638239,4670,0
3638237,3306,0
3638238,3,7
3638240,1,7
3638241,2548,1
3638285,36,7
3638286,8,7
3638287,7,7
3638288,4589,0
3638343,4192,3
3638336,2,8
3638334,13,9
3638338,27,7
3638337,6,8
3638335,2,7
3638339,24,8
3638376,3,9
3638378,2,9
3638379,4281,1
3638380,8046,0
3638381,4,8
3638434,4441,0
3638433,3143,0
3638430,4041,0
3638435,4697,1
3638432,19,8
3638466,37,2
3638467,8,8
3638504,5,9
3638505,5110,1
3638500,5923,1
3638502,3101,0
3638501,3683,0
3638506,6,8
3638507,2,8
3638571,14,8
3638572,25,8
3638578,709,1
3638509,1,7
3638508,1,8
3638575,8,8
3638574,3,7
3638573,4926,0
3638576,3294,0
3638577,2,5
3638629,737,1
3638630,4027,1
3638628,56,6
3639232,3673,0
3639420,1021,1
3639419,3,9
3639421,2958,0
3639436,4441,0
3639435,6,9
3639437,20,7
3639438,89,4
3639440,8,8
3639439,1956,2
3639467,424,3
3639465,69,5
3639466,3293,1
3639464,2137,1
3639500,35,3
3639502,41,7
3639501,13,7
3639530,8,8
3639547,1,6
3639550,4069,0
3639548,1,9
3639549,1880,0
3640696,153,5
3640706,4407,1
3640745,1452,0
3640744,37,6
3640747,4368,2
3640993,3911,1
3640990,3638,0
3640991,3,7
3641081,62,6
3643996,4393,1
3643995,5,8
3643997,32,6
3644018,15,8
3644045,30,7
3644047,218,4
3644046,1345,0
3644086,3661,0
3644087,3337,0
3644150,70,5
3644175,8038,0
3644180,3368,0
3644231,3096,1
3644651,2418,0
3644707,2063,0
3644729,45,8
3644731,69,6
3644768,19,7
3644789,3123,1
3644684,1345,0
3644685,4133,0
3644703,1582,2
3644702,12872,0
3644700,120,6
3644728,4,7
3644727,4,6
3644733,43,6
3644732,13,8
3644770,7,8
3644790,1782,1
3644791,11,8
3644814,6,7
3644815,42,6
3644816,68,6
3644833,3697,0
3644834,4192,0
3645001,4073,1
3645034,4,8
3645035,2,8
3645043,34,7
3645039,1,8
3645041,4075,0
3645042,26,7
3645040,27,7
3645045,2288,1
3645086,8,8
3645089,3826,0
3645123,2425,0
3645182,23,9
3645191,8,8
3645192,47,6
3645194,1,\N
3645085,106,5
3645087,4179,0
3645088,1827,0
3645124,3052,0
3645122,25,7
3645125,87,5
3645127,45,7
3645126,3682,0
3645189,3362,0
3645187,1,9
3645185,43,6
3645190,54,5
3645193,9,7
3645200,3931,0
3645216,68,5
3645329,2910,0
3645261,100,5
3645262,1785,0
3645265,14004,0
3645268,9,7
3645267,3901,0
3645266,1,8
3645269,54,6
3645307,9,7
3645309,27,7
3645308,36,6
3645382,2,6
3645383,3978,0
3645384,3433,0
3645446,47,6
3645463,4368,2
3645498,17,8
3645500,21,8
3645541,1146,1
3645543,34,7
3645544,97,4
3645621,4372,0
3645622,56,6
3645649,620,3
3645650,36,6
3645651,8,7
3645652,88,5
3645653,21,8
3645726,21,8
3645791,5431,1
3645793,77,5
3645792,179,3
54502913,1,9
3646050,4585,0
54506469,1,9
3647994,77,5
3645993,24,4
3646046,3271,0
3646047,352,3
3646795,6331,0
3646157,19,7
3646598,1798,1
3646650,2750,0
3646649,163,4
3646648,1564,1
3646733,8,8
3646734,1196,1
3646732,17,7
3646735,12,7
3646736,9,7
3646737,5,7
3646738,4022,0
3646758,4199,0
3646797,62,6
3646854,1805,0
3646853,7,8
3646855,20,7
3646914,27,7
3647008,2511,1
3647009,13,7
3647011,2569,0
3647022,3,8
3647013,4,7
3647270,10,9
3646913,33,7
3646912,22,7
3646915,1,7
3647016,6,7
3647014,4,8
3647012,93,5
3647015,30,7
3647019,4028,0
3647017,5,8
3647018,12,8
3647020,62,6
3647021,1,7
3647026,36,8
3647024,8062,0
3647025,4,8
3647023,25,6
3647189,20,8
3647196,2,9
3647190,4,8
3647192,57,5
3647191,2,6
3647193,60,6
3647194,2036,0
3647195,10,8
3647197,4129,0
3647272,766,1
3647273,4411,0
3647274,34,7
3647271,1512,0
3647275,3655,1
3647280,10,8
3647281,37,7
3647277,49,6
3647278,20,8
3647279,38,6
3647276,55,8
3647569,3,7
3647570,38,6
3647647,22,6
3647671,2,7
3647695,147,6
3647698,32,7
3647697,1,9
3647735,4,8
3647845,4413,4
3647848,4564,0
3647847,52,6
3647962,5320,0
3647996,51,6
3647999,28,7
3647995,9,9
3647997,2360,0
3648004,12,8
3648000,31,7
3648001,15,8
3648002,9,7
3648003,47,7
3648046,3,3
3648090,6,7
3648093,1,8
3648091,9,7
3648092,45,7
3648094,12,8
3648201,1460,0
3648202,110,5
3648204,80,5
3648208,16,8
3648209,3320,0
3648207,6,8
3648206,8,7
3648205,2526,0
3648317,228,4
3648367,24,7
3648412,2728,1
3648467,27,7
3648468,37,6
3648469,19,6
3648533,40,7
3648534,3683,0
3648532,3,7
3648536,15,8
3648535,1,9
3648537,4553,0
3648538,2928,0
3648541,39,7
3648539,1,9
3648540,18,8
3648542,36,7
3648630,1962,0
3648631,9,7
3648629,41,6
3648632,8,7
3648644,2,7
3648643,3303,0
3648642,2553,0
3648645,13,8
3648641,4554,0
3648676,73,6
3648677,9,8
3648679,6,8
3648678,44,6
3648710,17,8
3648711,7,7
3648712,7,8
3648713,3291,0
3648714,69,3
3648715,3334,0
3648716,261,4
3648729,34,7
3648738,3,9
3648737,35,6
3648736,12,9
3648735,2569,0
3648742,75,5
3648741,9,8
3648740,8,8
3648743,30,7
3648744,2,8
3648739,56,7
3648745,185,5
3648764,21,7
3648763,5,8
3648765,24,7
3648766,4481,0
3648767,8,7
3648768,30,7
3648769,3693,1
3648839,4351,0
3648840,5,8
3648842,5,7
3648841,10,8
3648843,2,7
3648844,3874,1
3648846,3018,0
3648950,1515,1
3648862,4031,1
3648865,4111,0
3648863,3314,0
3648864,13,6
3648869,33,7
3648871,22,8
3648868,20,8
3648870,8,8
3648873,2603,0
3648874,28,6
3648872,23,7
3648877,124,4
3648875,4392,0
3648878,3666,0
3648876,12,8
3648879,7,8
3648980,16,7
3648981,2,8
3648982,34,6
3648983,30,7
3648984,1,9
3649826,63,5
3649827,11,8
3649824,6,9
3649823,4483,0
3649825,26,7
3650044,4,8
3650046,60,6
3650045,31,7
3650849,2,7
3650848,\N,7
3650847,3,5
3651153,4198,0
3651154,4901,0
3651155,19,8
3651157,21,7
3651158,4046,0
3651159,4,8
3651161,2,8
3651160,46,6
3651162,210,6
3651163,74,5
3651165,4,8
3651168,1,8
3651167,2,9
3651166,28,7
3651169,1152,0
3651170,20,8
3651198,1377,0
3651199,6188,0
3651224,3714,0
3653212,2597,0
3651205,5,3
3651206,77,5
3651225,3655,0
3652856,42,7
3652857,2735,0
3652858,22,7
3652981,144,6
3652982,64,5
3652983,12,7
3652984,15,7
3652985,3666,0
3653044,18,7
3653045,5,7
3653046,7,8
3653047,10,7
3653048,23,7
3653065,1,5
3653066,1848,1
3653067,16,8
3653069,720,2
3653190,3026,0
3653191,2,8
3653193,4,7
3653214,25,8
3653215,5,6
3653213,5,6
3653216,3,9
3653248,61,6
3653250,12,7
3653251,6,8
3653252,9,8
3653253,13,8
3653254,8,8
3653255,3999,0
3653256,2,9
3653257,11,8
3653258,14,8
3653259,4399,1
3653305,5,8
3653304,83,6
3653306,40,6
3653320,3749,1
3653321,14985,0
3653324,4,7
3653323,7,8
3653319,9,9
3653322,1477,0
3653343,31,7
3653344,8,9
3653389,7,7
3653390,7,7
3653410,2,7
3653411,4,8
3653413,24,7
3653412,8100,0
3653414,3636,1
3653415,34,7
3653469,4190,1
3653470,62,5
3653468,10,7
3653471,6,9
3653472,2812,0
3653521,3291,0
3653522,6,8
3653519,3755,0
3653520,24,6
3653535,4,8
3653534,22,7
3653555,2,7
3653537,4100,0
3653599,22,8
3653600,2587,0
3653602,2628,0
3653601,23,7
3653603,54,6
3653605,2,4
3653646,5,7
3653647,3,7
3653648,6,8
3653649,24,8
3653650,4,8
3653652,18,7
3653651,2333,2
3653680,27,8
3653682,19,8
3653684,3792,0
3653689,3662,1
3653686,3832,0
3653685,2,9
3653688,36,6
3653690,9,8
3653691,11,8
3653692,3056,0
3653693,4031,2
3653694,4218,0
3653695,1,9
3653696,3,8
3653700,1,9
3653698,21,7
3653697,4030,1
3653699,2498,0
3653701,4511,0
3653702,18,8
3653760,26,7
54283566,1082,1
3653806,30,6
3653811,30,6
3653812,12,8
3653813,117,5
3653827,10,7
3653834,\N,9
3653902,1872,0
3653903,150,5
3653905,11,8
3653906,163,3
3653904,3,8
3653909,26,7
3653907,1,7
3653908,4,8
3653910,5628,0
3653911,42,5
3653913,66,5
3653912,1,9
3653914,29,6
3653916,3633,0
3653917,777,1
3653918,3503,0
3653921,13,7
3653919,8,8
3653920,24,6
3653969,25,7
3653970,940,0
3653973,3937,0
3653971,12,8
3653972,24,7
3654055,7721,0
3654054,5,8
3654057,39,6
3654058,8,8
3654239,28,7
3654337,9,8
3654378,1100,0
3654336,4367,0
3654335,35,7
3654338,696,2
3654339,73,4
3654342,7,8
3654341,2570,2
3654340,3652,0
3654379,4190,0
3654380,30,7
3654381,83,4
3654382,6,2
3654408,35,7
3654407,18,4
3654413,1180,2
3654412,9,4
3654411,4,8
3654457,18,7
3654458,4,7
3654467,4023,0
3654483,2250,2
3654482,31,6
3654481,29,7
3654484,2,7
3654486,2,7
3654485,10,8
3654518,3428,0
3654519,4041,0
3654520,2369,0
3654525,719,2
3654526,4268,0
3654529,4412,0
3654528,5,3
3654527,1996,0
3654644,2,7
3654645,1,9
3654646,1,9
3654982,1427,1
54511966,0,9
3654983,\N,9
3655362,2910,1
3655366,13,7
3655364,19,7
3655363,9,8
3655365,12,5
3655393,9,8
3655395,1841,1
3655397,6,9
3655394,71,6
3655396,18,7
3655398,146,6
3655400,2626,0
3655399,2246,0
3655448,2751,0
3655450,3314,0
3655451,12,8
3655452,7,7
3655547,1095,1
3655548,4210,0
3655550,27,6
3655552,13,8
3655556,18,7
3655555,2935,0
3655554,6,8
3655558,1730,1
3655561,11,8
3655562,5,7
3655559,5,8
3655563,6,8
3655565,4392,0
3655564,10,9
3655566,3954,1
3655732,357,2
3655731,10,7
3655733,4,8
3655738,4,7
3655737,4,8
3655735,10,8
3655739,2914,0
3655743,2961,1
3655751,4231,0
3655759,2296,0
3655730,1,9
3655734,4055,0
3655736,112,5
3655740,10,7
3655741,1,7
3655742,4223,0
3655744,9,8
3655750,2591,0
3655745,3,4
3655746,29,7
3655748,4380,0
3655749,76,6
3655753,8,8
3655754,30,6
3655755,197,3
3655756,7,8
3655762,993,3
3655761,4,6
3655763,1475,1
3655764,7,8
3655869,1,6
3655870,5,8
3655872,5,7
3655871,2010,0
3655874,12,8
3655873,3,8
3655876,20,8
3655875,13,8
3655878,3978,0
3655970,4,7
3655973,1,7
3655972,4,9
3655974,6,7
3655976,3,7
3655971,1873,1
3655977,3476,0
3655978,1138,0
3656409,4004,0
3656413,8,7
3656414,15,8
3656415,8,9
3656411,8,8
3656412,12,8
3656788,3133,1
3656789,50,6
3656793,114,4
3656790,3,8
3656792,8,5
3656791,67,6
3656917,8,8
3656918,3815,0
3656919,2200,1
3656921,4031,0
3656920,56,6
3656922,9,8
3656923,4,7
3656924,3324,0
3656925,1498,0
3656926,6,6
3656927,12,8
3656929,11,6
3656928,56,6
3656931,58,6
3656930,7,7
3656932,7,9
3656933,4,6
3656994,4,8
3656996,26,7
3659801,12,6
3659802,3883,0
3659804,4379,1
3659805,27,7
3660057,12,7
3660059,12,7
3660058,12,8
3660060,4051,0
3660064,17,8
3660061,9,8
3660062,5,7
3660063,1,9
3660066,6,8
3660065,6,8
3660308,22,3
3660309,4,8
3660312,4,9
3660311,1093,1
3660310,6,7
3660313,2,9
3660314,1811,1
3660381,22,6
3660382,2,7
3661266,14,9
3660383,26,6
3661270,14,8
3661269,28,7
3661267,2699,0
3661319,226,4
3661317,16,8
3661318,4,7
3661368,1589,1
3661458,2,7
3661459,1,7
3661493,1347,0
3661494,4027,1
3661495,10,7
3661498,39,6
3661496,4401,0
3661499,16,8
3661500,29,7
3661503,29,7
3661504,38,7
3661505,71,6
3661506,28,6
3661508,28,7
3661507,9,8
3661509,1319,0
3661516,3476,0
3661517,2929,2
3661548,1271,1
54162297,29,9
3661546,21,7
3661549,15,8
3661547,10,7
3662167,1,8
3662198,744,2
3662199,15,8
3662200,14,7
3662228,15,7
3662229,5105,0
3662250,3491,0
3662251,32,6
3662252,1,6
3662283,4227,0
3662284,15,7
3662285,1100,1
3662289,1956,0
3662291,34,6
3662287,4227,0
3662286,17,7
3662288,9,8
3662290,61,6
3662292,18,7
3662293,13,7
3662341,69,6
3662442,2698,1
3662443,11,7
3662482,26,7
3662483,11,8
3662484,11,8
3662585,20,7
3662587,18,7
3662586,1122,1
3662632,8854,0
3662633,24,7
3662634,18,6
3662637,7,6
3662636,4373,0
3662638,2021,0
3662635,8,8
3662640,27,7
3662639,53,6
3662643,2846,1
3662641,33,7
3662645,26,7
3662646,2563,0
3662644,22,5
3662877,2739,0
3662879,10,7
3662875,32,6
3662876,5,7
3662915,10,8
3662960,37,6
3662961,18,7
3662957,713,1
3663021,2596,0
3662962,13,8
3663066,4395,0
54459571,57,5
3663062,1,6
3663064,3690,0
3663067,\N,7
3663258,3,6
3663259,9,7
3663464,24,6
3663465,13,8
3663467,4045,0
3663466,4395,0
3663540,74,5
3663541,116,6
3663543,206,6
3663544,2,8
3663743,4,9
3663742,3,9
3663744,5,3
3663745,1706,0
3663821,36,6
3663822,7,8
3663828,1,7
3663829,2859,0
3663827,1,8
3663830,4,8
3663826,\N,9
3663955,756,1
3663954,8066,0
3663957,1916,0
3664062,58,7
3664083,7292,0
3664085,969,2
3664086,37,7
3666208,3476,0
3666411,3713,0
3666473,2063,0
54077804,4016,0
54440656,4390,1
3666234,6,7
3666235,4,8
3666233,17,7
3666232,16,8
3666236,14,8
3666412,1286,1
3666424,10,7
3666426,4023,1
3666427,978,2
3666428,10,7
3666429,13,9
3666433,6,8
3666431,8,7
3666430,4,6
3666432,3,7
3666471,4500,0
3666472,48,6
3666539,6,7
3666541,16,8
3666543,217,6
3666542,6,7
3666540,75,5
3666625,11,9
3666626,4,9
3666627,14562,0
3666628,3896,0
3666632,6,7
3666630,3794,0
3666678,3316,0
3666677,3307,0
3666676,32,7
3666679,3,6
3666681,2,6
3666683,55,6
3666682,16,8
3666680,7,7
3666685,2573,0
3666684,7,8
3666686,9,8
3666724,29,7
3666732,118,4
3666730,6,8
3666733,83,5
3666731,10,7
3666784,2604,0
3666783,3259,1
3666884,47,6
3666886,15,5
3666928,7,9
3667125,3136,2
3666885,5,6
3666916,3665,0
3666915,11,7
3666926,28,7
3666925,4022,1
3666929,8426,0
3666924,9,9
3666927,12,7
3666973,35,7
3666972,2,8
3666974,1,6
3666975,22,7
3666977,734,1
3666978,26,4
3667041,15,4
3667048,25,6
3667089,3300,1
3667090,15,7
3667092,4106,0
3667093,4019,0
3667091,6,7
3667121,374,2
3667122,96,5
3667127,2968,1
3667126,11,9
3667124,1917,1
3667123,138,5
3667130,4243,0
3667129,4,8
3667131,23,7
3667128,1,8
3667132,1502,2
3667133,55,6
3667136,773,2
3667137,2,8
3667135,29,8
3667139,3660,0
3667138,29,7
3667432,8,7
3667429,15,8
3667430,26,7
3667431,26,7
3667474,12,7
3667476,4,7
3667477,1,6
3667484,12,7
3667490,2564,1
3667491,2791,0
3668932,3,6
3668954,81,5
3668955,8,8
3668967,138,4
3668968,42,6
3668969,8,8
3668971,3,8
3668975,1,8
3668976,6,8
3668977,17,8
3668978,6,8
3669016,1071,0
3669049,2396,0
3669017,3559,0
3669018,6,8
3669019,13,8
3669020,11,8
3669052,3,4
3669060,6,8
3669061,40,7
3669064,4,8
3669065,6,8
3669066,29,7
3669068,3,8
3669069,14,8
3669146,3662,1
3669145,12,3
3669147,3,9
3669148,28,8
3669149,27,7
3669221,4053,0
3669222,621,2
3669223,2415,1
3669224,2571,0
3669245,41,7
3669246,5,8
3669249,3640,0
3669247,5,9
3669248,10,8
3669251,8,8
3669252,15,8
3669253,4089,0
3669254,2388,0
3669255,4010,0
3669356,1632,0
3669359,3159,0
3669357,4,7
3669358,29,8
3669886,58,6
3669883,3,8
3669885,6,6
3669884,2561,0
3669887,1149,1
3669888,6,7
3670036,5,8
3670037,27,8
3670038,23,6
3670094,5147,0
3670097,3902,0
3670096,6,6
3670095,1834,0
3670098,3663,0
3670099,21,8
3670100,2780,0
3670102,1058,1
3670103,18,8
3670140,142,5
3670143,70,6
3670144,7,8
3670141,3546,0
3670145,3688,0
3670146,10,9
3670147,4,9
3670148,4,9
3670149,12,8
3670290,3288,0
3670294,4749,0
3670291,2925,1
3670293,93,5
3670296,17,8
3670396,6235,0
3670700,3642,1
3670702,7,9
3670725,12,8
3670726,7,9
3670728,11,9
3671000,10,9
54181493,3,9
54506166,1,9
54181360,2,9
54181367,2,9
3687156,10,9
54181373,2,9
54181380,3,8
54181385,8,9
3672195,3904,0
3687179,6,9
54181412,2,9
54181386,2,9
3698585,2,9
3698480,5,9
3698484,2,9
3698481,2,9
3698482,2,9
3698479,2,9
3698483,11,9
3698488,2,9
3698477,2,9
3698489,3,8
3698490,9,9
3698478,2,9
3698485,2,9
3698492,2,9
3698497,2,9
3698494,2,9
3698496,3993,1
3698493,1,9
3698495,3,9
3698498,2,9
3698501,2,9
3698504,1,9
3698499,6,9
3698503,3,9
3698500,1,9
3698502,6,9
3698505,2,9
3698506,2,9
3698507,11,9
3698510,1,9
3698509,2,8
3698511,2,9
3698508,1,9
3698513,5,9
3698512,4,9
3698517,1,9
3698514,2,9
3698515,8,9
3698519,3,9
3698518,2,8
3698520,7,9
3698522,2,9
3698525,2,9
3698524,2,9
3698523,3,9
3698531,8,9
3698526,5,8
3698528,2,9
3698530,4,9
3698529,1,9
3698527,2,9
3698532,1,9
3698534,4,9
3698533,1,9
3698535,3,9
3698538,4,9
3698540,1,9
3698549,5,9
3698537,1,9
3698539,1,9
3698541,4,9
3698548,4,9
3698543,4,9
3698542,1,9
3698546,1,9
3698547,1,9
3698545,1,9
3698544,7,8
3698550,1,8
3698555,1,9
3698552,1,9
3698553,3310,0
3698551,3596,0
3698558,4,9
3698554,4,9
3698556,7,9
3698559,7,9
3698560,3,9
3698562,3,9
3698561,3,9
3698564,3,9
3698563,7,9
3710163,6,9
3710162,4,9
54508747,7,9
54508748,11,9
54509617,70,6
54510162,6,9
54510163,3,9
3670142,6,8
3670150,4,8
3670295,3,9
3670297,3456,0
3670298,19,7
3670394,7,8
3670393,54,6
3670392,4,7
3670395,6,8
3670397,23,7
3670398,113,6
3670630,35,7
3670631,15,8
3670632,4,9
3670633,7,5
3670701,52,6
3670703,25,7
3670704,2,8
3670716,1412,2
3670717,38,2
3670720,12,8
3670719,3828,0
3670729,1489,0
3670727,2,8
3670999,3,8
3671001,4007,0
3671119,3275,0
3671118,9,8
3671121,255,2
3671123,2617,0
3671122,26,7
3671124,4,8
3671125,\N,7
3671126,13,6
3671127,1052,2
3671129,225,4
3671128,2,8
54181508,2,9
54181509,2,6
54181510,3,8
54181511,1,8
54181513,1,9
3671131,4049,0
3671133,47,6
3671134,3448,1
3698557,5,8
3698565,3,9
3698566,4,9
3698567,7,9
3698571,2,8
3698570,1,9
3698568,1,9
3698569,1,9
3698572,1,9
3836316,131,4
3838920,46,5
3671874,122,6
3672037,2,7
3672038,1,8
3672190,38,7
3672191,75,6
3672192,3,8
3672193,3786,0
3672293,3638,0
3672357,4,9
3672358,4,5
3672359,29,7
3672360,10,7
3672462,9,8
3672457,29,6
3672458,62,6
3672461,4020,1
3672460,242,3
3672459,2196,3
3672463,11,4
3672464,39,5
3672465,34,7
3672561,2680,0
3672563,1,6
3672564,15,7
3672565,3676,0
3672669,979,0
3672668,28,7
3672670,26,7
3672672,158,6
3672671,5,8
3672673,3680,0
3672674,1,7
3672730,37,6
3672731,12,6
3672732,5,7
3672900,30,6
3672902,4323,0
3672903,19,8
3672901,53,6
3672908,66,7
3672909,473,2
3672906,4196,0
3672904,4292,0
3672907,4110,0
3672905,4,7
3672910,26,7
3672962,24,7
3672960,3264,0
3672961,22,6
3672963,2576,0
3672964,3807,0
3673133,1472,0
3673134,34,6
3673137,7,7
3673138,7,9
3673167,10,7
3673168,2743,0
3673620,3222,0
3673267,28,6
3673384,19,8
3673385,2570,0
3673470,59,6
3673469,17,7
3673471,1058,1
3673472,1086,2
3673544,15,7
3673545,3902,0
3673546,1878,0
3673597,2,9
3673598,3279,2
3673636,18,4
3673679,112,5
3673680,\N,9
3673724,2,8
54495706,3773,1
3673736,942,1
3673787,12,6
3673794,3991,0
3673792,4271,0
3673793,87,5
3673806,3911,0
3673825,10,6
3673837,46,5
3673836,37,7
3673857,4235,0
3673867,8538,0
3673865,164,4
3673868,35,6
3673866,3,7
3673869,3107,0
3673870,169,4
3673913,8,7
3673918,161,5
3673917,12,7
3673919,151,4
3673920,2,7
3673914,1634,0
3673916,3,7
3673915,2,8
3673921,3668,0
3673922,1031,2
3673978,52,7
3673979,8,9
3673976,463,3
3673977,9,6
3673980,25,8
3673981,12,8
3673983,4280,0
3673982,1837,0
3674010,1834,1
3674025,5,9
3674024,3693,0
3674023,11,8
3674022,2706,0
3674026,1,8
3674069,4302,0
3674072,3016,1
3674070,1244,0
3674104,38,6
3674105,34,8
3674106,8,8
3674175,9,9
3674174,4029,0
3674177,7,8
3674178,4,8
3674179,14,8
3674216,16,8
3674249,26,7
3674330,3882,0
3674331,5472,0
3674332,37,7
3674333,21,8
3674335,3105,0
3674337,29,7
3674426,4004,0
3674499,1068,1
3674500,3091,0
3674501,35,6
3674503,33,6
3674749,1,9
3674757,83,4
3674825,3102,0
3674830,730,1
3675170,2,9
3675179,1,9
3675191,21,7
3675093,35,6
3675110,1,9
3675116,17,8
3675146,32,7
3674248,1,9
3674336,18,8
3674341,81,6
3674427,34,7
3674498,117,5
3674502,2595,0
3674578,2597,0
3674617,78,5
3674619,43,7
3674659,75,5
3674684,134,4
3674745,2927,1
3674755,1047,1
3674756,4814,0
3674789,4209,0
3674865,47,5
3675259,110,6
3675262,1,8
3675275,35,8
3675285,3814,0
3675298,1,9
3675307,1062,3
3675229,2977,0
3674864,27,6
3674874,2854,0
3674886,37,7
3674887,6,7
3674937,2363,0
3674947,3507,0
3674948,12,8
3674962,12,6
3674961,10,7
3674963,1987,0
3674964,154,4
3675019,3621,0
3675020,3,9
3675021,3,9
3676114,10,7
3676117,5,8
3676115,18,7
3676118,3,9
3678015,6,8
3678016,1316,2
3678250,2625,0
3678251,8,8
3678248,21,7
3678563,3848,1
3678561,50,6
3678560,1145,0
3678562,1036,2
3678564,2603,0
3678608,19,7
3678609,8,7
3678610,108,4
3678611,2196,0
3678630,3306,1
3678629,1646,0
3678631,23,7
3679434,2478,1
3679436,45,6
3680268,24,7
3680281,5,8
3680275,1,9
3680895,5,9
3680936,27,6
3681005,3,9
3681036,1,9
3681053,1,8
54499772,3,8
3679871,13,7
3679870,30,6
3680249,3623,1
3680251,139,4
3680250,4188,0
3680252,16,7
3680266,54,6
3680269,145,4
3680284,750,2
3690060,1346,2
3681964,4203,0
3681965,2482,0
3681972,1478,1
3681973,991,1
3682228,3886,1
3682429,3815,0
3683246,77,5
3682230,3662,0
3682231,4,8
3682232,44,7
3682428,5,8
3682430,39,6
3682463,3588,0
3682462,37,7
3682464,5,8
3682465,1837,0
3682466,6207,0
3682467,2220,0
3682495,97,4
3682496,2,9
3682497,4181,0
3682529,65,6
3682527,7,4
3682530,23,8
3682531,57,5
3682926,56,5
3682925,58,6
3682927,5,8
3683390,170,4
3683391,35,6
3683392,8,8
3683393,73,3
3683394,1479,2
3683395,4043,0
3683396,3690,0
3683467,3,7
3683469,4423,0
3683470,15,8
3683471,61,6
3683472,17,6
3683805,7,9
3683808,43,7
3683807,4131,0
3683809,23,7
3684008,4161,1
3684007,4,9
3684006,36,6
3684343,11,8
3684344,4044,0
3684345,9,8
3684342,59,6
3684348,8,8
3684350,6,9
3684347,4,8
3684349,10,8
3684346,1660,2
3684351,6,8
3684352,2523,1
3684353,59,5
3684354,4,9
3684355,3667,0
3684635,9,9
3684633,8325,0
3684632,17,9
3684631,7,7
3684634,3,8
3684636,154,4
3684718,8931,0
3684637,4055,0
3684638,17,4
3684728,8,8
3684730,2935,0
3684729,56,7
3684733,4254,0
3684732,5,8
3684734,5,9
3684735,3,7
3684736,40,7
3685268,7,8
3685270,146,5
3685271,15,8
3685272,3661,1
3685631,6946,0
3685633,6,8
3685634,564,1
3685635,29,7
3685807,3868,0
3685809,70,5
3685811,5016,1
3685812,24,8
3685810,28,7
3685817,5614,0
3685818,7559,0
3685820,5,9
3686081,1922,0
3686080,25,6
3686085,19,6
3686086,6,8
3686149,5,9
3686154,3985,0
3686159,3287,1
3686272,3,9
3686281,4047,1
3686283,2,7
3686284,4180,0
3687132,58,6
3687134,27,7
3687789,2,9
54354286,59,7
3684737,2,7
3685273,18,3
3685632,1,8
3685815,18,8
3685816,21,7
3685814,2503,1
3685819,8,7
3686148,3630,0
3686150,2554,1
3686151,2920,1
3686152,51,5
3686187,90,6
3686191,11763,0
3686282,3791,0
3687133,22,8
3687145,7,8
3687910,57,6
54510126,1,9
3687147,25,6
3687148,24907,0
3687149,19,7
3687150,7,9
3689016,10,7
3689017,770,0
3689018,5,6
3689178,15,7
3689342,12,8
3689179,15,8
3689180,5,8
3689237,24,7
3689239,\N,7
3689267,9,7
3689268,9,5
3689269,13,8
3689270,37,6
3689271,1018,0
3689272,12,8
3689273,1524,0
3689340,72,5
3689341,2547,1
3689343,71,5
3689346,982,1
3689345,4053,0
3689344,64,6
3689348,35,7
3689350,2591,1
3689349,30,7
3689347,52,6
3689351,33,7
3689354,2,6
3689355,11,7
3689353,3693,0
3689356,10,8
3689358,3687,1
3689357,4197,2
3690050,1835,0
3690052,12,8
3690053,3285,0
3690054,60,5
3690057,8,7
3690055,3,9
3690058,36,8
3690056,8,8
3690061,7,7
3690383,10,7
3690382,31,8
3690381,12,7
3690385,5,7
3690386,4,6
3690384,3,7
3690387,126,5
3690388,84,5
3690389,11,7
3690390,5,8
3690391,22,6
3690392,1,8
3690683,48,6
3690684,5,7
3690686,9,7
3691089,2945,0
3691088,37,7
3691095,2303,3
3691092,6,8
3691091,2,8
3691090,32,6
3691093,3107,3
3691094,53,5
3691096,1,8
3691097,682,0
3691589,3141,1
3691154,8,8
3691155,21,3
3691157,5,9
3691158,6,8
3691159,8,8
3691160,4126,0
3691354,22,7
3691377,3069,0
3691711,7,8
3691712,3542,0
3691849,5,6
3692283,4198,0
3692282,29,2
3692285,2920,0
3692284,28,7
3692286,1,7
3692287,1,6
3692288,1,8
3692289,19,6
3692290,1,7
3692291,2,9
3692558,2,8
3692562,2,8
3692559,15,8
3692560,18,7
3692561,16,5
3692563,29,3
3692564,1855,0
3692565,2941,0
3692744,2768,0
3692745,4387,0
3692746,2,8
3692748,27,5
3692750,18,7
3692751,3876,0
3692863,50,6
3693014,21,7
3693057,3030,0
3693058,3140,0
3693145,3117,0
3693163,3524,0
3693197,18,8
54181745,2,9
54506472,1,9
3693237,13,8
3693238,44,7
3693239,3,8
3693266,221,4
3693265,16,7
3693267,12,7
3693268,12,7
3693269,31,7
3693270,2730,0
3693271,16,7
3693426,2442,0
3693427,1779,0
3693517,9,8
3693519,141,4
3693554,7,9
3693428,373,0
3693516,1456,0
3693549,28,7
3693553,185,4
3693607,9,8
3693719,3,8
3693720,6,8
3693721,1461,1
3693773,35,6
3693774,36,7
3693826,3,8
3693845,5,7
3694011,8,8
3693846,11,8
3693847,79,5
3694045,2949,0
3694044,30,7
3694046,4,9
3694048,16,8
3694047,2,8
3694050,4750,1
3694051,3,9
3694125,3,8
3694124,2,8
3694128,6,8
3694126,803,0
3694127,3833,1
3694130,2366,0
3694131,2,7
3694132,2,8
3694133,3917,0
3694451,3465,0
3694452,2,8
3694453,7,6
3694454,5,8
3694455,7,6
3694456,2,8
3694460,5,8
3694457,2,8
3694458,5,8
3694459,53,7
3694461,2,8
3694462,31,6
3694463,63,6
3694464,715,1
3694465,6,8
3694466,22,8
3694520,32,7
3694519,27,7
3694521,8,8
3694526,5,8
3694523,2,9
3694522,4,8
3694525,2,9
3694524,28,7
3694527,32,8
3694528,10,8
3694529,65,5
3694530,1830,1
3694531,1324,1
3694776,62,5
3694777,30,7
3694778,29,6
3694781,154,4
3694779,5,7
3694780,19,8
3694783,2,8
3694782,3,8
3694784,23,8
3694785,27,7
3694787,12,7
3694786,3191,0
3694985,4,9
3694986,4,7
3694988,5,8
3694989,29,7
3694990,1131,1
3695293,4228,0
3695292,24,7
3695294,5,7
3695295,1,8
3695296,21,7
3695412,26,7
3695410,4,7
3695413,10,7
3695414,23,7
3695415,54,5
3695411,27,6
3695417,32,7
3695416,1343,3
3695418,6,9
3695419,4,8
3695420,24,7
3695647,2889,0
3695652,2123,0
3695648,45,6
3695653,23,7
3695649,8,8
3695650,21,8
3695654,3,8
3695651,23,8
3695735,3924,0
3695734,42,6
3695736,3,8
3695745,24,7
3695816,2345,0
3695824,1791,1
3695838,4127,1
3695933,25,9
3699902,1837,0
3695738,3653,0
3695837,17,7
3695919,1692,0
3695920,134,4
3695932,1984,1
3696014,3735,1
3696013,100,4
3696015,4022,0
3696140,3692,0
3696154,9,8
3696459,133,3
3696153,\N,7
3696193,10,7
3696194,3,8
3696195,35,7
3696301,12,8
3696302,5,8
3696300,2568,1
3696303,21,7
3696304,6,8
3696305,25,6
3696400,32,6
3696401,4,4
3696402,3466,0
3696404,25,8
3696405,5,7
3696403,2,7
3696406,3630,0
3696407,8,7
3696440,4150,0
3696441,3854,0
3696443,6,9
3696442,40,5
3696445,42,6
3696455,15,7
3696447,10,7
3696448,10,6
3696450,2156,0
3696451,10,7
3696452,10,8
3696454,1,7
3696453,3,7
3696456,2,7
3696457,54,6
3696460,709,2
3696461,4,8
3697175,4,8
3697177,4,9
3697178,6111,0
3697563,59,5
3697564,4,6
3697566,7,8
3697567,158,6
3697797,2571,0
3697796,2934,0
3697798,189,3
3697799,58,5
3697800,30,7
3697801,3,8
3697802,7,9
3697803,18,3
3698468,86,5
3698469,1519,1
3698470,2952,0
3698471,29,6
3698473,20,7
3698474,9,7
3698475,2562,0
3698476,27,8
3698578,37,6
3698573,6,8
3698574,1679,0
3698575,132,4
3698577,8,6
3698576,4,8
3698840,33,7
3698841,28,7
3698850,2180,0
3698842,27,6
3698843,6,8
3698844,22,7
3698847,360,2
3698845,3,7
3698846,4033,0
3698848,4,7
3698849,14,2
3699442,137,5
3699443,4,8
3699446,3,7
3699445,63,6
3699444,21,7
3699447,2563,0
3699449,10,8
3699451,2628,0
3699477,23,7
3699476,31,6
3699479,4,9
3699480,3863,0
3699481,4019,1
3699482,13,9
3699483,55,7
3699497,62,5
3699505,3725,0
3699506,4053,0
3699509,51,6
3699510,2,7
3699511,2,8
3699512,27,7
3699513,7,9
3699882,2,7
3699883,2923,0
3699885,3275,0
3699886,3981,1
3699887,4268,0
3699888,699,2
3699890,3341,1
3699891,8,7
3699892,4,7
3699893,49,4
3699894,27,7
3699895,4,8
3699896,1,8
54510127,1,9
3699903,24,7
54510128,1,9
54502927,2,9
54506473,1,9
3699901,37,7
3699898,1668,2
3699899,12,8
3699905,52,6
3699906,3503,0
54211782,2445,1
3699951,1344,2
3699952,4033,0
3701707,23,8
3701708,15,8
3701710,7332,0
54506474,1,9
54181792,17,7
54506167,0,9
54506168,1,9
54181771,1,9
54181773,1,9
3701881,2596,0
3699954,2413,0
3700064,3088,0
3701679,2375,1
3701712,15,7
3701837,3537,0
3701838,20,8
3701847,50,6
3701849,38,5
3701857,2922,1
3701866,31,6
3701883,713,2
3701879,55,5
3701882,56,5
3701880,3,7
3701884,30,7
3701885,9,9
3701886,14,8
3702256,3789,0
3702310,9,7
3702311,1519,2
3702316,4018,0
3702320,3286,0
3702670,3321,0
3702677,32,6
3702676,8,9
3702685,11,8
3702708,3791,0
3702718,2,8
3703890,37,6
3702318,1485,0
3702319,3862,0
3702321,2647,0
3702322,12,8
3702671,51,5
3702672,5810,0
3702707,2551,0
3702705,4109,0
3702706,26,7
3702719,31,7
3702717,32,6
3702720,23,3
3702914,2126,0
3702915,27,7
3702916,29,7
3702917,5,8
3702918,55,6
3702939,2932,0
3702938,3363,0
3702940,35,6
3702963,8,7
3702941,15,8
3702966,3127,0
3702967,7,9
3702968,3,7
3702969,24,8
3702970,7,8
3702999,2595,0
3703000,3669,0
3703002,8174,0
3703001,2548,1
3703003,63,5
3703011,4,4
3703048,139,5
3703012,7376,0
3703013,1,6
3703056,4,8
3703058,1,7
3703059,4,3
3703070,3282,0
3703073,4058,0
3703072,60,5
3703074,1,6
3703075,7,7
3703076,6,9
3703166,1678,0
3703077,171,3
3703078,11,7
3703079,2926,0
3703080,3679,0
3703193,4186,0
3703192,3750,0
3703194,787,1
3703195,50,7
3703243,9,8
3703244,30,7
3703245,7,8
3703246,2,7
3703247,1107,0
3703248,5,7
3703253,1290,0
3703254,2,8
3703255,26,7
3703261,17,7
3703262,2971,0
3703263,3893,0
3703309,3684,0
3703311,18,8
3704051,2,9
3704075,1,8
3704079,47,6
3777606,3898,0
3703303,5705,0
3703314,2647,0
3703319,3296,0
3703372,4033,0
3703435,2532,0
3703436,2,7
3703437,4997,0
3703438,8,7
3703537,45,5
3703538,34,6
3703539,405,1
3703540,34,6
3703541,2388,0
3703542,40,5
3703543,5,7
3703544,8,7
3703545,4079,0
3703546,27,8
3703547,2,8
3703548,9,7
3703775,3352,0
3703778,6773,0
3703779,10,8
3703784,43,6
3703780,2134,1
3703781,37,6
3703782,35,6
3703783,35,6
3703787,25,6
3703788,13,5
3703790,1294,0
3703793,93,4
3703884,32,6
3704141,2450,0
3704143,5671,0
3704145,3645,1
3704144,1825,1
3707696,56,6
3703785,1,7
3703786,3,7
3703789,6,8
3703791,7,8
3703792,8,7
3703887,1978,0
3703886,96,5
3703889,6,8
3703888,54,6
3703894,1,8
3703892,10,7
3704146,161,4
3704147,1062,1
3704148,6,7
3704154,6,7
3704150,5,8
3704149,40,6
3704151,33,7
3704152,39,7
3704153,41,5
3704156,1485,0
3704157,10,7
3704158,33,6
3704262,1307,2
3704264,1485,1
3704263,3626,0
3704265,3458,0
3704268,532,1
3704267,32,6
3704266,39,6
3704764,36,6
3704765,3661,0
3704766,3673,0
3704767,14,3
3704768,18,7
3704769,39,4
3704770,93,5
3704771,1454,0
3705038,1349,1
3705039,1389,1
3705040,3333,0
3705042,202,4
3705043,1663,1
3705045,2191,0
3705046,4,8
3705047,21,8
3707692,28,7
3707693,30,7
3707694,4040,0
3707698,3446,0
3707697,5770,0
3707699,21,8
3708359,3688,0
3708360,4047,1
3708361,6,8
3708363,4076,0
3708364,3,7
3708365,18,8
3708366,3267,0
3708650,22,8
3708651,4,9
3708943,15,8
3708944,5,8
3708945,8403,1
3709076,270,4
3709077,3336,0
3709078,5855,0
3709079,4366,0
3709080,1478,3
3709081,3297,1
3709130,34,8
3709133,6580,1
3709134,4103,0
3709132,8,7
3709136,7,7
3709135,29,6
3709137,2,8
3709247,30,7
3709248,10,8
3709250,3304,1
3709251,7,8
3709252,1147,2
3709285,10,7
3709397,11,9
3709398,6955,0
3709400,29,6
3709401,44,7
3709449,2411,0
3709549,21,7
3709550,33,7
3709602,3242,0
3709601,81,5
3709603,6376,0
3709604,12,8
3709710,12,9
3709711,3992,0
3709714,13,9
3709774,1465,1
3709956,3660,1
3709957,1665,2
3709958,33,7
3715407,3001,0
3715408,2,9
3715411,10,8
3715412,2,9
3715413,15,8
3753570,7,7
3764850,3,9
3709453,4034,0
3709712,16,7
3709713,3,7
3709715,3657,1
3709716,10,6
3709773,16,8
3709775,2,8
3709924,24,7
3709926,6,6
3709959,1404,2
3709960,107,4
3709961,2,7
3709962,16,8
3709963,1,6
3709966,14,8
3709967,13,8
3709968,17,8
3710019,2764,0
3710018,92,5
3710020,351,2
3710159,64,6
3710160,1141,1
3710161,11,8
3710164,12,8
3710215,14,9
3710219,2,8
3710217,10,7
3710216,3,7
3710218,8,7
3710223,16,7
3710222,30,6
3710237,10,8
3710225,1507,0
3710224,11,7
3710226,42,6
3710227,11,8
3710228,3251,0
3710229,1756,0
3710230,14,8
3710245,1739,0
3710246,2184,0
3710247,5319,0
3710557,12,9
3710558,16,6
3710911,1686,0
3710912,4083,0
54084705,6609,0
3710559,2,6
3710713,2,9
3710716,11,8
3710712,25,7
3710714,121,4
3710715,95,3
3710913,3660,0
3710914,36,5
3710916,7,6
3710915,23,7
3710917,3,8
3710918,4421,0
3710919,118,5
3710920,596,3
3710921,25,8
3711166,5525,0
3711167,2153,0
3711168,1703,0
3711170,6,7
3711171,69,5
3711172,10,9
3711173,8,8
3711174,3403,2
3711779,1363,0
3711778,3652,0
3711780,6,8
3711781,34,6
3711782,7,8
3711783,28,7
3711784,6319,0
3711785,3417,0
3712031,9,7
3712032,8,8
3712033,7,8
3712034,1070,1
3712420,2944,0
3712419,4047,0
3712421,2596,1
3712422,5,8
3712423,26,7
3712424,5,8
3712425,29,7
3712426,3730,1
3712468,3264,0
3712469,5,8
3712471,60,7
3712470,33,7
3712472,4054,0
3712527,3,8
3712528,3,8
3712529,5,8
3712530,2984,0
3712531,709,1
3712532,2,8
3712533,14,8
3712535,20,8
3712536,18,8
3712537,3,8
3712619,26,6
3712620,22,7
3712621,5,9
3712625,3604,0
3712622,3682,0
3712624,1,9
3712626,2947,0
3712627,3463,0
3712665,2394,0
3712668,12,8
3712669,5,7
3712670,3545,0
3712671,2,7
3712675,2602,0
3712886,62,6
3713068,23,8
3714487,32,7
3715405,6,9
3717073,2,9
3717069,\N,9
54499773,35,7
3712903,3,8
3712904,2899,0
3712905,4,8
3712906,2,7
3712945,6,8
3712944,4,7
3712946,9,7
3712947,4,7
3712982,2549,0
3712984,14,6
3713006,18,8
3713005,6,9
3713007,2,8
3713008,4025,1
3713004,31,7
3836965,9920,0
3713069,2918,1
3713070,\N,8
3713071,2,6
3713267,127,5
3713268,754,3
3713269,13,8
3713270,2709,0
3713271,3469,0
3713272,1451,0
3713273,5,6
3713283,948,1
3713284,1110,0
3713303,4046,0
3713306,64,6
3713307,30,7
3713318,2080,1
3713941,7679,0
54506171,1,9
3713285,4,6
3713286,7,7
3713287,9,6
3713288,5,8
3713289,4,7
3713304,1718,0
3713305,4,6
3713308,147,3
3713309,6,8
3713319,8,7
3713320,31,3
3713321,3611,0
3713903,2872,1
3713931,785,2
3713932,10,8
3713940,5,9
3713942,8,9
3713933,11,8
3713934,12,8
3713935,3680,0
3713936,10,8
3713937,37,6
3713938,9,8
3713939,12,7
3713943,10,7
3713944,34,6
3713945,30,6
3713946,8,8
3713947,1091,0
3713948,10,8
3713974,1,8
3713975,2,7
3713976,2,8
3713999,7,8
3713993,1483,1
3713989,1847,0
3713998,743,1
3713990,3196,0
3713991,4939,0
3713992,4,9
3713994,9,8
3713995,1660,2
3713997,8,9
3713996,1,7
3714000,9,8
3714001,2695,1
3714003,1,7
3714002,7,8
3714113,8732,0
3714115,7,8
3714114,96,5
3714116,5115,0
3714117,4,9
3714118,1828,1
3714119,3877,0
3714120,21,8
3714121,3674,0
3714122,12,7
3714123,2868,0
3714125,3506,0
3714126,31,7
3714127,6,9
3714175,3995,1
3714177,687,1
3714178,4,8
3714179,6,8
3714181,5,9
3714182,5,8
3714453,4009,1
3714454,3276,2
3714455,2,7
3714456,3651,1
3714457,22,7
3714458,8,7
3714459,24,7
3714460,67,6
3714461,2124,0
3714462,28,7
3714464,56,6
3714465,3,7
3714488,768,1
3714538,2926,1
3714555,19,7
3714579,84,5
3714581,39,6
3714583,14,8
3714584,6,7
3714585,49,6
3714586,14,7
3714587,33,7
3714588,4042,0
3714589,15,8
3719132,1679,0
3714590,\N,7
3715094,2535,0
3715092,5,6
3715093,158,4
3715095,20,7
3715096,10,8
3715097,4,7
3715299,3629,0
3715300,150,5
3715369,21,7
3715384,1529,1
3715435,28,5
3715464,16,7
3715909,3095,0
3717068,1,8
3717072,1,9
3717078,2956,0
3717071,1,9
3717074,8,8
3717077,6,7
3717075,2230,0
3837528,2558,0
54510129,0,9
54510130,0,8
54054508,59,6
54519879,7,9
54520929,7,9
54529111,7,9
54530170,7,9
3715421,3931,0
3715465,3977,0
3715466,1824,0
3715467,7,7
3715497,23,7
3715498,3356,0
3715468,1,6
3715500,14,8
3715501,11,7
3715507,3986,0
3715508,4,8
3715509,8,4
3715511,20,7
3715510,4,7
3715512,977,0
3715513,1644,2
3715533,8342,1
3715534,5,9
3715535,6,7
3715537,17,8
3715536,11,8
3715693,1103,1
3715694,4,8
3715702,6,8
3715703,3206,0
3715739,20,8
3715740,13,8
3715741,1,7
3715771,2950,1
3715897,3990,0
3715906,3502,0
3715907,209,4
3715908,14,8
3715910,45,6
3718764,139,5
3715911,54,6
3715995,6,9
3715997,7,7
3715996,7,7
3715994,9,7
3715998,7,8
3716430,21,7
3716432,55,6
3716433,372,2
3716435,11,8
3716434,33,7
3716436,4,7
3716437,2,7
3716438,17,8
3716439,9,8
3716455,69,5
3716461,10,7
3716456,2,8
3716462,4,9
3716460,23,6
3716459,5,9
3716457,71,6
3716458,30,8
3716472,22,8
3716630,3773,0
3716628,7,9
3716629,13,8
3716627,2,9
3716631,5111,0
3716632,735,1
3716633,4,9
3716635,36,6
3716636,21,7
3716637,8,8
3717039,2902,1
3717037,11,3
3717041,4,7
3717046,5088,1
3717049,4,9
3717044,4,9
3717060,4,9
3717042,1586,0
3717043,3,9
3717047,3,9
3717045,24,8
3717050,32,7
3717052,4,9
3717051,4,9
3717053,4,9
3717054,4,5
3717100,3370,0
3717066,7,8
3717067,4,8
3717079,\N,7
3717082,2949,0
3717081,16,5
3717107,26,7
3717108,31,7
3717359,3702,0
3717358,83,5
3717360,10,8
3718277,2,7
3718315,46,6
3718320,15486,0
3718321,22,6
3718319,7,8
3718318,83,5
3718323,4148,0
3718388,54,5
3718390,1089,1
3718389,2567,0
3718391,1757,1
3718432,5,8
3718763,2797,0
3718762,3,6
3718780,10,8
3718781,2769,0
3718828,2963,0
3719015,23,7
3719075,12,5
3719076,6,7
3719081,3654,0
3719125,29,7
3719379,3,8
3720849,3,9
3720856,4,7
3720857,9,9
3720859,1,9
3720858,4,9
3720861,1,9
3720865,3991,3
3720866,4,9
3720862,4,9
3720863,8,7
3720868,4,9
3720867,4,9
3720860,3,9
3720864,1,9
3720869,3661,2
3720872,4,9
3720877,5839,3
3720875,2,8
3720873,1,9
3720871,3655,3
3720870,1,9
3720874,1,9
3720878,5,7
54432840,4,9
54508749,4,9
54508750,4,9
3719082,5,6
3719126,28,7
3719131,8187,0
3719152,1135,0
3719151,31,7
3719150,3,7
3719175,1475,0
3719176,20,7
3719181,12,7
3719182,10,7
3719183,3198,0
3719184,2,7
3719186,6,8
3719192,34,7
3719193,9,8
3719194,5,9
3719195,70,5
3719196,9,5
3719203,1264,0
3719204,15,8
3719206,3785,0
3719207,796,1
3719213,11,8
3719212,148,3
3719214,141,5
3719226,76,4
3720876,5,9
3719227,24,4
3719243,465,3
3719245,390,2
3719240,6,7
3719241,7,7
3719242,31,7
3719244,4,8
3719319,6,8
3719320,8,8
3719377,924,2
3719376,7,5
3719378,2928,0
3719380,4,8
3719381,29,7
3719473,3469,0
3719471,2567,0
3719468,5,8
3719474,2540,0
3719472,19,7
3719470,5,8
3719475,3299,0
3719476,26,8
3719477,4,9
3719478,26,7
3719726,4,8
3719724,2,9
3719727,6,8
3719725,2,8
3719728,3,9
3719729,3,9
3719730,387,3
3719731,3,9
3719732,4,8
3719733,5,8
3719859,121,3
3719858,14,7
3719862,15,8
3719860,5,8
3719863,1467,0
3719864,3,8
3719865,3176,0
3719866,4,9
3719867,24,8
3719868,3,9
3719993,4,9
3719995,64,5
3719996,15,8
3720005,13,9
3719994,5,9
3719997,9,7
3719999,24,6
3720004,20,5
3720000,377,2
3720001,17,8
3720003,8,9
3720002,3073,0
3720355,3690,0
3720354,23,7
3720357,24,7
3720358,2,7
3720359,363,2
3720356,19,8
3720360,4,8
3720361,5633,0
3720362,3,8
3720363,16,7
3720440,3305,0
3720442,1095,0
3720443,124,4
3720441,20,7
3720439,2948,0
3720444,1,8
3720438,5,8
3720445,728,1
3720545,54,6
3720546,12,8
3720549,2,9
3720547,11,7
3720747,23,6
3720767,1534,1
3720769,1640,0
3720846,1332,1
3720882,2949,4
3720883,2,9
3720888,3964,1
3720886,7,8
3720887,23,8
3720885,4,9
3720884,2,9
3720891,1,9
3720895,3,9
3720890,3285,2
3720889,2,9
3720892,3,9
3720893,2,9
3720894,2,9
3720896,2,9
3720899,2,8
3720897,2,9
3720898,4,6
3720900,1,9
3721993,1,9
3721994,1,9
54157822,3352,0
54292840,2,9
54298758,3,9
54446352,4,9
3720916,1,7
3720915,26,6
3720917,5,7
3720918,140,4
3720919,2558,0
3720924,5536,0
3720979,2,8
3721073,9,8
3721120,2737,0
3721118,3321,0
3721119,3664,0
3721139,129,5
3721137,204,4
3721140,4,8
3721141,122,5
3721160,3892,0
3721158,31,8
3721159,43,6
3721161,87,6
3721157,4,8
3721162,29,7
3721163,39,3
3721164,9,4
3721218,32,7
3721221,2732,0
3721220,145,3
3721219,9,8
3721222,32,6
3721236,3314,0
3721238,11,8
3721239,2555,0
3721237,352,2
3721288,24,7
3721410,1824,0
3721879,3128,0
3837523,116,4
3721223,\N,7
3721289,4000,0
3721344,618,1
3721409,8,8
3721411,3120,0
3721412,69,5
3721906,63,5
3721907,1680,0
3721904,114,5
3721905,60,6
3721909,5,8
3721912,4,6
3721908,3199,0
3721910,38,5
3721990,153,4
3721991,4868,0
3721995,4057,0
3722210,60,7
3722517,27,7
3722518,1388,1
3723701,2388,0
3723763,5126,0
3723740,11,7
3723766,309,2
3723767,9,9
3723815,3453,0
3723816,3269,0
3723817,11,3
3723829,21,6
3723860,58,5
3723940,1069,1
3724101,1138,1
3724222,27,6
3724218,1,9
3724216,6,9
3724223,2745,0
3724221,2978,1
54298759,4365,2
3723853,2476,0
3723886,1,8
3723887,47,6
3723888,3400,0
3723922,37,6
3723949,29,7
3723950,14,7
3723951,951,0
3723955,2605,0
3723957,12,8
3723958,3054,0
3724053,12,7
3724056,16,7
3724058,2779,1
3724100,3793,0
3724106,3905,0
3724107,37,7
3724110,3687,0
3724112,47,3
3724111,750,1
3724113,94,5
3724114,2926,0
3724198,2561,0
3893741,3919,0
3724206,3133,0
3724212,5,9
3724214,28,7
3724213,18,7
3724242,261,3
3724243,2622,0
3724245,6,3
3724244,60,7
3724391,131,5
3724394,3892,2
3724392,3605,0
3724393,80,6
3724395,57,6
3724396,2473,0
3724397,2196,0
3724398,4,8
3724516,29,7
3724515,29,7
3724517,2417,0
3724583,29,7
3724644,2908,0
3724645,3864,0
3724646,33,7
54105115,2049,2
3725122,2175,0
3725151,3887,0
3725154,2625,0
3725657,31,7
3725978,1610,0
3726016,109,5
3726331,7299,2
3726333,1,9
3726336,27,8
3726337,3,9
54538384,2,9
3724947,1871,1
3724986,1,7
3724987,3293,0
3725034,97,5
3725035,3797,0
3725036,141,4
3725152,2760,0
3725153,7,7
3725155,27,7
3725156,55,5
3725654,17,8
3725652,10,8
3725653,182,4
3725655,51,8
3725656,25,7
3725658,35,7
3725659,26,6
3725760,2931,0
3725757,2245,2
3725759,1392,0
3725758,2723,0
3725761,2520,2
3725762,1884,0
3725971,11,9
3725970,8,9
3725969,29,7
3725972,11,8
3725974,23,7
3725975,27,7
3725976,11,8
3725977,1544,0
3725979,42,7
3725980,10,8
3726014,269,4
3726012,34,5
3726015,2293,1
3726020,90,5
3726021,3437,0
3726022,99,6
3726023,1598,1
3726042,28,7
3726044,25,7
3726386,1448,1
3726447,10,8
3726510,11,9
3726594,2513,1
54500909,4,9
3732687,2,9
3726316,80,5
3726318,114,5
3726424,3,9
3726425,22,7
3726443,1631,1
3726444,176,4
3726445,2,7
3726446,6,6
3726448,40,6
3726511,3316,0
3726512,2873,0
3726513,1439,0
3726514,2545,0
3726595,134,4
3726596,564,2
3726597,7,4
3726598,4,7
3726599,32,7
3726654,24,8
3726655,175,3
3726656,17,7
3726652,14,9
3726653,5,7
3726657,26,7
3726658,15,8
3726663,40,7
3726665,50,6
3726669,3,7
3726684,2916,0
54499085,3326,0
3726710,6,7
3726709,14,7
3726711,953,1
3726712,847,4
3726713,16,8
3726784,1754,0
3726783,38,7
3726787,34,6
3726785,11580,0
3726789,23,8
3726788,4,7
3726801,35,7
3726809,36,6
3726808,22,8
3726810,52,6
3726815,29,7
3726816,10,8
3726817,39,6
3726818,27,7
3727038,41,6
3727040,8,8
3727036,32,7
3727039,2719,0
3727035,8,8
3727041,735,0
3727043,55,6
3727044,7,8
3727045,3,7
3727063,8,8
3727065,14,8
3727066,2884,0
3727174,1652,0
3727175,8,9
3727173,8,9
3727177,27,7
3727176,61,5
3727179,54,6
3727181,3071,1
3727187,32,7
3727232,8,8
3727233,329,2
3727234,37,6
3727265,22,8
3727273,55,6
3727275,51,6
3727274,7852,0
3727277,33,7
3727276,4587,0
3727339,3232,1
3727340,6,9
3727343,34,7
3727344,161,5
3727338,1727,0
3727341,154,4
3727345,3715,1
3727342,18,8
3727346,18,7
3727347,63,6
3727350,32,6
3727348,5,8
3727349,942,1
3727630,4432,1
3727632,12,8
3727634,37,7
3727633,21,7
3727635,3376,0
3727631,21,7
3727638,80,5
3727637,17,7
3727639,3838,1
3727636,23,7
3727641,5209,1
3727642,29,6
3727643,5131,0
3727661,35,6
3727660,20,6
3727662,38,6
3727663,24,7
3728228,36,5
3728368,1386,2
3728373,1042,1
3728374,6,8
54518376,11,9
54506173,1,9
3727640,29,6
3727664,4,7
3727665,2,9
3727666,4397,0
3727667,2,7
3728230,15,8
3728229,27,6
3728231,3,6
3728233,2,6
3728372,5,8
3728371,4717,0
3728370,13,9
3728375,21,7
3728523,3366,0
3728524,26,3
3728565,1079,1
3728566,7,8
3728567,20,7
3728572,3131,0
3728574,19,3
3728643,10,8
3728644,5,8
3728645,2,7
3728646,2198,0
3728732,7,8
3728733,19,7
3728853,16,7
3728857,2563,0
3728859,3680,1
3728860,2393,0
3728905,12,8
3729134,2110,0
54506175,1,9
3738935,937,1
3728901,929,2
3728897,16,7
3728899,6,9
3728896,25,7
3728902,15,8
3728898,2265,1
3728900,1684,0
3728904,8,8
3728906,15,8
3728903,4229,0
3728907,33,7
3728919,6,9
3728909,13,8
3728931,33,7
3728932,2842,0
3728933,2938,0
3728934,19,7
3729098,1530,0
3729135,9,8
3729139,3,7
3729138,11,7
3729137,2,8
3729136,2,7
3729140,4,8
3729141,4,8
3729198,2597,0
3729229,2760,0
3729230,9,8
3729231,6,8
3729233,5,7
3729234,5,8
3729275,46,6
3729278,53,6
3729276,46,6
3729277,3302,1
3729280,5,7
3729281,562,2
3729283,2539,0
3729282,74,5
3729284,2419,0
3729537,3426,1
3729538,26,6
3729539,14,7
3729540,3,8
3729541,12,3
3729542,7,7
3729543,28,8
3729841,221,4
3729836,8061,0
3729834,3,7
3729839,97,4
3729837,28,8
3729840,3458,0
3729835,3286,0
3729838,68,6
3729843,122,5
3729842,22,7
3729844,1798,1
3729845,5,8
3729846,2038,0
3729847,1336,1
3729848,7,8
3729849,3302,0
3730336,2610,0
3730322,3320,0
3730323,872,2
3730320,73,5
3730338,4,9
3730321,27,7
3730325,7,9
3730326,4407,1
3730329,41,5
3730328,5217,0
3730330,33,6
3730331,179,4
3730332,33,7
3730334,26,7
3730337,1499,0
3730333,13,7
3730339,22,7
3730623,2074,1
3730340,41,7
3730572,139,6
3730573,2369,0
3730574,3774,2
3730581,3158,0
3730571,22,6
3730570,2425,1
3730578,26,7
3730692,94,4
3730576,2,8
3730579,31,7
3730575,68,5
3730577,37,6
3730580,5235,0
3730582,49,6
3730583,4,7
3730728,50,6
3730726,25,7
3730730,2573,1
3730731,57,6
3730729,12,8
3730727,30,7
3730800,49,6
3730801,7,7
3730802,3643,1
3731242,3739,1
3731245,28,8
3731246,3404,1
3731585,5,8
3731679,65,6
54510131,1,9
54506479,1,9
54182373,1,9
3777764,1304,0
3731243,33,6
3731584,3621,0
3731587,2207,0
3731588,8,8
3731680,5,7
3732114,20,6
3732115,3280,1
3732116,27,7
3732117,22,8
3732123,2643,0
3732124,131,5
3732125,23,7
3732504,61,5
3732669,1502,3
3732675,2416,0
3732676,16,7
3732677,14,7
3732686,1178,0
3732887,192,4
3732894,3355,0
3732893,39,5
3732896,40,7
3732906,20,7
3732907,5372,0
3733141,3389,0
3732909,30,6
3733145,2033,0
3733133,2582,0
3733132,49,6
3733134,6,6
3733131,66,6
3733129,29,7
3733130,360,2
3733135,10,7
3733139,19,7
3733140,3831,0
3733144,13,8
3733136,12,8
3733142,10,7
3733137,30,7
3733138,8,7
3733262,4470,0
3733258,9140,1
3733260,74,5
3733259,8,9
3733261,11,8
3733263,19,7
3733264,189,1
3733265,47,6
3733271,38,6
3733272,2605,0
3733295,27,7
3733296,39,6
3733297,24,7
3733298,26,7
3733299,6,9
3733300,1106,1
3733301,86,5
3733302,14,8
3733852,2359,1
3733854,163,5
3733850,32,7
3733851,4,7
3733849,6,5
3733853,4,7
3733855,6,8
3733857,4,6
3733856,2,8
3733858,13,8
3733859,6,6
3733860,79,5
3733861,4,7
3733862,2,5
3733936,1028,3
3733937,115,5
3733938,24,8
3733941,5108,0
3733939,29,7
3733940,13,8
3733935,12,8
3733933,4,6
3733942,2975,0
3734098,24,6
3734099,18,8
3734100,13,8
3734102,6,8
3734101,11,8
3734181,3316,1
3734182,8064,0
3734183,82,6
3734184,5,8
3734185,18,8
3734186,2874,2
3734187,9,9
3734188,2735,0
3734190,335,3
3734469,32,7
3734467,31,6
3734470,26,7
3734468,63,4
3734471,21,7
3734557,11,8
3734559,88,6
3734558,10,7
3734561,4,7
3734562,353,2
3734563,2,7
3734564,8,8
3734613,8,7
3734612,10,8
3734614,26,7
3734615,1,7
3734643,1714,0
3734644,27,7
3734645,4,7
3734646,6,8
3734647,23,7
3734648,7,7
3735180,8,8
3735181,3792,0
3735182,18,7
3735196,6,9
3735197,1675,0
3735195,6,8
3735198,124,4
3735271,22,7
3735390,5,8
3735389,46,6
3735454,6316,0
54017616,1692,2
3735272,6,8
3735273,11,8
3735391,77,6
3735394,13,7
3735395,18,7
3735453,1832,0
3735451,3104,1
3735452,4,8
3735455,14,7
3735465,2890,1
3735464,14,8
3735466,19,7
3735467,2828,0
3735468,3267,0
3735469,1,7
3735470,2228,0
3735485,192,4
3735487,2006,0
3735486,12,8
3735489,1225,1
3735491,1,9
3735496,1057,0
3735495,3684,1
3735497,2,7
3735498,12,8
3735537,1876,1
3735539,2031,0
3735538,2388,1
3735549,4,7
3735598,6,6
3735599,35,3
3735600,46,7
3735601,3627,0
3735609,9,8
3735607,18,3
3735608,74,5
3736385,72,6
3735610,19,7
3735611,3668,0
3735612,8,3
3735613,32,5
3735615,66,6
3735629,2579,0
3735628,67,6
3735630,21,7
3735631,28,6
3735632,1243,0
3735652,2466,0
3735653,5109,0
3735651,33,7
3735649,14,7
3735650,2609,1
3735655,28,6
3735654,46,6
3735657,3598,0
3735656,7,5
3735684,13,7
3735680,3480,0
3735685,3,9
3735678,3255,1
3735677,15,8
3735679,5,8
3735681,4,9
3735682,10,7
3735683,30,7
3735686,3,7
3735991,4,8
3735993,13,6
3736000,3,7
3735992,5,6
3735994,10,8
3735996,27,7
3735999,32,7
3736001,7,8
3735995,11,5
3736002,26,6
3735997,913,1
3735998,3644,0
3736003,7678,0
3736004,7,7
3736201,70,7
3736198,56,6
3736199,13,8
3736200,25,7
3736203,16,7
3736204,2043,0
3736205,3525,0
3736206,1842,2
3736207,70,4
3736237,593,2
3736235,4,8
3736238,22,8
3736234,3688,0
3736236,7,9
3736242,10,8
3736240,3371,0
3736239,10,8
3736243,6,7
3736244,26,6
3736245,12,7
3736246,28,7
3736247,1035,2
3736386,5,7
3736387,3653,1
3736389,2748,0
3736388,6,7
3736391,127,6
3736390,3665,1
3736392,10,7
3736393,6,7
3736394,36,6
3736395,26,6
3736403,3,8
3736406,2593,0
3736405,65,5
3736407,7,7
3736409,7,7
3736410,10,8
3736411,36,6
3736412,730,0
3736413,1835,0
3736498,5089,1
3736496,28,7
3736497,2991,1
3736501,15,8
3736500,10,9
3736502,3644,0
3736503,8,8
3736504,12,3
3736505,59,7
3736506,2188,1
3736515,11,7
3736516,5096,0
3736517,9,6
3736657,5477,1
3736658,2897,1
3736660,12,7
3736674,5091,0
3736673,63,7
3736675,49,6
3736676,6,8
3736677,8452,0
3736678,1307,1
3736682,11,7
3736776,1584,0
3736777,3626,0
3736778,12,5
3736779,64,5
3736801,2458,0
3736803,2890,2
3736802,21,8
3736804,21,7
3736805,3,5
3736806,34,3
3736813,19,7
3736815,21,5
3736816,123,4
3738543,2389,0
3738553,6,9
3738970,10,8
3740830,1,8
3740831,1,9
3736807,5,6
3736818,35,7
3736819,29,7
3738542,4,8
3738544,3271,1
3738545,2,8
3738548,3,7
3738546,26,5
3738547,24,8
3738549,4,8
3738550,16,7
3738551,3,8
3738552,3,6
3738910,71,5
3738911,15,7
3738912,715,0
3738913,552,1
3738914,16,8
3738915,4,7
3738916,27,7
3738917,4,8
3738918,4,8
3738930,20,6
3738929,2736,0
3738931,37,6
3738928,49,6
3738932,3,6
3738934,2267,0
3738933,88,5
3738936,17,8
3738937,235,3
3738938,26,7
3738968,1610,0
3738969,2564,0
3738971,18,6
3739009,105,5
3739012,94,5
3739055,5,7
3739056,3899,0
3739060,5,7
3739061,16,8
3739064,16,7
3739065,5,7
3739066,156,4
3739079,4347,0
3739078,4393,0
3739080,4032,0
3739077,11,7
3739081,1,7
3739082,42,6
3739151,12,7
3739152,721,2
3740833,2730,0
3739155,3,8
3739154,12,6
3739156,13,7
3739167,1834,0
3739169,13,8
3739166,35,6
3739170,2,8
3739168,11,9
3739214,804,1
3739215,1446,0
3739216,2577,0
3739217,2603,0
3739218,12,8
3739219,3659,0
3739220,65,5
3739221,2,8
3739222,26,7
3739242,63,7
3739246,4346,0
3739247,29,5
3739248,12,7
3739256,13,8
3739257,60,5
3739258,10,8
3739259,4413,0
3739260,36,6
3739261,14,7
3739263,7,8
3739262,11,8
3739264,31,8
3739265,14,8
3739315,684,1
3739316,2069,1
3739378,6,8
3739379,3641,0
3739381,7,8
3739380,8,8
3739382,3401,0
3739393,762,2
3739387,8,8
3739389,7,8
3739388,1277,1
3739390,86,6
3739391,4,7
3739392,91,5
3739394,28,6
3739413,4041,0
3739412,83,6
3739414,2943,0
3739415,21,7
3739416,18,8
3739417,7338,0
3739616,9,8
3739614,8,8
3739617,55,6
3739619,3190,0
3739620,5,7
3739618,2541,1
3739621,2200,1
3739672,3331,0
3739696,28,7
3739697,2744,0
3739698,49,6
3739700,3538,0
3739699,4,8
3739703,6,7
3739702,6,7
3739705,5,6
3739962,\N,7
3739963,2582,0
3739964,109,4
3739965,2,8
3740012,17,8
3740021,33,7
3740024,14,9
3740028,5,6
3740031,16,9
3740039,56,5
3740038,2988,0
3740041,4399,0
3740043,8389,0
3740042,2909,0
3740044,5,7
3740045,17,8
3740046,23,7
3740047,28,7
3740049,2,6
3740048,198,4
3740040,24,7
3740096,3329,0
3740097,3102,0
3740098,4,9
3740101,25,7
3740099,6,8
3740100,31,7
3740102,2558,0
3740103,3,8
3740104,22,7
3740342,1814,1
3740343,16,8
3740344,3,9
3740493,31,6
3740495,2561,1
3740500,1262,1
3740494,3373,0
3740496,3275,0
3740497,1873,0
3740499,6205,0
3740663,2790,0
3740845,2,8
3740846,4,9
3740847,1,9
3740848,36,7
3740851,3,9
3740852,\N,9
3740835,\N,9
54182412,5,9
3740501,166,4
3740664,2063,1
3740665,9,8
3740666,78,6
3740668,122,5
3740667,12,7
3740669,12,8
3740670,11,8
3740671,2,8
3740806,1526,1
3740808,256,4
3740809,3200,0
3740807,41,5
3740811,2739,0
3740812,20,7
3740823,5134,0
3740824,1303,2
3740825,3631,0
3740859,5807,0
3740861,1086,1
3740860,1059,1
3740897,2913,1
3740914,7,8
3740915,3493,0
3740926,51,6
3740929,13,6
3740927,8,8
3740928,1974,0
3740931,2,7
3740932,13,8
3740933,14,8
3740934,894,2
3740939,2,7
3740938,15,8
3740940,23,7
3740953,5259,0
3740954,8,7
3740955,12,8
3740956,2220,0
3741114,1335,1
3741144,5,8
3741148,4,8
3741145,403,2
3741146,2374,2
3741149,1470,1
3741150,3492,0
3741441,36,5
3741556,717,1
3741972,2569,0
54510132,0,9
3741151,2,6
3741152,3,4
3741439,12,8
3741440,47,6
3741442,6,6
3741554,4,9
3741555,7,8
3741557,23,7
3741560,10,8
3741558,13,8
3741559,24,7
3741561,9,7
3741562,6,8
3741563,32,6
3741564,5,7
3741565,36,6
3741566,2428,0
3741567,7,8
3741568,6,7
3741971,8,7
3741973,87,5
3741975,1470,1
3741974,6,8
3741976,2955,0
3741978,3293,0
3741977,74,5
3742047,30,6
3742048,3139,0
3742049,115,5
3742053,24,7
3742052,6,7
3742050,41,6
3742051,21,8
3742054,6,7
3742055,2668,0
3742056,6,7
3742057,7,6
3742059,3661,0
3742060,4,8
3742061,3,6
3742062,6,7
3742124,2399,0
3742123,39,7
3742125,105,5
3742128,2365,2
3742127,1517,1
3742135,1570,0
3742129,23,6
3742130,12,8
3742131,49,7
3742132,12,8
3742134,23,7
3742333,190,4
3742335,3689,0
3742337,6248,0
3742338,3,5
3742339,16,8
3742340,3679,1
3742341,27,7
3742342,3662,0
3742873,35,6
3742880,4,9
3742875,10,6
3742877,3305,0
3742876,3208,0
3742874,18,7
3742878,4,7
3742879,21,8
3742881,8,7
3742882,6,8
3742883,8,7
3743124,5,8
3743119,1454,1
3743120,3706,1
3743122,4,7
3743121,19,7
3743123,3647,0
3743125,90,6
3743126,52,6
3743127,17,6
3743128,2204,0
3743129,38,6
3743605,3275,1
3743607,2890,0
3743606,1344,0
3743603,52,5
3743602,22,7
3743604,6,8
3743608,869,1
3743611,15,7
3743609,17,7
3743610,153,4
3743612,21,9
3743615,1,6
3743616,5,7
3743739,8705,1
3743740,18,6
3743746,29,7
3743744,21,7
3743743,23,7
3743741,22,7
3743745,4,8
3743742,1407,0
3743747,26,6
3743895,2926,0
3743894,3315,1
3743896,2917,2
3743893,1706,2
3743897,1464,0
3743898,13,7
3743899,2,7
3743900,3654,0
3743901,21,8
3743903,3,6
3743902,59,4
3743904,55,7
3743905,21,7
3744156,2536,1
3744153,5689,0
3744157,1153,0
3744154,18,7
3744155,2591,0
3744158,46,5
3744319,3314,1
3744322,380,2
3744318,1093,0
3744320,2,7
3744321,2,8
3744323,22,7
3744324,16,8
3744325,21,8
3744556,1441,1
3744558,4,7
3744557,15,9
3744559,28,6
3744561,4,6
3744562,28,6
3744785,1684,1
3745515,1,8
54510133,0,9
54510134,0,9
54512552,0,9
54512553,0,7
54512554,0,9
3744560,1,5
3744693,14,6
3744692,2,7
3744694,16,6
3744695,51,4
3744696,14,9
3744790,5510,1
3744801,111,5
3744802,8,6
3744813,6,7
3744814,11,8
3744819,18,7
3744820,5,6
3744821,6,7
3744831,6,9
3744832,6,8
3744833,1827,0
3744834,5,7
3744854,3,8
3744850,14,7
3744849,19,7
3744851,7,7
3744855,15,8
3744853,10,7
3744856,11,8
3744852,7,8
3744989,208,4
3744988,2899,0
3744987,130,5
3744990,6,8
3744993,16,7
3744991,32,7
3745584,6,7
3745588,1,7
3748229,1,8
3744994,13,7
3744992,15,8
3745027,29,7
3745026,10,7
3745028,13,8
3745033,5,7
3745030,13,8
3745031,7,8
3745029,2,7
3745032,1849,1
3745034,1,6
3745052,\N,7
3745057,52,6
3745058,42,6
3745059,19,7
3745061,5,9
3745062,29,7
3745060,1,6
3745063,21,7
3745064,8,7
3745107,123,5
3745106,2933,0
3745105,3642,1
3745109,92,5
3745104,2,9
3745108,2,9
3745110,88,5
3745111,12,7
3745112,2012,1
3745113,11,6
3745114,3285,0
3745505,40,6
3745509,15,8
3745501,1377,1
3745498,2556,1
3745502,3680,0
3745499,5462,0
3745503,200,4
3745500,31,7
3745508,13,6
3745504,1899,0
3745507,11,7
3745510,117,4
3745511,14,7
3745638,84,5
3745639,12,9
3745640,15,8
3745641,5,8
3745642,4,7
3745829,22,7
3745830,4,9
3745831,21,7
3745832,22,7
3745833,25,7
3745898,2627,0
3745900,1835,0
3745897,147,5
3745899,1121,2
3745901,8,9
3745902,9,9
3745996,2047,1
3745992,1832,0
3745993,32,6
3745998,3140,0
3745995,1128,1
3745994,79,4
3745997,19,7
3745999,58,6
3746000,4,5
3746001,6,6
3746212,5498,0
3746213,3336,1
3746217,444,3
3746214,33,6
3746216,10,8
3746218,5,7
3746219,18,7
3746220,27,7
3746448,4894,0
3746446,1214,2
3746449,2,7
3746447,7,8
3746451,7,5
3746450,18,7
3746452,3708,0
3746453,5,7
3746489,4783,0
3746490,29,6
3746491,61,5
3746492,147,6
3746493,36,6
3746494,127,4
3746495,51,5
3746496,6,8
3746497,18,7
3746619,4952,0
3746620,2268,2
3746623,9,7
3746624,154,4
3746625,53,5
3746626,9,8
3746627,5,9
3746628,3,6
3746629,6,6
3746630,6,7
3747307,2933,0
3747306,2957,0
3747310,5,8
3747314,1573,0
3747311,19,7
3747308,46,6
3747312,6,7
3747315,3,6
3747316,4,7
3747350,26,7
3747351,2545,0
3747346,237,5
3747347,22,8
3747353,844,0
3747352,4,8
3747348,5,8
3747354,3103,1
3747355,4,8
3747356,2204,0
3747357,4190,0
3747358,3302,1
3747493,3483,1
3747494,2957,0
3747495,17,7
3747497,17,7
3750679,2,8
54512555,0,9
54460731,11,8
54469531,19,9
3747496,41,2
3747498,15,7
3747499,53,5
3747982,2,9
3747990,2,8
3747987,24,7
3747989,1323,1
3747988,51,6
3747991,1408,0
3747992,74,5
3747993,15,8
3748182,3306,0
3748183,11,8
3748227,766,2
3748228,47,5
3748231,552,2
3748270,192,3
3748280,24,7
3748332,15,8
3748335,1,7
3748336,13,8
3748337,24,7
3748338,7,7
3748361,4,8
3748362,724,1
3748363,32,7
3748364,1090,2
3748365,4,8
3748406,12,8
3748418,16,7
3748466,2930,1
3748467,255,5
3748468,4,9
3748469,18,5
3748470,17,8
3748471,4,9
3748472,4,7
3748473,3,9
3748476,18,7
3748477,2191,0
3748455,2770,2
3748456,3,7
3748457,1284,1
3748459,15,8
3748460,99,5
3748478,19,7
3748482,37,6
3748484,20,7
3748480,163,6
3748479,22,7
3748483,4,9
3748485,22,7
3748481,423,2
3748486,7,8
3748497,95,6
3748487,719,0
3748492,5,7
3748489,11,8
3748496,21,7
3748491,13,5
3748493,5,7
3748490,4,9
3748488,8,9
3748494,4,7
3748495,5,8
3748505,2,8
3748506,146,5
3748508,3382,0
3748498,3,7
3748515,14,7
3748517,2970,0
3748518,39,5
3748519,3556,0
3748544,1737,0
3748549,22,7
3748548,6,7
3748546,768,2
3748545,1859,1
3748551,10,7
3748559,3298,0
3748659,13,8
3749027,13,7
3749023,5,8
3749029,1167,1
3749063,62,5
3749073,31,6
3749347,5,9
3752785,3635,2
54247545,7446,0
54182456,1,9
54247854,11,7
54506178,1,9
54512556,2,9
54182460,1,9
54182461,1,8
54512557,0,8
54298756,2881,1
54379677,4,9
54433785,4,9
54513035,3,9
3748516,11,8
3748520,29,7
3748550,12,7
3748553,11,6
3748555,4,8
3748557,16,9
3748556,12,8
3748554,35,7
3748552,35,7
3748565,4,9
3748562,3319,0
3748558,18,8
3748564,40,6
3748560,1098,0
3748563,14,7
3748561,15,7
3748566,2,6
3748568,25,7
3749024,8,8
3749022,15,8
3749028,5,8
3749025,100,5
3749026,5,8
3749030,1110,1
3749031,22,7
3749032,5137,0
3749033,14,7
3749034,3654,1
3749062,12,8
3749064,42,7
3749066,1283,0
3749065,7,8
3749070,7,8
3749068,5,8
3749067,24,7
3749069,4,8
3749071,3,5
3749072,7,5
3749075,8,7
3749074,26,7
54182523,13661,0
3749345,14,7
3749346,2367,0
3749348,41,7
3749349,10,8
3749350,17,8
3749351,8,8
3750660,2694,2
3750659,5,8
3750658,9,8
3750661,9,8
3750663,2,6
3750662,1,7
3750664,3490,0
3750665,220,4
3750666,29,7
3750669,3310,0
3750673,1309,2
3750672,1842,0
3750670,10,8
3750671,2215,0
3750674,1217,0
3750675,9,8
3750676,9,5
3750677,27,6
3750678,22,7
3751198,145,5
3751195,7,8
3751197,1101,1
3751199,1,8
3751200,12,8
3751525,20,7
3751526,5,8
3751527,9,7
3751528,9,8
3751530,1118,0
3751531,1815,1
3751725,1705,0
3751726,3634,0
3751817,2599,1
3751818,2408,0
3751820,1853,0
3751813,18,7
3751821,38,6
3751815,2921,3
3751814,30,6
3751823,17,8
3751822,7,7
3751819,6,6
3751825,5,8
3751824,8,7
3751826,25,7
3751827,3305,0
3751828,2,7
3751949,167,4
3751950,4,8
3752009,27,6
3752011,10,7
3752012,3300,3
3752013,32,6
3752014,25,7
3752015,28,6
3752016,6066,0
3752017,5,7
3752018,5,8
3752019,4,7
3752034,26,6
3752035,18,7
3752078,116,5
3752085,4532,0
3752099,3337,0
3752100,12,8
54502954,1,9
54182470,1,8
54433786,5,9
3752079,4,7
3752080,19,7
3752097,86,5
3752098,28,7
3752105,21,3
3752155,8987,0
3752156,1834,2
3752157,12,5
3752409,9,5
3752417,41,6
3752418,8,8
3752431,3615,0
3752430,6,3
3752432,13,7
3752433,42,6
3752441,416,2
3752442,8,8
3752443,1072,1
3752446,30,6
3752456,13,7
3752457,1469,0
3752515,77,6
3752517,3642,1
3752516,4,8
3752566,10,7
3752569,35,6
3752568,191,4
3752570,9,8
3752571,1062,1
3752573,39,6
3752702,32,7
3752700,3441,0
3752701,92,5
3752724,188,4
3752720,31,7
3753495,3,9
3753576,2,8
3752572,16,6
3752574,7,5
3752704,34,7
3752705,5,7
3752722,42,6
3752723,1633,0
3752721,3,9
3752725,37,7
3752726,32,6
3752727,65,6
3752730,37,6
3752731,2395,2
3752769,2035,2
3752772,25,7
3752773,8,9
3752771,5,7
3752770,6,8
3752783,2,6
3752774,5,8
3752776,4,8
3752777,34,5
3752780,3296,0
3752775,5,7
3752778,6,6
3752779,9,7
3752782,15,6
3752781,2727,0
3752784,2970,0
3752787,8,7
3752788,44,6
3752799,5,9
3752800,87,6
3752801,180,5
3752802,90,5
3752803,5,7
3752902,3097,0
3752903,795,3
3752900,23,7
3752901,8,8
3752904,2545,1
3753021,2,9
3753019,34,6
3753023,2120,0
3753024,424,3
3753022,6,9
3753020,6,8
3753026,51,6
3753025,3727,0
3753027,30,7
3753073,56,4
3753074,10,8
3753075,16,5
3753076,3,7
3753077,8,8
3753079,6,7
3753093,2784,1
3753092,1869,2
3753094,57,6
3753095,4,9
3753096,3156,0
3753133,5787,3
3753134,2743,1
3753135,18,6
3753288,3837,0
3753290,14,8
3753287,3,7
3753289,25,8
3753291,2,8
3753292,24,7
3753296,16,8
3753293,135,4
3753294,2,8
3753295,119,4
3753297,28,7
3753305,7490,0
3753306,4,8
3753307,20,8
3753308,17,7
3753370,28,7
3753372,8,8
3753373,133,5
3753446,1220,0
3753447,143,4
3753454,53,5
3753457,20,7
3753473,3118,0
3753565,2395,1
3753577,2,9
3753578,3104,0
3753579,2,9
3753580,2,9
3753582,3,7
3753583,1,9
3753584,1,9
3753585,7,9
3753586,22,8
3753587,1,9
3753588,3138,0
3753590,8,9
3753574,19,8
3753474,1113,0
3753564,2405,1
3753568,42,6
3753572,9,7
3753573,2,9
3753591,12,7
3753595,8,7
3753599,8,8
3753605,15,8
3753607,7671,0
3753609,203,4
3753621,4445,0
3753622,7,8
3753640,3285,0
3753641,4046,0
3753642,90,4
3753661,60,6
3753721,2730,0
3753836,160,4
54512558,0,9
54512559,0,9
3753623,742,1
3753643,6,8
3753644,41,2
3753659,8,8
3753657,35,7
3753660,16,8
3753658,4,8
3753656,5,7
3753662,3494,0
3753663,22,7
3753664,14,7
3753696,5830,0
3753697,2517,0
3753695,1130,1
3753692,6,7
3753698,9,8
3753694,12,7
3753693,61,6
3753699,11,8
3753700,3,5
3753717,113,4
3753713,7,8
3753714,2571,0
3753711,6,9
3753715,7689,0
3753716,5,9
3753712,14,8
3753718,8,7
3753719,1314,0
3753790,3161,0
3753787,10,8
3753786,30,7
3753791,1832,0
3753788,33,7
3753789,2789,0
3753796,185,4
3753797,4,6
3753798,1654,1
3753831,27,7
3753833,4746,0
3753834,22,8
3753835,5543,0
3753854,1,7
3753858,26,6
3753856,11,8
3753855,2928,1
3753857,2579,0
3753859,1,8
3753871,10,7
3753869,1109,0
3753870,5,7
3753868,2,9
3753872,4,6
3753873,1092,0
3753874,716,2
3753883,7,8
3753882,110,4
3753884,1476,1
3753885,6621,0
3753920,857,1
3753919,3307,2
3753918,3,9
3753921,128,5
3753922,1646,0
3753923,3109,0
3754253,4010,1
3754252,3319,0
3754256,1033,0
3754255,18,3
3754254,2,8
3754266,153,5
3754263,53,5
3754268,24,7
3754264,2359,0
3754267,2688,0
3754270,2,9
3754269,3,6
3754280,10,8
3754281,7765,0
3754282,720,1
3754283,2,8
3754285,8,9
54500918,5,9
3755194,5,8
54123434,3247,0
54182567,1,9
3754317,4,8
3838921,60,4
3754319,3,7
3754320,6102,0
3754328,2905,0
3754329,21,8
3754330,121,6
3754335,8,7
3754336,116,5
3754341,3295,1
3754342,7,9
3754353,5253,0
3754364,2778,0
3759676,\N,9
54512560,0,9
3754343,1,6
3754369,10,8
3754379,1836,2
3754380,29,7
3754386,2719,0
3754390,4226,0
3754385,118,5
3754392,170,6
3754388,2929,1
3754389,3282,0
3754384,188,2
3754438,1838,0
3754433,53,6
3754436,60,5
3754437,2223,0
3754434,2,6
3754439,4,5
3754548,2954,0
3754549,28,8
3754550,25,7
3754551,1686,2
3755112,1714,0
3755114,235,4
3755111,84,5
3755115,34,8
3755113,64,7
3755190,8,9
3755186,83,4
3755187,2,5
3755191,2,7
3755192,4,8
3755193,24,7
3755203,9136,0
3755201,3040,0
3755202,22,7
3755205,31,7
3755206,25,7
3755219,2231,0
3755218,135,4
3755311,721,2
3755316,1083,0
3755314,135,5
3755315,85,6
3755312,22,8
3755313,2,9
3755317,81,5
3755318,6403,0
3755342,1083,1
3755344,1789,0
3755343,132,4
3755345,372,2
3755346,1053,1
3755347,2261,3
3755348,2,8
3755349,25,7
3755398,23,7
3755397,4547,0
3755396,23,8
3755395,3102,0
3755499,85,5
3755502,47,7
3755501,7,4
3755500,6,9
3755504,50,6
3755542,7,8
3755677,117,6
3755678,35,6
3755776,75,5
3755777,3551,0
3755936,1638,2
3755937,113,6
3756040,36,7
3756043,6993,0
3756748,16,9
3757051,3,8
3757426,2,9
3757428,4,8
3757570,1,9
3759677,1095,1
3759678,\N,9
54512561,0,9
54512562,0,9
54512563,0,8
54367469,157,5
3755754,2,8
3755939,2211,0
3756042,6824,0
3756059,2500,1
3756107,7,8
3756108,100,6
3756749,141,5
3756758,201,4
3756756,31,7
3756760,64,6
3756797,3478,0
3756796,950,1
3756759,36,7
3756757,8,8
3756785,69,6
3756786,2629,0
3756789,33,7
3756790,35,7
3756787,5,7
3756791,90,5
3756792,1274,2
3756793,206,5
3756794,141,5
3756795,51,6
3756910,124,4
3756911,1125,0
3756918,122,4
3756912,93,5
3756915,20,7
3756919,31,7
3756917,7,8
3756913,5749,0
3756914,113,4
3756920,52,6
3756932,1181,0
3756933,65,5
3756934,1827,0
3756935,36,6
3756947,63,5
3756945,126,4
3756946,34,6
3756948,4,9
3756949,4426,0
3756997,6870,0
3756998,1007,2
3756999,1088,0
3757000,2733,0
3757001,2066,0
3757046,908,2
3757048,4,7
3757049,2,8
3757198,85,5
3757196,4,8
3757199,92,5
3757197,14,8
3757201,30,6
3757200,2,9
3757202,21,7
3757291,36,6
3757285,2557,1
3757287,4,9
3757293,3,9
3757292,4,9
3757288,1444,0
3757289,197,4
3757290,11,8
3757286,7,8
3757294,2846,1
3757295,21,8
3757296,49,6
3757297,56,5
3757298,3359,0
3757399,32,6
3757396,3406,0
3757397,57,5
3757398,951,1
3757400,11,9
3757407,22,8
3757411,6489,0
3757410,30,6
3757409,23,8
3757412,41,6
3757413,30,7
3757423,114,5
3757424,98,5
3757425,3188,0
3757427,3845,0
3757575,2,9
3757577,1,9
3757564,1098,0
3757566,3475,1
3757594,73,6
3757692,50,5
3759679,1,9
3757595,3480,1
3757693,3725,0
3757726,26,8
3757727,32,6
3757728,2,4
3757729,101,5
3757743,27,6
3757744,1549,1
3757746,73,6
3757747,31,7
3757748,61,6
3757873,38,6
3757876,883,2
3757874,37,7
3757875,37,7
3757878,3,8
3757895,194,4
3757898,71,6
3757901,116,6
3758259,1568,1
3758247,3150,0
3758249,3102,0
3758248,3087,1
3758255,180,5
3758252,87,5
3758250,15,8
3758254,188,5
3758256,3268,0
3758253,16,8
3758261,10,8
3758251,42,7
3758258,38,6
3758260,10,8
3758272,22,7
3758268,24,7
3758274,39,6
3758269,41,6
3758275,182,4
3758835,3899,0
3758834,2863,2
3758839,4390,1
3758840,32,6
3758841,941,2
3758845,18,7
3758836,1840,1
3758843,3303,0
3759681,\N,9
3758837,1873,0
3758838,3,8
3758842,2942,0
3758848,34,6
3758846,832,0
3758850,24,6
3758844,34,7
3758847,26,6
3758849,18,8
3758923,2,4
3758927,4406,0
3758924,3041,0
3758928,225,4
3758929,23,7
3758933,2,7
3758926,143,3
3758931,7,7
3758932,5,8
3758930,6,8
3759002,13,7
3759000,32,6
3759006,4,8
3758998,26,7
3758999,18,8
3759008,10,6
3759001,8,7
3759004,14,8
3759005,8,7
3759003,24,8
3759007,3,8
3759245,1821,0
3759246,48,6
3759249,12,8
3759248,733,1
3759247,12,7
3759244,4,7
3759250,65,6
3759254,83,5
3759257,17,8
3759253,8,8
3759252,76,7
3759258,45,7
3759255,2391,0
3759251,54,6
3759275,33,7
3759292,4,7
3759279,2173,1
3759277,4,9
3759278,34,7
3759280,2881,1
3759296,3336,0
3759276,3,9
3759282,13,8
3759281,3,9
3759283,17,8
3759290,3455,1
3759286,64,5
3759284,103,5
3759294,62,5
3759285,372,2
3759287,16,8
3759293,2923,0
3759291,29,7
3759289,17,7
3759288,10,7
3759295,1,6
3759297,1,7
3759315,7,8
3759316,89,5
3759319,36,9
3759317,19,7
3759318,1,7
3759348,4555,0
3759349,5554,0
3759346,2078,1
3759354,66,5
3759347,21,8
3759353,7,6
3759351,14,8
3759352,2784,0
3759357,90,5
3759350,3,9
3759360,27,5
3759359,14,7
3759356,28,7
3759358,115,2
3759362,5,3
3759361,65,5
3759637,1329,1
3759638,3408,0
3759642,27,8
3759636,14,8
3759640,3,8
3759641,3,8
3759643,16,8
3759639,3640,0
3759644,13,8
3759645,1849,0
3759658,47,6
3759663,3037,1
3759666,108,5
3759660,97,5
3759661,56,6
3759662,25,7
3759690,\N,9
3759692,1,9
3759664,719,1
3759674,18,8
3759669,4,6
3759667,1852,0
3759670,6,8
3759673,14,8
3759668,5,7
3759671,14,8
3759675,2,7
3759672,14,8
3759714,48,6
3759715,17,7
3759717,28,7
3759716,141,4
3759720,3288,0
3759723,3,6
3759721,6,5
3759719,5,8
3759722,5,7
3759724,13,5
3759747,19,7
3759744,30,7
3759751,1492,0
3759759,10,7
3759749,2,8
3759750,32,6
3759746,3,8
3759748,12,8
3759745,2933,0
3759752,95,6
3759755,363,2
3759754,13,7
3759756,560,1
3759753,14,8
3759757,59,4
3759758,7,6
3759775,385,3
3759771,2515,0
3759769,11,9
3759770,59,6
3759768,6,7
3759767,7,8
3759772,41,6
3759773,11,8
3759777,11,7
3759774,83,5
3759778,1,6
3759983,6,8
3759985,2706,0
3759987,66,5
3759984,70,6
3759986,385,1
3760056,38,6
3760058,2976,0
3760057,44,5
3760059,27,7
3760060,43,5
3760083,44,6
3760488,123,5
3760496,3506,0
3760061,1,8
3760081,3,8
3760082,3,7
3760084,10,7
3760085,4,8
3760086,1,5
3760090,8,8
3760087,1240,0
3760089,9,8
3760088,34,6
3760215,11,8
3760216,27,7
3760217,8,8
3760219,13,8
3760218,31,6
3760220,2,8
3760230,22,9
3760232,66,6
3760338,65,5
3760339,3,7
3760341,6,7
3760340,5,8
3760342,5,7
3760433,8,9
3760438,31,6
3760435,20,7
3760436,4,8
3760437,2915,1
3760434,4,8
3760439,7,7
3760440,2,6
3760441,2,8
3760486,22,7
3760487,23,8
3760494,27,7
3760492,3,8
3760490,4,8
3760489,31,7
3760491,3,7
3760493,8,8
3760495,26,7
3760497,9,7
3760527,91,6
3760525,52,7
3760524,22,7
3760526,5,8
3760530,676,3
3760528,30,5
3760529,2592,0
3760533,19,7
3760531,53,5
3760532,2,9
3760534,21,8
3760541,2540,0
3760535,7,9
3760538,25,7
3760537,3253,0
3760539,19,7
3760536,196,3
3760542,42,5
3760540,149,5
3760585,129,5
3760584,3,8
3760586,2940,0
3760583,3097,1
3760587,31,7
3760589,4,7
3760588,9,8
3760590,31,6
3760647,26,7
3760648,4,8
3760649,63,6
3760650,31,7
3760627,2,7
3760676,34,6
3760679,29,7
3760675,2,8
3760678,53,6
3760677,42,7
3760680,23,6
3760681,51,7
3760682,4,6
3760684,1903,1
3760683,3,7
3760883,1830,0
3760880,6,8
3760881,29,6
3760879,29,5
3760884,11,9
3760882,12,8
3760885,2388,2
3760886,1497,0
3760887,13,8
3760890,3251,0
3760891,9,5
3760888,3,7
3760956,28,7
3760955,31,8
3760954,26,7
3760958,1468,0
3760957,83,5
3760959,42,4
3761029,40,7
3761030,3514,0
3761034,2174,1
3761035,201,3
3761036,23,7
3761124,1993,0
3761126,36,6
3761127,2037,0
3761145,53,6
3761144,2913,0
3761267,86,5
3761270,38,6
3761393,27,6
3761476,35,6
3761483,13,8
3761484,29,8
3761646,34,6
3762460,1,7
3762462,3301,0
3762466,9,9
54115831,28,6
3761125,2195,1
3761146,1,8
3761197,240,3
3761199,12,8
3761200,22,7
3761271,15,6
3761268,42,6
3761269,95,5
3761348,1429,1
3761349,1456,1
3761350,79,6
3761353,16,7
3761351,16,7
3761352,14,7
3761354,1,7
3761398,68,5
3761397,12,7
3761395,10,8
3761396,9,8
3761394,8,6
3761478,6996,0
3761480,40,6
3761477,2569,0
3761481,7,8
3761513,34,7
3761482,19,7
3761485,26,5
3761644,1474,1
3761645,11,8
3761649,3663,0
3761648,25,7
3761647,14,6
3761733,10,8
3761736,10,9
3761734,750,0
3761730,58,5
3761732,3,8
3761731,10,7
3761735,4,7
3761740,2011,0
3761737,22,8
3761742,93,5
3761739,1097,0
3761738,26,6
3761744,3,7
3761741,17,8
3761743,37,7
3761749,765,1
3761748,112,4
3761747,730,2
3761750,3332,0
3761751,11,6
3761752,2,7
3762122,10,8
3762123,2742,0
3762130,104,5
3762124,11,8
3762127,54,6
3762126,394,2
3762128,2963,0
3762125,11,8
3762129,24,7
3762171,25,2
3762164,177,4
3762172,8,8
3762169,151,5
3762168,36,6
3762166,11,6
3762165,8,8
3762173,4,7
3762170,6,7
3762438,158,4
3762436,22,8
3762440,3642,0
3762437,8,7
3762885,697,1
3762886,3219,0
3762882,38,7
3762883,2313,0
3763097,12,8
3763102,35,3
3763100,4,7
3763269,4040,0
54512566,0,6
54512567,0,8
54512568,0,8
54512569,0,9
54512570,0,9
54512571,0,9
54512564,0,9
54512565,0,9
3762435,1,7
3763099,6,7
3763098,5,4
3763101,27,6
3763232,2567,0
3763329,117,7
3763270,17,8
3763268,1832,0
3763271,2,6
3763272,34,6
3763275,5,6
3763273,6,8
3763274,3,6
3763276,21,4
3763279,5,7
3763284,3396,1
3763282,2,8
3763280,1939,0
3763278,53,7
3763286,3298,1
3763281,17,8
3763283,11,8
3763285,20,7
3763337,9,5
3763338,2420,1
3763339,2,7
3763414,963,2
3763424,8800,0
3763421,2881,0
3763419,19,8
3763423,5,8
3763417,15,8
3763422,18,7
3763420,43,6
3763418,2,8
3763416,15,8
3763425,24,7
3763428,2509,0
3763429,3329,1
3763427,87,6
3763426,9,7
3763430,21,8
3763483,31,6
3763476,2917,0
3763480,5614,0
3763481,2,9
3763478,20,7
3763475,97,5
3763479,24,7
3763477,3,8
3763482,13,7
3763544,205,4
3763548,3653,0
3763553,14,8
3763554,5071,0
3763551,3318,0
3763546,18,8
3763550,11,8
3763545,1090,2
3763547,4,6
3763552,2,7
3763595,2951,0
3763598,12,8
3763594,85,6
3763596,21,8
3763597,1,8
3763620,1274,0
3763625,4505,0
3763621,1446,0
3763622,14,8
3763628,11,7
3763627,4389,0
3763623,8,8
3763626,2593,0
3763624,2696,0
3763925,9,8
3763975,1062,1
3764253,3030,0
3765030,\N,9
3765024,\N,9
3765025,\N,9
3765027,1,8
3765029,\N,9
54512572,0,9
54512573,0,8
3763929,1,7
3763927,5,8
3763928,12,8
3763926,7,7
3763930,21,7
3763937,4,4
3763938,13,8
3763941,2473,0
3763942,11,8
3763940,10,6
3763943,44,7
3763939,6,7
3763945,14,6
3763946,39,7
3763948,2,9
3763947,2,8
3763944,10,6
3763950,14,7
3763949,39,6
3763953,55,6
3763958,5,7
3763956,14,8
3763957,39,6
3763955,235,4
3763954,11,9
3763959,34,6
3763973,12,8
3763972,2924,0
3763974,3,9
3764251,2099,0
3764252,2191,0
3764254,2144,0
3764255,6,8
3764703,1,6
3764704,7,7
3764705,\N,7
3764706,7,8
3764720,25,7
3764719,12,3
3764722,90,5
3764721,39,6
3764724,2,8
3764723,3494,0
3764725,1196,2
3764729,38,4
3764728,48,7
3764727,7,7
3764726,17,3
3764797,3102,0
3764800,6,6
3764799,27,7
3764798,7,7
3764801,21,8
3764803,7,8
3764802,11,6
3764807,68,5
3764806,11,6
3764805,15,7
3764804,7,7
3764822,4179,0
3764826,16,7
3764824,14,2
3764825,152,5
3764837,2954,1
3764833,3433,0
3764832,174,4
3764831,183,4
3764835,23,7
3764830,24,7
3764834,25,8
3764829,29,6
3764836,13,7
3764838,3,7
3764843,47,6
3764845,6,7
3764842,1926,0
3764846,14,8
3764848,2001,0
3764847,6613,0
3764859,5136,0
3764861,13,8
3764860,35,6
3764863,2023,0
3764862,1056,1
3764887,3616,0
3764889,2,8
3764888,3664,0
3764886,33,7
3764885,20,8
3764891,2904,0
3764890,5,7
3765003,23,7
3765005,22,8
3765002,18,8
3765007,84,4
3765018,3402,0
3765015,65,6
3765990,4,9
3765991,7,9
3766079,\N,8
54512577,0,9
54512578,0,9
54512579,0,9
54512580,0,9
54512581,0,9
54512582,0,9
54512583,0,7
54512574,0,8
54512575,0,9
54512576,0,9
3765004,15,8
3765006,2,8
3765016,4,3
3765014,8,7
3765017,2,7
3765019,8,8
3765021,4,6
3765020,95,7
3765022,2025,0
3765532,1822,2
3765533,2171,0
3765609,5,7
3765608,15,7
3765610,1828,1
3765611,34,7
3765612,2157,1
3765638,76,5
3765642,33,7
3765641,4833,0
3765639,6,9
3765640,2571,0
3765643,34,6
3765646,699,0
3765645,32,6
3765647,3,9
3765644,17,8
3765657,4,8
3765661,56,5
3765660,21,7
3765704,7,8
3765700,31,6
3765705,3106,0
3765699,27,8
3765702,14,6
3765707,1469,1
3765703,2224,3
3765701,18,7
3765706,12,9
3765708,14,3
3765709,19,7
3765710,13,9
3765936,6,7
3765942,9,9
3765944,39,7
3765943,18,8
3766012,1,7
3766015,18,7
3766032,1397,0
3766034,5282,0
3766036,49,4
3766039,84,6
3766040,5148,0
3766048,39,6
3766081,254,4
54512584,0,9
3766049,6,6
3766052,17,7
3766053,9,7
3766054,3288,0
3766050,3,7
3766051,38,6
3766065,4381,0
3766070,5041,0
3766066,21,7
3766067,35,6
3766068,18,6
3766069,13,6
3766071,9,7
3766076,17,7
3766075,655,1
3766077,367,1
3766090,149,4
3766091,185,4
3766092,3426,0
3766117,6,8
3766118,26,7
3766121,16,7
3766122,9,7
3766123,7,9
3766124,3709,0
3766127,35,7
3766128,8,7
3766130,1949,0
3766129,59,5
3766131,1521,0
3766132,86,5
3766160,3602,1
3766161,749,1
3766162,1133,1
3766163,10,5
3766164,22,3
3766165,35,6
3766177,1628,2
3766174,14,7
3766175,4169,0
3766176,32,7
3766180,85,5
3766182,2827,0
3766183,11,8
3766185,1360,1
3766181,2000,0
3766184,3343,0
3766193,2900,0
3766236,4,7
3766237,50,6
3766238,18,8
3766247,3350,1
3766248,5227,0
3766344,\N,9
3766653,7560,0
54512585,0,9
3766292,7,8
3766294,3673,0
3766293,15,7
3766295,6,8
3766296,741,1
3766298,16,8
3766297,29,6
3766323,3255,0
3766325,144,5
3766324,4045,0
3766326,2,6
3766339,44,7
3766334,2546,0
3766338,8359,0
3766335,3,9
3766336,28,7
3766337,29,6
3766340,3,9
3766341,58,4
3766343,2,8
3766342,52,6
3766362,2701,0
3766359,24,7
3766361,884,2
3766363,2,9
3766431,22,7
3766432,11,6
3766433,2,6
3766434,1880,0
3766438,13,7
3766437,21,7
3766436,2,7
3766435,1832,0
3766440,70,6
3766439,34,8
3766463,3181,0
3766462,6583,0
3766464,2,8
3766465,28,7
3766489,28,7
3766499,2528,1
3766500,29,7
3766497,1971,0
3766543,1554,1
3766569,44,6
3766587,2148,0
3766595,2904,0
3766665,1,8
3766670,1,9
3766654,1,9
3766655,1,9
3766657,1,9
3766658,1,9
3766659,29,6
3766660,1,9
3766575,14,7
3766588,28,7
3766592,197,4
3766591,2070,0
3766589,9,8
3766590,281,1
3766593,5,6
3766594,29,6
3766607,37,6
3766608,1109,0
3766632,36,6
3766633,211,4
3766634,369,2
3766675,2183,0
3766676,593,2
3766677,35,7
3766964,2911,0
3766963,12,9
3766965,2,7
3766966,305,1
3766995,42,7
3766994,6,7
3766998,29,7
3766997,1,8
3766993,5,8
3766996,5,8
3766999,7,7
3767000,5,8
3767010,16,5
3767011,5,8
3767007,130,3
3767008,1,5
3767009,182,4
3767005,2,8
3767006,54,6
3767004,26,7
3767003,7,8
3767012,77,5
3767013,3,8
3767015,55,4
3767016,3,7
3767014,4,4
3767037,3277,0
3767036,3282,0
3767035,98,4
3767038,9,7
3767040,20,7
3767039,5,8
3767155,44,7
3767151,7,5
3767153,10,8
3767157,7,8
3767152,57,3
3767154,5,6
3767158,1,6
3767159,1,6
3767160,9,7
3767162,4364,0
3767161,7,8
3767165,5,7
3767164,4,7
3767163,7,7
3767166,9,7
3767167,40,5
3767244,2892,0
3767243,2546,0
3767242,10,8
3767248,2451,0
3767247,20,7
3767249,934,2
3767250,2783,1
3767246,19,8
3767254,2356,1
3767251,5,9
3767253,2918,1
3767252,9,8
3767257,3,8
3767260,14,8
3767262,1392,1
3767263,25,7
3767261,34,6
3767255,26,5
3767259,3297,0
3767258,3,7
3767256,3,7
3767264,6,5
3767312,9,8
3767310,4,7
3767313,85,6
3767314,27,7
3767315,34,6
3769388,4056,0
3767316,27,6
3767318,3,8
3767319,1040,2
3767317,37,6
3767323,3134,0
3767320,4,9
3767322,11,6
3767324,2906,2
3767321,33,6
3767325,2926,0
3767326,2804,1
3767609,29,6
3767871,2919,0
3767927,39,7
3767929,7,7
3767925,7,7
3767928,53,6
3767930,4,9
3767936,2866,0
3767926,75,5
3767935,9,9
3767931,13,8
3767933,20,7
3767934,19,5
3767937,16,8
3768016,29,3
3768017,4,8
3768018,1154,1
3768606,1473,0
3768607,47,5
3768609,3317,0
3768613,7682,1
3769436,3,8
3769438,1,8
54512586,0,9
54166170,1620,2
54429048,7,8
54467535,13,8
3767932,13,9
3768022,25,8
3768021,3,7
3768024,3306,1
3768023,4,8
3768019,1470,1
3768025,\N,8
3768612,78,5
3768608,2837,0
3768610,4705,0
3768611,90,5
3768614,3,9
3768615,32,7
3768619,2800,0
3768616,30,7
3768617,28,3
3768618,39,6
3768620,2,7
3768653,3237,0
3768654,2,6
3768819,967,2
3768820,18,7
3768843,3,8
3769379,20,7
3769378,4233,0
3769392,12,9
3769393,37,2
3769396,13,9
3769398,2091,0
3769399,3342,0
3769397,3225,1
3769400,15,6
3769401,24,8
3769402,953,1
3769468,\N,9
3769459,30,8
54512593,0,9
54512594,0,9
54512595,0,9
54512596,0,9
54512588,0,7
54512589,0,9
54512590,0,9
54512591,0,8
54512592,0,9
3838791,2538,0
3769412,4,6
3769408,10,8
3769410,65,6
3769411,8,7
3769409,7,6
3769703,225,5
3769704,37,6
3769709,4,8
3769706,42,6
3769708,5487,0
3769707,52,3
3769710,2960,0
3769751,2,6
3769749,10,7
3769750,6,7
54502970,3,9
3769804,3308,0
3769806,8,7
3769805,13,7
3769807,29,7
3769808,9,8
3769812,1089,0
3769811,8,7
3769818,3,8
3769809,1,7
3769810,6,8
3769813,6,7
3769817,5,7
3769816,2193,1
3769814,38,6
3769873,3172,0
3769875,15,8
3769874,560,1
3769877,9,7
3769878,1955,0
3769879,914,0
3769881,10,6
3769883,19,7
3769884,5,7
3769880,12,8
3769885,5,7
3769886,23,6
3769887,3315,0
3769888,1597,1
3769882,6,7
3769913,5,7
3769914,29,8
3769918,4050,0
3769915,2063,0
3769916,8,9
3769917,7,8
3769919,1,6
3770143,3348,0
3770141,27,6
3770142,6,5
3770139,22,8
3770144,1955,1
3770145,7,9
3770146,143,5
3770147,6,8
3770154,2,7
3770148,30,3
3770151,32,5
3770153,80,5
3770149,7,8
3770150,30,7
3770152,6,6
3770155,14,8
3770277,1840,1
3770275,13,7
3770276,60,5
3770278,129,4
3770279,68,5
3770284,3317,0
3770285,26,7
3770283,45,6
3770288,4741,0
3770286,64,6
3770290,7,8
3770320,5,6
3770322,19,6
3771595,2,9
3771596,1,7
3771597,1,9
3771592,5878,1
3771593,2,9
54510136,0,9
54510137,0,8
54510138,0,8
54510139,0,7
54510140,0,9
3770280,1,6
3770287,3424,0
3770289,7,3
3770321,5,7
3770324,7,7
3770323,3336,0
3770326,8,8
3770325,36,3
3770328,32,6
3770329,7,7
3770330,1941,0
3770327,10,8
3770348,15,8
3770349,52,6
3770351,2923,0
3770350,1,8
3770986,9,7
3770988,1854,0
3770987,4,7
3771012,23,7
3771013,3310,0
3771011,20,7
3771014,4,7
3771010,4411,0
3771016,33,7
3771015,20,7
3771018,15,6
3771020,45,6
3771022,608,2
3771023,28,6
3771019,2558,0
3771021,18,7
3771024,3,8
3771026,2,8
3771027,14,7
3771028,23,7
3771025,4,7
3771064,2358,0
3771065,12,7
3771061,15,7
3771062,32,6
3771063,46,6
3771066,18,7
3771067,9,8
3771068,12,8
3771069,7299,0
3771451,28,6
3771450,1684,0
3771452,2896,0
3771475,26,6
3771479,22,7
3771477,69,5
3771478,1674,0
3771599,2,9
3771600,5,9
3771602,1,9
3771605,6564,0
54510141,0,9
54510143,0,8
3771565,14,8
3771564,4,7
3771566,3,6
3771582,34,6
3771584,2,8
3771583,38,7
3771585,3811,0
3771590,39,4
3771591,1,7
3771587,16,7
3771589,17,7
3771588,27,3
3771586,3,7
3771606,17,7
3771617,31,6
3771608,2,8
3771612,14,8
3771610,51,5
3771611,18,7
3771614,4018,0
3771619,1634,2
3771613,2,8
3771609,9,6
3771607,14,7
3771615,12,8
3771618,30,7
3771616,43,6
3771620,\N,6
3771621,\N,7
3771622,41,5
3771623,77,5
3771630,2244,1
3771625,9,8
3771629,129,5
3771631,13,7
3771627,6926,0
3771626,8,7
3771637,9,9
3771628,4,6
3771632,43,6
3771634,9,9
3771633,360,1
3771640,10,7
3771641,34,4
3771639,37,5
3771635,13,7
3771636,161,5
3771644,26,6
3771638,210,5
3771645,16,8
3771642,2,6
3771643,6,8
3771798,4,8
3771788,33,7
3771797,15,7
3771792,34,7
3771794,14,7
3771793,5,7
3771790,43,6
3771795,31,7
3771791,10,8
3771796,32,6
3771800,15,7
3771799,37,2
3772381,14,6
3772386,1847,0
3772383,4,7
3772384,4424,0
3772382,1309,0
3772387,2890,0
3772397,173,5
3772395,5,7
3772392,15,3
3772391,12,7
3772393,87,6
3772390,2726,1
3772400,29,7
3772388,27,7
3772394,4417,1
3772399,5,8
3772389,5,8
3772398,919,1
3772396,4102,1
3772401,17,8
54523016,2702,1
3772692,2171,0
3772699,10,8
3772698,705,2
3772696,3294,0
3772694,27,7
3772695,1481,0
3772700,34,6
3772697,33,6
3772701,85,6
3772758,4358,0
3772757,4,7
3772755,9,7
3772756,8,6
3772760,9,8
3772759,34,4
3772761,7,6
3772762,26,7
3772839,2979,0
3772838,6738,0
3772841,5,9
3772845,5,8
3772842,25,7
3772840,29,7
3772843,7,7
3772844,4,3
3772846,8,5
3772977,16,8
3772979,7,8
3772976,30,6
3772994,10,8
3772980,144,4
3772974,5,6
3772975,739,1
3772981,7,7
3772983,10,7
3772985,18,7
3772984,27,7
3772982,39,6
3772987,38,6
3772986,29,7
3772992,2601,0
3772996,3,6
3772990,6,7
3772991,3,8
3772988,4,8
3772995,14,6
3772993,2,6
3772989,33,6
3772997,2930,0
3772998,26,6
3773050,2184,1
3773055,3201,1
3773053,12,8
3773054,9,8
3773048,10,8
3773049,30,7
3773052,25,7
3773051,52,5
3773056,8,8
3773057,9,3
3773058,11,4
3773595,2901,0
3773593,2,6
3773594,2,6
3773596,2,7
3773598,6,7
3773597,5,3
3773648,1296,0
3773651,22,5
3773647,5133,0
3773650,5163,0
3773652,23,7
3773649,50,6
3773653,54,3
3773654,53,6
3773658,1825,0
3773657,2366,1
3773660,9,7
3773659,120,5
3773656,25,7
3773655,16,8
3773661,20,8
3773663,23,8
3773662,14,8
3773664,16,7
54509590,3,9
3773744,5,8
3773746,618,2
3773749,2203,0
3773751,27,7
3773927,2754,0
3774033,2,8
3774034,6,7
3774032,3,8
54137507,3140,0
54426227,6,9
54534492,10,9
54574420,3294,0
3773672,1,7
3773747,1753,0
3773750,4,8
3773748,3,7
3773752,2428,0
3773753,36,6
3773760,35,6
3773754,209,4
3773755,27,3
3773757,3,8
3773756,79,5
3773761,3284,0
3773758,4,8
3773762,11,7
3773763,1,8
3773830,7,8
3773831,6,8
3773832,9,8
3773839,12,8
3773833,802,0
3773834,5783,0
3773835,36,6
3773836,59,7
3773837,468,1
3773838,24,8
3773925,4,7
3773912,2916,0
3773913,27,5
3773924,4,7
3773914,7685,0
3773915,163,4
3773916,2825,1
3773917,17,8
3773918,192,3
3773919,2327,0
3773920,2107,0
3773921,29,6
3773922,3262,1
3773923,5,5
3773928,27,7
3773929,1884,1
3773930,2734,0
3773931,1374,1
3773983,3,8
3773991,1246,1
3774039,28,6
3773987,6,7
3773985,7,7
3773988,7,7
3773990,5,7
3773989,234,4
3773986,8,6
3774003,2548,0
3774002,33,7
3774001,1839,0
3774005,16,8
3774004,4,8
3774006,7,8
3774008,20,6
3774007,8,6
3774009,1847,0
3774010,31,2
3774011,2808,0
3774018,23,7
3774014,6,6
3774019,4,8
3774017,185,5
3774012,38,5
3774015,11,7
3774051,637,2
3774052,32,6
3774054,13,8
3774053,14,7
3774065,3626,0
3774066,15,5
3774067,2,6
3774064,6,8
3774092,2237,0
3774090,4,8
3774091,2781,0
3774095,15,7
3774098,15,8
3774096,10,7
3774097,2938,0
3774094,7,7
3774093,3275,0
3774099,3182,0
3774101,2,7
3774113,21,8
3774112,9,8
3774114,1480,0
3774135,53,5
3774131,127,5
3774137,3023,2
3774136,8,7
3774132,25,7
3774134,53,5
3774133,6,7
3774368,3458,0
3774370,69,5
3774360,8,7
3774364,52,6
3774362,5146,0
3774366,33,6
3774363,24,6
3774365,4,9
3774367,4,8
3774372,175,5
3774371,2721,1
3774369,66,5
3774373,25,7
3774380,33,7
3774378,201,4
3774379,31,7
3774377,185,5
3774376,54,5
3774383,6614,0
3774381,25,6
3774382,6,6
3774384,28,4
3774434,4,8
3774435,14,8
3774436,13,7
3774557,248,4
3775117,7,9
3775118,1,9
3774375,1,6
3774433,1498,0
3774560,1,7
3774558,10,8
3774564,15,6
3774565,25,7
3774559,60,6
3774561,4,7
3774563,181,4
3774567,7,7
3774562,23,7
3774568,14,8
3774566,21,6
3774578,23,4
3774574,4,8
3774573,8404,0
3774571,2213,0
3774576,19,7
3774575,12,8
3774577,16,8
3774572,21,7
3774603,1856,0
3774602,2860,1
3774604,32,7
3774605,43,6
3774610,21,8
3774613,2546,1
3774614,3983,0
3774612,4858,0
3774611,7,8
3774615,9,8
3774621,36,7
3775120,1,8
54509591,0,9
3774691,7,8
3774681,2214,0
3774688,13,6
3774685,10,9
3774686,365,3
3774684,5647,0
3774687,19,8
3774689,13,7
3774683,11,8
3774692,12,7
3774682,31,7
3774690,47,5
3774722,706,2
3774719,6531,0
3774723,1662,0
3774724,27,7
3774726,30,7
3774731,14,8
3774725,27,7
3774720,177,5
3774732,3,7
3774721,7,8
3774727,7,6
3774728,1943,1
3774730,24,7
3774733,1822,1
3774736,165,5
3774734,7,8
3774735,7,8
3774738,1,7
3774737,20,7
3775046,6,4
3775040,9,7
3775039,6,8
3775042,7,8
3775041,8,7
3775043,23,7
3775044,850,2
3775038,11,7
3775045,11,3
3775094,64,6
3775091,2577,0
3775093,10,7
3775092,3214,1
3775096,5,7
3775098,1833,3
3775097,33,7
3775095,3,6
3775115,4,6
3775116,5,8
3775114,6,9
3775155,3120,1
3775159,20,9
3775161,1841,0
3775158,2574,1
3775152,2768,0
3775157,26,7
3775154,113,5
3775153,1314,1
3775160,128,6
3775178,1060,1
3775199,2581,0
3775708,6,8
3775156,2898,1
3775177,27,7
3775176,45,4
3775175,5,5
3775182,17,6
3775183,31,7
3775198,39,6
3775205,1434,0
3775204,6,8
3775203,84,6
3775206,4,4
3775208,7,6
3775209,11,8
3775210,50,7
3775247,2937,0
3775207,2577,0
3775249,56,6
3775248,15,8
3775251,11,7
3775253,3,5
3775265,19,8
3775264,36,7
3775267,8,7
3775266,5,8
3775268,5092,0
3775710,14,8
3775709,8,9
3775714,32,7
3775715,3,9
3775713,13,7
3775712,13,8
3776010,2550,0
3776009,122,5
3776008,58,6
3776012,5263,0
3776011,12,5
3776015,4,7
3776017,2564,0
3776013,9,3
3776016,39,6
3776014,9,8
3776032,3,8
3776033,5176,0
3776069,1860,1
3776071,2210,0
3776070,1209,1
3776074,2182,1
3776072,2597,0
3776076,13,5
3776073,88,5
3776075,79,5
3776078,1001,2
3776079,3267,0
3776080,9,8
3776085,9,7
3776084,885,0
3776083,154,5
3776111,9,8
3776112,697,3
3776113,3349,1
3776108,21,6
3776114,8,8
3776109,16,8
3776110,23,7
3776115,53,6
3776116,96,5
3776128,29,7
3776117,178,5
3776126,2697,0
3776120,6,8
3776122,7,4
3776119,17,8
3776121,2567,1
3776118,8,9
3776125,2124,0
3776124,2573,2
3776268,3664,1
3776270,4502,1
3776271,32,6
3776269,1830,1
3776272,3181,0
3776276,4,8
3776273,7,9
3776274,3121,1
3776277,10,8
3776275,2,8
3776279,371,2
3776278,486,2
3776281,8,8
3776282,84,5
3776291,1,9
3776285,9,9
3776286,60,6
3776645,24,7
3776280,3,7
3776283,2,8
3776294,15,7
3776295,1802,0
3776300,1242,1
3776418,5,8
3776419,3627,0
3776549,1444,1
3776550,21,7
3776647,71,6
3776646,137,6
3776648,2,8
3776847,3286,0
3776849,934,1
3776848,2354,0
3776850,11,8
3776854,2159,2
3776855,33,7
3776856,66,6
3776857,4254,0
3778541,139,5
3838922,81,4
3776858,7864,0
3777454,3762,1
3777455,27,7
3778066,155,4
3778064,2,8
3778068,28,7
3778065,61,6
3778067,1,8
3778075,1470,0
3778076,366,1
3778084,9,4
3778083,7,8
3778542,11,6
3778544,93,5
3778539,20,8
3778543,52,6
3778540,12,8
3778557,8,9
3778620,2132,1
3778622,2773,0
3778624,4379,1
3778621,24,8
3778623,29,7
3778625,86,5
3778653,62,6
3778654,2394,1
3778655,4,8
3778656,4,8
3778657,137,5
3778658,3122,1
3778659,3874,0
3778660,61,5
3778661,2919,1
3779044,6,8
3779049,6,8
3779047,29,7
3779045,8,8
3779046,22,6
3779439,61,6
3779437,4,8
3779441,1317,1
3779440,23,6
3779438,35,6
3779444,4,9
3779443,8,8
3779446,19,8
3779470,3058,0
3779469,1031,1
3779468,92,5
3779523,3604,0
3780638,1503,0
3780639,137,5
3780641,4874,0
3780667,912,2
3780665,113,5
3780808,1036,2
3781351,4,9
3781353,4,9
3838905,4744,0
3779442,29,6
3779447,104,5
3779445,6,8
3779471,23,7
3779473,108,6
3779522,7,9
3779524,3625,0
3780632,4,7
3780633,2,6
3780640,144,4
3780642,5097,0
3780643,1116,1
3780645,37,7
3780644,591,2
3780666,75,5
3780669,177,4
3780672,3748,1
3780671,73,5
3780670,5,8
3780696,130,4
3780695,3,8
3780690,39,7
3780705,2400,0
3780693,4,7
3780691,90,4
3780694,91,5
3780692,1001,1
3780731,3140,0
3780674,14,8
3780673,12,8
3780699,15,7
3780704,2,9
3780706,2,9
3780700,2,8
3780702,3,7
3780701,2,9
3780703,2,7
3780698,27,7
3780734,6,8
3780732,4,7
3780742,3,9
3780733,12,7
3780736,4142,0
3780737,5,9
3780735,4,8
3780741,5,8
3780738,9,8
3780740,12,4
3780739,20,8
3780765,827,2
3780767,8,8
3780768,5,8
3780769,33,7
3780766,2959,0
3780770,5,8
3780777,9,9
3780778,3,9
3780771,6,8
3780774,3,9
3780775,2,7
3780773,37,6
3780776,3,7
3780786,2934,0
3780787,25,9
3780784,3,8
3780785,7,8
3780792,37,6
3780791,1787,1
3780790,4,8
3780793,4,8
3780789,41,6
3780788,5,8
3780805,4246,0
3780804,6,8
3780806,17,7
3780803,5,8
3780807,3286,0
3780809,31,6
3781006,2549,0
3781000,4,8
3780999,6,8
3781001,5,9
3781002,2920,1
3781005,13,8
3781034,3065,1
3781021,1924,1
3781020,184,4
3781029,3,6
3781026,95,5
3781027,2813,0
3781025,36,7
3781022,3,8
3781024,31,6
3781023,2242,0
3781041,302,4
3781042,3,9
3781047,6,7
3781048,7317,0
3781049,1997,0
3781043,26,7
3781046,161,4
3781044,2474,2
3781228,5,8
3781235,5,8
3781233,3164,0
3781229,1,9
3781231,34,6
3781230,6,8
3781232,3,8
3781234,11,8
3781236,70,6
3781246,777,1
3781245,31,6
3781247,3184,0
3781249,4,9
3781250,3848,0
3781248,2,8
3781251,27,7
3781253,32,7
3781270,12,8
3781269,3,8
3781268,1656,0
3781299,3316,0
3781300,1803,1
3781301,2990,1
3781302,2,7
3781303,17,8
3781304,2,4
3781308,99,4
3781307,73,6
3781315,2,7
3781313,26,7
3781310,2,9
3781311,2939,1
3781312,13,7
3781316,2629,0
3781314,105,5
3781309,2,9
3781317,16,8
3781330,2594,0
3781359,1897,0
3781318,1,6
3781319,14,7
3781329,2,8
3781338,15,8
3781339,2899,0
3781341,76,5
3781344,3740,1
3781372,2040,0
3781370,6210,0
3781371,21,7
3781387,1162,1
3781389,27,7
3781388,260,3
3781386,9,8
3781390,13,7
3781403,20,7
3781416,3,8
3781415,6,7
3781402,31,5
3781405,4,9
3781409,38,5
3781410,2219,1
3781408,2451,0
3781404,157,5
3781406,35,6
3781407,3,9
3781412,35,7
3781417,38,6
3781411,9,8
3781414,19,7
3781419,2079,0
3781442,10,7
3781445,37,6
3781444,6,9
3781449,41,7
3781447,13,8
3781446,1984,0
3781448,2243,0
3781451,1449,3
3781450,70,5
3781452,4553,0
3781458,8,8
3781460,4,8
3781453,14,7
3781456,8,9
3781457,4860,0
3781454,6,9
3781459,3,9
3781455,1135,0
3781463,1297,2
3781465,45,5
3781467,2744,0
3781461,3,6
3781466,9,7
3781576,5606,0
3781574,438,3
3781575,5,9
3781573,40,5
3781577,6,7
3781579,8,7
3781595,9,7
3781596,8,7
3781580,922,2
3781586,40,6
3781588,66,5
3781649,10,9
3781708,8,6
3781713,8,8
3781825,1,8
3781826,1,9
3781829,1,9
3781830,2,7
3781831,1,9
3781832,1,9
3781820,17,8
3781833,3112,0
3838941,2744,1
54054525,60,5
3781413,127,4
3781593,10,8
3781581,106,4
3781584,5,9
3781587,2935,0
3781589,23,8
3781585,58,5
3781582,123,4
3781591,3,6
3781594,1077,0
3781592,1667,0
3781597,4,8
3781598,15,7
3781612,\N,6
3781640,14,8
3781641,1998,0
3781645,12,8
3781647,7,9
3781639,3,9
3781643,40,7
3781644,26,6
3781642,34,6
3781648,11,8
3781646,9,8
3781650,13,7
3781651,6,6
3781697,2,7
3781711,158,5
3781709,6,8
3781710,51,6
3781714,20,7
3781722,19,7
3781718,5139,0
3781720,36,6
3781719,7,8
3781721,7,9
3781715,3,8
3781716,3,9
3781729,13,6
3781725,5,7
3781728,8,8
3781723,35,7
3781726,2,8
3781727,36,7
3781724,9,8
3781736,61,8
3781732,67,7
3781730,8,9
3781731,2,9
3781735,1673,0
3781734,28,7
3781733,83,5
3781737,7,6
3781865,3,9
3781866,2,9
3781868,1353,2
3781869,52,6
3781870,67,5
3781867,1235,0
3781871,1314,0
3781872,17,8
3781873,62,6
3781874,14,8
3781875,3112,0
3781881,80,5
3781880,37,7
3781879,6,8
3781878,3,9
3781877,3,8
3781882,19,7
3781884,6,8
3781886,63,6
3781885,2745,0
3781893,6,8
3781890,10,7
3781888,6,8
3781889,38,7
3781897,1472,0
3781898,91,5
3781896,736,1
3781894,2585,1
3781895,6,7
3781900,5,8
3781899,8,8
3781891,58,6
3781901,5,8
3781905,2961,1
3781911,138,5
3781909,6,8
3781908,4406,0
3781907,1486,0
3781906,3,9
3781910,32,7
3781912,53,6
3781913,25,7
3781916,5,7
3781917,21,7
3781915,2,9
3781947,8,5
3781962,2555,0
3781964,6,8
3781971,6,9
3781973,6,9
3781970,4399,0
3781972,2377,2
3781969,4099,0
3781967,5,9
3781991,3007,0
3781968,5,9
3781966,2824,0
3781979,283,4
3781974,5,9
3781978,50,6
3781977,58,5
3781975,4,8
3781976,9,8
3781989,3,8
3781985,31,7
3781983,25,6
3781981,20,6
3781984,24,7
3781986,9,6
3781990,4,7
3781980,18,7
3781982,4,8
3781987,2,9
3781988,2788,0
3781992,6,8
3782011,3310,0
3782010,79,5
3782013,1978,1
3782014,25,7
3782016,60,6
3782015,1825,0
3782017,2,7
3782018,25,7
3782064,8,9
3782055,5,7
3782058,6,7
3782057,30,6
3782060,2,5
3782056,4033,1
3785704,5895,0
3785705,3680,1
3785706,637,1
3785724,1,8
3785707,1,9
3785708,1,9
3785709,1,9
3785711,7,8
3785714,1,9
3785716,1,9
3785717,2026,0
3782020,3,7
3782019,2,6
3782054,12,8
3782059,22,8
3782053,3,8
3782062,19,8
3782061,74,5
3782063,58,6
3782066,2962,0
3782065,4484,0
3782067,157,4
3785679,65,5
3785682,18,7
3785680,3,7
3785681,2505,0
3785691,20,8
3785689,1100,1
3785686,1695,2
3785685,9,7
3785687,17,7
3785688,2,7
3785692,7,8
3785690,12,8
3785694,2710,0
3785695,1663,1
3785693,43,7
3785725,1,7
3785755,188,5
3785753,3156,0
3785751,1569,0
3785754,22,8
3785752,9,8
3785756,10,7
3785758,42,5
3785759,9,9
3785760,33,6
3785761,1688,0
3785762,31,7
3785764,1130,0
3785766,59,6
3785763,14,8
3785767,8,9
3785765,27,6
3785768,14,7
3785769,30,7
3785770,7,6
3785774,923,2
3785779,8,7
3785772,31,7
3785775,159,4
3785773,47,5
3785777,11,8
3785771,7,8
3785776,2,9
3785778,5,8
3785785,5843,0
3785789,2,8
3785782,34,7
3785784,13,8
3785783,2,8
3785781,13,8
3785787,2,8
3785786,2,8
3785788,3,6
3785791,2,8
3785790,13,7
3785792,1,6
3785920,27,8
3785921,16,8
3785922,13,7
3785928,4,9
3785930,6,8
3785924,2,9
3785923,4,7
3785927,7,7
3785926,2,8
3785929,6,7
3785925,11,7
3785932,6,7
3785931,207,4
3786445,8,6
3786448,4,9
3786446,4,9
3786444,105,6
3786447,186,4
3786449,4,8
3786454,1095,1
3786450,5,8
3786452,31,7
3786451,2607,0
3787066,54,6
3787061,3,8
3787062,15,8
3787064,2420,2
54183407,1,9
3785933,1,6
3786453,15,7
3786457,5,7
3786459,4,6
3786460,3,8
3786458,4,7
3786455,10,8
3786456,3,7
3787063,2956,0
3787078,2,8
3787067,1984,0
3787070,2,7
3787068,1071,1
3787069,25,7
3787071,6,8
3787079,2,9
3787080,2,8
3787081,12,8
3787082,181,4
3787083,32,7
3787084,9,7
3787087,2190,0
3787085,2,9
3787100,6,7
3787086,2,8
3787088,3,8
3787095,12,8
3787090,57,5
3787091,26,7
3787098,4,8
3787093,13,7
3787089,26,7
3787092,7,8
3787094,4,8
3787096,11,8
3787099,26,6
3787097,2,7
3787101,5,6
3787600,1,5
3787622,171,5
3787618,6,9
3787619,6,8
3787620,4,7
3787617,13,7
3787623,2357,0
3787621,4,8
3787625,2,6
3787624,2,9
3787626,384,2
3787627,3,8
3787632,5,9
3787634,9,8
3787629,10,8
3787630,2,8
3787628,6,8
3787633,1642,1
3787631,5,8
3787635,3,7
3788007,63,7
3788009,3262,0
3788008,6461,1
3788010,21,7
3788011,7,9
3788012,2609,0
3788013,1944,0
3788015,31,7
3788016,142,4
3788014,109,4
3788017,4274,1
3788021,53,5
3788020,86,5
3788019,4,7
3788018,15,8
3788022,5296,1
3788026,7,7
3788025,1103,0
3788023,3683,0
3788024,6,7
3788027,9,8
3788029,4,7
3788028,4,7
3788030,5,7
3788035,3,7
3788036,9,7
3788032,2,6
3788034,4,8
3788033,9,7
3788031,9,8
3788039,37,6
3788042,3,8
3788048,2945,0
3788038,2,7
3788052,4,7
3788049,4,8
3788051,2,9
3788041,4,9
3788047,4,9
3788045,5,9
3788043,6,7
3788044,1,8
3788046,5,8
3788050,176,3
3788072,1,7
3788076,4,9
3788077,564,2
3788075,3,7
3788073,19,6
3788082,10,8
3788078,19,8
3788081,19,8
3788079,6,8
3788080,31,7
3788090,6,6
3788089,3,8
3788088,31,7
3788091,4582,0
3788084,2,8
3788092,34,7
3788087,23,7
3788086,3,7
3788083,1,7
3788085,19,8
3788118,48,6
3788117,2631,0
3788120,16,8
3788124,725,1
3788121,2,9
3788119,15,9
3788126,53,6
3788123,15,8
3788125,4,8
3788128,1,7
3788127,1,7
54502974,3,9
3788135,763,1
3788136,4577,0
3788133,26,7
3788138,79,6
3788139,25,8
3788140,30,7
3788141,13,8
3788142,2,7
3788143,63,6
3788144,15,8
3788145,13,8
3788148,2,9
3788146,6,7
3788147,18,8
3788149,2,8
3788151,23,8
3788152,1,8
3788153,2,7
3788150,18,7
3788163,3715,0
3788162,3,8
3788160,2,7
3788165,4,7
3788161,5,9
3788164,44,7
3788159,14,8
3788166,30,7
3788889,3113,0
3788890,4218,0
3788893,903,1
3788891,45,4
3788898,963,1
3788900,1449,1
3788899,1945,1
3789077,1837,0
3789078,30,8
3789083,1832,0
3789079,84,5
3789117,20,7
3789138,82,5
3789433,2,7
3789435,22,8
3789437,2,9
3789438,3648,0
3791305,\N,9
3791306,\N,9
3791307,1,7
3799259,26,6
3788892,20,7
3788902,41,6
3788903,2942,0
3788901,4,7
3789071,33,6
3789081,239,4
3789082,38,6
3789080,2067,0
3789100,41,5
3789101,30,7
3789098,28,8
3789097,66,5
3789099,11,7
3789115,2927,0
3789118,2895,1
3789120,15,7
3789123,2,7
3789119,91,5
3789116,30,7
3789122,18,8
3789124,1839,0
3789125,16,7
3789144,4740,0
3789140,1905,1
3789141,16,7
3789139,37,7
3789142,7,6
3789222,27,6
3789223,8,7
3789226,3,6
3789372,14,8
3789379,4,5
3789370,8,8
3789371,9,8
3789376,31,7
3789373,5,9
3789375,34,7
3789374,4,8
3789377,29,7
3789382,3090,0
3789380,3,9
3789378,38,6
3789381,2,7
3789387,4,9
3789388,34,8
3789389,54,6
3789390,2526,1
3789392,62,6
3789399,214,4
3789397,37,6
3789398,11,7
3789395,2,7
3789394,5,8
3789393,5,8
3789396,7,7
3789400,60,6
3789401,1,6
3789391,6,7
3789413,4,8
3789411,4,9
3789412,11,8
3789414,25,7
3789421,63,6
3789417,83,3
3789416,2091,0
3789418,13,7
3789419,109,5
3789425,5,9
3789423,10,7
3789426,36,7
3789424,5,8
3789422,4,8
3789427,1810,0
3789428,38,6
3789430,4,8
3789431,2553,2
3789442,215,4
3789444,4,9
3789454,42,6
3789446,2019,0
3789620,8,9
3789409,27,7
3789429,11,5
3789415,2,7
3789432,3,7
3789456,11,8
3789443,2214,0
3789455,2561,2
3789448,26,7
3789447,3,8
3789451,30,7
3789457,957,0
3789458,27,7
3789449,117,5
3789450,32,6
3789452,80,5
3789453,23,8
3789459,2,6
3789469,36,6
3789473,62,6
3789476,3018,0
3789471,23,7
3789472,10,7
3789470,2571,0
3789474,33,8
3789475,11,8
3789480,2189,1
3789478,71,6
3789479,11,7
3789477,3,8
3789482,1346,1
3789483,28,7
3789481,6,6
3789485,4,7
3789484,1,6
3789539,2038,0
3789548,31,7
3789542,2847,0
3789541,12,8
3789540,26,6
3789546,8,9
3789544,30,7
3789545,20,9
3789543,8,9
3789547,7,8
3789658,7622,0
3789600,49,6
3789601,11,8
3789604,21,7
3789602,80,5
3789603,5,7
3789607,7,8
3789610,19,7
3789605,137,4
3789609,118,2
3789608,1516,0
3789618,19,7
3789614,66,7
3789613,23,8
3789619,3,9
3789617,9,9
3789615,41,7
3789611,3234,1
3789616,17,8
3789606,3,7
3789612,44,6
3789624,33,6
3789622,4,6
3789623,1595,1
3789629,4,8
3789626,19,7
3789627,7,7
3789628,1705,0
3789630,8,8
3789625,26,7
3789638,5129,0
3789631,1087,0
3789633,6,8
3789632,54,6
3789635,29,6
3789634,2,7
3789637,4,7
3789636,6,8
3789639,4,7
3789664,2929,1
3789662,726,1
3789665,1326,0
3789663,26,7
3789670,22,8
3789671,4144,0
3789672,52,6
3789673,31,4
3789676,5113,0
3789679,3437,0
3789674,76,6
3789675,2,8
3789678,4,8
3789680,14,7
3789681,22,7
3789683,14,8
3789686,19,7
3789684,4,8
3789682,21,7
3789687,2,8
3789685,2,8
3789688,2,9
3789693,2,9
3789694,3,9
3789689,2185,1
3789691,45,6
3789690,113,5
3789692,3,6
3789721,27,7
3789716,3,8
3789720,1105,0
3789719,2,9
3789718,56,5
3789717,19,8
3789724,57,5
3789722,16,5
3789723,1,8
3789748,2921,0
3789742,12,8
3789741,2,6
3789743,6,7
3789740,6,8
3789739,2,8
3789746,17,8
3789747,2,6
3789744,14,7
3789745,12,8
3789972,28,6
3789973,6,8
3790055,25,7
3790056,60,5
3790057,3,7
3790058,2579,1
3790059,1951,0
3790060,832,1
3790063,45,6
3790064,6,8
3790065,19,6
3790123,16,9
3790125,16,9
3790124,3003,0
3791315,1,9
3791316,1,9
3791317,6,9
3796296,\N,9
3796297,\N,9
3790126,1437,0
3790131,13,6
3790132,9,8
3791014,7,9
3791015,60,6
3791243,1084,1
3791242,60,5
3791245,37,7
3791241,23,7
3791244,5,9
3791251,5,8
3791246,12,7
3791248,30,7
3791247,52,6
3791249,8,8
3791250,2911,0
3791252,18,7
3791278,23,6
3791283,2911,0
3791280,45,7
3791287,5,8
3791286,11,7
3791288,27,7
3791285,2110,1
3791279,5,8
3791282,38,6
3791290,4,9
3791289,925,0
3791294,11,7
3791292,14,8
3791291,3834,0
3791297,236,4
3791295,19,7
3791296,35,5
3791298,16,7
3791302,34,7
3791299,11,8
3791300,9,8
3791303,7,6
3791304,1,8
3791336,9,9
3791334,24,6
3791337,13,7
3791335,8,9
3791338,32,7
3791340,16,8
3791342,2190,0
3791339,40,6
3791346,7,8
3791341,6,7
3791344,1,7
3791345,723,1
3791347,5,8
3792421,6,9
3792428,234,5
3792429,6,9
3792424,2,9
3792425,14,7
3792430,897,0
3792437,217,4
3792436,9,9
3792431,22,4
3792433,2,8
3792439,2,8
3792434,8,7
3792432,1,8
3792438,4,7
3792435,5,8
3792463,9,8
3792455,2003,1
3792460,2952,0
3792464,35,8
3792456,82,6
3792459,6376,0
3792458,160,4
3792467,1174,1
3792462,54,6
3792461,13,6
3794973,3,7
3794960,3,9
3794972,3,8
3794958,34,8
3794961,3,9
3794962,3,7
3794964,17,9
3794969,10,6
3794970,55,7
3794963,1945,0
3794966,23,7
3794976,1648,0
3794974,11,7
3794968,8,8
3794977,3,8
3794978,16,8
3794967,3,7
3794965,7,9
3794971,2,7
3794975,3,8
3794979,3107,0
3794982,4,3
3794981,6,8
3794980,14,7
3794984,64,5
3794986,6,8
3794985,383,1
3794987,1,6
3795030,49,8
3795027,3,7
3795032,939,0
3795035,5204,2
3795029,44,6
3795034,97,6
3795031,8,8
3795026,24,6
3795028,13,7
3795036,43,5
3795033,2948,0
3795057,42,6
3795054,1895,0
3795055,27,7
3795056,2,9
3795051,27,7
3795052,2,9
3795059,18,8
3795060,59,7
3795062,13,7
3795058,2,8
3795061,3,6
3795078,1825,0
3795079,2813,1
3795080,171,4
3795082,14,7
3795087,1469,0
3795081,2,9
3795084,5,8
3795085,3,9
3795088,26,7
3795089,104,6
3795086,2,8
3795096,25,8
3795099,17,8
3795103,220,4
3795097,3,8
3795098,32,7
3795101,21,8
3795102,109,5
3795104,2,8
3795100,2,8
3795107,2201,0
3795111,72,3
3795109,2933,1
3795110,1844,0
3795108,6,8
3795112,1,7
3795120,52,6
3795127,15,8
3795126,29,7
3795125,4,8
3795128,2,8
3795124,6088,0
3795122,43,6
3795121,2,9
3795129,19,8
3795123,5,8
3795140,5811,0
3795141,87,6
3795139,22,7
3795150,1318,0
3795153,102,6
3795154,3491,0
3795151,17,8
3795155,3,8
3796283,32,6
3796291,2890,1
3796290,11,8
3796289,20,8
3796292,2977,0
3796303,1,9
3796304,25,5
3796306,3958,2
3797759,\N,9
3797760,1,8
3797761,1,8
54509594,1,9
3796294,67,5
3796295,2936,0
3796293,30,2
3797404,1228,1
3797408,8,9
3797409,1864,1
3797405,1593,1
3797410,2912,0
3797407,29,7
3797406,146,4
3797421,12,8
3797422,2380,2
3797448,1131,1
3797457,2566,0
3797449,25,8
3797450,14,8
3797452,48,6
3797455,3,8
3797456,7,7
3797453,17,8
3797454,13,7
3797459,22,7
3797458,10,8
3797461,1,6
3797460,8,7
3797462,1,7
3797475,14,8
3797474,2982,1
3797471,2,8
3797473,7,9
3797472,5,6
3797476,14,8
3797478,31,6
3797477,11,8
3797479,15,8
3797496,4,8
3797488,39,6
3797492,2,8
3797493,5,8
3797497,15,7
3797489,12,8
3797490,2,8
3797491,2930,1
3797494,29,6
3797495,85,5
3797498,3,6
3797668,15,7
3797676,6,7
3797673,8,7
3797669,22,6
3797671,7,8
3797670,12,7
3797675,28,7
3797674,55,5
3797677,29,7
3797678,23,7
3797688,1093,1
3797690,30,7
3797689,592,2
3797687,21,6
3797696,2790,1
3797691,7,9
3797697,11,8
3797698,5136,0
3797694,13,7
3797693,5,9
3797692,200,4
3797717,2921,0
3797702,15,7
3797703,23,6
3797705,23,7
3797709,2565,0
3797762,\N,9
3797739,7,8
3797746,704,1
3797745,2532,0
3797846,1360,0
3797845,13,8
3797892,2928,0
3797896,659,2
3797893,3713,2
3799653,1,8
3799707,5,8
3799729,\N,9
54282978,1368,0
54361567,27,6
3797695,6,8
3797699,10,8
3797700,3,4
3797701,\N,7
3797706,50,5
3797708,8,8
3797704,28,8
3797707,11,8
3797714,1826,0
3797713,1,7
3797715,1,6
3797744,23,7
3797754,26,8
3797741,6,9
3797743,23,7
3797740,3,9
3797747,1845,1
3797749,1430,1
3797750,24,7
3797758,24,7
3797755,2,7
3797748,51,5
3797751,2915,0
3797752,745,0
3797753,35,7
3797757,7,7
3797756,7,8
3797847,22,7
3797851,6731,0
3797848,9,7
3797852,5,8
3797850,21,7
3797854,19,8
3797853,21,7
3797857,3,7
3797856,9,8
3797858,15,3
3797855,2419,1
3797864,80,5
3797860,4084,0
3797861,2586,0
3797862,112,5
3797865,6,6
3797894,2920,1
3797897,4461,0
3797895,16,7
3797899,19,7
3797898,23,7
3797903,18,7
3797910,2736,1
3797902,6,6
3797901,2001,1
3797912,14,7
3797900,5727,0
3797908,32,7
3797906,2592,0
3797905,732,0
3797907,15,8
3797909,5,7
3797904,78,5
3797911,3,8
3798020,6615,0
3798018,5,7
3798017,2,8
3798019,11,8
3798966,28,7
3798967,34,7
3798969,5,7
3798968,3,8
3798974,3347,0
3798975,3,6
3798971,10,8
3798972,66,6
3798970,3,8
3798973,17,6
3798984,3,8
3798982,10,7
3798981,3,8
3798979,12,7
3798980,3,8
3798985,2319,1
3798983,10,8
3798987,5879,0
3798988,48,6
3798993,3554,0
3798990,2710,0
3799239,47,5
3799261,42,7
3799260,49,5
3799654,38,7
3799655,1,9
3799656,1,9
3799660,3,7
54452961,4,9
3798989,105,5
3798991,12,2
3798992,17,6
3798998,9,7
3798997,1860,0
3798999,13,7
3799001,2,6
3799002,1,7
3799000,2,7
3799243,2,7
3799244,5,8
3799242,388,3
3799241,28,6
3799245,243,5
3799246,18,8
3799253,4,7
3799249,9,8
3799247,22,7
3799248,76,6
3799250,76,6
3799264,2546,0
3799262,2045,0
3799263,5,7
3799265,26,7
3799266,2825,0
3799268,40,6
3799267,1226,0
3799269,2980,2
3799270,21,7
3799272,2,7
3799271,7,7
3799273,4,7
3799277,3,8
3799278,3,9
3799279,9025,0
3799280,2,7
3799275,1150,1
3799274,5,7
3799276,2,7
3799284,2,8
3799285,2,9
3799281,105,5
3799286,1,7
3799282,6598,0
3799283,25,7
3799298,18,8
3799299,25,7
3799305,25,6
3799302,6,7
3799300,6,8
3799312,1471,0
3799301,3,8
3799303,2199,0
3799304,1348,1
3799307,2,9
3799306,19,8
3799310,2,8
3799311,5,7
3799313,2,8
3799309,2,8
3799314,17,8
3799308,27,7
3799422,37,6
3799423,156,4
3799425,4,8
3799424,5,9
3799426,7,8
3799639,8,8
3799636,3101,0
3799637,2189,0
3799641,23,8
3799643,99,5
3799645,12,6
3799644,14,8
3799640,52,6
3799646,10,7
3799647,14,8
3799648,44,6
3799650,22,7
3799651,6,9
3799649,2770,0
3799667,\N,9
3799676,22,8
3799677,2934,0
3799682,15,7
3799702,42,5
3799730,1,9
3799722,2606,0
3799681,2185,2
3799680,7,8
3799683,15,7
3799684,24,7
3799696,2447,0
3799703,26,7
3799705,21,7
3799706,1,8
3799710,1,8
3799709,3,6
3799711,11,7
3799712,27,5
3799713,2,6
3799719,11,6
3799716,24,9
3799717,11,6
3799726,3,8
3799721,19,8
3799723,12,8
3799727,44,7
3799724,2,8
3799725,14,8
3799728,817,0
3799742,29,7
3799746,4,8
3799743,2924,1
3799744,2,7
3799747,1,5
3799745,2,8
3799751,401,3
3799749,32,7
3799750,422,2
3799748,1833,1
3799752,2936,0
3799755,4,8
3799753,2,8
3799754,133,5
3799756,2877,0
3799757,2417,1
3799770,1,9
3799771,\N,9
3799772,1,9
3799773,\N,9
3799774,\N,9
3799775,1,9
3799758,7851,0
3799760,3221,0
3799759,26,6
3799762,3,8
3799764,25,7
3799761,22,8
3799765,4,6
3799763,39,7
3799786,129,5
3799793,9,8
3799864,1,9
54177365,6201,0
3799787,1263,0
3799790,220,4
3799788,23,7
3799789,20,7
3799791,8,7
3799801,33,6
3799798,16,7
3799799,39,7
3799797,5434,0
3799800,2,8
3799802,11,7
3799804,9,8
3799803,7,8
3799805,5,7
3799828,2956,0
3799829,236,4
3799826,28,5
3799830,4,7
3799835,11,7
3799832,3,7
3799831,12,8
3799834,11,6
3799833,9,8
3799837,945,2
3799838,12,7
3799841,34,6
3799839,2400,0
3799840,8,8
3799856,20,8
3799854,5099,0
3799852,2491,0
3799853,4,7
3799855,5,9
3799861,85,4
3799874,6,9
3799876,35,4
3799883,16,6
3799879,11,8
3799882,4,7
3799880,62,5
3799875,4374,1
3799878,187,5
3799877,35,6
3799884,58,6
3799881,4,7
3799902,227,4
3799904,31,6
3801933,22,7
3801935,30,5
3801932,23,7
3801939,1092,2
3801941,1392,0
3801942,98,6
3801997,26,8
3802012,6,6
3802042,18,8
3802554,\N,9
3802553,1,7
54244525,2903,0
3801943,14,4
3801945,1838,1
3801944,1,7
3801946,3142,0
3801961,4,8
3801963,36,6
3801962,94,5
3801964,20,7
3801965,811,2
3801988,27,8
3801989,2162,0
3801990,865,0
3801991,10,7
3801992,83,5
3801993,1,7
3801994,5,4
3802000,6,7
3802001,5,8
3801999,1108,1
3801998,8,9
3802002,296,2
3802003,17,7
3802004,20,7
3802010,34,6
3802007,225,4
3802008,5910,0
3802005,4,8
3802006,12,7
3802009,21,7
3802011,3,7
3802014,52,6
3802018,5339,0
3802015,7,8
3802017,24,7
3802016,12,8
3802013,18,8
3802019,3,8
3802020,37,5
3802030,9,8
3802034,21,8
3802035,36,7
3802031,11,8
3802032,6,9
3802033,22,7
3802037,25,5
3802036,11,8
3802038,1,8
3802039,90,5
3802041,23,6
3802040,1,7
3802050,3,9
3802051,1171,1
3802052,16,5
3802053,39,7
3802057,192,3
3802054,2367,0
3802056,2,8
3802055,1,7
3802060,6,7
3802059,7,8
3802063,141,4
3802061,19,7
3802065,7,9
3802058,2,8
3802066,1,7
3802064,28,6
3802067,1,7
3802068,10,8
3802077,6821,0
3802079,21,7
3802078,32,7
3802080,30,7
3802081,223,4
3802083,2,7
3802082,18,8
3802084,4125,0
3802090,28,7
3802093,50,6
3802092,7,8
3802094,4,8
3802091,32,6
3802099,165,5
3802098,6,7
3802100,23,7
3802102,1459,0
3802103,1,6
3802120,1436,0
3802121,10,7
3802122,1520,0
3802386,18,7
3802389,1860,0
3802555,1,9
3802387,4343,0
3802388,1,7
3802392,155,6
3802391,34,7
3802390,18,5
3802394,153,5
3802395,17,8
3802396,16,8
3802397,1046,0
3802398,923,0
3802400,16,7
3802402,5,7
3802401,10,5
3802407,31,7
3802408,34,8
3802405,97,6
3802409,1471,1
3802406,12,6
3802419,30,8
3802422,30,7
3802421,2057,1
3802420,33,7
3802423,110,5
3802424,16,8
3802425,5,7
3802431,28,7
3802433,11,8
3802428,47,5
3802432,149,5
3802429,7,7
3802430,2,7
3802434,4,7
3802435,6,7
3802438,1269,0
3802436,30,7
3802440,3127,0
3802439,11,8
3802437,8,7
3802441,2,6
3802442,36,5
3802446,11,8
3802447,2510,0
3802450,14,7
3802451,2937,0
3802449,14,8
3802452,151,2
3802453,14,8
3802457,9,7
3802448,28,7
3802455,10,8
3802456,724,1
3802458,148,5
3802454,6,9
3802567,58,6
3802568,4,7
3802569,8,8
3802572,27,7
3802570,2,9
3802571,8,9
3802574,2035,0
3802573,50,6
3802577,3654,2
3802576,777,2
3802575,155,4
3802582,67,6
3802578,4,8
3802579,4106,0
3802580,36,7
3802585,11,8
3802583,10,8
3802586,57,6
3802584,3,8
3802591,10,8
3802592,2507,0
3802587,1835,0
3802589,860,0
3802588,3,7
3802590,9,8
3802593,64,5
3802594,31,6
3802595,11,8
3803758,35,6
3803764,4961,0
3803763,1896,0
3803761,5,8
3803760,33,7
3803766,2,7
3803765,28,7
3803884,2180,1
3803883,11,8
3803882,24,7
3803887,6,9
3803890,28,6
3803888,150,5
3803889,1011,2
3803891,13,8
3803903,1143,1
3803906,27,7
54497652,1,9
3819668,1,8
3819669,1,7
3819670,1,7
3819671,1,8
3803895,5821,1
3803892,3679,0
3803894,6,8
3803893,5,9
3803905,1424,2
3803902,232,4
3803904,2078,0
3803908,21,7
3803912,2,7
3803909,7,6
3803907,43,6
3803910,7,7
3805267,53,6
3805265,4,9
3805268,6,7
3805269,3,8
3805266,14,6
3805270,1,6
3805271,2395,0
3805273,7,8
3805274,3,7
3805272,2,8
3819554,18,7
3819556,23,7
3819555,32,6
3819561,20,8
3819558,27,6
3819562,32,7
3819559,26,7
3819563,1315,0
3819564,19,6
3819565,3,8
3819560,6,7
3819568,19,9
3819572,3,7
3819569,31,8
3819574,7497,1
3819573,42,6
3819571,30,6
3819570,14,7
3819665,690,2
3819666,18,6
3819672,174,4
3819681,4650,0
3819678,73,5
3825057,4,6
3819677,4,7
3819680,129,5
3819682,5,7
3819705,1719,0
3819704,3294,0
3819743,2,8
3819741,12,8
3819744,120,5
3819742,19,7
3819745,47,5
3819746,7,9
3819747,2,6
3823893,9,8
3823894,213,3
3823895,17,7
3823897,1,8
3823896,8,6
3824057,2873,1
3824063,7,9
3824064,95,4
3824060,6,6
3824061,8,9
3824062,15,7
3824059,8,5
3824067,13,8
3824065,27,6
3824058,37,6
3824066,4403,0
3824068,74,5
3824069,9,8
3824070,168,4
3824077,122,5
3824079,6,8
3824078,59,6
3824080,29,8
3824081,3,9
3824082,3,9
3824083,15,8
3824084,3691,0
3824085,8,8
3824091,24,7
3824090,97,6
3824086,43,6
3824087,70,5
3824089,12,6
3824088,8,8
3824092,10,6
3824094,108,4
3824095,733,3
3824096,2,7
3824097,40,6
3824103,11,8
3824106,33,7
3824105,737,2
3824107,3321,1
3824111,6,7
3824113,6,8
3824116,13,8
3824115,16,7
3824968,2542,0
3824969,4396,0
3824114,2,7
3824970,34,7
3824973,3,8
3824971,8,7
3824972,33,6
3824974,10,7
3824982,4,7
3824976,7,8
3824975,1336,1
3824977,2,8
3824981,3702,0
3824978,4,6
3824979,3560,0
3824980,30,7
3824988,731,1
3824989,21,7
3824991,244,3
3824992,6,9
3824993,5,6
3825005,230,3
3824998,26,7
3824999,49,8
3825007,19,7
3825000,36,7
3825004,23,7
3825002,16,7
3825003,6,8
3825001,974,1
3825006,25,7
3825008,4748,1
3825009,58,5
3825010,1,6
3825011,17,7
3825017,3663,0
3825018,2,6
3825016,2,8
3825022,1364,2
3825025,5,7
3825023,17,8
3825021,21,8
3825034,1950,0
3825031,13,8
3825033,10,7
3825032,3,7
3825035,2,8
3825036,17,8
3825037,29,8
3825038,4,7
3825040,2504,1
3825041,3841,0
3825039,44,6
3825044,3082,0
3825045,5343,0
3825125,47,6
3825181,1,8
54265622,51,5
3825058,\N,6
3825059,1,7
3825060,18,6
3825062,66,6
3825061,11,8
3825063,7,9
3825086,992,1
3825087,7,9
3825088,28,6
3825089,34,6
3825097,216,4
3825100,18,6
3825101,8,7
3825098,16,5
3825099,10,8
3825102,34,7
3825103,1716,1
3825104,95,5
3825121,5365,0
3825122,114,5
3825124,27,6
3825123,3629,0
3825130,5126,0
3825132,187,3
3825131,7,7
3825133,134,5
3825136,4,9
3825134,15,6
3825135,14,6
3825139,1836,0
3825140,23,7
3825141,23,6
3825155,35,6
3825161,7,7
3825160,12,8
3825158,17,6
3825159,12,7
3825162,28,7
3825157,148,5
3825156,3,7
3825163,10,7
3825165,27,8
3825166,2564,0
3825167,28,8
3825168,10,5
3825179,1092,0
3825271,28,7
3825227,149,5
3825228,1835,1
3825226,1274,1
3825229,40,7
3825231,218,4
3825233,5298,0
3825232,45,6
3825236,1056,2
3825239,84,5
3825235,19,7
3825234,6,8
3825237,11,8
3825238,12,9
3825240,19,7
3825241,2483,1
3825247,1067,2
3825245,7,7
3825246,1083,0
3825243,1661,0
3825244,3,8
3825279,181,4
3825278,21,7
3825280,4059,0
3825283,14,8
3825285,8,8
3825286,735,1
3825287,3,8
3825419,2058,1
3825417,172,4
3825418,80,5
3825420,2650,0
3825427,91,5
3825450,4243,0
3825451,25,6
3825477,22,7
3825478,1112,0
3825520,5315,1
3825242,6,8
3825281,105,5
3825282,18,7
3825284,10,8
3825421,3,9
3825425,3706,0
3825423,28,6
3825422,10,8
3825426,26,7
3825438,2,7
3825428,19,5
3825429,2,9
3825431,153,5
3825432,3657,0
3825433,30,7
3825434,9,8
3825437,7,9
3825436,4,8
3825435,26,6
3825446,2566,1
3825449,4,9
3825447,154,3
3825448,3550,0
3825453,5679,0
3825452,31,6
3825455,21,8
3825456,24,7
3825476,6,9
3825479,2381,0
3825480,26,7
3825481,2220,0
3825483,14,4
3825482,76,4
3825486,467,2
3825487,88,5
3825489,2564,0
3825490,17,7
3825491,25,6
3825493,24,7
3825504,107,5
3825505,1406,1
3825507,2562,0
3825514,1018,1
3825523,1,9
3825510,1317,0
3825513,5676,1
3825515,2229,0
3825516,8,9
3825517,871,1
3825524,13,8
3825525,38,5
3825551,1761,0
3825549,13,6
3825550,3492,0
3825558,5,8
3825557,178,4
3825556,47,5
3825561,1,7
3825562,16,3
3825565,2,8
3825566,11,6
3825564,11,8
3825568,4014,1
3825571,15,6
3825569,2,7
3825570,23,6
3825572,16,8
3825583,41,7
3825579,74,5
3825582,11,7
3825584,49,6
3825581,170,4
3825586,60,6
3825585,89,5
3825587,25,8
3825588,9,7
3825595,86,6
3825598,11,8
3825597,1630,3
3825596,67,5
3825594,29,7
3825607,230,3
3825605,8,8
3825606,4,8
3825628,90,7
3825629,33,7
3825630,30,8
3825622,27,7
3825624,3684,0
3825623,3,8
3825625,2,9
3825631,935,1
3825627,4739,0
3825632,154,4
3825626,28,7
3825647,3068,0
3825654,5,7
3825651,2526,0
3825655,119,6
3825650,28,7
3825649,24,8
3825646,419,2
3825648,29,7
3825652,6,8
3825656,1910,1
3825657,3338,0
3825658,137,4
3825662,1153,0
3825756,2549,1
3825766,2185,0
3825814,970,1
3825815,1,9
3825663,91,6
3825664,3,8
3825665,151,5
3825755,121,4
3825758,3,7
3825757,6,8
3825768,6,7
3825772,5,8
3825830,14,8
3825828,15,7
3825829,81,5
3825831,185,4
3827129,\N,9
3826546,167,2
3826619,8,4
3826621,88,5
3826620,71,7
3826622,36,6
3826623,33,6
3826624,19,7
3826625,1065,1
3826626,35,5
3826637,2067,0
3826632,34,7
3826633,28,8
3826636,13,9
3826635,2,9
3826634,60,5
3826651,4178,0
3826653,3,9
3826652,7,7
3826650,29,7
3826670,39,7
3826665,36,7
3826668,54,6
3826666,59,6
3826669,5,8
3826671,2413,0
3826667,3512,0
3826672,5,8
3826675,30,7
3826674,41,6
3826673,34,7
3826676,12,8
3826678,40,7
3826679,5131,0
3826677,2752,1
3826680,4,6
3826681,39,7
3826683,67,6
3826684,6,9
3826685,3,8
3826686,27,8
3826688,35,6
3826687,86,5
3826689,34,6
3826707,7503,0
3826712,5,9
3826708,1305,1
3826709,1927,0
3826711,23,7
3826710,3,6
3826758,11,8
3826760,11,6
3826757,23,7
3826759,1,8
3826761,1,8
3826762,11,7
3826787,5059,0
3826767,1720,2
3826770,89,5
3826768,3032,0
3826769,3,9
3826772,62,6
3826775,833,2
3826774,6,8
3826771,28,7
3826773,71,6
3826797,8586,0
3826796,2211,1
3826794,25,7
3826800,26,7
3826801,28,7
3826799,25,7
3826795,25,7
3826798,24,7
3826803,4396,0
3826802,3,9
3826804,4375,0
3826805,152,4
3826806,4,9
3826811,1138,0
3826808,985,1
3826813,146,4
3826812,76,6
3826810,37,7
3826809,50,6
3826807,31,3
3826814,52,6
3826835,56,6
3826836,29,8
3826838,41,6
3826837,2238,0
3826839,27,8
3826841,92,4
3826840,1,8
3826850,8,6
3826851,1619,2
3826855,50,6
3826853,206,4
3826854,1,9
3826852,32,7
3826859,37,6
3826887,25,8
3826886,21,8
3826889,52,6
3827132,1,8
3827134,33,7
3827130,1,9
3840126,274,3
3842750,27,8
3843279,40,6
3826856,17,8
3826858,2291,0
3826898,3,9
3826884,121,5
3826890,2149,0
3826885,85,5
3826896,46,6
3826894,2789,0
3826893,33,6
3826892,42,7
3826891,21,8
3826899,1820,1
3826897,30,7
3826900,19,7
3827091,18,8
3827097,4,8
3827096,43,5
3827100,2743,0
3827101,51,5
3827102,230,4
3827103,62,5
3827140,1,8
3827141,1,7
3827143,2583,1
3827142,37,3
3827148,5274,0
3827150,28,6
54514033,8,9
3827149,3,7
3827151,888,1
3827152,8,2
3827153,11,8
3827154,27,7
3827156,3662,0
3827160,10,8
3827159,11,8
3827158,16,7
3827161,4,7
3827157,6,8
3827162,3,6
3827163,1,8
3827168,1,6
3827171,8768,0
3827170,25,7
3827169,8,9
3827173,5,6
3827174,4,6
3827172,39,7
3827175,8,7
3827176,3,8
3827303,10,8
3827306,6,7
3827307,8,8
3827305,28,5
3827304,9,6
3827309,94,6
3827314,31,8
3827312,2306,0
3827315,30,7
3827310,2579,1
3827313,16,8
3827311,2247,0
3827316,95,6
3827317,7,7
3827318,9,6
3827319,2374,0
3827321,6,7
3827320,2,7
3827322,1,6
3827335,97,5
3827334,111,4
3827333,4,5
3827331,33,6
3827330,66,6
3827336,152,3
3827337,35,6
3827340,5,8
3827339,24,7
3827341,3,8
3827356,4,7
3827352,2,7
3827353,16,7
3827355,8,5
3827354,8,6
3827357,170,4
3827424,3127,1
3827425,6,9
3827422,1856,0
3827427,422,2
3827426,3506,0
3827423,1865,0
3827428,15,8
3827429,10,8
3827432,1829,2
3827430,21,7
3827431,20,7
3827433,11,7
3827435,1,7
3827434,9,8
3827572,1417,3
3827567,4,8
3827565,737,1
3827566,6,8
3827570,11,7
3827571,2,7
3828425,19,7
3828424,6,9
3828422,35,6
3828423,3,8
3828428,26,7
3828427,12,7
3828426,6,8
3829424,24,6
3829427,22,7
3829423,15,7
3829425,15,7
3829426,8,8
3829430,18,7
3829428,1010,2
3829432,5089,0
3829429,5,9
3829431,7,9
3829433,4,7
3829434,1,7
3829445,6,8
3829436,8,3
3829435,6,8
3829437,2,9
3829438,5,8
3829440,18,7
3829439,6,8
3829441,5,6
3829444,4,8
3829443,3,7
3829442,22,7
3829452,1800,1
3829451,9,8
3829454,5,9
3829456,6,9
3829453,2250,0
3829455,45,6
3829457,8,8
3829458,34,7
3829459,19,7
3829461,7,9
3829460,35,7
3829462,4,8
3829463,191,4
3829464,88,5
3829468,5,9
3829466,1,8
3829465,1,7
3829467,41,6
3829479,2801,1
3829480,22,8
3829483,23,7
3829487,49,6
3829491,6,8
3829486,37,7
3829484,329,2
3829481,54,6
3829485,125,6
3829493,1317,0
3829492,1860,1
3829490,4,8
3829494,2,8
3829488,3,7
3829482,3,7
3830494,6,8
3830507,54,6
3830860,2,8
3830874,163,5
3831169,11,8
3830495,5,9
3830497,1,7
3830506,13,8
3830505,2,9
3830508,2,7
3830509,88,5
3830848,3426,0
3830850,1855,0
3830849,84,5
3830847,16,7
3830851,15,7
3830858,2,7
3830856,2239,0
3830859,4,7
3830857,124,5
3830865,2576,0
3830866,1,8
3830869,31,7
3830870,15,7
3830871,2,7
3830872,51,6
3830873,2677,0
3830882,17,6
3830881,7,7
3830883,1,7
3830885,25,7
3830886,16,7
3830887,2,6
3830890,2,7
3830889,38,7
3830888,41,6
3831075,1915,0
3831076,681,3
3831065,39,7
3831069,1515,1
3831064,33,6
3831068,7,7
3831067,2,7
3831074,1641,3
3831063,335,2
3831071,6,7
3831073,2,9
3831070,19,8
3831077,1754,0
3831072,13,8
3831066,17,8
3831170,2,8
3831171,20,7
3831164,130,5
3831165,731,1
3831166,17,7
3831183,14,8
3831206,1868,1
54095185,13,9
3831062,11,8
3831168,51,5
3831167,17,6
3831185,2954,0
3831181,38,6
3831182,39,5
3831184,116,4
3831186,926,2
3831187,5,7
3831198,2,6
3831197,89,5
3831195,6,8
3831194,28,6
3831196,1,7
3831200,71,5
3831203,1518,0
3831201,1273,2
3831202,41,6
3831204,65,7
3831205,9,7
3831208,1488,1
3831207,61,7
3831209,5,8
3831214,2,7
3831210,2558,1
3831211,5,7
3831212,25,6
3831213,10,5
3831215,8,8
3831217,9,8
3831218,5,7
3831216,1,7
3831219,3,7
3831220,1,7
3831458,98,5
3831467,196,4
3831459,17,8
3831463,28,7
3831464,2947,0
3831465,47,6
3831461,58,6
3831460,27,7
3831462,245,3
3831466,18,8
3831469,1730,1
3831470,14,7
3831473,3,8
3831472,11,5
3831478,182,5
3831475,6,6
3831474,194,4
3831476,6,7
3831477,36,6
3831479,3593,0
3831609,3,8
3831610,3,7
3831612,12,7
3831611,30,6
3831613,3,8
3831614,4,6
3831615,4,7
3831616,6,7
3831619,3,8
3831617,3,7
3831618,9,6
3831715,2777,0
3831716,5,9
3831717,2016,0
3831718,12,9
3831719,3,9
3831726,7,5
3831725,125,5
3831727,9,8
3831728,5,7
3831731,34,6
3831732,6796,0
3831730,3711,0
3831729,31,7
3831734,23,7
3831733,5,9
3831738,2,7
3831739,9,7
3831736,18,8
3831737,30,7
3831735,10,5
3831740,2233,0
3831842,23,6
3831839,18,7
3831841,59,5
3831843,10,9
3831840,16,8
3831845,13,8
3831851,1,6
3831852,3664,1
3831853,5845,0
3831854,18,8
3831856,32,7
3831858,6462,0
3831859,7,8
3831865,8969,0
3831864,21,8
3831863,168,2
3831862,24,8
3831866,31,5
3831867,3,9
3831870,50,6
3831872,2062,1
3831883,153,4
3831885,27,7
3835505,2,7
3835506,\N,9
3831871,\N,7
3831873,3,9
3831876,13,6
3831875,3,9
3831877,797,0
3831874,2,8
3831878,23,6
3831882,57,5
3831879,12,9
3831881,23,6
3831886,142,5
3831888,4425,0
3831887,5140,0
3831889,142,4
3831892,23,5
3831893,8,7
3831891,29,7
3831894,4,8
3831890,40,6
3831895,3,8
3831896,2,8
3831897,4010,0
3831915,2863,0
3831914,1,8
3831916,1642,0
3831917,17,8
3831918,3,6
3835501,14,7
3835503,21,7
3835500,1490,0
3835502,20,6
3835509,2393,0
3835812,13,8
3835813,6,8
3835818,62,6
3835819,33,7
3835820,20,7
3835821,6,7
3835823,19,7
3835822,15,7
3835824,17,7
3835870,130,5
3835872,27,7
54203000,2200,0
3835871,65,5
3835876,1,7
3835875,2037,0
3835874,7,7
3835873,3,7
3835877,10,9
3835878,2,6
3835896,11,8
3835897,10,6
3835954,5139,0
3835952,33,6
3835959,4,7
3835953,10,7
3835955,26,7
3835956,18,8
3835961,775,1
3835960,32,7
3835958,10,8
3835957,7,7
3835962,761,1
3835969,131,5
3835968,2630,0
3835970,2605,1
3835972,1432,0
3835974,41,6
3835973,16,8
3835971,10,8
3835976,9,7
3835975,9,7
3835977,13,7
3836004,28,5
3836003,6,8
3836005,4,7
3836048,243,4
3836049,7,5
3836047,8,8
3836050,52,5
3836051,7,6
3836052,35,6
3836070,1,9
3836083,30,6
3836084,1196,2
3836081,35,7
3836082,18,7
3836089,10,8
3836087,35,7
3836090,1810,0
3836091,110,4
3836092,6,6
3836086,3721,1
3836085,2541,1
3836088,3,5
3836098,2578,0
3836097,72,6
3836096,8,8
3836102,4,8
3836103,4,9
3836094,28,7
3836095,4,6
3836104,34,7
3836099,12,8
3836101,82,5
3836100,26,7
3836105,22,7
3836106,1469,0
3836107,6,7
3836108,4,7
3836114,3,7
3836113,8,7
3836111,11,7
3836112,4,7
3836109,11,7
3836110,2,6
3836118,22,7
3836119,279,4
3836115,3,7
3836116,38,6
3836117,4,7
3836120,35,7
3836125,4,6
3836127,42,6
3836126,141,5
3836122,5,8
3836132,2,8
3836128,2660,0
3836129,9,7
3836124,4,7
3836121,6,7
3836123,8,8
3836130,23,7
3836131,6,7
3836133,7,7
3836135,29,7
3836136,8,7
3836137,1485,0
3836138,8,6
3836167,2583,0
3836156,8,7
3836159,4,9
3836157,28,7
3836166,5119,0
3836169,19,7
3836158,5,7
3836163,1838,0
3836162,9,8
3836164,16,7
3836165,6,7
3836168,10,6
3836173,13,8
3836171,31,7
3836180,3,7
3836172,3061,0
3836174,145,4
3836176,10,8
3836177,10,7
3836175,3,9
3836179,32,7
3836178,1,6
3836181,1,8
3836201,2637,0
3836191,777,1
3836200,1830,0
3836192,20,7
3836198,17,6
3836194,2,8
3836196,2,8
3836193,6,9
3836195,24,5
3836197,2,8
3836199,6,8
3836203,122,5
3836204,66,7
3836205,7,7
3836206,59,5
3836207,1471,0
3836209,34,7
3836213,15,8
3836208,5,8
3836210,11,6
3836211,53,6
3836214,2,5
3836226,187,2
3836227,6,9
3836228,64,5
3836229,22,7
3836230,152,4
3836242,55,4
3836243,3072,0
3836244,110,4
3836246,17,7
3836245,2151,0
3836248,3384,0
3836250,2781,0
3836251,5,6
3836260,41,6
3836259,13,7
3836262,2,8
3836273,1469,1
54512597,0,9
3836249,12,7
3836258,1996,1
3836261,33,7
3836267,9,5
3836270,\N,7
3836271,1,7
3836272,1,6
3836268,4,6
3836269,2,7
3836275,2,6
3836276,11,8
3836278,77,5
3836277,61,7
3836280,32,7
3836279,4114,0
3836281,18,8
3836282,21,6
3836283,24,6
3836286,10,7
3836287,55,5
3836285,9,8
3836291,6,6
3836293,82,4
3836295,13,8
3836294,18,6
3836296,16,5
3836297,4373,0
3836302,3263,0
3836301,3,7
3836308,185,3
3836305,5,8
3836311,5,7
3836306,37,6
3836309,14,2
3836310,16,7
3836314,273,3
3836312,2,9
3836313,8,6
3836410,1842,0
3836409,1273,3
3836411,2559,2
3836414,27,7
3836413,6,7
3836412,1,7
3836416,1,6
3836415,3644,0
3836659,58,5
3836660,1869,1
3836658,27,7
3836662,3377,0
3836661,19,7
3836663,39,6
3836704,1138,0
3836703,43,6
3836702,20,7
3836701,30,6
3836705,8,8
3836706,10,7
3836707,37,8
3836731,215,4
54054744,5180,0
3836664,33,6
3836713,3,7
3836709,7,6
3836712,25,7
3836711,5,7
3836710,2,7
3836708,3,7
3836719,1,8
3836720,41,3
3836721,11,8
3836733,42,7
3836734,6,8
3836732,7,9
3836736,1269,0
3836735,12,7
3836737,25,7
3836744,21,8
3836747,2,8
3836745,10,4
3836746,9,8
3836748,4,7
3836752,3,8
3836754,763,2
3836757,180,4
3836753,56,6
3836759,3,8
3836756,32,6
3836758,9,6
3836845,80,6
3836846,21,7
3836848,30,7
3836847,2,8
3836849,4,7
3836851,2,8
3836850,10,8
3836852,2,8
3836857,28,6
3836853,5,7
3836856,2,8
3836854,147,4
3836860,149,4
3836855,2,8
3836859,4,7
3836858,32,6
3836861,112,4
3836862,92,5
3836863,33,7
3836864,13,8
3836878,3169,1
3836885,3,9
3836880,76,6
3836879,7,8
3836881,1450,0
3836882,23,7
3836884,21,7
3836883,12,6
3836887,4235,1
3836886,2,7
3836889,177,3
3836892,6,4
3836891,1,9
3836890,738,0
3836893,5,7
3836894,1,7
3836901,5,8
3836902,109,6
3836903,2,9
3836904,3692,0
3836905,1,7
3836906,31,3
3836907,1,8
3836910,5,9
3836909,4,8
3836908,4,9
3836915,26,7
3836911,611,2
3836914,14,7
3836912,7,8
3836913,26,7
3836923,1628,0
3836919,1955,2
3836920,1621,0
3836921,17,7
3836922,1348,1
3836925,74,5
3836927,21,7
3836924,20,5
3836937,5085,0
3836935,30,6
3836938,17,7
3836958,2595,0
3836961,2528,0
3837516,179,4
3837517,1,9
3837519,49,6
3836939,52,6
3836940,23,8
3836941,728,3
3836942,4470,0
3836947,106,6
3836948,1,8
3836944,36,6
3836945,2,8
3836959,22,7
3836963,2916,0
3836964,224,3
3836971,14,8
3836970,20,6
3836972,31,7
3836975,3027,0
3837457,1511,0
3837511,1477,0
3837514,2651,0
3837515,1822,0
3837520,\N,9
3837521,1,9
3837522,3937,0
3837525,1492,0
3837526,6,7
3837524,197,3
3837536,19,5
3837533,2,8
3837539,247,4
3837535,19,7
3837531,8,8
3837534,23,7
3837532,26,6
3837538,8,8
3837537,115,4
3837545,4,7
3837543,160,3
3837540,15,7
3837581,88,5
3837939,4,8
54509595,0,9
3837546,28,6
3837544,3642,0
3837541,8,6
3837547,25,7
3837556,31,8
3837557,7,8
3837559,5,8
3837560,5,8
3837562,7,9
3837561,7,8
3837564,33,7
3837558,29,7
3837563,30,5
3837565,40,7
3837566,7,7
3837567,58,6
3837568,108,4
3837582,10,9
3837583,57,7
3837585,7,8
3837584,2644,0
3837587,94,5
3837586,53,6
3837588,1555,0
3837589,3,9
3837591,5,9
3837593,469,3
3837594,2590,0
3837590,8,8
3837592,6,8
3837595,37,6
3837596,1649,0
3837609,19,6
3837597,5,9
3837598,6,8
3837599,12,8
3837600,2,8
3837601,92,6
3837602,569,2
3837603,5,7
3837605,2,6
3837604,87,5
3837606,3161,0
3837610,1,7
3837608,39,7
3837607,8,7
3837634,29,8
3837633,30,6
3837635,80,5
3837636,1619,0
3837637,2996,1
3837638,25,7
3837669,2,8
3837639,35,7
3837641,30,6
3837640,3560,0
3837642,30,8
3837643,4,6
3837644,2920,0
3837645,11,8
3837646,1097,1
3837648,3826,0
3837651,72,5
3837650,3692,0
3837652,198,4
3837649,7,9
3837653,364,1
3837671,34,7
3837672,39,6
3837674,38,7
3837680,1857,1
3837681,4934,0
3837683,34,6
3837684,38,7
3837685,3,5
3837686,7,3
3837711,7,8
3837710,3025,0
3837713,37,6
3837712,29,6
3837719,2597,0
3837714,66,5
3837716,43,6
3837715,11,8
3837717,7,6
3837718,10,6
3837720,19,7
3837721,19,6
3837748,4,9
3837740,19,7
3837751,25,7
3837752,25,8
3837739,8,8
3837741,10,9
3837744,21,7
3837742,2,9
3837743,7,8
3837745,9,6
3837749,20,7
3837747,25,6
3837750,4,7
3837746,4,8
3837753,2532,0
3837777,26,7
3837778,914,2
3837779,12,8
3837783,2,7
3837786,6,9
3837782,13,7
3837780,6025,0
3837781,48,6
3837784,7,5
3837785,3,8
3837790,7,9
3837788,17,7
3837791,6,8
3837792,232,3
3837789,26,7
3837793,2,7
3837787,12,8
3837799,1,6
3837800,1922,1
3837803,35,7
3837801,26,7
3837804,2794,0
3837802,30,7
3837805,9,7
3837806,2120,1
3837817,3628,0
3837818,3,8
3837819,15,7
3837821,5,8
3837822,6,8
3837823,3,9
3837820,4739,0
3837824,25,7
3837826,31,6
3837827,224,3
3837846,3129,0
3837847,84,5
3837848,29,7
3837849,23,7
3837851,29,6
3837850,6,7
3837853,1535,0
3837854,3,8
3837852,1794,1
3837855,6,9
3837857,4,9
3837859,4,7
3837856,19,7
3837858,21,2
3837860,13,7
3837861,16,7
3837864,13,6
3837862,17,7
3837863,3,8
3837866,22,8
3837865,142,4
3837867,7,8
3837876,16,7
3837877,4,7
3837875,25,8
3837878,7,7
3837879,12,9
3837880,16,6
3837882,6,9
3837883,16,7
3837901,684,3
3837906,2597,1
3837904,2211,0
3837903,438,4
3837902,3292,0
3837905,58,5
3837907,4,7
3837911,253,4
3837909,4,8
3837917,3259,1
3837908,2605,0
3837910,16,7
3837912,42,6
3837913,26,8
3837918,389,1
3837914,2447,1
3837919,13,7
3837923,1497,0
3837924,4228,3
3837932,1210,1
3837931,2898,0
3837933,30,7
3837947,7,8
3837950,34,5
3837951,11,7
3837952,2,8
3837957,28,7
3838002,1,9
3838004,2,9
3838005,12,7
3838006,1,9
54509596,1,9
54351347,3691,0
3837915,68,5
3837916,52,5
3837926,2203,0
3837925,28,6
3837934,19,6
3837949,12,6
3837954,4352,0
3837961,68,6
3837953,1955,1
3837959,32,7
3837960,24,8
3837962,20,5
3837977,3660,0
3837975,2940,0
3837974,35,7
3837979,1,7
3837978,4,8
3837980,16,7
3837981,1,7
3837982,15,7
3838016,27,5
3837991,2923,0
3837989,927,1
3837986,977,1
3837992,1,7
3837984,2,7
3837996,3,7
3837985,4,7
3837987,2,7
3837990,12,8
3837995,1,7
3837993,3,7
3837994,1,7
3838020,3691,1
3838019,8,8
3838021,26,7
3838028,48,6
3838027,2,8
3838029,16,8
3838030,8,7
3838031,29,6
3838033,22,7
3838032,2,6
3838034,10,8
3838035,38,6
3838037,2,8
3838036,12,9
3838038,13,7
3838039,4,7
3838041,2,8
3838042,4,8
3838043,6,8
3838040,2,8
3838044,8,7
3838052,3141,1
3838056,2,8
3838057,6,9
3838053,5,8
3838055,5,7
3838066,1793,1
3838065,22,8
3838064,17,7
3838070,7,9
3838073,12,8
3838075,2199,0
3838077,13,7
3838074,8,7
3838079,3,8
3838076,8,7
3838078,363,2
3838082,800,0
3838084,80,5
3838216,1891,0
3838083,1288,0
3838093,147,4
3838085,1910,0
3838094,1808,1
3838095,174,4
3838096,88,5
3838097,45,6
3838098,2995,0
3838099,42,6
3838100,34,7
3838101,29,8
3838102,12,7
3838104,2216,1
3838119,5,7
3838120,8,8
3838121,918,1
3838123,36,7
3838124,2562,1
3838125,24,7
3838126,24,7
3838127,29,7
3838128,58,5
3838130,691,0
3838129,4336,0
3838131,19,8
3838132,2,7
3838133,7,9
3838134,13,8
3838135,8,9
3838136,1,8
3838137,4,6
3838138,3,7
3838139,1302,0
3838184,243,2
3838185,7,9
3838186,5,4
3838190,58,5
3838191,36,6
3838192,49,6
3838195,87,6
3838194,1165,1
3838193,4,8
3838208,1751,0
3838209,2,8
3838210,4,8
3838211,52,6
3838212,16,8
3838213,16,8
3838214,2,8
3838220,17,8
3838217,56,5
3838218,39,6
3838219,41,7
3838240,2054,0
3838241,27,7
3838242,4,7
3838243,8,7
3838249,29,6
3838244,58,6
3838246,17,8
3838247,34,6
3838245,115,4
3838248,2012,0
3838250,29,7
3838253,26,8
3838254,7,9
3838252,17,8
3838251,202,3
3838257,36,6
3838268,1307,1
3838255,3,8
3838259,3669,0
3838263,2565,0
3838260,1323,1
3838261,4,8
3838262,19,7
3838264,3,8
3838265,1,9
3838269,9,8
3838266,17,8
3838267,26,7
3838270,\N,7
3838780,1454,0
3838781,3,8
3838779,2,5
3838783,1,6
3838784,32,7
3838786,108,5
3838785,22,7
3838788,4,8
3838787,2881,1
3838823,8,6
3838825,7,8
3838824,3,7
3838826,14,8
3838828,\N,9
3838832,33,7
3838830,1180,0
3838833,1061,2
3838831,23,7
3838834,26,7
3838836,117,2
3838835,3,6
3838837,625,1
3838839,2,7
3838840,28,7
3838841,19,7
3838843,935,1
3838842,7,8
3838845,20,7
3838844,6,5
3838850,5,7
3838847,6,8
3838848,35,7
3838849,7,7
3838851,8,8
3838846,36,6
3838854,8,8
3838852,12,8
3838855,17,6
3838853,12,6
3838859,2426,0
3838856,4,8
3838858,10,6
3838857,9,7
3838860,1,5
3838862,26,7
3838864,18,8
3838863,62,5
3838865,1867,0
3838868,390,1
3838867,4,8
3838866,12,8
3838878,12,9
3838869,12,8
3838870,4,8
3838873,129,5
3838871,3,8
3838874,7,7
3838887,20,9
3838912,3299,2
3838911,7,9
3838938,15,9
3838939,1,8
3838879,33,6
3838872,5,8
3838875,11,7
3838881,926,1
3838876,58,5
3838877,33,7
3838880,2,7
3838886,260,3
3838888,1092,1
3838891,1356,0
3838892,1,7
3838893,13,7
3838894,8,7
3838895,4,7
3838901,2,7
3838897,2,9
3838898,2,8
3838899,13,8
3838904,9,5
3838903,7,6
3838900,8,7
3838902,4,7
3838906,\N,7
3838913,1837,1
3838914,89,6
3838918,2916,0
3838916,32,7
3838917,2017,0
3838915,2999,0
3838919,36,7
3838926,22,7
3838927,10,7
3838929,2,6
3838931,6,8
3838930,12,5
3838932,2,7
3838936,83,4
3838935,48,6
3838940,3,7
3839564,5,8
3839565,15,7
3840109,4,6
3840111,10,7
3840110,51,6
3840116,37,6
3840113,21,6
3840114,2,8
3840115,18,8
3840119,256,4
3840120,12,8
54506483,0,9
54506484,0,9
54502996,0,9
3840692,30,6
3840117,18,6
3840118,12,7
3840122,12,8
3840123,471,2
3840125,54,5
3840124,2,7
3840128,1941,0
3840136,2184,1
3840135,32,7
3840137,7,7
3840676,1376,1
3840689,33,6
3840688,7,8
3840687,4,6
3840690,4,7
3840693,954,0
3840694,1453,0
3840695,162,3
3840696,185,4
3840697,18,7
3840698,8,7
3840700,130,5
3840701,1424,2
3840702,20,7
3840703,3,6
3840706,6,7
3840728,17,7
3840707,4426,1
3840719,3,8
3840709,6595,0
3840710,2547,0
3840708,887,0
3840711,8,7
3840725,1,7
3840712,15,7
3840714,4,7
3840715,18,7
3840713,2,8
3840727,2,7
3840716,2,9
3840724,2,9
3840723,11,7
3840717,11,8
3840735,1,8
3840720,4,8
3840726,2,8
3840718,17,7
3840721,2,8
3840722,7,8
3840729,7,6
3840745,658,2
3840738,23,2
3840737,5,8
3840736,5166,0
3840740,8,7
3840742,2,7
3840739,7,5
3840741,1,8
3840743,40,5
3840744,202,2
3840751,10,8
3840753,4,7
3840750,4,8
3840752,13,8
3840755,12,7
3840757,12,8
54128962,1659,1
3840758,1870,1
3840760,3,8
3840756,4,7
3840754,96,4
3840759,6,7
3840765,37,5
3840766,24,7
3840767,33,7
3840763,30,7
3840764,10,7
3840770,149,4
3840768,10,8
3840771,6,7
3840769,28,7
3840773,3,7
3840772,3,8
3840785,26,7
3840802,81,5
3840783,3,6
3840784,1142,0
3840786,141,5
3840787,35,6
3840788,2,8
3840789,11,7
3840790,6675,0
3840791,1090,0
3840793,6,8
3840792,5,8
3840794,7,7
3840795,7,8
3840796,36,6
3840800,1841,2
3840798,1061,1
3840797,1,8
3840799,83,5
3840801,12,4
3840803,10,8
3840807,8036,0
3840812,2945,1
3840809,3107,0
3840810,4,6
3840811,3407,1
3840836,2039,0
3840840,4,7
3840838,18,8
3840839,23,7
3840841,18,7
3840844,3,6
3840842,10,6
3840843,6,7
3840845,36,6
3840868,29,6
3840847,701,2
3840846,1977,0
3840848,1454,0
3840851,123,5
3840850,4042,0
3840849,35,8
3840853,19,7
3840852,92,5
3840855,7,6
3840854,32,7
3840856,12,8
3840857,23,8
3840859,62,5
3840861,6,9
3840858,23,7
3840860,21,7
3840862,80,5
3840864,27,7
3840863,22,7
3840866,32,2
3840869,9,8
3840865,21,3
3840867,24,6
3840871,5,5
3840870,10,4
3840873,4402,0
3840874,6,9
3840878,3426,0
3840877,138,5
3840879,2546,0
3840876,10,8
3840875,1830,0
3840881,26,6
3840880,62,5
3840883,15,8
3840882,2,7
3840885,2,9
3840884,7,8
3840888,10,7
3840886,4,5
3840887,5,7
3840889,19,8
3840891,7,8
3840890,9,7
3840892,14,8
3840894,14,8
3840893,18,5
3841161,140,4
3841168,4,9
3841175,22,7
3841169,2906,0
3841170,8,7
3841173,20,8
3841174,7,8
3841172,63,6
3841171,48,5
3841177,6,8
3841178,25,5
3841179,27,7
3841180,20,8
3841182,29,6
3841181,2,7
3841183,19,8
3841184,12,7
3841185,2956,0
3841187,84,4
3841186,112,4
3841190,1534,2
3841195,2102,2
3841191,8,8
3841194,4113,0
3841193,700,2
3841192,19,8
3841196,4020,1
3841199,31,4
3841198,5,9
3841197,20,7
3841200,9,6
3841201,3698,0
3841202,8,8
3841203,5,9
3841204,6,7
3841205,20,7
3841208,3,8
3841206,15,8
3841209,2,7
3841504,30,7
3841505,1475,0
3841502,5,8
3841503,5,9
3841501,81,4
3841506,78,6
3841523,1,8
3841524,11,8
3841525,135,4
3949007,\N,8
54293313,4750,1
54458499,6,9
3841507,3401,0
3841508,79,6
3841509,3,7
3841527,13,8
3841528,1974,0
3841532,158,1
3841531,2027,0
3841529,3317,0
3841530,17,7
3841534,8,6
3841533,51,5
3841535,6,7
3841542,14,8
3841541,12,8
3841543,12,8
3841547,14,7
3841545,1,7
3841546,7,8
3841544,5,8
3841616,845,2
3841617,77,5
3841619,2,7
3841618,10,8
3841615,13,7
3841621,37,6
3841620,2,7
3841623,18,7
3841624,27,7
3841622,13,4
3841625,11,8
3841627,14,9
3841626,2773,0
3841630,29,6
3841634,13,7
3841633,36,7
3841631,9,7
3841632,26,8
3841635,6,7
3841669,2,7
3841671,1334,0
3841672,30,6
3841677,191,2
3841678,22,7
3841675,5,7
3841674,4,6
3841673,1108,0
3841676,12,8
3841683,8,7
3841681,3,8
3841680,7,7
3841682,9,7
3841679,12,8
3841684,5,7
3841698,13,8
3841700,110,4
3841701,39,6
3841699,13,8
3841702,12,7
3841703,41,7
3841705,188,4
3841704,2346,0
3841707,3958,0
3841708,1569,2
3841710,66,5
3841713,39,5
3841709,53,7
3841712,8,8
3841711,6,8
3841714,36,7
3841717,1284,1
3841716,34,7
3841715,2,9
3841718,1122,0
3841721,3259,1
3841720,29,7
3841719,5,7
3841722,3,7
3841743,3,8
3841742,2084,1
3841745,2,8
3841746,2,9
3841756,2046,0
3841755,8,7
3841757,2486,0
3841754,32,6
3841753,6,7
3841758,1680,2
3841765,4,7
3841763,2,9
3841764,10,8
3841759,1950,0
3841760,28,6
3841761,3,5
3841762,6,7
3841773,2045,1
3841772,10,8
3841771,1,5
3841776,3,8
3841777,12,3
3841778,3,9
3841775,1,8
3841774,2,9
3841779,16,8
3841826,27,8
3841827,3839,0
3841829,120,5
3841832,22,8
3841828,13,8
3841830,3,9
3841831,4,9
3841833,8,8
3841839,5,9
3841837,21,8
3841834,6,8
3841835,6,8
3841838,2946,0
3841836,58,6
3841842,171,4
3841841,6,8
3841840,5,9
3841844,61,5
3841843,24,7
3841845,2,8
3841847,104,5
3841846,2,9
3841850,4276,0
3841849,2,8
3841848,2,7
3841851,4,7
3841884,50,5
3841886,175,3
3841887,20,8
3841885,4,8
3841888,2,9
3841895,7,9
3841894,135,4
3841896,184,4
3841897,20,8
3841898,15,9
3841899,26,6
3841900,1025,2
3841901,21,8
3841905,6,8
3841907,3,5
3841946,2350,1
3841945,27,7
3841947,50,6
3841948,15,8
3841949,139,4
3841952,18,7
3841950,2,8
3841951,2,8
3841954,1106,0
3841953,2,6
3841957,9,9
3841958,48,5
3841956,2,8
3841959,9,9
3841955,13,8
3841963,119,6
3841973,27,7
54506181,2,9
54440303,\N,9
3841960,44,6
3841961,38,6
3841964,11,9
3841965,12,7
3841967,59,6
3841968,15,9
3841966,3,8
3841969,5,7
3841970,17,6
3841984,4866,0
3841978,16,7
3841975,10,7
3841979,1,6
3841974,7,8
3841976,7,6
3841977,8,5
3841980,4,7
3841981,34,6
3841987,10,8
3841986,804,2
3841988,27,6
3841989,5,8
3841990,13,7
3842587,3,9
3842588,17,7
3842589,7,8
3842590,32,5
3842591,3,4
3842593,24,6
3842594,30,7
3842595,2,7
3842596,4,7
3842597,6,6
3842612,95,5
3842613,294,4
3842619,7,6
3842617,17,9
3842618,1809,0
3842614,139,5
3842616,123,5
3842615,178,4
3842622,10,7
3842621,75,6
3842620,30,7
3842623,7,7
3842635,2466,0
3842637,88,4
3842636,114,4
3842638,7,8
3842640,17,4
3842639,11,6
3842653,206,4
3842655,7,7
3842654,3983,1
3842658,45,6
3842659,1429,1
3842657,8,7
3842660,31,8
3842679,1112,2
3842680,1714,0
3842684,60,5
3842681,2,9
3842682,2,8
3842746,1029,3
3842751,2390,2
3842747,986,2
3842748,36,6
3842778,2918,0
3842781,4683,0
3842875,95,5
54509597,1,9
54509598,2,9
54050955,7,8
3843056,89,6
3842661,11,8
3842663,32,6
3842662,11,7
3842686,13,8
3842683,1,7
3842685,3153,0
3842688,2,9
3842689,16,8
3842690,14,7
3842687,21,7
3842691,39,4
3842692,32,5
3842693,87,5
3842694,28,7
3842744,27,7
3842745,23,7
3842752,5,5
3842753,6,8
3842756,35,6
3842754,12,6
3842755,93,5
3842757,4310,1
3842761,3,7
3842758,28,7
3842760,10,8
3842759,21,7
3842762,26,6
3842765,108,5
3842764,29,6
3842766,11,7
3842767,3,7
3842769,2029,1
3842771,3,7
3842770,8,9
3842768,29,3
3842774,215,4
3842773,24,7
3842777,1134,2
3842775,22,6
3842776,36,5
3842782,626,2
3842783,1661,0
3842868,21,7
3842867,78,5
3842865,61,5
3842864,51,6
3842869,21,6
3842872,13,7
3842873,8,6
3842870,1748,0
3842871,6,7
3842874,2416,0
3842876,28,7
3842877,32,6
3842878,14,7
3842879,3989,0
3842880,213,4
3842881,53,5
3842882,1070,1
3842883,2218,0
3842884,11,7
3842885,5162,0
3842887,2577,1
3842899,40,7
3842902,30,7
3842906,7,9
3842888,7,9
3842904,5,7
3842909,23,7
3842889,1303,1
3842907,12,7
3842894,25,7
3842895,15,7
3842890,4,8
3842893,959,0
3842892,153,4
3842891,4238,0
3842896,6,8
3842905,6,8
3842897,2,9
3842900,665,3
3842903,1108,2
3842901,5,9
3842908,2,8
3842898,15,7
3842911,167,5
54506182,1,9
3843120,17,7
3981008,2467,2
54170850,7,9
54440304,1,8
3842912,3278,0
3842913,863,0
3842914,13,8
3842916,3307,0
3842915,14,8
3842925,\N,9
3842926,19,4
3842932,116,5
3842937,8,8
3842938,45,6
3842939,1669,1
3842942,30,8
3842940,4,8
3842947,4,7
3842948,8,9
3842952,2413,0
3842953,64,6
3842954,36,6
3842964,23,7
3843049,2730,1
3843050,43,6
3843051,3325,1
3843053,12,9
3843052,6,8
3843055,124,4
3843054,57,5
3843058,12,7
3843062,5,8
3843059,3,9
3843060,23,7
3843063,7,7
3843065,2,9
3843079,2,9
3843080,54,6
3843082,176,4
3843083,83,5
3843086,14,8
3843089,10,7
3843090,251,4
3843098,40,6
3843100,2601,0
3843101,88,5
3843105,81,5
3843111,41,7
3843117,15,8
3843172,11,5
3843061,149,5
3843081,93,5
3843084,1090,1
3843085,15,7
3843087,1832,1
3843088,55,5
3843097,2,8
3843099,12,8
3843103,12,8
3843102,1861,0
3843104,2046,0
3843106,39,5
3843108,2044,0
3843110,11,7
3843112,89,6
3843113,4,7
3843114,4,8
3843115,1301,0
3843116,8,7
3843118,21,9
3843119,9,7
3843121,5,7
3843122,7,8
3843123,2,9
3843124,32,8
3843125,4,4
3843126,2,7
3843127,81,5
3843128,1826,0
3843129,128,5
3843130,7,8
3843131,987,1
3843132,151,4
3843136,12,6
3843134,2062,1
3843135,11,8
3843137,8,8
3843133,5,8
3843138,5,8
3843139,2,8
3843140,4,7
3843141,41,6
3843158,4261,0
3843155,253,4
3843156,150,4
3843157,3,8
3843159,21,7
3843164,6855,0
3843171,40,4
3843174,1795,0
3843173,3149,0
3843176,100,4
3843175,14,6
3843177,20,6
3843178,6,8
3843179,3,8
3843180,107,4
3843182,13,8
3843181,2,9
3843183,41,5
3843184,81,6
3843209,17,7
3843211,2,8
3843207,4055,1
3843210,33,6
3843208,4092,0
3843212,157,4
3843213,77,6
3843216,12,6
3843223,48,6
3843224,8,7
3843225,2,6
3843276,2191,0
3843278,7,6
3843277,27,7
3843280,2274,1
3843281,5,9
3843282,2266,0
3843283,95,5
3843294,32,7
3843295,5514,1
3843302,26,8
3843303,4813,0
3843306,24,6
3843307,107,5
3843316,1470,0
3843317,1,7
3843318,1176,2
3843319,241,3
3843322,1,8
3843323,1,9
3843459,1,9
3843324,4,7
3843328,20,3
3843329,3,7
3843332,68,5
3843335,4382,0
3843336,884,1
3843339,28,6
3843340,4699,0
3843342,1119,2
3843341,936,0
3843343,1,9
3843348,545,2
3843349,26,7
3843350,176,4
3843354,7,9
3843353,61,6
3843352,139,4
3843355,10,8
3843356,\N,8
3843360,39,6
3843361,42,6
3843362,148,4
3843363,2058,1
3843368,26,7
3843374,56,7
3843373,12,8
3843370,14,8
3843371,1542,1
3843369,53,4
3843372,13,8
3843375,33,6
3843391,1333,0
3843376,18,7
3843377,10,9
3843378,25,7
3843379,25,8
3843381,4,9
3843380,14,8
3843393,80,4
3843392,200,3
3843395,2422,0
3843394,4670,0
3843396,212,3
3843399,5,9
3843398,54,5
3843397,38,8
3843400,3,8
3843403,186,3
3843402,14,8
3843401,2,8
3843404,1,8
3843407,4,7
3843406,9,8
3843405,9,8
3843408,2,7
3843409,\N,8
3843422,4,6
3843423,11,8
3843424,9,8
3843425,27,7
3843426,34,6
3843427,779,2
3843428,2018,0
3843429,1,8
3843430,3666,0
3843432,2,9
3843431,5,8
3843438,40,6
3843439,30,8
3843440,1,8
3843441,146,4
3843442,56,5
3843443,38,7
3843456,9,9
3843466,205,3
3843474,4715,0
54314210,15,8
54314211,55,7
3843465,3483,0
3843475,32,6
3843477,3491,0
3843476,1643,0
3843478,22,8
3843479,21,8
3843480,87,6
3843484,4,9
3843490,16,6
3843489,44,7
3843491,3662,0
3843492,17,8
3843493,189,2
3843494,56,6
3843503,6388,2
3843506,1,8
3843505,19,8
3843504,19,8
3843507,4,9
3843508,1402,0
3843509,946,0
3843510,793,2
3843512,47,4
3843513,101,5
3843514,3,8
3843515,61,5
3843516,1,7
3843517,75,6
3843523,11,8
3843524,81,5
3843525,674,3
3843526,15,7
3843527,42,7
3843533,3521,0
3843535,57,5
3843536,2638,1
3843546,17,7
3843547,5268,0
3843548,1471,0
3843549,74,5
3843555,1607,1
3843554,116,6
3843559,1499,1
3843556,5232,0
3843557,38,6
3843558,81,5
3843562,3,7
3892771,1704,2
3843569,\N,7
3843571,38,6
3843570,14,7
3843572,5442,0
3843573,33,7
3843574,5299,0
3843575,4,7
3843576,4,8
3843578,7,8
3843577,3656,0
3843585,13,8
3843586,154,5
3843587,13,8
3843589,1319,0
3843588,2197,0
3843591,86,6
3843590,14,8
3843592,13,7
3843594,74,5
3843596,2,7
3843593,17,8
3843595,2184,0
3843597,3685,0
3843598,7,8
3843599,59,6
3843600,44,6
3843601,72,5
3843602,5,8
3843603,4918,0
3843605,7,8
3843604,145,4
3843611,26,6
3843607,5,8
3843610,1355,0
3843606,2,8
3843612,2547,0
3843608,98,7
3843840,46,6
3843609,95,4
3843613,178,4
3843614,14,8
3843615,1759,0
3843616,187,4
3843617,1,8
3843618,7,8
3843621,9,9
3843620,15,7
3843622,7688,0
3843623,481,3
3843625,39,6
3843632,6,8
3843633,1,7
3843630,2,8
3843628,147,3
3843629,60,7
3843627,12,7
3843626,148,4
3843631,3245,0
3843634,3,9
3843635,29,7
3843636,29,2
3843638,25,7
3843637,2,9
3843639,6,8
3843640,11,9
3843642,23,6
3843641,1481,1
3843643,24,7
3843644,55,6
3843645,3,7
3843646,15,7
3843647,38,6
3843648,2,9
3843671,12,7
3843672,23,7
3843674,1,9
3843675,63,6
3843676,24,7
3843677,4,8
3843679,1498,0
3843678,8,8
3843680,8,8
3843681,6,8
3843682,64,6
3843683,210,4
3843684,29,8
3843685,5,7
3843700,15,8
3843701,152,5
3843703,9,9
3843705,2,8
3843707,2,8
3843704,10,8
3843706,119,5
3843708,2393,0
3843715,2191,1
3843716,5268,0
3843713,54,4
3843714,8,8
3843717,4,9
3843718,25,7
3843719,5,8
3843720,27,6
3843721,3,9
3843733,53,4
3843735,7,7
3843736,6,9
3843752,1480,1
3843747,6,9
3843748,1544,3
3843756,1862,0
3843862,1,8
3843866,144,4
54055123,119,4
54055122,84,4
54117568,10,7
54315108,5,8
54357402,9,8
3843734,7,3
3843758,2268,0
3843757,236,3
3843759,17,7
3843764,49,6
3843765,4,8
3843766,3,8
3843767,133,5
3843768,2,8
3843769,2,7
3843770,3,7
3843771,11,8
3843772,3099,0
3843773,17,8
3843775,2392,1
3843774,60,5
3843777,383,2
3843776,3,8
3843778,58,7
3843779,27,7
3843780,2,8
3843782,4,7
3843783,1,7
3843784,1,7
3843781,2,9
3843785,843,0
3843786,2,8
3843793,1,7
3843794,\N,1
3843795,2,8
3843796,1,7
3843797,16,9
3843800,16,8
3843801,2,8
3843803,28,7
3843802,14,8
3843804,44,6
3843806,4,4
3843805,45,6
3843807,22,7
3843816,81,5
3843821,2,7
3843822,2392,1
3843819,3,8
3843820,140,4
3843818,1,8
3843823,1,8
3843824,18,7
3843825,32,7
3843826,29,6
3843827,9,8
3843828,3,6
3843829,42,7
3843830,4,8
3843831,89,4
3843832,24,7
3843834,3,7
3843835,10,8
3843836,11,8
3843839,48,5
3843837,109,5
3843838,384,1
3843841,3,8
3843842,68,5
3843848,30,6
3843850,68,4
3843858,3243,0
3843857,1085,1
3843861,49,6
3843863,13,8
3843864,1,9
3843867,5551,0
3856707,2800,1
3888746,71,5
54150699,54,6
54278078,2025,1
3843868,14,7
3843869,42,5
3843877,1,9
3843879,5,8
3843878,17,6
3843880,32,6
3843881,1424,0
3843884,720,1
3843882,33,7
3843883,11,3
3843885,7,8
3843886,2,7
3843887,166,4
3843896,15,8
3843897,20,7
3843898,\N,7
3843901,46,6
3843900,4,8
3843899,163,5
3843902,7,8
3843905,1,8
3843903,1,8
3843904,16,7
3843906,2,8
3843908,3100,0
3843909,128,5
3843913,11,7
3843911,8,7
3843910,2,7
3843912,16,7
3843915,13,7
3843917,6,8
3843916,6,8
3843918,6,9
3843919,6,5
3843920,15,8
3843921,2,7
3843922,2,9
3843924,2,9
3843926,4,8
3843927,29,7
3843925,16,7
3843923,1091,0
3844003,36,7
3844002,5,8
3844004,3,6
3844005,16,8
3844006,13,7
3844011,2,7
3844009,8,9
3844010,4,7
3844012,13,8
3844013,84,4
3844016,2,8
3844015,27,7
3844017,33,7
3844019,15,7
3844020,42,6
3844021,11,8
3844022,8,3
3844023,44,6
3844024,13,7
3844025,7,7
3844027,43,5
3844028,2447,0
3844029,4,7
3856703,30,1
3856702,4,9
3856704,30,6
3856706,7,3
3856705,8,9
3856708,18,8
3856710,2192,1
3856709,16,8
3856711,1,9
3856713,6,9
3856712,24,7
3856714,6,8
3856716,2,8
3856715,7,8
3856719,10,8
3856717,144,4
3856718,8,9
3856728,34,6
3856730,12,8
3856734,27,7
3856731,4,8
3856733,12,8
3856732,1,6
3856735,10,8
3869320,10,7
3869322,59,6
3869321,39,7
3869323,37,6
3869326,28,7
3869325,23,7
3869327,26,8
3872619,58,5
3869329,9,5
3869330,31,6
3869334,7,8
3869333,27,7
3869332,3,8
3869331,5,7
3869335,\N,8
3869336,3647,0
3869337,7463,0
3869338,23,7
3869343,10,9
3869341,923,4
3869340,11,8
3869342,3,9
3869344,6,9
3869345,2,7
3869346,21,7
3869348,5,9
3869347,5,8
3869349,1833,2
3869350,9,9
3869351,7,8
3872612,3833,0
3869353,33,7
3869352,9,8
3869354,19,7
3872621,36,6
3872620,51,5
3872623,31,5
3872622,14,4
3872625,4775,0
3872624,57,6
3872626,10,8
3872628,191,5
3872629,8,8
3872631,9,8
3872632,9,5
3872630,1,5
3872633,30,7
3872634,82,6
3872635,119,5
3872638,17,7
3872637,2,8
3872636,1,7
3872642,2,7
3872643,9,8
3872644,30,6
3872645,5,8
3872646,12,8
3873139,8,8
3873142,32,7
3873140,972,1
3873141,35,7
3873143,8,7
3873144,24,7
3873147,1,8
3873145,1,9
3873146,1,7
3873148,171,4
3873149,126,5
3873150,4,7
3873151,8,8
3873153,1,9
3873152,3,7
3873154,7,9
3873155,983,0
3873160,109,4
3873161,11,8
3873162,35,6
3873163,2,8
3873194,7,8
3873195,62,5
3873197,57,5
3873199,8,9
3873203,2239,1
3873314,36,8
3873310,234,3
3873311,3754,0
3873312,60,5
3873313,3,8
3873315,22,7
3874051,1,8
3873327,4,9
3874054,26,7
3878583,6,8
3878560,5,9
3878566,35,6
3879108,1,9
54315109,8,8
3873156,4,7
3873158,33,6
3873157,8,8
3873159,6,7
3873164,1,8
3873196,1,8
3873198,2,9
3873201,10,8
3873202,34,6
3873204,\N,7
3873205,49,6
3873207,16,4
3873206,1431,1
3873208,109,5
3873209,2741,1
3873316,1,8
3873317,5,7
3873318,32,7
3873320,11,8
3873321,7,7
3873322,1,7
3873319,37,5
3873323,9,7
3873324,56,6
3873326,4,8
3873325,19,7
3873328,5,8
3874055,3,9
3874056,19,8
3874057,8,7
3878565,18,7
3878557,5,8
3878558,18,8
3878561,1092,0
3878562,10,7
3878567,12,7
3878568,2,7
3878569,16,8
3878570,1306,0
3878572,33,4
3878571,1136,1
3878573,19,7
3878574,18,7
3878577,211,3
3878576,13,8
3878575,12,7
3878578,46,5
3878579,113,5
3878580,9,8
3878581,23,7
3878582,26,6
3878585,41,7
3878584,29,7
3878586,1,8
3878587,28,6
3878588,6,6
3878589,2,6
3878593,1302,0
3878592,1,7
3878591,\N,6
3878595,15,8
3878596,1,8
3878597,5,8
3878599,3,9
3878598,3207,0
3878600,47,6
3878601,24,6
3878603,24,7
3878602,971,2
3878604,79,5
3878605,2082,0
3878606,2,9
3878607,14,8
3878608,2,9
3878609,1,8
3878610,394,2
3878612,14,8
3878611,122,5
3878613,170,3
3878614,2,9
3878615,5135,1
3878616,9,8
3878617,23,7
3878618,1324,2
3878619,17,7
3878620,4,8
3878621,10,8
3878622,2,8
3878623,4,9
3878624,2,9
3878625,26,6
3878626,10,8
3879134,5317,0
3879136,25,6
3879137,1828,1
3879138,4712,0
3879139,28,8
3879140,2,8
3879142,25,6
3879141,2,9
3879143,2205,0
3879162,14,8
3879164,17,7
3879163,159,5
3879165,22,8
3879168,\N,6
3879167,4,7
3879166,14,6
3879169,2662,1
3879170,1,9
3879171,2565,0
3879188,10,8
3879189,40,6
3879190,4,8
3879191,26,8
3879215,40,7
3879288,48,5
3986684,2657,1
3879219,13,8
3879220,59,5
3879225,27,6
3879229,6,6
3879250,5,7
3879226,1,7
3879227,1838,1
3879228,9,6
3879230,20,7
3879231,202,3
3879232,6,8
3879233,5,8
3879234,15,7
3879239,10,7
3879243,1,8
3879244,3,8
3879241,5,6
3879242,1,8
3879237,6,8
3879236,1,8
3879238,3,6
3879235,5,8
3879240,24,7
3879252,27,7
3879253,34,6
3879254,2,8
3879255,7,7
3879257,23,7
3879256,1,9
3879268,2,8
3879276,7,8
3879274,1480,3
3879271,26,6
3879272,10,8
3879270,12,9
3879273,11,6
3879267,6,9
3879269,2,8
3879275,5,5
3879280,14,6
3879278,2255,1
3879277,28,7
3879279,2,8
3879281,15,8
3879283,10,8
3879284,5,8
3879285,14,7
3879286,77,5
3879287,2927,0
3879295,13,8
3879290,22,7
3879293,2,7
3879292,20,6
3879296,2,6
3879289,15,9
3879291,11,8
3879298,31,6
3879297,8,8
3879294,2,9
3879299,13,7
3879300,6,9
3879301,10,8
3879302,8,8
3879303,22,6
3879304,30,7
3879305,2,7
3879306,3,8
3879307,8,8
3879308,12,6
3879309,30,6
3879311,7,7
3879312,14,7
3879313,12,7
3879310,2,8
3879314,5,8
3879316,50,5
3879318,12,8
3879317,2175,1
3879319,4,9
3879321,4,8
3879320,1400,0
3879322,12,7
3879383,15,5
3879384,1517,0
3879527,783,0
3879528,12,7
3879530,5,8
3879532,14,7
3879531,12,7
3879533,35,6
3879534,5,9
3879535,6,9
3879536,12,7
3879537,12,7
3879538,2,9
3879539,12,8
3879540,6,9
3879541,151,5
3879543,13,4
3879542,98,5
3879544,7,8
3879545,10,8
3879546,7,6
3879547,12,6
3879548,46,6
3879549,8,8
3879550,2200,1
3879551,5,8
3879552,2,8
3879553,8,8
3879712,1620,0
3879715,3,9
3879713,3760,1
3879714,1,6
3879716,4,8
3879717,23,7
3879720,5,7
3879719,62,6
3879721,11,8
3879718,28,7
3879723,11,8
3879722,6,7
3879724,88,5
3879725,2242,0
3879726,27,6
3879729,38,7
3879728,2,7
3879727,11,7
3879731,10,8
3879732,17,8
3879730,28,6
3883086,2,7
3883087,7,9
3883089,12,7
3883088,1839,0
3883085,1471,0
3883084,30,7
3883091,11,6
3883092,6,8
3883090,7,8
3883093,26,7
3883094,9,5
3883096,15,7
3883098,59,6
3883099,9,7
3883097,110,5
3883100,6,6
3883101,3669,0
3883102,1537,0
3883103,3,7
3883104,3,8
3883106,2293,0
3883105,35,7
3883113,5,8
3883112,24,7
3883111,7,8
3883108,8,4
3883107,1,7
3883110,4,8
3883109,3,7
3883114,10,8
3883115,8,7
3884008,65,6
3884012,4,7
3884010,3,9
3884011,36,6
3884013,31,6
3884014,7,8
3884015,11,6
3884016,99,5
3884017,6,7
3884020,38,6
3884019,741,1
3884022,4,8
3884021,3,9
3884018,30,7
3884023,2,5
3884024,62,6
3884025,3212,1
3884028,22,7
3884027,2605,0
3884030,11,7
3884029,6,8
3884099,36,6
3884100,1452,0
3884101,30,7
3884102,\N,8
3884104,8437,0
3884105,41,6
3884106,8,8
3884107,4,9
3884108,5,8
3884238,2615,0
3884239,27,8
3884240,2,9
3884241,4875,0
3884242,172,4
3884243,8,8
3888721,28,7
3888722,10,6
3888729,3668,0
3888733,3976,0
3888744,35,5
3888745,15,7
3888747,61,6
3888748,5,6
3888753,23,8
3888752,4,7
3888750,21,8
3888751,14,6
3888754,1362,0
3888755,63,6
3888756,11,6
3888757,1414,1
3888758,31,6
3892008,5,7
3892009,9,8
3892010,13,7
3892162,116,4
3892161,4435,0
3892163,3,8
3892165,\N,7
3892164,32,6
3892166,36,6
3892187,1471,2
3892194,43,6
3892192,2,8
3892191,992,1
3892185,18,8
3892186,88,4
3892195,138,5
3892188,5,8
3892189,29,7
3892190,1708,0
3892197,5,8
3892267,3839,0
3892278,3160,1
3892312,4244,0
3892311,24,7
3892310,51,6
3892307,27,7
3892773,1808,2
3893329,150,5
54286247,5,8
54440306,1,9
3892168,1,6
3892184,9,6
3892193,6,7
3892196,7,8
3892198,2,8
3892199,42,6
3892268,2,9
3892269,17,7
3892272,1,5
3892270,21,7
3892271,2,8
3892275,4,7
3892280,3640,0
3892277,17,6
3892279,36,6
3892273,3,8
3892274,18,7
3892276,1,7
3892308,48,6
3892314,1406,1
3892309,24,6
3892315,1,8
3892318,17,7
3892319,10,7
3892648,28,6
3892649,2190,0
3892650,23,8
3892651,14,9
3892652,3,7
3892653,904,2
3892654,2,7
3892655,8,8
3892656,3,8
3892657,6,7
3892658,10,8
3892659,1,8
3892660,1,7
3892678,976,2
3892679,14,6
3892680,76,5
3892681,11,7
3892682,12,7
3892683,25,7
3892684,10,8
3892685,15,8
3892686,4,7
3892687,7,8
3892689,3,6
3892688,11,9
3892690,2,8
3892691,2,7
3892692,22,7
3892693,5,8
3892694,9,5
3892695,19,7
3892696,2,9
3892697,1,7
3892698,1,8
3892699,1,7
3892700,7,8
3892701,2,7
3892702,3,6
3892703,1,8
3892704,8,8
3892705,1,9
3892706,2,8
3892707,396,1
3892708,18,8
3892709,2,7
3892710,19,7
3892711,13,8
3892740,13,8
3892741,2,8
3892742,16,7
3892743,2924,0
3892744,11,7
3892745,2991,0
3892746,3,8
3892747,3,9
3892748,1490,0
3892749,11,8
3892767,2,6
3892768,6,8
3892769,52,5
3892772,23,7
3892775,4,5
3892774,3,8
3892776,4,6
3892802,3188,0
3892803,22,6
3892812,46,6
3892813,1827,0
3893209,68,6
3893212,11,9
3893213,3649,0
3893214,144,5
3893225,8,7
3893226,3,9
3893228,39,5
3893227,98,5
3893340,28,7
3893637,1742,0
3893738,1714,0
54017328,2972,0
54315349,5,8
54315348,10,8
54315418,11,8
54315744,2,6
3893229,7,7
3893230,6,7
3893231,4,7
3893232,2,7
3893233,31,7
3893265,3,6
3893274,2203,0
3893275,37,5
3893276,1,8
3893328,15,7
3893339,33,6
3893379,47,5
3893380,9,7
3893381,37,5
3893382,1697,1
3893383,61,6
3893384,3,9
3893385,1758,0
3893390,44,6
3893391,5,9
3893392,71,6
3893393,34,7
3893394,61,6
3893395,10,7
3893396,5,9
3893404,2016,1
3893405,8,6
3893447,10,3
3893446,9,6
3893448,9,8
3893450,7,9
3893451,8,8
3893452,2,7
3893453,8,8
3893454,88,4
3893455,3,8
3893456,1124,1
3893457,7,6
3893458,1,7
3893459,29,7
3893487,29,7
3893486,97,5
3893488,27,3
3893489,36,6
3893490,3082,0
3893491,26,7
3893546,21,7
3893548,5,7
3893547,26,7
3893549,31,6
3893550,8,8
3893551,123,5
3893592,11,8
3893593,3,7
3893594,5492,0
3893595,1897,1
3893630,52,7
3893629,3125,0
3893631,29,5
3893632,14,3
3893634,9,8
3893633,11,8
3893635,8,7
3893636,21,8
3893638,27,6
3893639,2044,0
3893640,7,8
3893641,3,7
3893642,26,7
3893643,3289,2
3893644,9,8
3893719,266,4
3893720,9,7
3893721,43,6
3893722,83,6
3893723,26,6
3893725,52,6
3893724,112,4
3893726,151,5
3893727,3660,0
3893728,4018,0
3893729,3,9
3893730,4402,0
3893736,1667,0
3893737,84,5
3893739,2552,1
3893740,3503,0
3893742,62,4
3893743,25,7
3893745,54,5
3893746,28,7
3893747,24,7
3893748,2,8
3893749,1294,0
3893767,34,5
3893768,1474,1
3893769,28,7
3893854,15,8
3893859,102,5
3893864,20,7
3893946,4,8
3905988,60,5
3910109,\N,8
3939968,1821,0
3963426,1662,1
54162241,4780,0
54316887,2,8
54443039,2,9
3893770,1851,0
3893771,7,8
3893772,5,7
3893851,22,6
3893852,150,3
3893853,4,9
3893855,22,7
3893856,1,7
3893857,4,8
3893858,3,7
3893860,2,8
3893861,1,8
3893862,33,7
3893863,1,8
3893866,2,9
3893945,28,5
3893947,6,3
3893948,54,5
3893949,4,7
3893950,17,8
3893951,22,7
3893952,90,6
3905989,6997,0
3905995,1291,2
3905996,4812,0
3905990,3,9
3905991,20,8
3905993,33,7
3905987,141,4
3905992,33,7
3905994,3403,0
3905997,13,7
3905998,29,7
3905999,10,7
3906000,15,3
3906626,2,8
3906628,28,6
3906629,4,9
3906630,1818,1
3906631,2335,1
3906632,2,7
3906633,1,7
3907552,34,6
3907553,9,6
3907554,33,7
3907555,2,7
3907556,11,7
3909261,2534,0
3909262,26,8
3909263,31,6
3909763,6,4
3909764,43,6
3909765,3278,0
3909766,73,5
3910103,121,5
3910104,2012,1
3910106,1466,0
3910107,4397,0
3910108,1464,2
3914006,5,9
3922358,1429,1
3928733,2682,0
3928734,264,4
3933018,3,5
3933019,2193,0
3933020,6,6
3933021,29,7
3933022,5477,0
3933023,31,7
3951325,6387,0
54278448,32,9
3939969,3119,0
3942355,\N,8
3942353,35,7
3942356,18,7
3942357,6,8
3942358,4,9
3942359,10,8
3942360,26,8
3942361,6,9
3942362,79,6
3942363,1248,0
3942364,2,7
3942365,2,8
3942366,19,7
3942367,10,8
3943317,1,8
3943318,17,7
3943319,1,6
3943320,19,8
3943321,308,3
3943322,16,8
3943323,15,8
3943324,5,8
3943325,3,8
3943326,39,6
3943327,6,7
3943330,28,6
3943329,21,6
3943331,2,8
3943332,49,6
3943333,14,7
3943334,4,8
3943335,6,8
3943336,72,5
3943337,5,8
3943338,14,7
3943339,2,9
3943340,18,7
3943341,14,8
3943342,3,7
3943343,14,8
3943344,37,5
3943345,2199,0
3943360,1679,1
3943361,9,8
3943362,31,3
3943363,30,7
3943364,2,7
3943365,3,5
3943366,4173,0
3943367,65,6
3943368,4,8
3943369,1476,1
3943370,2201,0
3943371,36,6
3943372,4,7
3943373,2,9
3943374,38,6
3943376,18,7
3943379,15,7
3943380,14,8
3944182,10,6
3944183,14,7
3946726,1,7
3946725,20,8
3946728,39,6
3946727,1,8
3949008,11,9
3949009,17,5
3949010,11,8
3951324,31,6
3951326,21,8
3951328,30,6
3952749,4,7
3952748,65,4
3956447,6,8
3956448,37,6
3956449,29,7
3956450,10,8
3956451,9,6
3956452,10,7
3959218,530,1
3959219,937,0
3959220,154,4
3959221,2744,0
3959222,3347,0
3959223,4,6
3959224,36,6
3959225,1174,0
3959226,38,4
3959227,619,2
3959228,3758,0
3959229,172,5
3959230,61,6
3959231,776,2
3959232,27,8
3959233,19,8
3959234,21,7
3963425,68,5
3963429,15,7
3963430,25,8
3963431,\N,9
3968752,2,8
3968753,16,8
3968754,19,7
3968755,5,8
3968756,58,6
3968757,29,7
3968758,7,8
3968760,406,1
3968761,25,7
3968764,33,6
3968766,14,8
3968767,3,8
3968768,6,8
3971129,72,5
3971131,1140,2
3971132,4,9
3971136,89,5
3971137,20,6
3971139,591,2
3971140,56,6
3971141,35,7
3972416,2189,1
3986635,17,8
3989163,1840,1
3968759,21,3
3968762,3,4
3968763,\N,7
3968765,12,5
3968769,4,8
3971133,1683,0
3971134,2119,0
3971138,23,7
3972413,19,7
3972414,32,6
3972415,7,9
3972417,4,8
3972418,1854,1
3972419,12,7
3972420,54,5
3972422,3,7
3972421,4,8
3973542,10,6
3973543,566,2
3973544,\N,8
3973545,3,8
3973546,185,3
3973547,21,7
3973548,4,8
3976530,34,6
3976532,3,7
3976531,32,7
3976533,1,7
3976534,16,7
3976535,4,8
3976537,13,8
3976536,2,7
3976538,7,7
3976539,3,8
3976540,19,8
3976541,14,8
3976542,1884,0
3976543,13,7
3976544,3,8
3976545,7,7
3976578,9,7
3976579,29,6
3978223,2,9
3978224,1,8
3978225,1,9
3978226,3,9
3985565,2,8
3985566,32,8
3985567,3189,0
3985568,154,5
3985570,25,8
3985572,58,6
3986628,7,7
3986629,70,5
3986630,1782,1
3986631,97,5
3986632,23,8
3986633,6211,0
3986637,1110,1
3986639,183,4
3986677,3,7
3986678,5,8
3986679,14,6
3986680,4,7
3986681,16,7
3986682,1053,1
3986683,19,6
3986685,11,7
3986686,4,8
54293876,5,8
3986698,8,5
3986699,6,7
3986700,26,7
3986701,15,8
3986725,44,5
3986726,8,8
3986727,19,6
3986728,15,7
3986729,6,8
3986730,12,8
3986731,2,7
3986732,1097,0
3986733,8,8
3986734,5,9
3986735,14,7
3986736,32,8
3986737,30,7
3986738,37,6
3986739,19,4
3986740,3,9
3986741,5,7
3986742,5,6
3986747,14,8
3986748,3,7
3986744,16,8
3986749,12,7
3986743,4204,0
3986745,5,5
3986746,2634,1
3986760,5,8
3986761,16,8
3986762,739,2
3986763,4,7
3986764,2,6
3986765,5,7
3986766,10,7
3986767,14,7
3986768,37,7
3986769,33,7
3986770,13,6
3986771,30,7
3986772,55,6
3986773,40,6
3986774,22,8
3986776,14,7
3986775,4,7
3986805,13,8
3986806,206,6
3986807,975,1
3986808,6,8
3986809,44,6
3986810,2,9
3986811,33,7
3986812,15,8
3986814,126,6
3986813,5,8
3986815,226,3
3986829,36,7
3986830,26,6
3986831,50,6
3986832,16,8
3986833,11,8
3986834,5,8
3986835,54,6
3986836,12,8
3986837,1148,1
3986838,2976,0
3986839,3,7
3986840,29,7
3986841,28,5
3986842,5,8
3986843,68,5
3986844,2330,0
3986845,10,8
3986846,26,7
3986848,5,8
3986847,5,9
3989077,3610,1
3989079,2240,0
3989074,184,4
3989075,24,8
3989076,11,8
3989080,8,8
3989081,6,8
3989083,7,5
3989082,2162,0
3989084,8,6
3989085,38,7
3989086,1,8
3989087,3,8
3989088,23,5
3989089,4,7
3989090,32,7
3989091,32,7
3989092,34,6
3989093,32,7
3989095,222,3
3989096,1301,1
3989097,14,7
3989098,54,6
3989099,55,6
3989138,13,7
3989139,16,7
3989140,7,9
3989141,8,8
3989142,40,6
3989144,3914,0
3989146,1,7
3989145,36,7
3989147,\N,6
3989148,45,6
3989149,10,8
3989150,5,8
3989151,29,8
3989152,25,7
3989154,49,5
3989156,\N,8
3989157,174,4
3989158,29,7
3989159,10,7
3989160,2,9
3989161,25,6
3989162,23,7
3989164,7,7
3989165,3,7
3989166,8,7
3989167,13,8
3989168,10,7
3989169,42,4
3989170,3,9
3989171,2197,1
3989172,4655,1
3989174,39,7
3989176,4,7
3989175,29,7
3989177,43,7
3989178,4,9
3989181,25,7
3989180,15,8
3989182,4731,0
3989183,1438,1
3989184,116,4
3989185,3,5
3989186,150,4
3989187,10,8
3989188,6,7
3989189,1,7
3989190,53,5
3989191,18,7
3989192,34,6
3989193,30,6
3989194,2,8
3989195,4,9
3989196,4,8
3989197,4145,0
3989198,3526,0
3989200,175,4
3989199,8,8
3989201,27,7
3989202,2,9
3989203,88,5
3989204,28,8
3989205,14,8
3989206,9,7
3989207,4,7
3989208,21,7
3989209,33,7
3989210,37,6
3989211,198,2
3989212,2,9
3989213,3651,0
3989214,10,8
3989215,1,8
3989216,1,8
3989217,1,8
3989218,26,7
3989219,6,7
3989220,766,2
3989232,5,7
3989231,33,7
3989233,24,8
3989234,15,7
3989235,17,6
3989236,21,7
3989237,2,9
3989238,24,8
3989239,13,7
3989240,33,7
3989241,3,9
3989242,3750,2
3989243,12,9
3989245,10,9
3989244,39,6
3989246,2,8
3989247,28,7
3989248,968,1
3989249,1,7
3989250,1,8
3989251,1124,1
3989252,163,5
3989253,1093,2
3989254,38,6
3989255,12,8
3989256,10,8
3989257,129,4
3989258,73,5
3989259,7,3
3989260,10,7
3989261,1093,0
3989262,39,6
3989263,6,8
3989264,11,9
3989265,11,7
3989266,244,3
3989268,8,8
3989269,33,6
3989270,92,5
3989273,1586,0
3989274,35,6
3989276,5,8
3989277,4,7
3989278,21,7
3989279,9,6
3989280,16,6
3989282,1444,1
3989283,46,6
3989284,4,6
3989286,127,4
3989287,190,3
3989288,5,7
3989289,28,6
3989290,51,6
3989291,13,8
3989292,2,8
3989293,1,7
3989294,1471,1
3989295,16,7
3989296,1,7
3989297,25,6
3989298,1,9
3989299,1,8
3989300,2,8
3989303,5508,0
3989305,1434,1
3989306,61,5
3989308,28,6
3989307,57,6
3989312,23,8
3989315,\N,7
3989314,32,7
3989316,173,4
3989317,3338,0
3989331,25,7
3989332,28,7
3989333,7,9
3989334,18,8
3989335,32,6
3989336,2202,0
3989337,2669,0
3989338,10,6
3989339,4,9
3989340,1214,0
3989341,3359,1
3989342,1433,2
3989343,4,8
3989344,2224,0
3989345,20,7
3989346,150,5
3989347,4763,0
3989348,939,1
3989351,8,8
3989352,37,6
3989353,10,8
3989354,2,8
3989358,2,9
3989395,38,7
3989398,7,8
3989399,34,7
3989403,5,8
3989410,25,7
3989677,2220,1
3989723,50,6
3991582,2911,0
3991614,36,6
54000002,1,9
54005697,1,9
54016279,1099,0
54016342,5818,0
3989349,\N,6
3989355,2,6
3989356,4,7
3989357,3,7
3989396,38,6
3989397,28,7
3989400,20,6
3989401,13,8
3989404,5,7
3989405,\N,8
3989406,1,8
3989407,1,8
3989408,3,8
3989409,1,8
3989412,22,6
3989413,8,7
3989414,5,8
3989415,3,7
3989416,2,8
3989455,25,7
3989454,9,8
3989456,\N,7
3989457,29,7
3989459,4,7
3989458,1,9
3989460,2,9
3989506,55,6
3989507,7,7
3989648,1,8
3989649,29,6
3989650,14,8
3989651,24,8
3989652,22,6
3989653,3714,0
3989654,19,7
3989671,6946,0
3989672,33,6
3989673,30,6
3989674,3,9
3989675,19,7
3989676,29,6
3989678,2,6
3989721,1700,0
3989722,22,8
3989724,41,6
3989813,2189,0
3989814,4,5
3991546,69,7
3991547,25,7
3991554,3,9
3991555,18,8
3991556,33,7
3991576,42,5
3991577,47,4
3991578,12,7
3991579,1,8
3991580,22,6
3991581,3780,0
3991583,64,5
3991584,65,5
3991585,5,8
3991586,6,8
3991588,3,4
3991587,2,8
3991593,6,8
3991594,2,9
3991595,4,8
3991596,14,8
3991605,5,8
3991606,17,8
3991607,20,7
3991616,1106,2
3991642,21,7
3991649,18,8
54000953,742,0
54006018,1,9
54293318,12,7
3991592,37,7
3991597,3,8
3991598,1516,0
3991608,5,8
3991609,4,8
3991610,3,8
3991611,4,8
3991612,76,5
3991613,17,7
3991615,4,8
3991617,6,8
3991618,17,8
3991619,9,6
3991644,2385,0
3991643,5,8
3991645,14,8
3991646,2,8
3991647,2,8
3991648,4,8
3991650,3,5
3991652,1358,2
3991651,12,8
3991653,2,8
3991654,1,7
3991655,13,8
3991656,3,9
3991657,3,8
3991658,3,8
3991659,19,8
3991660,3,9
3991661,12,8
3991662,23,6
3991663,172,4
3991664,10,8
3991665,3338,1
3991666,13,8
3991693,5,9
3991694,22,9
3991695,13,8
3991696,3,9
3991697,11,8
3991698,7,8
3991699,12,7
3991701,1625,0
3991703,14,7
3991727,44,6
3991728,2,9
3991729,1760,0
3991730,2,6
3991731,8,8
3991732,10,7
3991733,128,5
3991734,11,7
3991735,1,7
3991736,1,7
3991738,8,7
3991737,9,7
3991752,11,8
3994618,34,7
3994619,6230,0
3994620,1226,1
3994621,2,7
3994622,13,8
54000000,5,9
54000001,25,8
54000003,13,8
54000955,5198,1
54000956,1150,1
54000957,10,8
54000958,29,6
54000959,24,7
54000960,12,6
54005585,7,9
54005657,37,7
54005658,10,7
54005659,1,6
54005660,8,7
54005661,18,7
54005662,5,7
54005663,7,7
54005664,178,3
54005665,4,8
54005666,6,7
54005667,7,7
54005701,19,8
54005702,3,7
54005703,829,0
54005704,35,7
54005705,1,8
54005706,1,7
54005707,6,8
54005708,1105,0
54006014,6,8
54006013,15,7
54006015,7,8
54006016,7,8
54006017,179,4
54006019,6,7
54006020,6,6
54006021,23,6
54006022,14,7
54006023,3,6
54006054,17,6
54006055,19,7
54006056,4,8
54006057,26,7
54006058,2,9
54006081,5,8
54013533,7,9
54211503,3,6
54293316,6,7
54293315,3,7
54293578,8,8
54007826,15,8
54013535,1413,0
54013538,7,8
54013539,1,7
54013540,18,6
54013541,1,8
54013542,21,7
54013543,25,7
54013544,2,9
54013566,3990,0
54013568,7,6
54016185,1,7
54016186,18,6
54016189,10,7
54016190,6,7
54016191,3,9
54016197,18,8
54016332,19,8
54016187,21,6
54016188,21,8
54016198,13,6
54016196,1327,0
54016199,2,8
54016200,1,7
54016201,3,7
54016202,1,7
54016203,1423,3
54016204,369,2
54016205,3,7
54016206,1,8
54016207,9,8
54016208,8,7
54016209,1,8
54016210,1,7
54016211,6,9
54016212,1,7
54016213,1,8
54016214,2,8
54016215,6,8
54016216,6,8
54016217,10,8
54016218,287,3
54016219,8,8
54016220,1,7
54016221,9,8
54016222,7,8
54016223,9,8
54016224,9,8
54016225,31,7
54016226,1,6
54016227,3,8
54016228,8,6
54016229,132,4
54016232,25,7
54016233,1456,1
54016234,69,5
54016235,1842,0
54016236,1105,1
54016237,294,4
54016238,9,8
54016239,2,8
54016240,10,8
54016241,2,8
54016242,1,6
54016247,5,6
54016248,2,7
54016249,7,9
54016250,10,7
54016280,1810,0
54016281,2850,0
54016283,3,9
54016292,3,7
54016293,9,6
54016294,30,7
54016295,144,4
54016296,12,7
54016297,10,8
54016305,3,8
54016306,21,7
54016307,48,6
54016308,9,9
54016310,5,8
54016309,4,8
54016311,128,4
54016312,11,8
54016313,20,8
54016314,41,6
54016315,3,8
54016317,3,9
54016316,2,8
54016319,10,8
54016321,1099,1
54016318,15,7
54016320,11,8
54016324,2090,1
54016323,10,8
54016322,11,8
54016330,19,8
54016331,9,8
54016333,178,5
54016334,3,6
54016335,173,4
54016336,26,7
54016337,7,7
54016338,961,0
54016339,2,9
54016340,8,8
54016341,3,5
54016352,2,8
54016353,10,6
54016354,1,6
54016355,8,7
54016356,1099,1
54016357,1183,0
54016358,3,8
54016359,3,8
54016361,7,7
54016360,18,7
54016362,195,4
54016363,17,7
54016364,4342,0
54016365,2108,0
54016366,9,8
54016367,124,5
54016368,1,9
54016369,51,5
54016370,7,8
54016371,7,9
54016372,2,8
54016373,100,5
54016374,10,9
54016375,2,6
54016376,25,7
54016377,24,7
54016378,2,7
54016379,54,6
54016380,9,8
54016381,11,8
54016393,7,9
54016394,22,6
54016396,735,0
54016397,2,8
54016400,204,4
54016401,5044,0
54016402,1505,0
54016403,3,7
54016404,1604,0
54016406,1,9
54016411,8,7
54016410,1352,0
54016413,1115,0
54016414,1099,1
54016421,136,5
54016424,19,7
54016425,5453,0
54016426,5406,0
54016427,6,8
54016429,36,6
54016435,147,5
54016486,2,7
54057195,1270,2
54440305,1,8
54016430,12,6
54016431,2,7
54016432,3712,0
54016433,1699,1
54016434,13,7
54016436,12,8
54016437,1,7
54016442,1,6
54016443,11,8
54016444,2,7
54016445,6,7
54016446,2,8
54016447,14,8
54016448,12,7
54016449,13,8
54016452,22,7
54016453,13,8
54016454,14,8
54016455,2,8
54016456,2,9
54016457,2,9
54016458,2,9
54016459,2,9
54016460,17,7
54016461,4,6
54016462,6,6
54016463,21,7
54016464,12,4
54016465,5,6
54016466,17,8
54016467,734,0
54016468,13,8
54016469,8,8
54016470,3,8
54016471,9,8
54016472,2,8
54016473,3,7
54016474,24,7
54016475,2,8
54016476,7,9
54016477,197,5
54016478,13,9
54016479,9,7
54016480,2,8
54016481,5,8
54016483,11,9
54016485,11,6
54016484,1,9
54016489,4607,1
54016493,24,7
54016492,27,7
54016495,201,3
54016494,23,8
54016496,3,6
54016498,6,8
54016499,4,7
54016500,35,7
54016501,14,8
54016506,9,8
54016507,5,6
54016508,11,7
54016509,21,7
54016510,1494,1
54016511,14,7
54016515,1633,2
54016516,5,7
54016517,1127,1
54016519,8,8
54016520,7,5
54016527,16,8
54016528,4,6
54016529,3,8
54016530,4,8
54016531,28,8
54016532,2,8
54016533,12,7
54016540,107,5
54016551,23,7
54016541,1,8
54016542,1,8
54016543,10,8
54016544,6,9
54016545,2,6
54016546,28,8
54016547,759,2
54016548,11,8
54016549,10,8
54016550,10,8
54016558,6,8
54016560,9,6
54016559,2,8
54016561,32,8
54016562,24,7
54016563,10,7
54016564,6,8
54016565,1,6
54016566,6,8
54016567,3,9
54016576,424,3
54016577,5,8
54016578,31,6
54016579,728,1
54016580,11,7
54016583,10,7
54016584,11,9
54016585,4,9
54016586,12,8
54016587,56,6
54016588,6,9
54016589,14,7
54016590,8,4
54016604,27,7
54016605,9,7
54016606,40,6
54016607,8,8
54016608,12,8
54016609,2177,0
54016611,2995,1
54016612,13,7
54016613,1898,2
54016614,3826,0
54016615,79,6
54016616,26,6
54016617,219,4
54016618,39,6
54016619,1658,1
54016620,53,6
54016621,9,8
54016632,30,6
54016633,7,7
54016634,7,8
54016635,12,8
54016637,54,5
54016638,85,4
54016639,18,5
54016640,59,6
54016641,7,8
54016642,1461,1
54016643,4,9
54016644,33,7
54016665,10,8
54016666,39,6
54016660,9,8
54016661,31,6
54016664,37,6
54016662,11,3
54016663,24,8
54016667,7,8
54016668,3,6
54016669,5,8
54016670,52,6
54016671,18,6
54016672,594,3
54016673,4,7
54016674,33,5
54016675,6,7
54016676,7,4
54016677,5,7
54016678,13,7
54016679,34,6
54016680,27,6
54016681,12,5
54016682,12,8
54016683,27,7
54016684,3545,0
54016685,1992,0
54016687,23,7
54016686,17,4
54016689,8,8
54016688,5,9
54016690,1,7
54016691,27,6
54016709,22,7
54016710,13,8
54016712,2191,2
54016715,1304,1
54016714,117,5
54016713,7,7
54016716,17,7
54016721,22,6
54016722,25,7
54016724,4,8
54016723,23,6
54016725,7,5
54016727,3,6
54016726,21,7
54016728,1509,0
54016729,4,9
54016730,7,9
54016731,703,1
54016732,7,8
54016733,20,5
54016734,3,4
54016735,7,8
54016736,4632,0
54016737,6,9
54016739,6,8
54016738,6,8
54016740,1394,3
54016741,954,1
54016742,3,8
54016746,15,5
54016747,17,3
54016748,1684,0
54016749,4,8
54016750,10,8
54016754,85,5
54016755,78,5
54016756,9,4
54016757,9,8
54016758,18,6
54016759,6,8
54016760,24,6
54016761,5,8
54016762,5,7
54016763,8,9
54016764,7,8
54016765,22,4
54016766,84,5
54016767,33,8
54016768,23,6
54016769,3,5
54016771,4,7
54016770,12,9
54016772,937,1
54016773,3,9
54016777,32,6
54016778,3,7
54016779,8,8
54016780,3344,0
54016781,46,7
54016782,20,7
54016783,6,9
54016784,3,9
54016785,17,8
54016786,7,7
54016787,5,8
54016805,1,6
54016806,8,5
54016807,1,7
54016808,4,8
54016809,4,8
54016810,19,8
54016811,177,3
54016812,8,8
54016813,7,8
54016814,931,1
54016816,7,8
54016817,6,6
54016818,2398,0
54016819,2,7
54016836,1,8
54016837,16,9
54016838,17,8
54016839,14,8
54016911,3,9
54016912,29,6
54016913,6,8
54016914,1470,1
54016915,9,9
54016916,17,7
54016917,85,5
54016918,11,8
54016919,2028,0
54016920,7,8
54016921,36,6
54016933,4589,0
54016934,3,9
54016936,1774,1
54016935,5338,1
54016937,53,6
54016938,43,7
54016939,2,5
54016940,4,8
54016950,28,7
54016956,1849,1
54017051,110,4
54017083,66,5
54017093,224,3
54017168,2590,1
54017279,153,5
54286246,6,8
54539808,7,9
54016946,2,7
54016947,1854,0
54016951,1,8
54016952,5210,0
54016953,2,9
54016954,2,9
54016955,9,6
54016957,23,7
54016959,\N,7
54016960,3,9
54016961,4,9
54016964,12,8
54016965,1,7
54016966,2,8
54016967,53,7
54016969,25,6
54016970,2,9
54016974,756,1
54016975,184,3
54016979,244,4
54016981,41,7
54016986,15,5
54016987,17,7
54016988,18,7
54016989,10,7
54016990,6,8
54016992,12,6
54016991,1,4
54016993,14,4
54016994,195,5
54016995,6,9
54016996,9,7
54016997,3,8
54016998,16,7
54016999,\N,8
54017000,31,7
54017001,35,6
54017003,8,7
54017002,7,7
54017014,3,8
54017015,41,6
54017030,7,7
54017033,117,4
54017031,135,5
54017032,8,7
54017034,15,7
54017035,5,8
54017037,3,7
54017036,4,9
54017038,37,6
54017039,6,8
54017040,11,8
54017041,2,6
54017042,32,7
54017043,4,9
54017045,12,8
54017053,8,8
54017054,46,6
54017055,3,7
54017061,33,7
54017062,13,9
54017064,11,8
54017074,5,9
54017075,2189,3
54017076,15,6
54017110,9,9
54017111,1455,0
54017115,7,7
54017118,9,8
54017128,13,8
54017139,29,6
54017142,7646,0
54017159,11,6
54017201,23,7
54017217,154,5
54017226,185,5
54017263,37,4
54017561,6568,0
54046598,138,4
54049901,2723,0
54148939,27,7
54225503,2,8
54017044,1,6
54017052,15,7
54017056,16,8
54017057,35,7
54017058,17,8
54017059,41,6
54017060,25,7
54017063,5,9
54017077,174,4
54017078,7,9
54017079,10,8
54017080,10,8
54017081,5,8
54017082,28,6
54017084,4,7
54017085,44,5
54017086,1824,1
54017087,6,6
54017088,15,6
54017090,3,7
54017089,8,7
54017091,26,7
54017092,9,8
54017094,5,6
54017095,29,8
54017096,979,2
54017097,4,6
54017098,50,6
54017112,2,8
54017113,11,7
54017114,37,6
54017116,10,9
54017117,25,7
54017119,31,6
54017121,20,7
54017122,37,6
54017129,93,5
54017130,9,8
54017131,32,7
54017132,1,7
54017133,30,6
54017134,10,8
54017135,372,3
54017136,25,7
54017137,15,7
54017138,19,7
54017140,3865,0
54017141,98,6
54017143,6,8
54017144,5,9
54017156,59,5
54017157,9,8
54017158,21,7
54017160,9,8
54017161,27,7
54017162,5,6
54017163,4,8
54017164,207,4
54017165,7,8
54017166,5,8
54017167,2884,1
54017178,32,6
54017179,8,5
54017180,23,3
54017181,24,8
54017182,180,6
54017183,8,7
54017184,24,6
54017185,28,6
54017186,16,7
54017187,11,8
54017188,9,8
54017189,60,5
54017195,2034,0
54017197,21,3
54017198,6,8
54017199,11,8
54017200,1441,1
54017202,54,6
54017203,20,7
54017204,27,7
54017205,14,7
54017213,3,8
54017214,60,6
54017215,23,6
54017216,10,8
54017223,30,7
54017225,7,5
54017228,19,7
54017227,15,8
54017229,14,6
54017231,731,2
54017230,10,8
54017232,6,6
54017234,3675,0
54017233,1311,1
54017245,5,9
54017246,1,8
54017247,2,7
54017248,19,7
54017249,26,7
54017250,6,8
54017251,4,7
54017252,19,7
54017253,225,5
54017254,2,7
54017255,2,7
54017256,\N,9
54017257,27,7
54017258,714,2
54017259,7,8
54017260,218,2
54017261,1474,0
54017262,63,4
54017264,2,7
54017268,1088,1
54017271,8,8
54017272,21,7
54017273,2,8
54017274,4756,0
54017275,2803,0
54017276,1,8
54017280,6,8
54017282,2,7
54017288,4011,1
54017289,1,8
54017290,28,6
54017291,47,5
54017292,1492,1
54017294,17,8
54017293,1,8
54017302,2,7
54017303,23,7
54017304,12,6
54017312,17,8
54017313,30,7
54017314,17,9
54017316,79,5
54017317,17,7
54017323,2543,1
54017324,29,4
54017343,165,4
54017439,68,5
54017558,2730,0
54049874,4951,0
54099943,3256,0
54017329,5,8
54017344,22,7
54017367,55,5
54017368,2950,1
54017369,1846,1
54017376,5,7
54017377,22,4
54017378,177,4
54017381,48,6
54017399,5,8
54017400,2,8
54017401,12,7
54017402,12,7
54017403,15,5
54017404,4,8
54017405,123,5
54017412,18,7
54017411,3,8
54017418,9,4
54017419,41,6
54017420,3,8
54017435,41,7
54017436,1246,0
54017437,164,5
54017438,227,5
54017440,154,4
54017454,8,9
54017475,7,8
54017528,7,9
54017536,34,7
54017537,6,8
54017538,95,5
54017539,202,4
54017540,9,9
54017541,13,6
54017542,1310,0
54017543,40,6
54017545,1743,1
54017556,2112,0
54017557,95,4
54017685,28,6
54048829,2737,0
54017450,12,8
54017451,3216,0
54017452,57,5
54017453,27,7
54017455,31,6
54017456,31,6
54017457,215,4
54017472,996,4
54017473,13,8
54017474,941,0
54017476,38,6
54017477,97,5
54017529,24,7
54017530,1627,0
54017535,1861,0
54017544,2074,0
54017546,4,8
54017555,182,5
54017559,1093,1
54017560,12,9
54017562,8,7
54017563,15,7
54017564,6,9
54017565,5,7
54017566,9,8
54017577,189,4
54017578,4,6
54017579,1,9
54017580,23,7
54017581,228,2
54017593,32,6
54017594,4190,0
54017596,2,8
54017597,2120,0
54017598,140,4
54017610,7,7
54017611,8,7
54017613,2,9
54017614,7,8
54017615,1512,1
54017617,11,8
54017626,43,7
54017627,17,8
54017639,49,6
54017643,5,9
54017642,4,9
54017644,3166,0
54017645,66,5
54017646,73,6
54017647,67,5
54017648,54,5
54017649,23,7
54017650,74,6
54017651,22,7
54017652,13,7
54017653,7873,0
54017654,5183,0
54017655,3592,0
54017662,448,4
54017664,44,6
54017665,3346,1
54017666,15,8
54017683,29,7
54017684,2055,0
54017686,1703,1
54017687,2937,0
54017692,2227,0
54017693,2,9
54017694,90,5
54017697,18,7
54017701,25,7
54036654,3075,0
54041665,828,2
54049786,2753,0
54051247,1097,1
54054499,112,4
54465297,\N,9
54499718,\N,7
54017702,106,4
54017704,2,6
54017783,1106,1
54017784,185,4
54028097,167,4
54031742,124,4
54031743,30,6
54031744,3,9
54031745,15,8
54031746,32,7
54031747,3,7
54034187,18,7
54034188,16,4
54034189,2,8
54034190,5,9
54034191,4697,0
54034192,1101,0
54034193,879,2
54036655,2042,1
54041664,9,7
54041666,14,8
54041667,7,8
54041668,3765,1
54041669,59,6
54046596,10,8
54046597,25,7
54046599,38,7
54048813,87,5
54048814,35,5
54048828,4928,0
54048831,2777,1
54048849,130,4
54049898,153,4
54499710,\N,8
54048844,5,9
54048845,22,6
54048846,4036,0
54048847,2186,0
54048848,4,8
54048850,29,6
54048851,74,6
54048864,57,5
54048865,1,7
54048866,9,8
54048867,1095,2
54048868,2151,0
54048869,32,7
54048870,1244,4
54048878,25,7
54048879,16,8
54048880,108,4
54048882,14,7
54048881,27,5
54048884,10,8
54048885,69,6
54048886,6,8
54048887,5,8
54048889,9,8
54048888,27,7
54048890,9,4
54048892,3325,0
54048891,57,5
54048900,944,0
54048901,3,9
54048902,13,8
54048903,1179,3
54048922,162,4
54048923,10,5
54048924,10,8
54048940,4,7
54048941,32,6
54048942,36,6
54048943,29,7
54048944,39,6
54048945,11,8
54048946,7,8
54048947,1354,0
54049341,45,5
54048949,26,7
54048948,980,0
54049346,5,9
54049347,2,8
54049348,35,9
54049349,9,6
54049350,2,7
54049351,49,5
54049352,7,9
54049353,70,5
54049354,202,4
54049355,6,7
54049356,1362,0
54049357,21,6
54049759,4,9
54049358,140,4
54049359,26,6
54049762,178,4
54049763,28,6
54049764,86,4
54049765,5,9
54049766,148,5
54049767,3,9
54049769,49,6
54049781,3,8
54049782,15,8
54049783,8,7
54049784,27,7
54049785,3,9
54049788,6,8
54049787,16,8
54049789,7,7
54049792,7,7
54049791,33,6
54049793,18,7
54049794,2,6
54049795,31,7
54049796,1,5
54049797,1,8
54049806,14,8
54049807,33,6
54049822,207,2
54049823,2595,0
54049824,5502,0
54049831,2,9
54049834,3,7
54049835,2986,1
54049836,16,7
54049837,5,7
54049854,28,7
54049856,11,6
54049861,2,9
54049862,8371,0
54049863,1666,0
54049865,61,4
54049871,14,8
54049872,1,7
54049873,4508,0
54049875,72,5
54049886,848,2
54049889,105,5
54049891,264,5
54050968,13,8
54050972,1478,0
54050993,225,4
54051018,85,5
54051102,8684,0
54051129,181,4
54051132,24,7
54051170,9,9
54053721,3081,0
54054564,4425,0
54130041,5409,0
54297992,7,8
54049885,1,7
54049890,7,6
54049893,40,7
54049899,65,6
54049900,52,7
54049902,5,8
54049904,1905,1
54049905,3,7
54049906,2203,1
54050969,38,6
54050970,2,8
54050971,22,9
54050973,2,8
54050975,4,7
54050976,4,7
54050977,6,8
54050978,30,6
54050979,28,6
54050980,192,4
54050981,3,8
54050982,230,3
54050991,8,9
54050992,46,7
54050994,2,9
54050995,\N,6
54050996,3,8
54050997,1094,0
54050998,35,7
54050999,2508,0
54051012,6,7
54051013,6,7
54051014,30,6
54051015,1,9
54051016,147,4
54051019,1777,0
54051020,33,7
54051021,1,8
54051023,5,8
54051022,30,7
54051036,3,7
54051037,117,4
54051038,366,2
54051039,6,8
54051041,24,7
54051040,84,4
54051042,12,7
54051043,12,8
54051044,10,8
54051045,8,7
54051046,2,7
54051047,10,7
54051048,4,6
54051049,2,9
54051050,8,7
54051051,28,6
54051052,719,1
54051053,4,8
54051064,5,8
54051063,12,7
54051066,6,9
54051067,40,7
54051068,32,5
54051070,1089,1
54051071,2261,1
54051072,12,7
54051073,20,7
54051074,65,6
54051075,33,6
54051080,3,8
54051081,57,6
54051082,33,7
54051083,4784,0
54051084,59,5
54051085,3,8
54051086,2,9
54051087,30,8
54051088,6,8
54051089,216,5
54051090,4,8
54051091,5,8
54051092,92,6
54051093,29,7
54051094,747,0
54051095,12,7
54051096,2,8
54051097,12,8
54051098,2982,0
54051100,1456,2
54051101,37,6
54051104,30,6
54051105,5,9
54051106,3407,0
54051107,3,9
54051108,4,9
54051109,1238,2
54051126,1875,1
54051127,28,9
54051130,3,9
54051133,2966,0
54051137,31,6
54051139,107,4
54051142,6,7
54051158,5,8
54051160,5,8
54051161,13,7
54051162,5,8
54051164,22,6
54051165,31,7
54051166,8,6
54051167,3,6
54051173,31,6
54051174,65,5
54051178,4,9
54051261,6,9
54051387,3952,0
54051582,2102,0
54053754,2342,0
54053800,1,9
54053850,2952,0
54125899,1967,1
54051103,4208,0
54051110,2,8
54051125,50,5
54051128,10,7
54051131,2,6
54051135,10,7
54051134,3,6
54051136,42,6
54051138,4656,0
54051140,29,6
54051141,9,8
54051143,1,8
54051159,121,4
54051163,8,7
54051168,4,7
54051169,12,8
54051171,9,7
54051172,40,6
54051175,2,7
54051176,10,8
54051177,8,8
54051179,1,8
54051180,4,8
54051181,4425,0
54051182,3,8
54051183,7,6
54051184,85,5
54051185,3416,0
54051186,2,8
54051187,6,8
54051243,3,9
54051244,19,8
54051245,1,9
54051246,5,8
54051248,27,6
54051249,3,9
54051250,22,7
54051251,12,7
54051252,5,8
54051253,35,7
54051254,11,8
54051255,53,6
54051256,4,8
54051257,1,7
54051258,107,5
54051260,28,6
54051262,2,8
54051285,8,8
54051286,2,8
54051287,2,9
54051288,5,7
54051289,16,7
54051290,13,7
54051291,742,1
54051292,10,8
54051293,\N,6
54051294,134,5
54051295,248,3
54051296,7997,1
54051298,13,7
54051297,24,7
54051299,12,8
54051301,26,7
54051303,5491,0
54051304,8,8
54051305,108,4
54051306,8,8
54051316,1187,2
54051317,1,8
54051318,5,7
54051319,4,9
54051320,198,3
54051321,3167,0
54051324,4,9
54051325,26,8
54051326,98,5
54051327,28,7
54051328,19,8
54051330,12,8
54051329,2961,0
54051342,4,6
54051345,3,6
54051346,12,7
54051347,7,8
54051348,7,7
54051349,92,5
54051371,38,6
54051372,1854,1
54051373,55,6
54051374,86,4
54051375,150,4
54051376,12,8
54051377,11,9
54051378,130,5
54051379,4,8
54051380,129,4
54051381,16,7
54051382,42,5
54051383,11,8
54051384,5,9
54051385,3150,0
54051396,1343,0
54051397,23,6
54051398,23,8
54051399,1871,2
54051400,3,9
54051401,4,9
54051406,13,6
54051413,22,8
54051414,1088,1
54051415,3309,0
54051416,55,5
54051417,17,8
54051418,21,7
54051419,206,3
54051420,3534,0
54051421,13,8
54052979,3445,0
54052980,50,5
54052981,2594,1
54053707,3257,1
54053711,1,9
54053755,82,6
54053756,6662,0
54053796,5,9
54053853,2239,1
54053914,1711,1
54054359,3204,0
54054376,1847,0
54054539,15,8
54075298,2205,0
54465298,\N,9
54053720,23,7
54053719,71,5
54053722,21,7
54053723,9,8
54053725,1743,0
54053726,27,7
54053727,175,4
54053731,6,7
54053732,42,5
54053733,1,7
54053734,4,6
54053735,17,7
54053736,29,7
54053737,33,6
54053738,6,8
54053739,2944,0
54053743,15,6
54053744,200,3
54053746,2,8
54053747,19,7
54053748,6,9
54053751,3,8
54053752,37,6
54053753,8,7
54053757,5,8
54053758,59,5
54053759,44,7
54053760,45,6
54053761,14,8
54053762,43,6
54053763,2207,0
54053764,6,7
54053776,7,8
54053777,5,7
54053778,14,7
54053779,30,7
54053780,74,5
54053781,4,9
54053782,42,5
54053783,12,8
54053794,9,7
54053795,8,7
54053797,2,7
54053798,12,7
54053799,45,6
54053820,1,9
54053821,6,8
54053822,2,8
54053823,1,8
54053824,1,7
54053825,1,8
54053826,7,6
54053827,116,5
54053828,17,7
54053829,70,6
54053830,4,8
54053843,6,8
54053844,15,7
54053845,6,8
54053846,98,4
54053847,12,8
54053848,6,6
54053849,1,9
54053851,92,6
54053852,3032,0
54053854,10,8
54053855,2,7
54053912,29,8
54053911,45,6
54053913,15,8
54053915,29,7
54053916,2,6
54053917,5,8
54053918,13,7
54053919,18,8
54053920,2,8
54053921,10,8
54053922,49,6
54053923,18,7
54053924,61,5
54053926,37,7
54053925,8,8
54053927,4960,0
54053928,4378,0
54053929,28,7
54053930,3282,2
54053931,14,7
54053932,5,8
54053933,88,5
54053934,34,6
54053935,15,8
54053936,5,7
54053937,3,6
54053938,5,8
54053939,2,6
54053940,5,8
54053941,9,8
54053942,4,9
54053943,6,8
54053944,50,6
54053945,4,8
54053946,38,6
54053947,116,5
54053948,13,7
54053949,802,1
54053950,2,8
54053951,40,6
54054268,100,6
54054269,12,7
54054270,3,8
54054271,2205,0
54054272,9,8
54054273,2,8
54054274,225,4
54054275,4,8
54054277,100,4
54054278,91,5
54054279,27,6
54054280,1752,0
54054281,1095,1
54054282,12,7
54054283,13,7
54054313,6,8
54054314,748,2
54054315,11,7
54054316,13,8
54054317,176,4
54054318,43,6
54054319,10,8
54054320,2741,0
54054321,12,7
54054322,8,6
54054323,9,8
54054324,54,6
54054325,2,9
54054326,6,8
54054327,9,8
54054328,5,8
54054329,12,8
54054331,3,9
54054330,3,6
54054332,11,4
54054333,3,7
54054334,16,8
54054335,9,8
54054338,35,6
54054354,788,1
54054355,4,9
54054356,31,7
54054357,11,8
54054358,9,8
54054360,14,7
54054361,23,8
54054362,11,8
54054363,8,9
54054364,11,7
54054365,23,6
54054366,13,8
54054368,7,8
54054369,11,8
54054370,45,6
54054371,25,7
54054372,2,8
54054373,2,9
54054374,9,8
54054375,2,9
54054377,19,7
54054402,23,6
54054403,11,8
54054404,12,6
54054409,29,7
54054412,37,6
54054414,3,8
54054415,3,8
54054443,1539,0
54054444,29,6
54054445,4,9
54054449,3364,0
54054453,12,7
54054458,11,8
54054459,8,7
54054460,8,8
54054465,4,8
54054510,53,5
54054537,33,6
54054561,1,8
54054625,3,7
54062098,121,4
54094703,1067,2
54120745,3807,0
54265624,53,5
54351348,24,6
54054367,3661,0
54054405,1130,1
54054407,4,8
54054408,29,6
54054411,9,7
54054413,10,8
54054416,37,7
54054446,49,5
54054447,6,8
54054448,23,6
54054451,171,3
54054452,567,2
54054454,12,8
54054455,6,4
54054456,19,7
54054457,37,6
54054461,55,6
54054462,9,8
54054463,5,7
54054464,123,4
54054500,132,5
54054501,5858,1
54054502,9,6
54054503,155,5
54054504,26,6
54054505,29,6
54054506,2690,0
54054507,130,4
54054509,63,6
54054511,9,8
54054512,32,6
54054513,7,8
54054514,3,7
54054515,22,8
54054526,2208,0
54054527,2,7
54054528,9,7
54054529,6,8
54054530,7,6
54054531,741,1
54054532,16,7
54054533,24,7
54054534,39,6
54054535,9,7
54054536,170,4
54054538,12,8
54054541,10,8
54054542,5172,1
54054543,62,5
54054544,11,8
54054560,1,7
54054562,26,4
54054563,10,8
54054565,32,7
54054566,95,4
54054567,34,6
54054568,25,6
54054576,10,7
54054577,28,7
54054578,31,6
54054579,1,7
54054580,5,7
54054581,2,9
54054582,5,7
54054595,1,7
54054594,1,7
54054596,1837,1
54054597,4,8
54054598,51,5
54054599,17,7
54054600,10,8
54054601,13,9
54054602,14,8
54054603,5,9
54054604,91,5
54054605,6,7
54054606,26,7
54054607,8,8
54054608,104,4
54054609,4,6
54054610,5,9
54054611,2,8
54054624,3,5
54054626,4,8
54054627,24,7
54054628,2,8
54054629,12,7
54054630,16,7
54054631,2,8
54054632,78,5
54054633,2,9
54054649,6,7
54054650,4,9
54054652,3,8
54054651,3,8
54054653,18,8
54054654,3,8
54054655,18,8
54054656,2,9
54054665,23,7
54054666,24,7
54054667,16,8
54054668,2,7
54054680,14,8
54054682,22,8
54054681,5,8
54054683,13,8
54054684,18,6
54054685,52,6
54054686,7,8
54054687,1,7
54054688,29,8
54054689,17,8
54054690,47,6
54054691,6,8
54054692,9,7
54054693,3,8
54054694,4,8
54054695,2,7
54054704,52,4
54054705,2,9
54054706,2,9
54054707,19,8
54054708,1491,1
54054709,4,7
54054710,51,5
54054711,24,6
54054712,34,6
54054713,18,7
54054714,53,5
54054715,15,6
54054724,32,5
54054725,21,7
54054726,21,7
54054727,91,5
54054728,4,8
54054751,5368,0
54057196,39,6
54093101,6230,0
54054739,13,7
54054738,1,8
54054740,12,8
54054745,30,7
54054746,17,7
54054747,3246,0
54054748,13,6
54054749,13,7
54054750,18,7
54054774,5,7
54054775,14,8
54054776,30,6
54054777,3,7
54054778,17,7
54054779,13,7
54054780,9,8
54054781,43,6
54055025,3,8
54055026,7,9
54055027,6,8
54055028,17,6
54055029,5651,0
54055030,25,7
54055031,3,7
54055032,11,8
54055033,6,8
54055034,2175,0
54055035,13,8
54055036,10,9
54055037,9,8
54055039,13,7
54055038,3,8
54055040,8,8
54055041,150,5
54055058,177,4
54055059,5,7
54055060,36,7
54055061,5,7
54055062,5,5
54055063,15,7
54055064,15,7
54055065,16,7
54055066,3,6
54055067,12,8
54055071,140,5
54055072,77,5
54055073,38,6
54055074,397,2
54055075,14,7
54055076,13,5
54055082,35,7
54055083,12,8
54055084,11,7
54055085,9,6
54055086,97,4
54055087,3,7
54055088,26,8
54055089,37,6
54055091,16,7
54055090,1462,1
54055100,22,8
54055101,13,8
54055102,4,7
54055103,9,7
54055104,67,5
54055105,12,8
54055106,10,8
54055107,9,7
54055108,8,8
54055109,12,8
54055110,9,7
54055111,99,5
54055112,9,7
54055113,591,2
54055114,7,6
54055115,1,8
54055116,29,6
54055117,7,8
54055118,1633,0
54055119,7,7
54055120,3,8
54055121,8,8
54057197,19,7
54057198,32,7
54057199,1107,0
54057200,28,7
54057201,2,9
54057202,56,5
54057203,165,4
54057204,12,8
54057205,26,7
54057206,11,6
54062077,143,4
54062078,2,8
54062079,3,8
54062080,1,8
54062081,4,8
54062082,9,6
54062084,7,7
54062083,6,8
54062085,5,8
54062086,3,7
54062087,46,5
54062088,11,8
54062089,9,8
54062093,4,8
54062092,28,7
54062094,4,8
54062095,\N,7
54062096,5,8
54062097,35,6
54065896,1511,1
54065897,5,8
54065898,1344,1
54065899,12,7
54065900,20,7
54065901,29,6
54065902,12,7
54065904,3663,0
54065903,3,6
54065905,4,8
54065906,5,8
54065907,5,8
54065908,10,7
54065909,5,8
54065910,41,7
54065911,4,7
54065912,5,7
54065913,2,7
54065914,3,7
54065915,2,8
54065916,2,6
54068384,1,8
54068385,9,6
54068386,15,7
54068387,10,7
54068388,6789,0
54068389,4,8
54068390,12,7
54068391,5,8
54068392,3,9
54068393,27,8
54068394,9,9
54068395,6,8
54073328,9,8
54073327,8,8
54073330,8,9
54073329,897,1
54073331,859,2
54073332,11,6
54073333,98,6
54073334,2,8
54073335,6,8
54073336,22,8
54073337,26,7
54073338,2,6
54073340,10,8
54073341,63,5
54073351,6965,0
54073354,379,2
54073356,3702,1
54073358,141,4
54073364,61,5
54073366,2,8
54075296,6,9
54075533,4,8
54075304,12,6
54075307,30,7
54075308,3647,0
54075314,93,5
54075319,10,7
54075323,5493,0
54075541,15,7
54075577,8,8
54075582,2195,0
54075584,5,7
54075994,33,6
54076356,8,7
54087490,51,5
54092465,185,3
54073339,4,4
54073342,3,8
54073343,1,7
54073344,74,6
54073345,34,6
54073346,12,7
54073347,7,7
54073348,27,6
54073349,13,8
54073352,12,8
54073353,7,8
54073355,5,9
54073357,9,8
54073359,68,6
54073360,35,6
54073361,3,8
54073362,3,8
54073363,5,8
54073365,3,8
54073367,1,8
54073368,5,7
54073369,3,7
54073370,1,7
54073371,2,6
54075297,36,6
54075299,6,8
54075300,6,8
54075301,8,8
54075302,6,8
54075303,8,8
54075305,32,6
54075306,20,8
54075309,12,8
54075310,2862,0
54075311,12,8
54075312,18,5
54075313,11,8
54075315,6,8
54075316,8,8
54075317,35,7
54075318,116,5
54075320,35,7
54075321,1,7
54075322,4004,0
54075542,23,7
54075544,6,8
54075545,4,8
54075546,21,8
54075547,5,7
54075543,35,6
54075549,6,8
54075551,4,7
54075550,2528,0
54075575,64,6
54075576,29,7
54075578,64,6
54075579,6,7
54075580,2,7
54075581,17,6
54075583,110,5
54075585,30,6
54075586,9,8
54075587,33,6
54075588,48,6
54075589,4,7
54075590,7,8
54075591,15,8
54075592,19,7
54075593,2,9
54075594,2,8
54075595,3,8
54075596,20,5
54075978,2,7
54075981,17,6
54075982,8,8
54075983,3190,0
54075984,1653,1
54075985,33,6
54075986,1,8
54075987,2973,1
54075988,1016,0
54075989,2,9
54075990,2,8
54075991,2,8
54075992,1871,0
54075993,60,5
54075995,34,6
54075996,14,8
54075997,3,7
54075998,1319,0
54075999,16,7
54076000,8,8
54076013,6,6
54076014,1,8
54076015,45,3
54076016,36,6
54076017,4553,0
54076018,4,7
54076019,\N,8
54076020,35,7
54076021,1,7
54076022,494,2
54076023,580,3
54076348,3505,0
54076349,117,5
54076350,6,8
54076351,2,7
54076352,3,7
54076353,2,8
54076354,126,5
54076355,32,7
54076357,30,7
54076358,32,7
54076359,177,4
54076360,37,6
54076361,3,8
54076362,49,5
54076930,87,5
54076929,234,4
54076928,31,7
54076927,7,8
54076931,5,8
54076932,5,7
54076933,1294,2
54076934,3803,1
54076935,25,7
54076936,2,8
54076937,183,3
54079051,34,7
54079052,2,9
54079053,35,6
54079054,33,6
54079056,29,7
54079055,974,2
54079787,10,8
54079788,3,8
54079789,16,7
54079790,22,7
54081197,3,7
54081198,26,7
54081199,18,7
54081200,232,4
54081290,34,7
54082291,730,1
54082292,25,7
54084704,\N,9
54084708,27,7
54087379,207,4
54087417,10,7
54087493,166,3
54087575,7511,0
54087862,1,9
54099952,89,6
54104903,108,5
54134551,168,4
54293314,86,4
54297998,5,8
54084706,120,5
54087376,32,6
54087377,18,8
54087378,59,6
54087416,17,6
54087415,4,7
54087418,4,6
54087419,5,8
54087421,6,8
54087420,793,2
54087422,14,7
54087424,24,7
54087423,29,7
54087425,32,7
54087427,10,8
54087426,17,7
54087428,3,7
54087435,61,6
54087436,12,8
54087437,61,5
54087438,15,6
54087439,1100,0
54087440,30,6
54087441,28,7
54087485,18,7
54087486,1567,0
54087491,58,5
54087492,32,7
54087543,44,6
54087545,12,8
54087546,1,7
54087547,46,6
54087573,9,6
54087574,1443,0
54087576,500,2
54087577,13,6
54087578,\N,7
54087579,\N,7
54087654,11,7
54087655,24,6
54087656,35,6
54087657,30,6
54087658,2,6
54087659,1484,0
54087660,88,6
54087661,38,6
54087662,16,8
54087663,36,7
54087664,5,7
54087665,13,8
54087666,26,7
54087667,35,6
54087668,1,8
54087669,1,7
54087731,10,8
54087732,5,8
54087733,6,7
54087734,8,7
54087735,1,9
54087736,1,8
54087737,7,9
54087738,3,9
54087739,12,8
54087740,13,7
54087741,14,6
54087742,33,6
54087743,9,8
54087744,2,6
54087745,30,7
54087746,31,7
54087747,44,6
54087748,21,8
54087749,26,7
54087750,12,8
54087751,14,8
54087752,9,9
54087753,4433,0
54087754,39,6
54087755,15,8
54087756,15,8
54087757,91,4
54087758,67,6
54087759,11,8
54087760,3,6
54087761,1,8
54087762,7,8
54087763,1,9
54087764,95,5
54087765,1451,0
54087766,4,9
54087767,1188,2
54087780,24,8
54087781,11,8
54087782,6,6
54087783,5,7
54087784,30,6
54087785,9,8
54087786,9,6
54087802,2570,1
54087803,11,8
54087804,14,9
54087805,13,8
54087806,9,5
54087807,3,8
54087808,8,7
54087809,5,5
54087810,68,5
54087811,8,6
54087813,5,7
54087812,10,8
54087831,3,8
54087834,1,8
54087835,86,5
54087832,5,8
54087833,1,8
54087837,2,7
54087838,21,8
54087839,9,8
54087840,1,7
54087841,7,9
54087842,9,8
54087844,10,8
54087843,7,9
54087845,2,9
54087846,14,8
54087855,8,6
54087856,6,8
54087857,8,8
54087859,4309,1
54087858,36,7
54087860,3676,0
54087861,21,8
54087863,10,8
54087864,33,7
54087865,10,8
54087866,119,5
54088798,12,8
54088800,711,2
54088801,6,8
54088806,177,4
54091659,5,7
54096685,21,5
54097867,73,6
54099604,110,5
54101345,45,8
54087867,7,7
54088799,10,6
54088804,10,6
54088803,24,7
54088805,1488,0
54088807,1,8
54088808,9,8
54088810,38,6
54088811,9,7
54088813,10,6
54088812,6,7
54088814,22,7
54088815,20,7
54088816,140,5
54088817,9,6
54088818,113,4
54088819,20,7
54088820,100,5
54088821,28,6
54088822,360,2
54088823,8,7
54088824,4,8
54090615,1425,1
54090616,16,8
54090617,11,8
54090618,65,5
54090619,25,7
54090620,43,6
54090621,4,6
54091629,6579,0
54091631,6909,0
54091632,4,8
54091633,2681,0
54091634,54,6
54091635,18,7
54091636,2,7
54091637,2,7
54091638,10,8
54091639,8,9
54091650,407,2
54091651,28,7
54091652,9,9
54091653,4,8
54091654,26,7
54091655,30,6
54091656,1,7
54091657,79,5
54091658,5,7
54091660,41,7
54091661,5,8
54092466,16,8
54092904,4191,0
54092903,32,7
54092905,15,9
54092906,2,8
54092907,5,8
54092908,25,7
54092909,6,6
54092910,22,7
54092911,1566,0
54092912,3625,0
54092915,29,7
54092913,52,4
54092914,23,8
54092916,1,8
54092917,12,8
54092918,23,7
54093076,103,6
54093077,3513,0
54093078,1490,0
54093080,44,5
54093079,4,9
54093081,91,5
54093082,14,8
54093090,4020,1
54093091,2,8
54093092,1,8
54093093,9,6
54093097,6,8
54093094,6,8
54093095,84,3
54093096,1,8
54093098,8,8
54093099,3,7
54093100,22,7
54093102,30,8
54095164,4722,0
54095165,176,4
54095166,27,7
54095167,\N,8
54095168,13,8
54095169,2,8
54095170,16,7
54095171,2,8
54095172,29,6
54095178,25,7
54095179,29,6
54095180,1,8
54095181,34,6
54095182,142,4
54095183,1034,2
54095188,1884,0
54096093,14,8
54096094,9,8
54096095,12,7
54096096,14,6
54096431,19,8
54096432,81,4
54096684,6,8
54096938,15,9
54097467,45,6
54097669,2279,0
54097670,4474,1
54097871,204,5
54098021,45,4
54098702,22,7
54099599,1308,1
54417743,1233,1
54097667,10,8
54097668,16,7
54097863,11,5
54097864,39,6
54097865,7,8
54097866,31,5
54097868,7,6
54097869,20,7
54097870,18,7
54097872,42,6
54097873,3,9
54097964,53,5
54097965,19,7
54097966,7,7
54097968,999,0
54097967,53,6
54097970,2185,0
54097971,29,6
54097972,31,6
54097973,44,7
54097974,2,7
54097975,81,6
54097976,13,8
54097978,12,7
54097979,8,7
54097980,13,7
54097981,3,7
54097982,29,7
54098015,165,3
54098016,983,0
54098017,53,5
54098018,2,5
54098019,1,6
54098020,1104,1
54098022,2804,0
54098023,3,8
54098024,11,8
54098025,4,8
54098026,13,8
54098027,2,9
54098028,2,9
54098701,67,6
54098703,24,7
54098704,11,7
54098705,13,7
54098707,14,8
54098706,62,5
54098710,2,9
54098711,1,7
54098712,9,5
54098708,27,7
54098709,11,8
54098713,20,7
54098714,33,7
54099342,1102,0
54099343,14,7
54099344,1693,1
54099345,9,8
54099596,190,5
54099597,16,8
54099598,1618,0
54099600,87,5
54099601,62,6
54099602,34,6
54099603,15,7
54099605,12,8
54099606,4,7
54099607,1105,0
54099608,11,7
54099609,13,8
54099610,14,7
54099611,10,9
54099612,55,5
54099613,12,7
54099614,34,7
54099615,26,8
54099616,37,5
54099617,17,8
54099621,5,8
54099620,61,6
54099619,16,7
54099618,10,8
54099634,21,7
54099635,34,7
54099636,1456,1
54099637,10,6
54099638,8,5
54099640,1231,1
54099641,2890,0
54099642,10,8
54099644,28,5
54099643,4280,0
54099646,4,7
54099647,11,5
54099645,27,7
54099648,27,6
54099942,99,5
54099946,26,6
54099944,26,8
54099945,2165,1
54099947,4,8
54099948,11,7
54099949,2960,0
54099950,1468,1
54099951,16,7
54100190,2245,1
54100191,14,8
54100192,34,7
54100194,10,8
54100195,7,8
54100196,9,7
54100197,1092,2
54100198,7,8
54100200,1297,0
54100201,37,6
54100202,9,7
54100203,1773,0
54100204,13,8
54100285,52,6
54100284,59,6
54100286,9,8
54100287,8,9
54100289,8,8
54100288,8,8
54100290,172,5
54100291,68,6
54100292,7,9
54100293,7,7
54100294,5,8
54100295,8,8
54100574,18,7
54100576,16,8
54100577,13,8
54100578,4,8
54100579,21,7
54100580,6,9
54100581,198,4
54100582,1089,1
54100583,17,8
54100584,4,8
54100586,3,9
54100617,83,6
54100618,1833,3
54100622,32,7
54100623,48,6
54101665,118,4
54104897,29,6
54104896,35,6
54100585,15,8
54100616,5,5
54100615,6,6
54100614,29,8
54100619,15,8
54100620,6,5
54100621,4,7
54100624,754,2
54100625,6,8
54100626,5,8
54100627,7,8
54100628,6,8
54100629,5,8
54100630,1,7
54100692,6,5
54100693,1373,2
54100694,12,8
54100696,3,6
54100695,8,8
54100697,1473,1
54100698,1092,1
54100904,16,6
54100906,5,7
54100905,1,8
54101341,29,7
54101340,9,9
54101342,1781,2
54101343,1,7
54101344,3,6
54101347,6,8
54101346,3,8
54101655,1123,0
54101656,2,7
54101657,1,7
54101658,8,8
54101659,16,8
54101660,50,6
54101661,1856,1
54101662,5,8
54101663,2,9
54101664,25,7
54101666,2,9
54101667,6,7
54101668,1,9
54101669,15,9
54101672,2,9
54101671,23,7
54101670,2,9
54101673,1,7
54101674,7,7
54101675,2,8
54101676,2,7
54101677,99,5
54101678,27,7
54101679,2,8
54101681,3,6
54101680,17,5
54101682,112,5
54101713,42,9
54101711,5111,1
54101712,1921,0
54101714,26,7
54101715,18,8
54101716,53,6
54101717,48,5
54101718,266,3
54101719,2,7
54101720,49,6
54101721,16,7
54102017,88,5
54102018,13,5
54102019,1861,1
54102020,1106,0
54102021,12,9
54102022,6635,0
54102024,11,9
54102025,80,5
54102026,12,7
54102027,12,8
54102028,11,7
54102029,2,7
54102499,12,8
54102500,11,8
54102501,21,7
54102502,46,6
54102513,4,8
54102514,2,7
54102516,21,7
54102515,11,8
54102517,17,8
54102520,22,7
54102518,11,9
54102521,20,6
54102831,2772,0
54103183,1,7
54103184,20,8
54103185,20,7
54103186,53,7
54103187,2806,0
54103332,1459,1
54103333,11,7
54103334,23,7
54103335,105,5
54103603,2923,1
54103604,3,9
54103878,36,4
54104070,70,5
54104071,13,9
54104270,1833,0
54104548,937,3
54104552,3656,0
54104719,55,5
54103879,1,8
54104072,2,7
54104073,183,2
54104075,9,8
54104074,9,8
54104248,98,4
54104249,\N,7
54104250,4,8
54104251,13,9
54104252,31,7
54104253,39,6
54104254,12,6
54104255,28,7
54104267,8,8
54104269,8,9
54104268,1,8
54104271,14,6
54104272,9,7
54104273,34,6
54104275,7,8
54104277,14,8
54104274,47,6
54104276,8,7
54104278,2,8
54104279,35,6
54104540,14,8
54104541,6,9
54104542,8,7
54104543,13,9
54104544,7,9
54104545,47,6
54104546,13,7
54104547,8,8
54104549,14,7
54104550,1476,0
54104551,12,7
54104553,11,8
54104554,31,7
54104555,50,6
54104556,8,7
54104557,7,9
54104718,4,9
54104720,10,7
54104721,3,6
54104724,77,5
54104723,10,7
54104841,12,9
54104842,10,9
54104843,78,5
54104844,5,3
54104845,29,7
54104846,45,6
54104847,31,7
54104848,8,7
54104849,1,8
54104850,9,6
54104851,32,7
54104852,170,5
54104890,1300,1
54104891,7,8
54104893,11,8
54104892,5,9
54104894,4,8
54104898,10,9
54104899,3652,2
54104900,1098,1
54104901,8,8
54104902,3987,1
54104905,32,4
54104904,4,8
54104906,8,8
54105093,9,7
54105094,8,8
54105096,10,8
54105095,7,8
54105097,4,8
54105098,1,8
54105099,10,8
54105101,24,6
54105100,2,7
54105103,9,6
54105102,3470,0
54105104,51,6
54105107,7,8
54105106,23,7
54105105,8,8
54105112,8,8
54105108,68,6
54105110,11,7
54105111,8,7
54105109,2,8
54105113,44,6
54105114,25,7
54105257,97,6
54105258,6,8
54105259,1,9
54105260,6,9
54105261,2544,1
54105262,7,8
54105263,1094,1
54105264,52,5
54105484,8,7
54105486,1,7
54105487,3,9
54105488,26,6
54105489,8,6
54105508,43,6
54105509,6,7
54105510,552,2
54105511,20,8
54105512,11,8
54105515,28,6
54105513,36,6
54105514,4,6
54105516,6,6
54105517,5,7
54105518,16,7
54105520,4,9
54105519,37,5
54105521,3,6
54105522,5,7
54105523,34,7
54105525,6,7
54105524,54,5
54105557,3,8
54105558,4,7
54105559,4,7
54105560,1464,0
54105561,36,7
54105985,54,7
54105986,69,5
54105990,2,7
54105989,5,8
54105987,4,9
54105988,25,8
54105991,4,9
54105992,4,7
54105993,3,8
54105994,34,7
54105995,3,7
54105997,3,7
54105999,3,7
54105996,7,7
54105998,4,8
54106001,23,8
54106002,47,7
54106003,22,7
54106082,92,6
54106081,24,8
54106089,2,9
54106289,8045,0
54106288,7,8
54106290,2,8
54106294,50,6
54106303,1857,0
54106308,27,7
54106312,33,7
54106534,183,4
54106541,2,9
54106630,49,5
54106739,3533,0
54106740,86,5
54106741,1,9
54109628,4570,0
54142823,2145,0
54211502,9,8
54231242,11,8
54106083,727,1
54106084,\N,6
54106085,16,7
54106087,3,8
54106088,10,8
54106292,21,7
54106293,\N,6
54106295,8,7
54106296,169,4
54106297,24,6
54106298,1,4
54106300,22,8
54106299,9,7
54106301,31,7
54106302,7,8
54106304,25,8
54106305,2,9
54106306,2,9
54106307,35,7
54106311,47,6
54106310,728,1
54106336,119,4
54106337,3,8
54106338,85,5
54106339,1,9
54106340,1,9
54106341,20,7
54106343,20,6
54106344,3,8
54106342,2,7
54106345,1,7
54106346,24,6
54106347,1,7
54106530,4,5
54106531,1,8
54106532,13,6
54106533,1564,2
54106535,8,9
54106536,8,8
54106537,3,7
54106538,1883,0
54106539,7,7
54106540,2,8
54106542,21,8
54106567,22,7
54106566,4217,0
54106564,6,9
54106565,2,8
54106568,3,9
54106569,3,6
54106570,86,4
54106572,2,8
54106571,4,9
54106573,2,9
54106574,1,8
54106577,2,8
54106576,35,7
54106575,1,8
54106578,2,8
54106579,4,6
54106580,56,6
54106586,18,8
54106585,45,6
54106587,31,7
54106591,25,7
54106594,1837,0
54106593,44,5
54106592,87,6
54106596,4,9
54106595,4,7
54106628,13,7
54106629,20,8
54106742,143,5
54106752,28,7
54107791,23,7
54107792,21,7
54107794,17,7
54109176,1252,0
54110047,4010,0
54114206,54,6
54225498,\N,9
54231241,6,9
54107793,24,7
54107795,81,5
54109175,20,5
54109177,18,7
54109179,39,7
54109178,8,8
54109941,4,7
54109942,9,7
54109943,8,8
54110046,14,9
54110048,12,7
54110049,4,8
54110050,4,8
54110051,6,6
54110052,14,7
54110053,3,7
54110054,17,7
54110055,4,6
54110056,14,6
54110057,1,7
54110058,13,8
54110059,5,7
54110060,3,8
54110061,1,9
54110062,1,7
54110063,5,8
54110064,3,9
54110065,14,7
54110066,2,7
54110067,2,9
54110068,30,8
54110070,3,7
54110069,11,8
54110071,36,8
54110072,48,6
54110073,9,8
54110074,5,9
54110075,188,3
54110077,10,7
54110076,2,8
54110078,1559,2
54110079,5,5
54110080,9,8
54110081,4,9
54110082,2,7
54110083,14,8
54110084,7,7
54110085,13,8
54110086,12,7
54110087,55,5
54110088,21,8
54110090,1325,3
54110089,82,5
54110091,11,8
54110456,227,3
54110458,485,2
54110457,204,3
54110459,7,9
54110460,2,8
54110690,3,8
54110691,417,2
54110692,24,7
54110693,5,8
54110694,1,7
54110695,6,8
54110696,69,6
54110697,10,7
54110698,52,6
54110699,1102,2
54111240,54,6
54111242,2,7
54111243,1703,0
54111244,319,3
54111245,44,6
54111246,10,8
54111247,2,8
54111248,4,8
54111249,1,8
54111250,19,6
54111251,17,7
54111252,113,5
54111254,12,8
54111256,15,7
54111258,13,8
54111259,44,6
54111260,1,6
54111261,28,8
54111263,69,5
54111262,3312,0
54111264,8,8
54111265,35,7
54111266,12,7
54111267,1841,0
54111268,8,8
54111269,5,7
54111270,128,4
54111271,11,8
54111272,27,7
54111273,27,7
54111274,3,8
54111275,12,8
54114197,27,7
54114196,189,4
54114198,10,7
54114200,2610,0
54114201,34,6
54114202,3,9
54114203,25,6
54114205,46,5
54114204,7,8
54114207,3,8
54114208,4,8
54114209,3,9
54114210,3,8
54115822,67,5
54115823,38,6
54115824,3,7
54115825,60,5
54115827,4,6
54115829,22,7
54115830,3690,0
54115832,10,7
54115834,100,4
54115833,91,5
54115835,1507,1
54115836,2,7
54115837,3,5
54115838,114,5
54115839,1,6
54115840,945,2
54115841,6,9
54115842,1093,0
54117561,1304,1
54117560,11,8
54117562,17,6
54117563,26,7
54117566,14,8
54117564,11,8
54117565,9,8
54117567,2315,0
54117569,1,7
54117570,1103,2
54117571,4,7
54117576,83,5
54117575,2066,1
54121874,4044,1
54117577,2,4
54117578,58,5
54117579,22,6
54117581,1103,1
54117582,38,6
54117583,20,8
54117584,7,8
54117585,1,9
54117596,2,6
54117597,10,8
54117599,2,7
54117598,2,9
54117600,4,8
54117601,29,8
54117602,30,6
54117603,1,8
54117604,23,6
54117605,8,8
54117606,12,7
54121893,34,6
54121895,24,6
54121894,14,8
54121896,58,6
54121897,29,7
54121898,5018,0
54121899,4,8
54121900,21,7
54121901,4,8
54121902,33,6
54121903,6,7
54121907,36,5
54121904,7,9
54121906,89,5
54121905,58,6
54121908,4,8
54121909,22,7
54122189,6199,0
54122190,58,5
54122191,10,7
54122192,7,7
54122193,23,6
54122195,2928,1
54122196,6,8
54122197,183,5
54122198,28,6
54122200,28,6
54122199,4,9
54122529,11,8
54122530,12,7
54122532,10,8
54122531,40,6
54122533,18,7
54122534,2,9
54122967,74,6
54123255,2,9
54125413,2,9
54125416,4388,0
54129169,1255,0
54131415,3508,0
54136773,60,6
54230520,2,9
54231240,1,8
54374338,14,8
54122970,25,7
54122968,12,4
54122971,5,7
54122969,1,7
54123251,26,8
54123252,34,7
54123253,1266,0
54123254,26,7
54123256,7,8
54123257,22,8
54123258,4,7
54123260,7,7
54123259,3298,0
54123261,17,6
54123263,19,7
54123262,16,8
54123264,81,5
54123265,17,7
54123266,20,7
54123267,130,5
54123268,38,7
54123269,14,8
54123270,13,8
54123271,2,8
54123272,4,7
54123273,3,7
54123274,8,6
54123275,13,7
54123425,42,6
54123426,4,8
54123427,3,7
54123428,6,7
54123430,4,6
54123429,16,7
54123431,6,7
54123432,3,8
54123433,4,8
54123625,3566,1
54123626,16,8
54123627,14,8
54123628,27,4
54123836,41,6
54123837,4,9
54124621,25,7
54124622,8,5
54125409,33,7
54125410,9,8
54125411,26,7
54125414,29,7
54125415,49,6
54125417,11,9
54125898,5394,0
54127344,18,8
54130038,61,5
54131385,4235,0
54131527,2752,0
54128184,1,6
54128963,21,6
54128964,3,6
54128965,5,7
54128966,4,7
54128967,16,8
54128968,8,8
54129170,6,7
54129172,28,7
54129171,14,7
54129173,12,7
54130035,8,7
54130034,38,6
54130036,1828,0
54130037,7,8
54130039,2138,1
54130040,16,8
54130042,2138,1
54130043,3,9
54130072,27,6
54130073,4,7
54130074,4,7
54130075,4,8
54130077,29,4
54130076,12,6
54130078,1,7
54130079,7,8
54130080,1,7
54130081,31,7
54130082,5,8
54130484,6,8
54130486,31,6
54130485,5,6
54130487,17,8
54130488,4,6
54130489,8,7
54130492,16,8
54130491,34,6
54130490,2,7
54130495,17,7
54130494,5,9
54130493,16,8
54130496,8,8
54130497,13,7
54130498,1,7
54130499,1,7
54130500,3,8
54130501,1,8
54130502,12,8
54130503,4,6
54130504,7,7
54130505,23,6
54130506,11,8
54130507,12,7
54130760,16,8
54130761,126,5
54130762,476,2
54130763,10,8
54130764,9,8
54130765,6,8
54130766,45,6
54130767,3,9
54131210,777,1
54131211,535,1
54131213,11,8
54131214,17,6
54131215,40,6
54131319,7,7
54131320,4,9
54131321,2,7
54131322,2,7
54131323,36,6
54131324,\N,8
54131325,6,7
54131326,10,4
54131327,8,8
54131345,4,7
54131346,64,5
54131347,3,8
54131348,28,7
54131349,1,9
54131350,5,6
54131351,10,7
54131352,1,6
54131353,3,7
54131354,7,7
54131355,14,8
54131384,2,7
54131386,8,7
54131387,33,7
54131388,55,4
54131389,2,9
54131390,11,8
54131391,37,6
54131413,10,9
54131414,3991,0
54131483,766,2
54131485,190,3
54131484,57,6
54131486,97,6
54131528,469,3
54131529,5,5
54131530,1,7
54131531,266,4
54131586,3,6
54131585,4,7
54131587,3,6
54131588,10,7
54131589,30,6
54131590,1275,2
54131591,175,4
54131592,35,7
54131734,10,8
54131736,1736,0
54132043,976,2
54132044,3157,0
54132046,7,8
54353703,29,7
54131737,15,6
54131738,6,6
54131739,5,4
54131740,37,6
54132045,26,7
54132047,19,7
54132048,17,8
54132049,5,7
54132066,2,7
54132068,7,7
54132067,12,9
54132069,17,7
54132070,37,6
54132071,53,6
54132072,2933,1
54132073,10,7
54132074,7,8
54132075,4,7
54132076,11,9
54132077,27,6
54132078,4,7
54132079,2,8
54132080,16,8
54132108,48,6
54132109,5,7
54132110,41,6
54132111,37,6
54132112,1113,0
54132113,23,7
54132114,2930,0
54132115,17,8
54132116,4,7
54132117,7,9
54132119,2,8
54132118,15,8
54132233,1,7
54132232,160,4
54132420,3933,0
54132421,3,9
54132423,5,7
54132422,1090,1
54132424,14,8
54132425,13,8
54132426,86,6
54132430,15,9
54132429,2,8
54132428,2,8
54132431,2,8
54132432,3,8
54132433,1,6
54132434,3,8
54132436,24,8
54132437,1,7
54132435,18,7
54132438,1,7
54132439,3,7
54132511,6267,0
54132512,3,8
54132513,1,7
54132514,10,6
54132515,9,7
54132968,12,7
54132969,16,8
54132971,23,7
54132972,4,7
54132973,29,7
54132974,29,7
54133135,62,5
54133136,19,8
54133137,23,7
54133138,33,7
54133142,38,6
54133143,13,7
54133409,20,7
54133937,2712,0
54133938,33,6
54134953,160,5
54135143,137,5
54231706,2,7
54134093,37,6
54134094,13,3
54134095,19,6
54134096,35,8
54134394,18,7
54134395,18,6
54134396,57,7
54134397,39,6
54134398,5,8
54134541,370,1
54134542,4,7
54134543,3,6
54134544,5,8
54134545,11,5
54134548,1,7
54134547,5,6
54134546,6,9
54134549,1,7
54134550,3,8
54134552,173,5
54134553,20,8
54134554,37,6
54134555,7,9
54134556,7,7
54134659,12,8
54134657,11,8
54134658,8,8
54134660,3,8
54134661,68,5
54134662,11,9
54134663,177,2
54134664,3,7
54134666,344,1
54134665,3,8
54134667,17,7
54134668,17,8
54134669,14,8
54134670,21,7
54134935,11,7
54134936,18,7
54134937,15,7
54134938,11,8
54134939,1,9
54134940,2370,0
54134941,5,8
54134943,1,9
54134942,7,8
54134945,11,7
54134944,4,7
54134946,15,7
54134947,1,7
54134948,4754,0
54134949,35,6
54134950,2,9
54134951,42,6
54134952,21,7
54134954,2,8
54134956,11,7
54134955,2,9
54135135,36,7
54135136,428,3
54135137,4,7
54135138,34,5
54135139,11,8
54135140,20,8
54135141,5,8
54135142,1377,2
54135144,1120,0
54135145,20,7
54135420,22,7
54135421,25,7
54135423,17,8
54135422,12,7
54135424,15,6
54135425,24,7
54135426,2,8
54135427,58,5
54135428,10,8
54135430,4,8
54135432,1,8
54135431,10,7
54135429,3,8
54135433,12,7
54135434,33,6
54135436,2,9
54135435,9,9
54135437,5,7
54135438,5,8
54135547,12,7
54135546,11,8
54135545,2,8
54135548,5468,0
54135549,81,5
54135550,12,7
54135551,2,7
54135552,2,9
54135553,3,8
54135783,977,2
54135785,1,6
54135784,4,6
54135786,71,5
54135787,2,7
54135788,24,7
54135789,6,8
54135790,12,8
54136183,19,7
54136182,2,8
54136184,22,7
54136185,1,6
54136186,5,9
54136187,1,8
54136188,28,7
54136190,14,8
54136189,1118,1
54136192,72,6
54136195,3678,1
54136191,54,6
54136194,16,8
54136193,2,7
54136196,18,8
54136197,6,8
54136198,7,8
54136199,8,7
54136200,1650,0
54136202,10,7
54136203,1,7
54136201,3915,0
54136204,38,6
54136472,9,7
54136471,33,6
54136473,3,7
54136474,1,8
54136475,5,8
54136476,68,5
54136479,4,8
54136478,8,8
54136477,32,7
54136753,100,5
54136754,102,5
54136755,24,7
54136756,4,9
54136757,13,7
54136758,921,2
54136759,866,2
54136760,34,7
54136761,4,7
54136762,1,9
54136763,\N,7
54136764,40,7
54136765,23,6
54136766,2,7
54136767,12,7
54136768,11,8
54136769,13,7
54136770,2,9
54136771,27,8
54136772,4368,0
54136774,71,5
54137136,9,7
54137137,52,6
54137138,53,7
54137139,26,6
54137141,24,6
54137142,4,7
54137143,12,7
54137144,57,6
54137145,14,7
54137440,14,7
54137441,10,8
54137442,11,8
54137443,2,7
54137444,4,8
54137445,8,8
54137446,1,7
54137447,11,8
54137448,7,8
54137449,7,9
54137450,1335,0
54137451,16,7
54137452,1,7
54137453,3,8
54137454,6,4
54137505,31,7
54137506,13,7
54137509,25,4
54137510,7,9
54137511,7,7
54137512,24,7
54137790,1669,1
54137791,1775,2
54137792,9,8
54137793,48,6
54137794,5,9
54137795,11,7
54137796,1,8
54137798,24,7
54137800,27,7
54137801,5,9
54137803,3,9
54137805,27,7
54137806,19,6
54137807,5865,0
54137809,3095,0
54137810,10,8
54137811,969,1
54137808,2,9
54137812,48,6
54137813,5,8
54138303,4,7
54138305,9293,0
54138306,1,7
54138307,146,4
54138308,35,7
54138311,3,9
54138317,2,9
54138694,68,6
54138696,24,6
54138699,55,5
54138702,360,3
54138700,1507,1
54138701,28,6
54139078,4,9
54139088,1504,0
54139089,2111,1
54139097,8,7
54142824,4408,1
54144272,63,6
54145583,4611,1
54225505,\N,7
54230519,1,9
54279030,58,5
54433564,6614,1
54440308,\N,8
54137799,16,7
54137802,1,8
54137804,10,8
54138304,4,6
54138309,144,4
54138310,29,7
54138312,14,8
54138313,13,8
54138314,15,8
54138315,7,8
54138316,7,7
54138693,7,5
54138695,3,7
54138697,3,9
54138698,39,6
54138704,1469,0
54138705,7,8
54138709,4,8
54138707,4,7
54138708,4,9
54138706,10,8
54138710,2,7
54138711,19,8
54138712,2,6
54138713,19,7
54138714,7,6
54138715,13,8
54139074,9,7
54139075,2,9
54139076,35,6
54139077,14,8
54139079,62,6
54139080,32,7
54139081,18,6
54139082,42,6
54139083,21,6
54139084,14,8
54139085,6,7
54139086,4371,0
54139087,6,8
54139090,18,7
54139091,28,7
54139092,2,7
54139093,1,5
54139094,16,6
54139095,4,7
54139096,31,7
54139098,8,8
54139313,26,7
54139314,46,5
54139315,54,6
54139316,6,7
54139317,1,8
54139318,2,5
54139319,1,6
54139670,176,4
54139672,2,9
54139671,25,8
54139844,58,6
54139846,4,8
54139847,4,7
54139999,9,7
54140163,10,8
54142541,12,7
54142826,1556,1
54142827,23,6
54142836,7,7
54143559,147,5
54144229,4179,0
54144371,73,5
54147131,5,8
54150700,2452,0
54153045,51,6
54425756,\N,9
54142825,30,8
54142828,7,4
54142829,9,8
54142830,5,7
54142831,5,8
54142832,10,5
54142833,1,7
54142834,1,9
54142835,1110,0
54142837,5,9
54142840,19,7
54142839,17,8
54142838,12,8
54142841,12,8
54143218,15,8
54143219,23,7
54143220,6,7
54143221,7,8
54143222,1,7
54143223,1,8
54143413,7,7
54143415,25,7
54143416,2,7
54143417,3,7
54143418,9,8
54143419,12,8
54143420,1694,1
54143423,4058,0
54143421,2741,0
54143422,31,6
54143550,61,5
54143551,9,7
54143552,13,8
54143553,16,7
54143554,3,7
54143555,6,8
54143556,37,5
54143557,1,7
54143558,93,6
54143560,2849,0
54143561,46,6
54143563,42,6
54143564,5,8
54143565,29,6
54143567,3,8
54143566,10,8
54143568,15,7
54143569,9,7
54143570,14,8
54144098,6,7
54144097,2,8
54144103,5815,0
54144104,36,7
54144105,21,6
54144106,179,5
54144232,25,7
54144230,7,6
54144231,2,8
54144233,1,4
54144234,7,8
54144238,11,8
54144236,25,6
54144237,31,7
54144235,22,6
54144240,717,2
54144239,36,8
54144271,5,8
54144270,6,8
54144273,10,7
54144284,16,7
54144285,29,7
54144286,1648,1
54144287,4,8
54144288,34,7
54144289,17,7
54144290,22,8
54144291,10,7
54144292,3,7
54144293,6,7
54144294,35,7
54144295,23,7
54144296,10,7
54144297,4,7
54144298,7,8
54144299,5,6
54144372,1,6
54144373,12,5
54144374,56,6
54144375,3294,0
54144376,32,7
54144917,5,7
54144916,14,8
54144918,11,7
54144920,21,7
54144919,27,7
54144921,3,8
54144922,1673,2
54144923,585,2
54144925,42,6
54144924,80,5
54144926,1349,3
54144927,3,7
54144928,11,7
54144929,72,5
54144930,5,8
54144931,7,7
54144932,8,8
54144933,15,8
54144934,185,4
54144935,88,5
54145072,35,6
54145073,2,8
54145074,13,8
54145075,3,7
54145076,2904,1
54145078,32,6
54145077,20,8
54145079,31,7
54145080,12,9
54145081,706,2
54145082,117,4
54145083,1306,0
54145084,15,6
54145085,27,7
54145086,3,7
54145087,241,3
54145088,8,6
54145208,5,6
54145209,55,5
54145211,30,7
54145210,5,8
54145212,1478,1
54145460,681,3
54145461,18,8
54145462,119,5
54145463,30,6
54145464,13,7
54145465,19,7
54145466,56,6
54145467,8,9
54145469,34,7
54145468,2,9
54145470,8,8
54145471,8,7
54145472,1093,0
54145473,32,7
54145571,58,7
54145570,187,4
54145572,2204,0
54145573,22,7
54145574,10,8
54145577,13,8
54145576,4,8
54145575,26,8
54145578,25,7
54145579,16,6
54145580,24,8
54145581,18,8
54145584,6,8
54145582,62,5
54145585,4,8
54145775,95,5
54145776,16,7
54145777,5,7
54145780,7,8
54145778,119,4
54145782,2,8
54145784,39,7
54145783,63,6
54146076,5,8
54146233,1099,1
54146676,43,6
54149825,215,4
54157354,2389,0
54231707,1,9
54499714,\N,8
54145779,5,7
54145781,8,7
54145785,25,5
54146072,2425,0
54146073,145,5
54146074,2,6
54146075,17,7
54146077,20,7
54146234,162,4
54146670,7,8
54146671,2,7
54146669,2,9
54146673,1,8
54146674,7,7
54146672,13,8
54146675,1,9
54146677,42,7
54146678,9,9
54146680,6,8
54146681,2,8
54146682,18,7
54146679,12,7
54146683,13,6
54146684,21,6
54146685,3,8
54147128,112,4
54147129,18,8
54147133,18,7
54147130,2,9
54147132,1,8
54147134,10,7
54147135,25,6
54147137,9,8
54147136,21,7
54147138,2,7
54147139,3,8
54147140,2,7
54147407,1113,0
54147408,30,6
54147409,12,8
54147410,3,8
54147411,23,8
54147412,51,5
54147684,3117,0
54147685,4,6
54147751,189,2
54147750,2,8
54148202,2062,0
54148786,88,4
54149826,1,6
54149827,2,7
54150701,2,5
54150702,32,7
54150703,6,8
54150704,\N,7
54150705,223,3
54151571,7,7
54151572,13,8
54151574,18,6
54151573,14,7
54152388,11,7
54152394,1249,0
54152393,11,9
54153120,49,5
54153121,12,7
54153126,116,4
54158258,25,8
54160403,37,5
54161063,4046,0
54161704,3241,0
54231708,1,9
54297314,1212,2
54440309,\N,7
54499715,\N,8
54151575,25,7
54152390,26,8
54152389,27,6
54152391,46,6
54152392,2,7
54152395,23,7
54153123,48,6
54153122,21,8
54153124,18,4
54153125,48,6
54153127,19,6
54153129,11,8
54153128,4699,0
54153130,10,8
54153131,13,8
54153132,20,7
54153134,2,8
54153133,24,8
54153135,8,7
54153136,18,7
54153137,10,8
54154694,11,7
54154693,4,8
54154695,1,6
54154697,130,3
54154696,9,8
54155282,18,8
54155283,19,8
54155285,6,7
54155286,3971,0
54155284,11,8
54155619,16,7
54155620,2,8
54156742,6,7
54156743,9,8
54156744,117,4
54156745,2,8
54156746,2200,0
54156747,83,5
54156748,67,6
54156749,20,7
54156750,178,4
54157345,3311,0
54157346,6,8
54157347,13,7
54157348,33,7
54157349,189,4
54157350,6,7
54157351,3,7
54157352,2,7
54157353,2,8
54157355,20,5
54157356,14,8
54157357,2,8
54157358,27,6
54157820,1,6
54157821,86,6
54157823,18,6
54157824,30,6
54157827,26,7
54157826,11,7
54157825,11,7
54157828,2,8
54157829,17,7
54158067,5396,0
54158068,29,7
54158069,1128,0
54158070,6495,0
54158071,2781,0
54158072,10,7
54158073,14,7
54158075,5,8
54158074,3,8
54158076,2860,1
54158251,4,7
54158252,17,7
54158253,3210,0
54158255,22,7
54158254,2,8
54158256,1,7
54158257,265,5
54158259,4753,1
54158260,61,6
54158261,3,8
54159392,1126,1
54159393,8,9
54159394,9,7
54159395,10,7
54159396,2,8
54159397,5,8
54159398,17,6
54159399,22,7
54159400,4,8
54159401,37,3
54159402,8,8
54159403,16,4
54159404,2,8
54159405,1322,0
54159406,4,8
54159407,5,7
54159408,6,8
54159409,5,8
54160163,6,9
54160164,4,7
54160165,8,8
54160166,2923,2
54160167,1214,0
54160168,19,8
54160170,25,7
54160169,77,6
54160171,29,5
54160402,677,2
54160404,123,4
54160406,57,5
54160407,15,8
54160409,11,8
54160408,3,8
54160713,12,8
54160717,24,6
54160718,5,7
54160716,55,7
54160719,31,7
54161062,12,8
54161064,1991,0
54161065,2192,0
54161066,3,8
54161070,1,9
54161317,5,7
54161705,2710,0
54165398,107,5
54167161,33,5
54175297,210,3
54160715,48,6
54160714,18,9
54161067,18,7
54161068,2359,0
54161069,3,6
54161071,3,8
54161316,14,9
54161318,66,5
54161706,12,9
54161707,14,8
54161708,29,5
54161709,6,8
54161710,5,8
54161734,20,7
54161735,1131,0
54161773,2952,0
54161774,14,3
54161777,26,7
54161861,1896,2
54162239,139,5
54162240,10165,0
54162243,199,4
54162245,19,7
54162300,3273,1
54162298,13,9
54162299,3,7
54162712,14,8
54163649,17,8
54164553,55,6
54164555,11,7
54165396,11,8
54165647,26,6
54165648,13,7
54165797,46,5
54166590,3643,2
54171604,2874,0
54191242,71,5
54164554,2,6
54164556,5,7
54165113,11,8
54165114,11,8
54165115,3,8
54165397,559,2
54165399,5,7
54165798,5,8
54165799,11,8
54165800,2,7
54165801,63,5
54166171,1891,1
54166172,32,6
54166173,2934,0
54166174,24,7
54166175,7,8
54166389,4,8
54166390,1228,0
54166391,13,9
54166392,55,7
54166395,21,8
54166588,70,5
54166589,3,7
54166591,12,7
54166592,2,8
54166593,22,8
54166594,4,6
54166595,6,6
54166596,39,6
54166597,4920,0
54166598,155,4
54166599,65,7
54166600,1096,0
54166826,8,8
54166827,152,3
54166829,146,4
54166830,5,7
54167162,6,8
54167163,13,7
54167164,5,8
54167165,2,8
54167167,13,7
54167168,3,9
54167169,4,7
54167170,1088,1
54167171,6,7
54167172,6,8
54167173,8,8
54167174,4,9
54167175,2,9
54167176,7,7
54167559,114,4
54167560,8,7
54167561,61,6
54167562,3,7
54168303,20,8
54168304,6,7
54168305,115,5
54168783,8,8
54168784,2066,0
54168785,4,8
54169405,5,9
54169408,2,7
54169409,85,5
54169410,2,7
54169411,109,4
54169951,3126,0
54169952,49,6
54169955,2108,0
54169954,7,6
54169953,23,8
54170845,21,8
54170846,2,7
54170847,1,8
54170848,2224,0
54170849,1,8
54170851,68,5
54171307,4,7
54171308,21,7
54171311,33,6
54171310,4015,1
54171313,49,5
54171309,4,8
54171312,20,8
54172536,1447,2
54178641,2970,0
54189755,2427,0
54499717,\N,8
54171605,4178,0
54171606,13,7
54171754,2,7
54171755,2895,1
54171756,3,9
54171757,36,6
54171758,6,8
54171997,8,8
54171998,1,7
54172000,4093,0
54171999,1,6
54172537,\N,9
54173186,25,8
54173751,5140,0
54174523,36,7
54174525,39,6
54174524,15,7
54175299,4,7
54175298,2,7
54175300,1,5
54175819,9,7
54175821,40,6
54175820,18,7
54175822,10,8
54176598,14,7
54176599,4,7
54176993,944,2
54176995,35,6
54176997,3,9
54177361,3281,0
54177601,19,9
54178150,47,5
54178157,14,8
54178639,53,5
54225502,1708,0
54176994,2,7
54176996,102,4
54177360,1,6
54177362,30,7
54177363,26,7
54177364,2299,0
54177596,13,8
54177597,13,7
54177598,9,8
54177599,2854,1
54177600,5,7
54177977,6,8
54177978,13,7
54177979,1,8
54177980,1,8
54177982,54,7
54177981,4,7
54177983,28,6
54177984,16,7
54177985,28,7
54177986,45,7
54177987,1468,0
54177988,1,8
54177989,904,2
54177990,4,7
54178144,4,7
54178145,7,8
54178146,1484,0
54178147,27,7
54178149,68,6
54178148,8,7
54178151,2,8
54178152,624,2
54178153,2,8
54178154,5,7
54178156,6197,0
54178155,4448,1
54178158,9,8
54178635,66,5
54178637,61,6
54178636,122,4
54178638,30,7
54178640,1925,1
54178642,8,9
54178643,3,7
54178644,5,7
54178988,54,6
54178989,9,6
54178990,34,6
54178991,112,4
54178993,151,5
54178994,147,5
54178995,8,7
54178996,1,7
54179000,5729,0
54178998,1218,0
54178997,81,6
54178999,6230,1
54179002,2,9
54179001,4,7
54179304,174,5
54179305,16,8
54179306,2,8
54179307,2,7
54179308,29,7
54179309,6,8
54179896,64,5
54179897,34,6
54179894,31,6
54179893,3,8
54179895,30,6
54179898,566,2
54179899,5,8
54183799,13,7
54183800,8,7
54183801,8,8
54183802,20,7
54183804,20,7
54183805,49,6
54183803,2,8
54183806,2,7
54184276,36,5
54184277,1706,1
54184278,175,4
54184279,8,8
54184280,150,4
54184281,3307,1
54184282,735,2
54184283,2,8
54184284,4,6
54184285,4,8
54184707,3126,0
54184709,4,8
54184708,64,5
54184711,116,5
54184710,23,8
54184712,4,6
54184713,3,8
54185129,4432,0
54185132,3,6
54185130,5,9
54185131,26,6
54185133,5502,0
54185134,24,6
54185135,133,5
54185136,879,2
54185139,148,5
54185138,48,5
54185137,21,8
54185141,42,6
54185140,237,3
54185142,4,8
54185144,3,9
54185143,2,9
54185145,46,6
54185580,2601,0
54185582,4637,0
54185581,52,6
54185583,50,5
54185584,1,8
54185791,2,7
54185792,38,7
54185793,7,8
54185794,25,7
54185796,27,9
54186208,30,6
54186209,17,8
54186210,49,5
54186212,24,7
54186213,1527,0
54186215,6,9
54186214,9,8
54186657,139,4
54186659,2931,1
54186663,760,2
54186661,7,9
54186660,22,7
54186922,2552,2
54186945,9,8
54187633,5,9
54188100,7637,2
54188101,8,9
54188103,5299,0
54189957,1013,0
54190301,5641,0
54190302,123,6
54191332,6929,0
54191835,325,3
54191839,20,8
54194976,2451,0
54225504,1,7
54235672,202,4
54421082,2,8
54423508,1,8
54186211,12,9
54186658,13,8
54186662,7,8
54186664,32,6
54186666,23,6
54186921,25,6
54186946,41,6
54186947,4,8
54187632,114,5
54187638,1351,2
54188099,584,1
54188102,49,5
54189754,10,8
54189756,2,8
54189757,1,6
54189958,14,8
54189959,134,3
54189960,65,5
54189961,13,6
54190077,374,2
54190078,271,4
54190079,13,8
54190080,10,7
54190298,108,5
54190299,71,5
54190300,13,7
54190303,10,5
54190304,93,5
54190305,5,8
54190306,39,6
54190783,17,7
54190784,17,7
54190785,749,2
54190786,10,8
54190787,18,7
54190788,1087,1
54190789,14,7
54190790,16,7
54190791,1,7
54190794,31,7
54190792,194,3
54190793,218,4
54190795,10,8
54191243,59,5
54191244,27,7
54191245,24,6
54191246,8,8
54191247,16,7
54191248,5,7
54191249,16,8
54191250,8,8
54191251,101,5
54191252,92,5
54191253,8,9
54191333,10,7
54191334,13,7
54191335,6,6
54191336,1,8
54191337,8,8
54191338,6,8
54191340,26,8
54191339,27,7
54191341,3,9
54191777,55,5
54191342,15,8
54191344,919,2
54191343,93,5
54191346,671,3
54191779,4044,0
54191780,107,5
54191778,9,9
54191832,1119,0
54191833,4,9
54191834,7,8
54191836,56,5
54191838,4,9
54191837,9,7
54191844,4,8
54191846,156,4
54191847,2250,0
54191849,180,5
54191853,7,8
54192169,5,8
54192170,5,8
54192173,131,4
54192179,6,8
54192207,1600,0
54192208,8,8
54193346,134,4
54198508,974,2
54212933,1537,0
54244192,3241,0
54265623,90,4
54191345,11,7
54191781,9,8
54191782,18,7
54191831,30,6
54191840,25,7
54191841,3,6
54191842,1,9
54191845,5,5
54191843,17,7
54191848,26,7
54191850,118,5
54191851,2,9
54191852,15,8
54192162,13,8
54192163,23,7
54192164,62,5
54192165,43,6
54192166,52,6
54192167,1187,0
54192168,12,7
54192171,24,8
54192172,2,7
54192174,57,5
54192175,57,6
54192176,15,7
54192177,5,7
54192180,9,8
54192178,3,9
54192181,84,4
54192182,122,5
54192183,8,8
54192184,7,8
54192186,1,7
54192187,1461,0
54192188,3288,0
54192189,88,5
54192190,4,8
54192201,125,4
54192202,2,8
54192203,8,7
54192204,6,7
54192205,3,6
54192206,4,9
54192210,23,6
54192209,5176,0
54192211,31,7
54192212,64,6
54192213,10,9
54192214,1,8
54192215,29,6
54192216,4,5
54192217,8,8
54192218,62,4
54192219,1637,0
54192742,25,7
54192743,1070,1
54192744,8,8
54192745,4,4
54192746,3,3
54192747,1,9
54192748,1,6
54192749,21,8
54192752,1,8
54192751,1,8
54192753,3863,0
54192754,10,8
54192756,2,6
54192757,7,8
54193332,10,8
54193333,1,7
54193334,20,8
54193335,6,8
54193336,8,8
54193337,7,8
54193338,13,8
54193340,19,7
54193339,21,7
54193341,8,8
54193342,6,9
54193343,55,4
54193344,5,7
54193345,30,4
54193347,16,5
54193348,7,8
54193349,28,7
54193830,61,5
54193831,50,6
54193832,33,7
54193834,4,8
54193833,4,8
54193835,31,7
54193836,3,7
54193838,17,7
54193837,27,8
54193839,7,7
54193840,24,7
54193841,13,8
54193842,36,6
54193843,22,7
54193844,3,8
54193845,3,8
54194313,116,5
54194324,20,7
54194325,3,8
54194336,1,8
54194337,98,5
54194338,11,7
54194339,24,7
54194340,12,7
54194341,16,8
54194342,3,6
54194343,28,5
54194344,35,5
54194345,6,8
54194346,3936,0
54194347,4,7
54194348,16,6
54194349,16,7
54194350,182,3
54194351,1,8
54194352,21,6
54194353,1,8
54194354,18,7
54194355,6,8
54194356,2,7
54194357,1,5
54194358,1,7
54194359,5,6
54194360,7,7
54194361,6,8
54194362,6,8
54194964,37,6
54194965,11,7
54194966,7,9
54194967,38,6
54194968,5,8
54194969,128,5
54194970,182,5
54194971,19,9
54194972,5,8
54194973,1,7
54194974,4,9
54194975,5,9
54194977,1,8
54194978,360,2
54194979,29,7
54194980,3,8
54194981,18,7
54194982,1,9
54194983,6,9
54194984,1,7
54195854,177,4
54195853,12,8
54195855,9,7
54195856,3,9
54195857,140,4
54195858,17,8
54195859,5820,0
54195860,1,8
54195861,14,9
54195862,1,9
54195863,5,8
54195865,30,7
54195864,6,9
54195866,37,6
54195867,23,7
54195868,176,5
54195869,2,8
54195871,20,8
54195870,179,4
54195872,4,8
54195873,3,8
54195874,16,6
54195875,14,8
54195877,16,8
54195876,23,8
54195878,6,8
54195879,45,6
54195880,2200,3
54195881,21,7
54195882,3,5
54195883,2,7
54195884,27,6
54195885,4,6
54195886,4265,0
54195888,47,6
54195889,4,9
54195890,22,7
54195891,46,6
54196367,1,8
54196368,200,4
54196397,2950,0
54196396,88,4
54196398,11,6
54196399,60,4
54196400,19,7
54196401,14,8
54196402,5,7
54196403,\N,8
54196404,89,4
54196405,5,9
54196406,58,4
54196407,2,7
54196408,5,9
54196409,26,7
54196410,2980,1
54196411,74,5
54196412,13,7
54196413,222,3
54196753,148,5
54196754,2,7
54196755,26,7
54196822,17,8
54196823,3286,0
54196824,18,7
54196825,1,9
54196826,63,5
54196827,1,7
54196851,5,8
54196853,2,8
54196852,2,9
54196854,21,6
54196855,2,7
54196856,30,7
54196857,1,9
54197589,79,5
54197590,74,5
54197591,169,4
54197673,83,5
54197672,3,7
54197671,15,7
54197675,27,6
54197674,14,8
54198191,2,8
54198192,82,5
54198193,2,7
54198194,17,8
54198199,22,6
54198380,4546,0
54198382,3,9
54199065,3038,0
54199511,26,7
54199630,1117,3
54200293,29,6
54200439,200,4
54200461,77,5
54202989,3110,0
54206536,4521,0
54209293,263,3
54209479,1,8
54209480,1,9
54214054,1187,0
54214058,119,5
54350900,84,4
54418795,2,7
54465621,3246,0
54519476,4066,0
54198195,28,6
54198196,11,8
54198197,1,7
54198198,1,7
54198201,1,7
54198200,13,8
54198375,7,7
54198381,7,7
54198383,2,8
54198384,2,8
54198385,2,9
54198509,40,6
54198830,22,7
54199256,2,7
54199510,2,7
54199807,13,7
54199808,12,8
54199809,5,9
54199810,2,8
54200002,7,8
54200003,21,7
54200004,13,7
54200005,10,7
54200006,152,4
54200007,5,7
54200294,10,7
54200295,95,5
54200296,3,7
54200297,45,7
54200298,129,4
54200300,5375,0
54200299,25,7
54200301,29,6
54200302,1,7
54200303,3,8
54200304,2,7
54200305,64,5
54200306,2,7
54200307,1,8
54200434,1108,0
54200437,3,7
54200435,1,8
54200436,2,7
54200438,15,7
54200440,8,7
54200445,11,8
54200444,13,8
54200446,19,7
54200447,46,6
54200448,12,8
54200449,2,9
54200450,12,7
54200451,3633,1
54200452,43,6
54200453,150,2
54200454,1,7
54200455,1539,0
54200462,3,7
54200464,1265,1
54200465,4,8
54200466,28,7
54200467,17,7
54200468,28,7
54200469,11,8
54200470,9,5
54200471,1,8
54200472,38,6
54200473,2984,0
54200474,2,8
54201454,10,7
54201455,11,8
54201456,890,0
54201458,3430,1
54201457,144,4
54201460,31,7
54201462,11,7
54201803,9,7
54201805,205,4
54201807,11,7
54201808,4,7
54201814,2183,0
54201816,38,6
54201817,32,7
54201822,1099,0
54202335,6093,0
54202338,38,6
54202337,2,9
54202997,30,7
54203006,1471,1
54203008,5879,1
54203007,164,5
54203011,28,6
54203020,8,8
54203021,35,6
54203023,60,5
54203024,6,8
54203025,6,8
54203029,66,5
54203037,10,7
54210564,31,6
54215638,1705,1
54216310,96,5
54231709,2,9
54236936,121,4
54374365,11,6
54419700,\N,8
54201459,26,7
54201461,8,8
54201804,2,7
54201806,18,7
54201809,7,8
54201810,5,7
54201812,456,3
54201811,3,6
54201813,2,8
54201815,9,7
54201819,7,8
54201820,2,9
54201821,7,9
54201823,2,9
54201824,1,7
54201825,1,9
54201826,2,8
54202329,10,8
54202330,22,7
54202331,359,2
54202332,37,5
54202333,21,7
54202334,1,7
54202336,2,7
54202339,1,7
54202341,59,6
54202340,5132,0
54202342,3,9
54202343,4,4
54202344,2,9
54202990,12,7
54202991,6,8
54202993,446,2
54202992,11,7
54202994,20,9
54202995,6,8
54202998,2,7
54202996,8,5
54202999,7,8
54203001,101,5
54203002,139,5
54203003,25,7
54203004,60,6
54203005,9,7
54203009,22,6
54203010,134,5
54203012,1469,0
54203013,108,4
54203015,20,7
54203014,15,7
54203016,10,7
54203017,23,7
54203018,19,7
54203019,38,6
54203022,16,7
54203026,5,5
54203027,38,5
54203028,60,6
54203030,59,6
54203031,26,7
54203032,189,4
54203033,182,3
54203034,9,8
54203035,768,2
54203038,1,8
54203701,3,6
54203700,1,6
54203702,16,6
54203703,52,6
54203704,57,7
54203705,20,7
54203706,5,8
54203707,2,8
54203708,202,5
54203709,27,6
54203710,13,5
54203711,18,7
54203712,7,7
54204643,3927,1
54204644,231,4
54204645,94,5
54204646,49,5
54204647,2,8
54204648,4,8
54204649,1,6
54204650,1,7
54204651,4,7
54204652,8,5
54204653,2,8
54204654,37,6
54204655,4,7
54204656,10,7
54204657,8,6
54205436,9,8
54205435,13,7
54205434,43,6
54205437,7,8
54205438,11,6
54205439,3,9
54205440,10,6
54205441,1,8
54205443,5,8
54205444,6,7
54205445,154,5
54205446,79,5
54205447,4,8
54205448,21,7
54206537,4,9
54206538,5469,0
54206539,3,7
54206541,17,8
54206540,\N,8
54206543,5,8
54206542,1,8
54206544,\N,5
54206545,2,8
54206546,3,8
54206547,18,7
54207046,1,8
54207047,8,8
54207048,45,4
54207049,55,5
54207050,35,6
54207052,18,7
54207053,8,9
54207054,2,8
54207055,2,8
54207056,8,8
54207057,2,9
54207058,2,6
54208038,2,8
54208039,2,9
54208040,2,9
54208041,36,7
54208042,3,8
54208043,8,6
54208044,5,7
54208045,1,8
54208046,4,7
54208048,22,7
54208049,1,7
54208047,5,9
54208619,4,6
54208623,30,6
54208622,14,7
54208621,8,8
54208624,3,8
54208625,1,9
54208626,5,8
54208628,30,6
54208627,22,6
54209215,49,5
54209218,1,7
54209217,\N,7
54209216,3,6
54209219,12,8
54209220,9,8
54209221,8,5
54209223,23,8
54209222,1564,1
54209294,3,8
54209295,6,8
54209296,27,7
54209297,5,8
54209298,15,8
54209302,13,6
54209303,6,6
54209300,21,8
54209301,3878,0
54209304,54,6
54209306,2,6
54209305,2,6
54209307,2,6
54209308,3,7
54209309,32,8
54209310,10,7
54209312,6,7
54209311,15,8
54209314,1087,1
54209481,35,6
54209482,17,7
54209483,2,7
54209484,1,7
54209486,36,6
54209485,214,4
54209487,59,5
54209488,707,1
54209490,2,8
54209491,35,6
54209492,14,7
54209493,10,8
54209494,11,9
54209495,25,8
54209496,3,8
54210292,3,7
54210291,105,4
54210293,2969,0
54210294,1263,0
54210295,17,7
54210929,33,6
54213618,699,1
54216190,2169,0
54217976,82,6
54231712,1,7
54513656,1,9
54210565,14,8
54210566,11,8
54210567,2,8
54210568,9,8
54210569,12,8
54210930,40,6
54210931,2,5
54211169,11,8
54211170,1,8
54211504,782,0
54211781,16,7
54212258,19,7
54212438,16,6
54212437,17,7
54212439,2,7
54212440,2,8
54212442,3,7
54212441,34,6
54212443,1,6
54212444,5,7
54212584,11,7
54212585,18,7
54212586,1219,1
54212588,19,7
54212589,12,6
54212587,\N,7
54212590,3,7
54212592,49,6
54212591,12,8
54212682,3,7
54212683,14,7
54212684,184,5
54212686,74,3
54212688,2924,1
54212687,9,6
54212689,16,7
54212690,3,7
54212691,3,6
54212692,15,7
54212693,29,7
54212694,3,9
54212695,1,7
54212696,5,7
54212697,6,8
54212698,1096,1
54212700,11,6
54212699,4,7
54212701,1582,1
54212924,9,7
54212925,11,8
54212926,5,8
54212927,8,8
54212928,35,6
54212929,6,9
54212930,1,9
54212932,2,8
54212931,9,7
54212934,13,7
54212936,33,6
54212937,10,8
54212935,2,7
54212938,11,7
54212939,33,6
54212944,6,7
54212943,2,8
54212941,11,7
54212942,4,8
54212940,14,8
54212945,4,7
54212946,3,7
54212947,69,5
54212948,2,8
54212949,1091,1
54213275,10,8
54213276,12,7
54213277,14,8
54213278,960,1
54213279,20,7
54213604,5,7
54213280,6,7
54213282,2,7
54213281,9,7
54213609,8,6
54213608,39,7
54213610,37,3
54213611,14,8
54213612,33,7
54213615,31,7
54213614,46,7
54213613,12,8
54213616,5,7
54213617,48,5
54213619,10,7
54213620,9,8
54213621,2,9
54213622,14,8
54213623,13,5
54213624,1,8
54213625,38,6
54213627,5,7
54213626,69,7
54213628,2,8
54213630,7,6
54213629,14,8
54213631,11,8
54213632,2,8
54213633,4,9
54213635,7,8
54213634,41,6
54213636,3,8
54213637,2,9
54214045,133,4
54214046,3,8
54214047,30,6
54214048,9,8
54214049,10,7
54214050,2966,0
54214051,1,7
54214052,1,7
54214053,4,7
54214055,37,6
54214056,9,9
54214057,12,8
54214059,9,7
54214060,2,8
54214061,2,8
54214062,4,7
54214063,25,7
54214064,8,7
54214066,11,7
54214065,3,9
54214715,2,8
54214717,3626,0
54214716,36,6
54214718,15,7
54214719,1458,1
54214720,12,8
54214721,7,8
54214723,68,6
54214722,\N,8
54214724,9,7
54214725,15,8
54214726,220,3
54214727,41,6
54214729,5,6
54214730,2,7
54214731,4,8
54215194,1,9
54215195,4,9
54215196,90,5
54215197,28,6
54215198,14,9
54215200,4690,0
54215207,190,3
54215206,14,8
54215212,20,7
54215213,12,7
54215215,68,5
54215216,88,5
54215218,2366,0
54215219,132,4
54215220,19,7
54215221,40,6
54215222,15,7
54215637,753,0
54215640,3651,2
54215641,6,8
54215642,11,7
54215644,36,6
54215650,12,7
54215651,1,9
54215653,11,8
54215654,4,8
54215656,28,6
54216176,2784,0
54216183,11,7
54216187,3389,0
54216188,5,8
54216274,9,6
54216313,2184,1
54216337,\N,6
54217966,41,7
54217980,1,9
54218572,104,4
54218579,38,6
54218581,38,5
54228659,136,5
54231711,13,7
54347538,1209,3
54420786,5,7
54423319,\N,5
54425757,\N,9
54499713,\N,8
54215192,8,6
54215193,11,7
54215199,10,7
54215201,6,7
54215202,6,8
54215203,3,6
54215204,13,7
54215205,6,4
54215208,17,7
54215209,13,8
54215210,11,8
54215211,10,8
54215214,3,9
54215217,1532,0
54215643,14,7
54215645,21,7
54215646,13,8
54216173,28,6
54215647,40,6
54215648,40,6
54215649,94,4
54215655,30,7
54216177,1596,1
54216178,117,5
54216179,9,7
54216180,2,7
54216181,8,9
54216182,12,7
54216184,3,9
54216185,11,7
54216186,14,7
54216189,6,4
54216191,1106,4
54216269,3,8
54216270,3392,0
54216272,4,9
54216273,4,7
54216271,6,7
54216275,6,6
54216276,10,7
54216277,2,7
54216306,4423,0
54216309,29,7
54216311,3315,0
54216312,13,8
54216314,917,2
54216317,11,8
54216316,5,8
54216315,128,4
54216318,8,8
54216319,4,8
54216320,37,6
54216321,8,8
54216322,10,8
54216325,4,7
54216324,6,7
54216323,42,6
54216326,7,6
54216327,2,8
54216328,2,9
54216329,10,8
54216330,9,7
54216331,35,6
54216332,5,8
54216333,5,8
54216334,26,7
54216335,1,6
54216336,2,5
54216338,1,7
54216339,2,6
54216340,20,7
54216341,1,8
54216343,7,8
54216342,1716,3
54216368,5,7
54216369,4,7
54216370,2,8
54216371,19,7
54216372,934,1
54216373,6,7
54216375,35,7
54216374,6,9
54216376,1,6
54216377,13,8
54216378,14,8
54216381,12,8
54216379,33,7
54216383,24,8
54216380,9,9
54216382,5,7
54216384,1,9
54216385,24,7
54217192,24,6
54217194,5,8
54217193,24,7
54217195,16,6
54217196,2,8
54217190,4,8
54217191,2,7
54217197,6,7
54217198,5,7
54217199,3,6
54217947,37,6
54217948,3,8
54217949,26,6
54217950,4,7
54217951,3,8
54217952,1260,0
54217953,4,7
54217954,35,7
54217955,7,8
54217956,21,8
54217957,8,8
54217958,3,7
54217959,8,4
54217960,3,7
54217961,4,7
54217962,22,6
54217963,3,7
54217964,1316,1
54217967,6,8
54217968,7,7
54217969,228,4
54217970,38,5
54217971,65,6
54217972,1,8
54217973,1482,0
54217974,14,8
54217975,4,9
54217977,1,7
54217979,1298,0
54217981,120,5
54217983,4697,0
54217984,153,4
54217985,57,6
54217986,56,6
54217987,28,6
54217988,1,7
54218571,2,9
54218573,19,8
54218574,25,8
54218575,2,7
54218576,12,8
54218577,21,7
54218578,4,8
54218580,10,7
54218582,4,7
54218583,15,6
54218584,12,7
54218585,3,7
54218586,18,8
54218587,4,8
54218588,2,6
54218589,17,7
54218590,1092,0
54218591,9,7
54219280,21,8
54219282,5,7
54219283,2,7
54219284,1,8
54219285,4,7
54219286,3,7
54219287,30,7
54219289,40,6
54219290,39,6
54219291,11,7
54219292,69,5
54219293,1492,0
54219294,68,5
54219295,9,7
54219296,159,4
54219297,23,7
54219298,5,8
54219299,14,8
54219300,4307,0
54219301,\N,9
54219775,5,9
54219303,1,8
54219304,2,9
54219789,10,8
54219790,18,5
54219791,3,9
54219792,16,8
54219793,4733,1
54219794,24,7
54219795,26,7
54219796,21,7
54219999,20,7
54219998,4,8
54220000,30,7
54220001,1442,1
54220002,39,6
54220003,17,8
54220004,3,8
54220005,53,5
54220006,23,7
54220007,2426,2
54220008,141,5
54220009,6,8
54220010,1,8
54220011,2,7
54220854,2,9
54220855,2,8
54220856,2,7
54220857,22,9
54220858,22,7
54220859,3,6
54220860,2,7
54220861,11,7
54220862,2,9
54221203,8,7
54221204,1,8
54221205,1,6
54221206,7,7
54221207,1,8
54221465,22,7
54221466,7700,0
54221467,2,8
54221469,20,6
54221470,89,5
54221658,1,8
54221660,1,9
54222245,80,5
54222423,14,7
54222424,1250,0
54222540,41,6
54223980,87,6
54223981,103,5
54225011,66,6
54235675,2175,1
54423044,\N,7
54423139,\N,9
54423140,\N,9
54221468,12,8
54221659,18,8
54222246,48,6
54222425,43,6
54222426,22,8
54222541,1,6
54222542,5,7
54222543,15,7
54222544,4,7
54223844,45,6
54223845,1125,0
54223846,19,7
54223982,1211,2
54223983,2,6
54223984,4,9
54223985,1491,0
54223987,17,7
54223986,10,8
54223988,62,6
54223989,15,8
54223990,14,7
54224157,13,7
54224159,7,6
54224158,\N,7
54224160,11,7
54224161,3294,1
54224162,1487,0
54224163,2194,1
54224165,5,7
54224164,16,6
54224167,371,2
54224166,9,7
54224168,74,6
54224414,40,6
54224415,12,7
54224416,32,6
54224417,4,7
54224418,10,5
54224419,12,6
54224420,15,6
54224421,9,7
54224422,5,7
54224423,38,6
54224424,1474,0
54224425,101,5
54224426,4,7
54224427,7,6
54224428,1,5
54224429,11,8
54224430,2,9
54224431,15,7
54224432,7,8
54224433,4,7
54224990,10,8
54224991,13,6
54224992,10,8
54224993,15,8
54224994,174,5
54224995,13,7
54224996,7,7
54224997,44,6
54224998,16,8
54224999,3,8
54225001,1,8
54225000,5,8
54225002,10,8
54225003,2,8
54225005,4,7
54225004,8,6
54225006,11,7
54225007,3,7
54225008,2,8
54225009,13,6
54225010,27,7
54225012,24,7
54225013,194,4
54225014,11,8
54225015,3913,0
54225016,16,8
54225487,15,6
54225488,15,7
54225489,175,3
54225490,2128,0
54225491,10,8
54225493,16,9
54225492,12,8
54225494,1,8
54225495,25,6
54225496,2,8
54225497,2,7
54225500,3293,0
54225499,2,8
54225501,36,7
54225506,15,9
54225507,13,8
54225508,3,6
54225509,8,5
54225512,9,8
54225511,4,9
54225510,60,5
54225706,5,9
54225707,41,6
54225708,14,9
54225709,14,8
54225710,7,7
54225711,3,9
54225712,2,8
54225713,15,7
54225714,2,8
54225715,2,7
54225716,24,7
54225718,102,5
54225717,2,9
54225719,15,6
54225721,9,8
54225723,58,5
54225727,43,7
54225728,13,7
54225729,7,9
54225730,12,8
54225731,9,9
54225733,4,9
54225734,3,8
54225735,1,9
54226107,13,8
54226111,18,7
54226112,4,8
54226113,12,9
54226117,13,8
54226118,3,9
54226407,1323,3
54226419,5,9
54228536,1564,2
54239534,7912,0
54225720,1,8
54225722,4,7
54225724,21,7
54225725,7,6
54225726,2,7
54225732,5,6
54226108,185,2
54226109,1,6
54226110,4,8
54226114,10,8
54226115,2,8
54226116,2,9
54226120,1,7
54226119,7,9
54226121,2,9
54226122,91,4
54226123,2,7
54226400,6,8
54226401,69,5
54226402,15,8
54226403,6,8
54226405,5,7
54226404,1,7
54226406,4,7
54226408,7,8
54226409,5,9
54226410,38,6
54226411,8,9
54226412,5,8
54226413,4,8
54226414,3233,1
54226415,2,8
54226416,2,7
54226417,2,9
54226418,3,9
54226787,11,9
54226786,2,7
54226788,7,8
54226789,10,8
54226790,6,8
54226792,25,5
54226791,1,7
54226793,10,6
54226795,3,7
54226796,798,2
54226794,4782,0
54226798,2,8
54226797,36,7
54226799,2,8
54226800,3,6
54228537,3,7
54228538,62,5
54228539,5,8
54228540,17,8
54228542,1464,1
54228541,3,9
54228543,7,9
54228544,3,7
54228545,8,8
54228546,3,9
54228547,7,8
54228548,2,9
54228549,8,8
54228587,33,7
54228588,5,7
54228589,7,8
54228590,2,8
54228591,32,5
54228649,33,7
54228650,7,8
54228651,6,8
54228653,9,7
54228652,19,7
54228654,4,8
54228655,1,8
54228656,9,8
54228657,3,8
54228658,28,7
54228660,9,8
54228816,46,6
54228817,6,8
54228820,3,8
54228821,6,8
54228822,22,8
54228823,2966,0
54228824,12,9
54228825,1,9
54228826,4,8
54229471,1096,0
54229473,4,8
54229472,4,8
54229474,4,7
54229475,1,8
54229476,1,8
54229478,26,7
54229477,2,8
54229746,12,8
54229747,7,8
54229748,1,8
54229749,4,8
54229750,30,7
54229751,5,7
54229752,6,9
54229753,22,8
54229754,2855,0
54229942,8075,0
54229940,5,8
54229941,4,9
54229943,65,5
54229944,27,8
54230023,13,8
54230022,4,8
54230074,1223,2
54230024,1,9
54230025,14,7
54230026,27,7
54230027,105,6
54230028,1,6
54230029,21,5
54230076,1104,0
54230077,3,5
54230078,26,5
54230079,28,7
54230081,27,6
54230080,26,7
54230482,28,7
54230516,47,3
54230517,101,5
54230518,2,9
54231112,7,9
54231438,17,7
54235439,187,4
54440310,\N,9
54231243,17,7
54231259,9,6
54231260,27,6
54231261,4,8
54231436,29,7
54231437,122,5
54231439,3,8
54231658,97,6
54231688,6,6
54231689,11,5
54231690,5493,0
54231691,755,1
54231710,1155,1
54231776,36,7
54231777,38,6
54231778,3049,0
54231779,26,6
54231781,8,8
54231780,11,7
54232320,12,8
54232323,9,8
3843455,144,5
54232321,22,4
54232322,6,7
54234943,750,1
54235404,2,9
54235405,37,7
54235406,1476,0
54235407,35,5
54235408,24,7
54235430,3394,0
54235431,4,7
54235433,1,6
54235434,9,7
54235435,347,2
54235437,3043,0
54235436,1,8
54235438,30,8
54235440,3144,0
54235441,6,8
54235463,5,7
54235464,3,8
54235465,14,7
54235466,5,7
54235467,4,8
54235469,4,7
54235468,7,8
54235470,4,6
54235471,2815,0
54235472,5,7
54235473,542,0
54235474,6,8
54235475,5,7
54235476,33,6
54235477,4,8
54235478,25,8
54235479,3,8
54235480,6,8
54235524,4,7
54235525,5,7
54235526,2,8
54235527,8,9
54235528,6,7
54235529,1504,0
54235530,26,6
54235531,22,8
54235532,6,7
54235533,23,6
54235534,2044,1
54235535,15,9
54235536,173,3
54235537,2,8
54235538,7,7
54235539,22,7
54235540,2,9
54235541,3,7
54235661,644,1
54235660,4,9
54235662,39,6
54235663,2,8
54235664,21,8
54235665,6,7
54235666,1,6
54235667,5,6
54235668,62,5
54235669,116,5
54235670,3,8
54235671,2,8
54235673,1366,1
54235674,2,7
54235676,234,5
54235678,4,9
54235677,49,5
54235679,1507,0
54235680,4734,1
54235681,2,7
54236421,2213,0
54236422,59,5
54236423,15,8
54236424,2,9
54236425,35,7
54236426,37,6
54236427,78,5
54236428,5,7
54236429,1875,0
54236430,5,8
54236435,5259,0
54236431,7,6
54236436,1,6
54236433,1,6
54236432,4,6
54236434,19,7
54236437,4,8
54236438,31,7
54236440,7,9
54236439,2274,0
54236441,64,5
54236442,5,7
54236443,1,7
54236444,29,6
54236446,881,0
54236445,36,6
54236541,22,7
54236542,9,6
54236571,2541,1
54236572,22,7
54236573,14,8
54236574,5113,0
54236575,16,7
54236576,35,6
54236577,25,7
54236578,32,7
54236579,5,8
54236580,5,7
54236581,1,7
54236582,16,8
54236583,5,8
54236584,23,7
54236585,3326,0
54236586,1,7
54236614,52,6
54236615,15,8
54236616,19,7
54236617,44,6
54236618,5,8
54236619,18,7
54236620,48,5
54236937,8,5
54236938,45,6
54236939,20,8
54237993,52,6
54237992,21,8
54237994,2,8
54237995,1,9
54238326,45,5
54238327,\N,6
54239517,103,5
54239714,2984,1
54239778,5579,0
54239893,6762,0
54243529,1,7
54440311,\N,9
54534228,7446,1
54239541,4085,0
54239542,6,6
54239556,14,8
54239557,18,8
54239558,2,7
54239560,4,7
54239559,20,7
54239715,1260,0
54239717,71,6
54239716,137,4
54239718,17,7
54239737,4,6
54239779,4,6
54239780,31,7
54239783,17,8
54239784,10,6
54239785,14,7
54239786,16,8
54239830,38,7
54239831,48,6
54239832,8,7
54239833,54,5
54239834,33,6
54239836,4,8
54239835,36,6
54239837,\N,8
54239838,3,6
54239840,11,7
54239839,16,8
54239841,35,7
54239844,17,8
54239843,32,6
54239842,2,8
54239845,2,8
54239847,13,7
54239846,9,7
54239848,1,8
54239849,61,6
54239850,12,8
54239886,33,6
54239887,43,6
54239888,29,7
54239890,8,8
54239889,761,0
54239892,1,8
54239891,6,8
54239894,4,7
54239895,1251,0
54240279,930,1
54240280,14,8
54240281,9,7
54240282,20,7
54240283,32,6
54240284,3,6
54240285,13,8
54240286,1,6
54240287,1,8
54240288,3,7
54240289,18,7
54240291,19,7
54240292,13,6
54240293,4,8
54240294,194,3
54240295,4,8
54240296,1109,0
54240297,1382,2
54240298,7107,0
54240300,5,8
54240301,11,8
54240302,11,8
54240399,5,7
54240400,207,5
54240401,4,9
54240402,67,5
54240403,9,7
54240404,2,7
54240405,17,8
54240406,3,7
54240407,119,4
54240408,53,6
54240409,15,7
54240410,2,8
54240411,8,9
54240412,16,6
54240413,31,6
54240414,15,7
54240416,41,7
54240415,21,7
54240417,208,5
54240418,14,7
54240419,15,7
54240420,1496,1
54240421,17,8
54240422,29,7
54240511,2,5
54240510,2,9
54240509,7,8
54240512,9,8
54240513,4,7
54240514,3,6
54240515,5,7
54240516,11,7
54240517,41,6
54240518,15,8
54240520,1,6
54240519,32,6
54240521,74,5
54240522,1,7
54243524,9,7
54243523,1,7
54243522,16,6
54243525,31,7
54243527,12,8
54243526,2,8
54243528,17,8
54243723,18,5
54243724,125,5
54243726,30,5
54243727,13,7
54243728,65,5
54243729,1,8
54243730,15,8
54243731,3,8
54244173,9,7
54244174,13,8
54244177,6,8
54244178,25,7
54244179,11,8
54244180,10,7
54244181,1104,2
54244182,6,8
54244183,1095,2
54244185,28,8
54244186,142,5
54244190,1,7
54244191,16,7
54244193,33,6
54244194,4258,0
54244195,3,9
54244196,5,9
54244197,12,8
54244198,11,8
54244200,7,8
54244201,9,8
54244202,10,8
54244205,74,6
54244291,8,8
54244776,816,2
54245554,115,4
54245555,37,6
54245567,5361,0
54245577,13,8
54245584,2036,2
54245590,3946,1
54245820,12,6
54246381,2933,0
54266166,5,4
54244175,5,8
54244176,3,8
54244184,10,8
54244187,9,5
54244188,11,5
54244189,19,7
54244199,6,6
54244203,13,8
54244204,8,8
54244526,27,7
54244528,33,6
54244527,5,8
54244529,3,8
54244530,1,8
54244531,4,8
54244532,3,8
54244534,2,7
54244533,22,7
54244535,6,7
54244537,86,5
54244538,3641,1
54244539,14,5
54244774,5,9
54244775,762,1
54244777,7,8
54244778,32,5
54244779,9,7
54244780,9,7
54244781,7,8
54244782,7,8
54244783,12,7
54244784,8,6
54244785,4,8
54244786,65,4
54244787,29,7
54244788,3868,0
54244789,118,5
54244791,26,7
54245553,4,6
54245557,4060,0
54245556,36,6
54245558,16,8
54245559,22,8
54245560,4,6
54245561,6,8
54245562,3,7
54245563,12,7
54245564,1,8
54245565,9,8
54245566,39,6
54245568,6,7
54245569,10,8
54245570,197,5
54245571,3326,0
54245572,28,7
54245573,7,8
54245574,6,8
54245576,1188,3
54245578,25,7
54245579,6,8
54245580,3,8
54245581,15,8
54245582,1472,1
54245583,1,9
54245586,7,8
54245587,78,5
54245588,29,6
54245589,6,8
54245591,15,8
54245592,1,7
54245807,11,9
54245808,1,7
54245810,26,7
54245809,21,5
54245812,28,7
54245811,5,8
54245813,2,7
54245814,4,9
54245815,4,7
54245816,7,7
54245817,47,6
54245818,12,7
54245819,3791,0
54245821,3284,0
54245822,1727,1
54245824,2,9
54245823,24,7
54245825,7,9
54246196,28,7
54246198,7,8
54246197,3,8
54246199,1,7
54246200,5398,0
54246201,19,7
54246202,8,7
54246203,1442,0
54246204,3,7
54246378,29,6
54246379,18,6
54246380,6,9
54246382,740,2
54246383,12,6
54246384,56,5
54246385,37,6
54246386,31,7
54246387,21,7
54246388,4,9
54246390,47,7
54246391,5,7
54246392,1,6
54246393,2368,1
54246394,18,8
54246395,30,6
54246396,54,7
54246397,2,8
54246398,87,6
54246399,21,7
54246400,12,8
54246472,23,7
54246475,5,5
54246474,37,6
54246473,35,6
54246616,20,6
54246943,12,8
54246944,58,6
54246945,15,8
54246946,5,6
54246947,19,7
54246948,3,9
54246949,46,6
54246950,3,8
54246951,9,7
54246952,57,5
54246994,25,7
54246995,30,7
54246996,4,8
54246998,2,6
54246999,1,7
54247000,7,7
54247054,4,9
54247055,10,7
54247056,1,7
54247991,2867,1
54247992,4026,0
54247993,1408,1
54247994,30,7
54248003,5,7
54248247,4035,0
54248859,1454,0
54255054,151,4
54256790,4103,0
54266167,1,9
54247990,2582,0
54248007,9,7
54248005,36,7
54248004,22,7
54248006,43,7
54248009,20,6
54248008,4,7
54248041,6,6
54248042,42,6
54248043,4,8
54248044,8,7
54248181,3388,0
54248180,23,7
54248184,18,7
54248185,2,9
54248186,12,8
54248204,4435,0
54248205,3,8
54248206,30,7
54248207,13,6
54248245,2,7
54248246,43,5
54248250,40,6
54248249,8,7
54248248,7,8
54248251,6,7
54248335,9,7
54248336,12,8
54248337,20,7
54248338,6,8
54248339,101,5
54248342,37,6
54248340,4,5
54248341,13,4
54248343,2,7
54248344,15,7
54248345,6,7
54248444,9,8
54248445,18,8
54248446,5,7
54248447,13,7
54248448,1,9
54248449,15,8
54248450,17,8
54248451,27,7
54248454,6,6
54248455,3,7
54248453,2,6
54248452,2,8
54248456,1,7
54248457,68,6
54248458,1,8
54248459,37,5
54248462,3,7
54248461,11,8
54248463,67,5
54248464,2,7
54248466,36,6
54248465,11,7
54248467,16,8
54248468,10,7
54248469,43,6
54248549,4,7
54248550,6,8
54248551,12,7
54248552,1,8
54248553,11,8
54248554,3,8
54248555,36,7
54248556,12,7
54248557,2,8
54248558,30,7
54248559,3,7
54248560,4,8
54248562,7,6
54248561,2,6
54248563,27,7
54248564,19,7
54248565,5,6
54248566,43,5
54248567,5,8
54248568,25,7
54248569,6,7
54248570,16,7
54248571,11,7
54248572,16,8
54248573,10,7
54248574,5,8
54248633,16,7
54248632,11,8
54248635,15,8
54248634,25,7
54248636,938,1
54248638,10,7
54248639,25,6
54248637,13,7
54248640,1,7
54248641,30,7
54248642,8,8
54248643,30,7
54248644,11,8
54248645,1,6
54248646,35,6
54248647,5,6
54248649,37,6
54248648,4930,0
54248794,9,8
54248795,16,7
54248796,34,5
54248851,36,6
54248853,25,7
54248854,14,8
54248944,385,1
54248958,10,8
54249326,1760,1
54249332,9507,0
54252582,153,4
54255053,2421,1
54262976,3,9
54264225,214,4
54362907,4,7
54413283,\N,7
54413284,4,6
54413285,1,6
54248797,7,7
54248798,4,7
54248799,5,9
54248849,6,7
54248850,13,6
54248852,56,6
54248855,9,6
54248856,21,7
54248857,3,9
54248858,32,7
54248945,22,7
54248946,4,8
54248947,9,8
54248949,2,7
54248948,33,6
54248950,\N,6
54248951,4,6
54248952,62,7
54248953,5,6
54248956,78,5
54248955,14,7
54248954,1,6
54248957,10,7
54248959,37,7
54248960,6,8
54248961,38,6
54248962,6,8
54248963,1,6
54248964,5,8
54248965,1,7
54248966,1475,0
54248967,33,6
54248969,1,8
54248968,7,8
54248970,188,3
54248971,3665,0
54248972,1241,1
54248974,1421,2
54248973,2,9
54248975,6,8
54248976,8,5
54249059,3662,0
54249060,53,6
54249061,10,8
54249062,40,6
54249063,12,8
54249064,7,8
54249065,5,7
54249066,6,9
54249067,15,8
54249068,7,8
54249327,36,7
54249328,2906,1
54249329,4,8
54249330,34,6
54249333,2219,0
54249334,59,6
54249335,32,5
54250324,69,6
54250325,5,8
54251530,2384,2
54251531,7,9
54251532,3,7
54251533,5,7
54251534,5,6
54251535,33,6
54251536,27,8
54251537,2,8
54251538,5,8
54252583,23,7
54252584,3463,0
54252585,18,7
54252586,5,7
54252587,25,7
54252588,6,8
54252589,6,7
54252590,5,8
54252591,12,7
54252592,1,6
54252593,2,7
54252595,5,8
54252594,4,6
54252596,38,6
54252597,27,8
54252598,2,9
54253538,8,7
54253540,8,7
54253539,11,8
54253541,7,7
54253542,19,7
54253543,11,7
54253544,3,9
54253545,270,3
54253546,1,7
54253547,19,7
54253548,6,8
54253549,3,7
54253550,9,9
54253552,5308,0
54253553,13,7
54254424,24,7
54254425,33,6
54254426,11,7
54254427,3,5
54254428,6,8
54254429,34,6
54254430,11,8
54254967,\N,6
54254966,5,7
54254968,31,6
54254969,18,5
54254970,27,6
54254971,17,7
54254972,12,8
54254973,3,8
54254974,14,8
54254975,33,5
54254976,36,6
54254977,77,5
54255056,9,5
54255057,96,5
54255058,207,3
54255059,2126,0
54255060,76,6
54255061,27,7
54255062,79,5
54255806,8,8
54255808,20,7
54255807,63,6
54255809,9,7
54255810,2032,1
54256783,1032,0
54256784,6,7
54256786,7,8
54256785,4,8
54256787,10,9
54256788,2,9
54256789,3,9
54256791,5,7
54256792,1109,1
54256949,14,8
54256950,3,8
54257288,21,8
54257605,39,6
54257607,2936,0
54258263,15,7
54266168,1,7
54269709,37,5
54257289,2,7
54257606,3,7
54260713,1,7
54260714,88,3
54260715,8,7
54262970,15,7
54262971,57,6
54262972,2,7
54262973,2,7
54262974,69,5
54262975,27,7
54262977,31,6
54262978,5,7
54262979,4,7
54262980,4,7
54262981,12,7
54264227,11,8
54264226,4,7
54264228,18,5
54264229,3,9
54264231,17,7
54264230,2,8
54264232,2,9
54264233,1458,1
54264234,17,6
54264235,1,7
54264236,9,8
54264237,3,8
54264240,1,6
54264238,5,8
54264239,5,7
54265620,42,6
54265621,34,6
54265625,5,7
54265626,13,6
54265627,2,7
54265628,1167,0
54265629,15,8
54265630,70,5
54265631,15,7
54265632,4,7
54265633,18,8
54265634,6,8
54265770,2,8
54265771,22,7
54265772,2,9
54265773,13,6
54265774,19,8
54265775,16,6
54265776,10,7
54265777,2,6
54265778,35,6
54265779,63,5
54265780,8,6
54265872,1482,1
54265873,28,6
54265874,30,7
54265875,10,8
54265876,2,8
54265878,2,6
54265877,11,5
54265879,3,7
54265880,9,7
54265881,4,7
54265882,17,7
54265883,2,7
54265886,11,7
54265885,47,5
54265884,68,6
54265887,32,7
54265888,32,6
54265889,4,9
54265890,10,8
54265891,18,7
54265892,3,9
54265893,8,8
54265894,4,6
54265895,13,7
54265973,29,6
54265974,33,7
54266056,10,7
54266057,16,8
54266058,22,7
54266060,2,8
54266061,12,8
54266163,2259,0
54266161,5,8
54266162,5,8
54266164,7,7
54266165,14,5
54266170,5,8
54266171,5,9
54266172,15,7
54266169,30,7
54266173,5,8
54266174,3206,0
54267691,5075,0
54267692,14,8
54267693,7,6
54268087,12,7
54268090,47,6
54268088,20,7
54268091,7,8
54268089,1042,2
54268092,24,7
54268430,10,8
54268431,4,7
54268432,15,8
54268436,38,7
54268819,110,5
54269061,913,1
54272754,44,6
54499711,\N,8
54268093,7,7
54268433,2,6
54268434,2,7
54268435,7,7
54268437,8,7
54268438,24,7
54268439,16,7
54268440,12,7
54268441,9,8
54268442,3,6
54268443,7,6
54268444,5,6
54268445,13,8
54268446,9,8
54268447,6,7
54268448,5,6
54268449,7,8
54268450,14,7
54268451,16,7
54268804,35,7
54268805,68,5
54268806,5,7
54268807,33,7
54268808,55,5
54268810,11,7
54268811,10,8
54268813,41,5
54268812,32,7
54268814,8,8
54268818,34,6
54268816,5,8
54268815,16,8
54268817,22,7
54269053,223,4
54269052,55,5
54269054,39,5
54269055,4,6
54269056,7,9
54269057,1,7
54269058,3,7
54269059,5,8
54269060,2,7
54269062,5,8
54269063,4,8
54269393,12,7
54269392,60,5
54269394,37,6
54269395,22,7
54269396,1,7
54269397,4,6
54269398,7,7
54269399,5,7
54269576,3,6
54269578,16,8
54269579,38,6
54269577,3,8
54269580,23,7
54269581,9,8
54269582,3,7
54269583,4,7
54269584,3,8
54269585,5,7
54269642,19,7
54269641,10,8
54269643,913,3
54269645,9,7
54269646,4,7
54269644,4,7
54269647,1,7
54269648,25,7
54269710,18,8
54269711,2620,1
54269712,24,7
54269713,7,7
54269714,17,7
54269715,696,2
54269716,1,7
54269717,3,7
54269718,5505,0
54271298,4258,0
54271299,45,6
54271300,9,6
54271301,13,7
54271302,1,6
54271303,7,7
54271304,7,7
54271305,3,6
54271306,1,7
54271307,10,7
54271308,22,6
54271309,26,5
54271310,3,7
54271311,5,8
54272751,119,5
54272756,134,4
54272755,8,8
54272757,7,7
54272758,1318,1
54272759,24,7
54272760,4,7
54272761,3334,2
54272763,8,8
54272762,2,7
54272764,4,7
54272765,2,8
54274787,6,8
54275765,23,7
54275766,4042,0
54275767,1089,1
54275768,4,7
54275848,15,8
54275849,37,7
54275851,5813,2
54275852,31,7
54275853,584,2
54275865,\N,6
54275914,36,6
54275939,13,9
54276244,39,6
54276378,131,2
54282204,1,8
54513654,2,7
54275937,3,6
54275938,1035,0
54275940,12,7
54276131,5,7
54276132,734,1
54276133,24,6
54276134,33,6
54276135,2,7
54276147,160,4
54276148,19,7
54276149,14,8
54276150,6,6
54276151,26,7
54276152,2620,0
54276153,18,8
54276233,10,7
54276235,1130,2
54276234,9,7
54276236,4,8
54276237,2486,0
54276245,12,8
54276246,18,6
54276248,35,6
54276247,19,7
54276249,17,7
54276250,4,7
54276251,803,0
54276254,15,7
54276253,9,5
54276255,6,7
54276377,5,7
54276380,367,1
54276379,2,8
54276382,26,6
54276381,200,3
54276383,27,6
54276386,9,8
54276387,10,7
54276388,10,6
54276389,43,6
54276390,33,5
54276391,14,8
54276392,6,7
54276393,4,8
54276394,2,8
54276468,11,8
54276469,6,7
54276470,11,6
54276471,23,6
54276472,12,8
54276652,43,7
54276653,1,8
54276654,11,7
54276656,10,8
54276655,10,5
54276657,40,6
54276658,4,7
54276659,8,8
54276660,7,8
54276661,126,4
54276725,67,3
54276726,79,5
54276727,31,7
54276728,2158,1
54276729,36,6
54276731,4,7
54276730,21,7
54276732,3866,0
54276733,2,7
54276734,6,7
54276976,12,8
54276977,704,2
54276978,6,7
54276979,12,7
54276980,29,6
54276981,3,8
54276982,11,8
54276983,2,7
54276985,6,7
54276984,5,8
54276986,1275,1
54276987,5,7
54276988,15,8
54276989,11,8
54276990,2886,1
54276991,7,5
54276992,6,8
54277079,1133,0
54277080,4,7
54277081,8,8
54277082,19,7
54277084,29,7
54277085,11,8
54277083,20,7
54277086,2,7
54277087,9,7
54277090,12,7
54277091,2,7
54277092,70,5
54277094,945,0
54277095,7,9
54278655,205,4
54279831,1903,0
54279796,40,6
54280042,5343,1
54277093,53,6
54277096,4,7
54278097,12,6
54278098,28,7
54278100,8,8
54278099,6,7
54278101,9,7
54278102,232,3
54278103,8,7
54278104,6,7
54278105,19,7
54278142,6,5
54278143,15,7
54278174,20,7
54278176,6,8
54278175,5,7
54278177,18,6
54278223,29,6
54278225,29,8
54278226,2,7
54278224,191,4
54278256,5,9
54278257,23,7
54278306,116,5
54278307,12,7
54278308,5,7
54278309,7,7
54278310,2,7
54278311,76,5
54278312,33,7
54278314,68,6
54278313,990,1
54278315,27,6
54278316,116,4
54278317,1,7
54278318,59,6
54278347,44,6
54278349,2,7
54278351,4,8
54278350,398,1
54278352,15,8
54278444,3,8
54278445,28,4
54278443,2,6
54278446,2,7
54278447,35,6
54278656,3,7
54278695,29,7
54278657,4300,0
54278661,24,7
54278659,20,7
54278660,18,7
54278658,2,8
54278662,10,7
54278663,765,1
54278699,40,6
54278698,16,7
54278697,2,8
54278696,2,8
54279029,\N,8
54279031,24,7
54279034,378,3
54279032,3991,0
54279033,25,7
54279062,21,6
54279460,216,4
54279459,20,5
54440312,2,7
54279762,16,7
54279763,2,8
54279764,8,8
54279765,21,6
54279766,3,8
54279767,3,8
54279768,5,6
54279793,4,7
54279794,4,7
54279795,4,7
54279834,97,5
54279835,2198,1
54279836,17,7
54279840,16,6
54279838,2,8
54279839,30,6
54279837,2,7
54279841,10,6
54279842,20,7
54279922,91,5
54279923,3,7
54279924,3338,0
54279925,4,7
54279926,2,7
54279931,4,7
54279930,98,5
54279929,8,7
54279928,8,7
54279927,8,7
54279932,382,2
54279933,19,8
54279934,7,5
54279935,12,7
54279936,23,8
54280028,13,7
54280029,2,6
54280030,16,6
54280031,2,7
54280032,1666,0
54280033,42,7
54280034,17,7
54280035,1257,0
54280036,28,7
54280038,3,8
54280039,11,6
54280040,2159,1
54280041,7,6
54280046,35,6
54280044,3430,1
54280043,3,9
54280045,9,7
54280047,15,8
54280221,2,8
54280222,22,7
54280223,18,7
54280224,11,6
54280225,12,8
54280226,9,8
54280227,59,5
54280288,11,8
54280289,155,5
54280290,7,7
54280291,26,7
54280294,3138,0
54280292,19,8
54280293,2,8
54280480,59,5
54280481,5,9
54280482,12,8
54280483,4,7
54280484,7,7
54280485,13,8
54280486,7,8
54280487,25,7
54280488,29,7
54280489,2773,0
54280490,1132,0
54280491,8,7
54280492,71,6
54280493,33,6
54280494,6,7
54280674,74,5
54280675,13,8
54280678,23,7
54280677,72,5
54280676,6,6
54280679,1091,2
54280681,97,5
54280680,97,4
54280682,32,7
54280759,94,4
54280760,6,7
54280761,29,7
54280762,39,5
54280763,16,8
54280764,24,6
54280765,3,8
54280766,28,7
54280767,952,2
54280768,4,5
54280846,13,8
54280845,15,7
54280848,1176,2
54280847,5,7
54281068,65,6
54281069,5,7
54281071,28,7
54281078,11,6
54281079,6,7
54281250,\N,6
54281251,9,9
54281252,32,6
54281253,13,8
54281254,13,8
54281255,9,8
54281491,69,5
54281493,4220,0
54281724,4746,0
54281886,3750,0
54281966,892,1
54282360,111,4
54410342,30,6
54281256,8,7
54281492,3,9
54281887,3553,0
54281888,2,8
54281889,7,9
54281890,3,7
54281967,13,9
54281968,5,8
54281969,50,7
54281970,5,7
54281973,15,7
54281972,6,8
54281971,24,2
54281974,51,5
54281975,67,6
54281976,8,8
54281977,3932,0
54281979,44,6
54281978,861,2
54281980,19,8
54281981,1,7
54282205,1181,2
54282206,5,8
54282207,35,6
54282208,104,5
54282209,11,7
54282210,11,8
54282211,4,7
54282389,1446,1
54282390,19,7
54282391,21,7
54282392,3,8
54282393,16,8
54282394,10,8
54282642,4,8
54282643,1,7
54282644,72,6
54282645,3863,0
54282646,2,8
54282694,2,7
54282696,2,8
54282888,19,7
54282887,8419,0
54282889,17,8
54282890,18,6
54282891,27,6
54282974,34,6
54282975,10,7
54282976,73,5
54282977,6179,0
54283041,27,6
54283042,12,7
54283043,90,5
54283044,3,8
54283565,82,7
54289173,64,5
54289939,235,3
54290865,101,5
54301290,15,7
54285149,3,6
54285295,36,7
54285294,3,5
54286182,12,7
54286245,26,7
54287655,10,8
54287656,1,6
54287657,25,7
54287658,3590,0
54287660,5,7
54287661,1,7
54287659,6940,0
54288263,3915,1
54288264,11,3
54288265,9,7
54288268,10,7
54288267,20,7
54288266,4,9
54288269,92,5
54288270,14,8
54288271,29,7
54288272,16,7
54288273,19,7
54288274,58,6
54288275,177,4
54288276,14,7
54288289,124,5
54288290,33,7
54288291,19,8
54288292,2596,1
54288293,10,8
54288294,126,4
54288618,4,8
54288619,1861,1
54288620,7,6
54288621,1,7
54288622,3,7
54288623,47,6
54288746,11,6
54288744,16,7
54288745,142,5
54289131,45,5
54289133,130,4
54289132,3,9
54289134,60,7
54289135,2,6
54289136,38,7
54289175,50,5
54289176,3167,0
54289177,1191,3
54289174,2935,1
54289469,36,6
54289510,60,6
54289513,13,8
54289512,52,5
54289511,3325,0
54289514,1,7
54289515,3,8
54289572,4,6
54289573,9,8
54289574,36,4
54289575,24,8
54289576,63,5
54289577,61,6
54289578,10,8
54289579,10,7
54289580,33,7
54289639,2748,1
54289640,62,7
54289641,22,7
54289644,52,6
54289649,12,9
54289653,95,5
54291609,29,7
54293113,134,4
54308038,97,5
54399996,\N,8
54289645,3,6
54289650,8,7
54289654,27,7
54289651,2,6
54289652,3,6
54289700,4,7
54289701,18,7
54289702,26,3
54289714,\N,7
54289717,3,8
54289716,3,8
54289715,5,8
54289718,10,3
54289749,3,7
54289753,4,8
54289752,2,9
54289751,23,6
54289750,9,8
54289923,15,6
54289922,85,5
54289924,6936,0
54289925,3,8
54289927,2,8
54289928,3,7
54289926,87,4
54289929,2923,1
54290022,4730,0
54290023,1324,2
54290057,3,8
54290058,20,6
54290151,13,7
54290244,142,1
54290366,924,0
54319146,1079,2
54290367,8,7
54290520,5,7
54290522,44,6
54290521,2,8
54290590,4,7
54290589,213,4
54290698,10,5
54290699,3487,0
54290701,8,8
54290700,1,8
54290702,20,7
54290859,3,7
54290861,280,4
54290862,33,5
54290863,4,6
54290867,6,8
54290866,3,8
54290864,36,7
54291044,12,7
54291045,3,8
54291148,946,0
54291149,12,8
54291150,8,8
54291151,3,9
54291152,10,7
54291304,7,8
54291305,3,6
54291303,23,7
54291306,91,5
54291307,3,8
54291598,216,4
54291599,33,5
54291600,102,4
54291601,563,1
54291603,4826,0
54291602,55,5
54291604,63,5
54291605,36,6
54291606,4,8
54291608,6,6
54291607,2,8
54291610,1,7
54291611,26,7
54291612,9,7
54291613,8,9
54291614,4,8
54291767,56,5
54291768,12,5
54291769,33,8
54291771,20,7
54291770,69,5
54291772,186,5
54291773,35,6
54291774,2578,0
54291775,181,4
54292212,7,6
54292213,40,5
54292216,156,4
54292215,5,8
54292214,37,6
54292217,1299,0
54292218,6,7
54292219,22,7
54292220,73,5
54292221,3,7
54292222,3,8
54292224,7,7
54292223,22,7
54292323,13,7
54292327,40,7
54292324,3,6
54292325,4,7
54292326,5,8
54292328,23,8
54292329,6,8
54292330,36,6
54292462,12,7
54292463,3594,0
54292464,2,7
54292681,27,7
54292682,4,9
54292683,1268,0
54292684,9,7
54292685,13,7
54292686,3278,0
54292687,13,7
54292688,39,7
54292689,1,7
54292690,4,7
54292691,4,7
54292692,96,4
54292693,54,5
54292694,55,6
54292841,2217,2
54292842,2619,1
54292843,29,6
54292844,76,5
54292845,33,7
54292846,7,8
54292847,8,7
54292848,21,8
54292850,5,8
54292851,9058,0
54292852,111,4
54292853,26,7
54292854,74,5
54292855,136,4
54292856,5,9
54292857,25,7
54293102,4255,0
54293103,1153,0
54293104,4770,0
54293105,3683,0
54293106,30,6
54293107,1299,2
54293109,2720,1
54293110,29,7
54293320,51,7
54293321,1106,2
54293323,11,5
54293322,1,8
54293579,117,4
54296386,144,4
54418796,9,6
54292695,1,8
54292849,149,4
54292858,78,5
54292859,22,8
54292860,6,5
54293101,8,7
54293108,24,6
54293111,2393,0
54293112,2,8
54293317,4110,0
54293580,4,8
54293582,109,4
54293583,84,4
54293659,11,6
54293660,10,6
54293661,20,7
54293662,2,8
54293877,8,6
54294030,4,8
54294031,2,7
54294032,1,7
54294033,1332,2
54294124,9,8
54294125,6259,0
54294867,1,7
54294869,7,8
54294868,5454,0
54295343,4342,0
54295351,37,6
54295352,17,5
54296087,13,8
54296362,1471,0
54303335,1,9
54303336,1,9
54305241,2197,0
54399493,\N,8
54295722,1,6
54296084,2,6
54296085,14,7
54296255,8,8
54296256,13,7
54296257,32,6
54296258,16,7
54296363,11,7
54296364,8,7
54296365,4,7
54296366,16,7
54296367,9,7
54296368,4,7
54296369,5,7
54296382,21,7
54296381,47,6
54296380,20,7
54296383,3,7
54296384,11,8
54296385,4,8
54296527,126,4
54296528,12,7
54296529,5,7
54296530,4,6
54296532,26,7
54296531,36,6
54296533,4,6
54296534,7,7
54296535,193,3
54296537,5,8
54296536,28,6
54296725,3,8
54296538,60,5
54296539,12,7
54296540,30,6
54296541,7,8
54296542,8,8
54296543,4042,1
54296544,40,5
54296545,3,7
54296726,11,8
54296727,12,8
54296728,6,7
54296730,13,7
54296729,11,8
54296731,2305,1
54296732,7,6
54296733,20,7
54296734,15,7
54296736,2,7
54296735,8,8
54296737,10,8
54296738,6,8
54296739,3,7
54296743,12,8
54296742,128,4
54296741,7,8
54296740,15,7
54296744,4085,0
54296745,12,8
54296750,42,6
54296749,2213,0
54296748,10,8
54296747,11,8
54296746,2119,0
54296751,1,6
54296752,5,9
54297315,37,6
54297316,9,7
54297317,7,6
54297319,6,7
54297320,41,6
54297318,5,9
54297321,2,7
54297618,10,8
54297619,6,8
54297620,39,5
54297621,11,6
54297622,9,7
54297623,6,8
54297625,64,5
54297624,13,8
54297627,44,6
54297626,5,8
54297628,3321,2
54297677,158,5
54297679,13,8
54297680,57,6
54297681,123,5
54297798,8,7
54297799,2,7
54297802,32,5
54297800,1,7
54297801,5,8
54297805,2,7
54297803,4,8
54297804,5,9
54297993,4467,0
54297997,4,8
54297996,4,8
54297994,56,5
54297995,3,8
54298610,2160,0
54298611,65,5
54298612,38,7
54298613,35,6
54298614,5,7
54298615,2,6
54298617,12,8
54298616,2,8
54298618,15,6
54298753,1,8
54298754,2,7
54298755,58,6
54298760,81,5
54298761,93,5
54298762,365,3
54298763,1,8
54298764,17,7
54298765,4,7
54298766,4,9
54298767,5140,0
54298768,1,9
54298772,48,5
54298769,38,5
54298771,9,8
54298770,2564,1
54298773,66,5
54298774,3,8
54298775,3,5
54298776,14,7
54298777,22,8
54298995,7,7
54298996,2,8
54298997,19,8
54298998,3,8
54298999,1,6
54299000,24,7
54299002,18,7
54299004,64,6
54299003,2,9
54299005,32,7
54299006,21,6
54299567,16,7
54299568,46,6
54299569,50,5
54299570,3,8
54299571,22,7
54299572,7,8
54299573,23,4
54300294,1,8
54300296,9,8
54300295,22,7
54300297,31,7
54300300,16,7
54300301,3,8
54300302,31,8
54300303,3,8
54300304,2558,1
54300592,28,6
54300595,31,6
54300601,59,6
54300602,49,6
54300817,5,9
54300818,21,6
54300819,17,6
54300820,4,9
54300821,4,8
54300822,3,8
54300823,3,8
54300824,23,7
54300825,3,9
54300826,46,5
54300828,6234,0
54300829,20,7
54300830,3,9
54300837,768,1
54300841,45,7
54300842,2229,0
54300844,3,9
54300843,3,9
54301283,17,6
54301284,118,5
54301287,3,9
54301289,25,6
54301291,55,6
54301294,6,9
54301299,3,7
54301951,64,4
54301957,1427,2
54301958,595,1
54303943,38,5
54304116,4726,0
54304613,99,4
54304614,4179,0
54306922,62,5
54307425,60,5
54311851,125,4
54399497,\N,9
54399495,\N,9
54399494,1,7
54399498,\N,9
54399504,\N,8
54300305,1,7
54300306,49,6
54300589,8,7
54300590,16,7
54300591,18,8
54300593,203,4
54300594,24,6
54300596,4,7
54300597,1,6
54300598,2,6
54300599,19,7
54300600,34,7
54300816,4,8
54300827,13,7
54300831,10,8
54300833,2,9
54300834,180,4
54300835,48,5
54300836,36,6
54300839,15,4
54300838,4,8
54300840,4,8
54300845,30,7
54300846,5,9
54300847,2,9
54301282,3,8
54301286,1,7
54301285,2,8
54301288,24,6
54301293,5,8
54301295,4,7
54301292,27,6
54301296,2,7
54301297,2,6
54301298,5,5
54301300,1,6
54301301,13,7
54301302,29,5
54301303,18,7
54301304,4,6
54301305,84,2
54301952,83,4
54301953,48,7
54301956,60,5
54301954,8,8
54301955,17,7
54301959,164,4
54301960,45,6
54301961,2,8
54301962,5,8
54301963,3587,0
54301965,3,8
54301964,22,7
54301966,11,8
54301967,27,5
54301968,79,5
54302654,4,8
54302656,24,5
54302657,219,4
54302658,31,6
54302659,23,7
54303032,108,5
54303338,184,4
54303676,3336,0
54303675,10,8
54303763,168,3
54304117,4757,1
54304118,15,7
54304121,25,7
54304122,391,2
54304129,16,8
54304615,12,8
54304616,20,7
54304732,322,3
54304751,79,5
54305018,2752,0
54305028,5370,0
54305227,37,5
54305641,20,6
54305654,4,8
54309246,2096,1
54330440,77,4
54415860,13,8
54304119,1,7
54304120,1,8
54304123,16,7
54304124,1,8
54304125,1,7
54304126,1,8
54304127,6,8
54304128,1,8
54304617,6,8
54304619,18,7
54304618,16,8
54304620,14,8
54304621,12,8
54304622,2,8
54304623,8,7
54304625,1461,0
54304624,2,8
54304626,1,8
54304627,27,7
54304628,13,8
54304629,12,7
54304630,15,8
54304631,5,9
54304632,15,7
54304633,6,8
54304635,18,7
54304634,6,8
54304636,10,8
54304637,28,7
54304731,2,8
54304733,9,8
54304734,11,8
54304735,15,8
54304736,13,7
54304737,6,8
54304738,27,6
54304739,1,7
54304740,17,7
54304741,178,4
54304742,14,7
54304743,15,8
54304744,2,8
54304745,7,8
54304746,2,9
54304747,2,7
54304748,7,7
54304749,20,7
54304750,11,8
54304752,17,8
54304754,30,7
54304753,1,8
54304755,9,8
54305019,33,6
54305020,2,9
54305021,33,6
54305022,16,8
54305023,2,9
54305024,2,9
54305025,39,6
54305026,5,8
54305027,30,7
54305029,2,7
54305030,36,6
54305031,8,7
54305032,34,6
54305229,10,8
54305228,6,6
54305230,14,8
54305231,62,5
54305232,5,6
54305234,1,7
54305235,2,7
54305236,3,9
54305237,67,5
54305238,3,8
54305239,2,9
54305240,2,9
54305242,46,6
54305243,59,6
54305244,3,9
54305245,17,7
54305246,26,6
54305247,734,1
54305642,13,8
54305643,11,8
54305644,12,8
54305646,7,7
54305645,4,8
54305648,2,6
54305647,4,8
54305649,35,6
54305650,13,7
54305651,1,5
54305652,12,7
54305653,7,8
54305655,16,8
54305656,18,7
54305657,4,8
54305658,6,7
54305659,29,7
54305660,14,8
54305661,3,8
54305663,39,6
54305662,5,9
54305664,9,7
54305665,7,8
54305666,1,8
54305667,57,6
54305668,1,8
54305669,1,7
54305670,925,1
54305671,12,9
54305672,8,6
54306592,4253,0
54306593,35,6
54306594,69,5
54306595,32,6
54306596,8,8
54306597,3,7
54306598,2,9
54306599,67,5
54306600,34,6
54306601,4296,0
54306602,4380,1
54306603,180,4
54306604,27,5
54306605,6,7
54306606,22,6
54306607,3,9
54306608,2,7
54306609,27,7
54306610,3514,2
54306611,85,5
54306612,422,1
54306613,3,7
54306614,41,7
54306921,36,7
54306923,91,4
54306924,56,6
54306925,6,9
54307195,28,7
54307196,2,8
54307197,5,5
54307198,3,9
54307199,45,6
54307200,23,7
54307201,37,7
54307202,6,8
54307204,1,7
54307203,5,8
54307205,26,7
54307206,9,7
54307207,216,4
54307208,99,6
54307210,30,7
54307209,4,9
54307211,4,9
54307212,9,7
54307213,6,8
54307214,7,6
54307215,44,5
54307216,3,7
54307217,5,7
54307218,9,8
54307220,12,8
54307219,3,9
54307222,2,9
54307221,24,7
54307426,3,9
54307427,10,7
54307428,25,7
54307429,7,8
54307430,33,7
54307431,8,6
54307432,2395,0
54307433,4,8
54307434,4,7
54307435,1,8
54307436,18,7
54307437,3,8
54307438,9,8
54307439,7,9
54307440,8,8
54307441,10,9
54307442,1121,0
54307443,35,6
54307444,3,8
54308040,28,5
54308039,6,8
54308041,6,7
54308042,10,8
54308044,3976,0
54308043,59,6
54308045,7,7
54308046,2861,0
54308047,3,8
54308048,4,8
54308049,3,7
54308050,6,8
54308051,2,8
54308052,6,7
54308053,8,8
54308054,8,7
54308055,5,8
54308056,3,9
54308057,23,7
54308059,34,7
54308058,13,8
54308060,1039,2
54308061,6,8
54308062,2,8
54308063,2,9
54308064,3,7
54308065,3,8
54308085,94,4
54308086,2,8
54308087,2,9
54308088,6,9
54308090,3,7
54308089,2,9
54308091,7,8
54308093,4,9
54308092,2185,0
54308095,28,7
54308094,23,7
54308096,20,7
54308098,3,9
54308097,2,8
54308099,6,9
54308101,8,7
54308100,6,8
54308102,6,8
54308103,9,8
54308104,6,8
54308105,60,6
54308106,15,7
54308107,7690,0
54308108,10,8
54308109,2,8
54308110,2,8
54308111,6,8
54309236,2,9
54309247,17,8
54309239,50,5
54309238,11,7
54309241,91,5
54309240,951,3
54309242,36,5
54309244,24,6
54309243,156,4
54309245,85,5
54309248,3,7
54309249,171,4
54309253,84,5
54309254,7,8
54309251,9,8
54309255,16,7
54309252,28,8
54309256,17,8
54309257,36,7
54309258,2,8
54309259,11,7
54309260,1,7
54310112,5836,0
54310119,82,5
54310120,5,7
54310123,1,7
54310121,7,8
54310122,4,7
54310124,2,8
54310125,2,7
54310126,3,7
54310127,1,7
54310128,31,8
54310129,1,8
54310130,9,7
54310134,14,7
54310132,207,5
54310133,11,7
54310136,58,3
54310135,961,0
54310911,1,9
54310913,272,4
54310912,17,7
54310914,1110,0
54310915,3663,0
54310916,20,7
54310918,25,8
54310919,111,5
54310917,48,6
54310920,20,7
54310922,14,8
54310923,4588,0
54310921,27,6
54311850,1,8
54311852,55,5
54311853,2,8
54311854,23,6
54311855,2,7
54311856,19,8
54311857,4,9
54311858,62,7
54311859,77,4
54311860,46,6
54312817,40,6
54312818,361,2
54312819,5,9
54312820,58,5
54312917,22,8
54312924,2,9
54312923,7,8
54312925,6,8
54312926,106,6
54312937,1,7
54312938,1,7
54313605,167,4
54314203,105,5
54314204,22,6
54316346,87,5
54316644,2168,0
54316650,272,3
54316894,43,6
54317875,225,4
54318591,2927,0
54319456,63,5
54320701,122,4
54322240,129,4
54326962,55,5
54375414,33,6
54399503,\N,9
54499716,\N,9
54312821,15,8
54312822,17,8
54312823,368,1
54312824,1,7
54312825,3,7
54312826,15,7
54312918,47,6
54312919,1,7
54312920,\N,8
54312921,2,8
54312922,28,6
54312927,16,8
54312928,25,6
54312929,8,8
54312930,5,7
54312931,7,8
54312932,2,8
54312933,413,3
54312934,2,8
54312935,2,7
54312936,25,8
54313604,18,7
54313606,17,7
54313607,2,8
54313608,2,9
54313609,5,8
54313610,47,5
54313611,32,6
54313612,54,5
54313613,4,9
54313614,3,8
54313615,16,7
54313616,3,9
54313617,1456,0
54313618,4757,0
54314205,3,7
54314206,75,5
54314207,18,5
54314208,40,6
54314209,13,7
54315346,16,7
54315347,2,7
54315745,26,6
54315747,18,7
54316345,20,7
54316494,55,5
54316547,6,5
54316548,52,5
54316549,168,5
54316550,68,5
54316551,3,6
54316565,33,7
54316566,17,7
54316567,5,6
54316643,46,5
54316645,11,5
54316649,21,8
54316915,3,8
54317178,56,4
54317866,1646,0
54317872,1,9
54318585,34,6
54318595,11,7
54322711,201,4
54356834,\N,8
54357101,1,6
54420788,3,8
54316647,1,7
54316648,3,7
54316681,8,6
54316680,2,7
54316682,7,7
54316683,3,7
54316684,11,8
54316685,42,7
54316686,14,7
54316687,4,7
54316688,1,7
54316689,38,6
54316690,\N,8
54316691,9,8
54316692,6,7
54316693,1,8
54316888,42,6
54316889,4,7
54316890,10,7
54316891,20,7
54316896,39,6
54316893,26,7
54316897,2570,1
54316892,12,7
54316895,53,4
54316898,15,9
54316899,15,5
54316900,6,7
54316902,202,4
54316901,56,5
54316905,23,8
54316903,175,4
54316904,8,6
54316906,3,7
54316908,13,8
54316911,11,6
54316907,6,8
54316909,5,8
54316910,20,8
54316913,4,8
54316914,3,7
54316916,2,9
54317169,15,7
54317170,4,8
54317171,11,8
54317172,5,7
54317173,10,8
54317174,15,7
54317175,28,6
54317176,167,5
54317177,8,8
54317179,13,7
54317180,160,3
54317181,11,8
54317182,3,6
54317183,10,7
54317184,8,8
54317185,7,8
54317186,12,8
54317187,234,4
54317188,11,8
54317189,52,5
54317191,29,7
54317190,17,8
54317192,16,7
54317193,42,6
54317194,8,7
54317195,9,6
54317196,36,8
54317197,10,7
54317198,2,7
54317199,11,8
54317200,12,8
54317201,42,6
54317202,5,8
54317203,10,7
54317205,373,2
54317204,10,7
54317855,\N,6
54317856,2,8
54317857,2,9
54317858,9,8
54317859,3,7
54317860,919,2
54317861,8,7
54317862,2,8
54317863,12,8
54317864,1222,1
54317865,13,8
54317867,189,3
54317868,5,8
54317869,14,7
54317870,1101,2
54317873,2,9
54317874,184,4
54317876,61,5
54317878,41,6
54317877,46,6
54317879,32,5
54317880,56,5
54317881,204,5
54317882,90,5
54317883,48,5
54317884,11,8
54317885,5,7
54317886,27,7
54317887,3,5
54317888,3,8
54317889,47,5
54317890,\N,6
54317891,8,8
54317892,7,6
54318576,10,7
54318575,736,0
54318577,36,7
54318578,2,7
54318579,7,6
54318580,2,9
54318581,18,7
54318582,10,6
54318583,20,7
54318584,5861,0
54318586,144,5
54318587,4,9
54318588,38,6
54318589,14,7
54318590,41,6
54318592,10,8
54318594,21,7
54318593,5076,0
54318596,4,7
54318597,7,7
54319144,364,2
54319145,27,7
54319147,12,7
54319148,8,5
54319149,13,7
54319150,8,7
54319151,27,7
54319152,3274,0
54319153,10,7
54319155,37,6
54319154,9,8
54319156,6,8
54319157,90,5
54319158,68,6
54319159,1,8
54319161,56,5
54319160,2,8
54319162,7,8
54319163,9,8
54319164,1,8
54319166,1,7
54319167,1,9
54319165,14,7
54319168,15,8
54319169,40,6
54319451,16,8
54319452,18,7
54319453,1,7
54319454,3,7
54319455,4315,0
54319459,34,6
54319458,40,6
54319457,38,6
54319460,38,7
54319461,4,6
54319462,36,7
54319464,14,8
54319463,1,7
54319880,52,5
54319883,13,8
54319882,8,7
54319884,1,6
54319881,61,4
54320171,2900,0
54320172,6,9
54320173,8,9
54320174,8,8
54320175,185,4
54320176,5,9
54320177,824,3
54320178,5,7
54320179,111,5
54320180,65,5
54320183,9,7
54320181,37,6
54320182,7,4
54320188,65,5
54320185,35,6
54320184,9,8
54320186,8,8
54320187,10,7
54320189,9,9
54320190,245,3
54320191,2,8
54320192,3,6
54320193,37,6
54320194,4,8
54320195,3,6
54320196,3342,0
54320197,4,8
54320199,32,7
54320198,4,7
54320200,4,8
54320201,1,8
54320202,6,8
54320699,81,4
54320700,17,7
54320702,180,4
54320703,11,8
54320704,9,8
54320705,19,8
54320707,6,7
54320708,7,8
54320710,24,7
54320709,2,7
54320711,5,7
54320713,4,6
54320712,10,7
54320715,20,7
54320716,5,7
54320714,2,8
54320717,21,7
54320718,25,4
54320719,9,8
54320720,8,7
54320721,27,7
54320722,4,8
54320723,3,9
54320724,3,9
54320725,2,8
54320726,7,9
54320727,3,7
54320728,824,2
54320729,5,6
54320730,12,6
54320731,1,8
54321073,59,5
54321074,1,8
54321075,114,4
54321076,156,4
54321077,682,2
54321078,9,8
54321079,4,7
54321080,35,5
54321081,19,6
54321083,8,8
54321082,28,6
54321084,3,7
54321085,3,7
54321086,2,7
54321087,4,9
54321088,25,7
54321090,8,8
54321089,2,8
54321091,31,7
54321092,25,8
54321093,3,8
54321094,2,8
54321095,5,6
54321433,1,6
54321446,1,8
54321448,3,7
54321447,32,6
54321449,17,8
54321451,7,9
54321452,3260,0
54321453,2,8
54321454,17,9
54321455,2,8
54321456,8,8
54321457,2,7
54321458,26,7
54321460,3,6
54321459,2,7
54321461,1,5
54321463,35,6
54321462,9,9
54321464,28,6
54321804,8,9
54321805,10,8
54321806,3,8
54321807,18,8
54321813,4,8
54321815,5,9
54321814,19,8
54321816,2,6
54321808,1,8
54321809,8,8
54321810,43,7
54321811,2,9
54321812,3,9
54321817,134,5
54321818,6,8
54321819,1,8
54321820,16,6
54321821,\N,7
54322224,3,8
54322225,8,8
54322226,17,8
54322227,30,8
54322228,3,9
54322229,3,8
54322230,23,7
54322231,44,6
54322232,4,8
54322233,20,7
54322234,8,8
54322235,16,7
54322237,28,7
54322236,2,8
54322238,25,7
54322239,\N,7
54322241,5,7
54322242,7,8
54322243,5,6
54322244,12,7
54322245,1096,1
54322246,2,7
54322247,25,7
54322248,20,7
54322710,14,8
54322712,2,8
54322715,24,5
54322713,2,9
54322714,2,9
54322716,736,0
54322717,33,7
54322720,35,6
54322718,53,5
54322719,6,8
54322721,10,7
54322722,3,8
54322723,15,7
54322866,13,8
54322867,8,8
54322868,385,2
54322869,18,8
54322870,3,8
54322871,729,2
54322872,2,7
54322873,199,5
54322876,27,7
54322877,6,9
54322878,151,5
54322879,3,8
54322880,3485,0
54322881,181,4
54322883,2,5
54322882,22,7
54322884,39,4
54322885,16,7
54322886,2,9
54322887,16,8
54322888,1113,1
54322889,14,7
54322890,13,8
54322891,11,8
54322892,38,6
54322893,26,5
54322895,5176,0
54322897,4,7
54322898,2,7
54322899,4,8
54322900,3,9
54322901,8,7
54322902,7,9
54322903,70,6
54322904,22,7
54322905,2204,0
54322906,1778,0
54322907,3,7
54323520,27,7
54323521,2,8
54323522,3,7
54323523,16,7
54323524,6,9
54323529,4,8
54323530,372,3
54323531,26,6
54323532,6,7
54323895,95,5
54323896,9,8
54323897,2,8
54323898,29,7
54324404,31,7
54324407,37,6
54324671,5153,0
54324672,3361,0
54326040,1,9
54326416,1,9
54326417,1,7
54326521,63,5
54327185,161,4
54327186,37,6
54327479,4517,0
54327887,42,7
54327891,78,4
54328004,109,4
54328412,2625,1
54329630,203,4
54330581,44,7
54337029,91,5
54357348,\N,7
54360413,\N,9
54399499,\N,8
54417167,3,6
54435210,1,9
54322894,20,7
54322896,8,8
54322908,5,7
54322909,1,6
54323525,4,7
54323526,18,5
54323527,1,6
54323528,2,7
54323533,15,7
54324405,3,7
54324406,25,6
54324408,65,5
54324409,4407,0
54324410,25,7
54324412,20,6
54324411,2507,1
54324674,19,7
54324673,4,7
54324676,17,7
54324675,59,6
54325099,19,7
54325100,27,7
54325101,26,7
54325517,1096,1
54326415,1,7
54326418,5112,0
54326646,15,8
54326647,6,6
54326648,3,7
54326649,11,6
54326651,4,6
54326650,51,6
54326658,13,7
54326659,377,0
54326660,19,7
54326661,6,8
54326662,8,7
54326663,14,8
54326761,18,7
54326762,20,7
54326763,16,7
54326764,15,7
54326765,21,8
54326766,9,8
54326767,73,6
54326769,6,7
54326768,11,7
54326955,39,6
54326956,1177,0
54326957,51,5
54326958,10,8
54326959,3,8
54326960,6,6
54326961,12,8
54327187,16,8
54327188,13,8
54327189,74,5
54327190,13,8
54327191,39,6
54327192,24,7
54327193,4991,0
54327471,30,7
54327485,23,7
54327486,1128,2
54327890,6215,0
54330043,41,7
54327194,1,6
54327195,5,8
54327196,9,8
54327197,10,8
54327374,19,7
54327376,8,8
54327377,6,8
54327470,40,7
54327472,1,8
54327473,4,8
54327474,6,7
54327475,5,8
54327476,13,8
54327477,2,7
54327478,8,8
54327480,4,6
54327481,327,3
54327482,57,6
54327483,50,6
54327484,30,6
54327487,8,7
54327488,28,7
54327489,2,8
54327490,36,6
54327491,9,8
54327492,2,8
54327494,12,5
54327493,31,6
54327495,6,8
54327739,13,8
54327740,\N,6
54327741,11,8
54327742,29,7
54327744,10,8
54327743,8,7
54327746,42,6
54327745,4,8
54327747,38,6
54327748,14,7
54327882,11,8
54327883,15,8
54327884,11,8
54327885,29,7
54327886,4,8
54327888,4,8
54327889,3,7
54327893,6,8
54327892,12,8
54327894,1,7
54327895,6,7
54327897,35,6
54327896,11,8
54327898,38,7
54327899,10,8
54327900,5,7
54327901,5,9
54327902,5,5
54327903,8,8
54327904,6,6
54327906,5,7
54327905,6,9
54327908,34,8
54327907,17,7
54327909,10,7
54327910,94,5
54327911,35,7
54327912,7,9
54327914,2370,1
54327913,6,7
54328003,4,8
54328005,11,7
54328006,9,8
54328007,10,7
54328008,93,5
54328009,6,9
54328010,3,7
54328011,9,8
54328012,4,6
54328013,6,7
54328014,12,6
54328016,6,7
54328015,1,7
54328059,13,8
54328060,7,7
54328061,1832,0
54328062,6,8
54328063,7,9
54328064,18,7
54328065,7,7
54328067,5,5
54328066,35,7
54328068,3,7
54328069,5,8
54328070,4165,0
54328071,2184,1
54328072,36,7
54328073,10,6
54328074,3,9
54328413,8,8
54328414,214,3
54328415,5,8
54328416,29,6
54328939,12,7
54328940,3,7
54328941,222,4
54328942,1,7
54328943,5,6
54328944,23,8
54329154,6,9
54329155,7,8
54329156,2,9
54329157,2,9
54329158,6,7
54329159,6,7
54329160,32,7
54329162,20,7
54329161,19,5
54329163,13,7
54329164,14,8
54329165,3,8
54329166,6,7
54329167,4,8
54329168,2,7
54329169,6,9
54329170,6,7
54329621,66,6
54329623,27,7
54329624,7,8
54329625,26,8
54329626,3,9
54329627,1,8
54329628,4289,0
54329629,2,7
54329631,29,7
54329632,2,8
54329634,5,7
54329633,4,8
54329635,1,6
54329636,4,8
54329638,5,7
54329637,11,8
54329639,32,7
54329640,6,8
54329641,87,5
54329644,4,9
54329646,8442,0
54329642,2,8
54329645,29,7
54329643,32,7
54330033,26,7
54330034,49,6
54330035,4,9
54330036,708,1
54330037,1,6
54330038,25,7
54330039,181,2
54330040,30,7
54330041,381,2
54330042,1,8
54330293,1489,0
54330294,2,8
54330295,2,8
54330296,22,7
54330297,33,6
54330300,31,7
54330299,24,7
54330298,2,8
54330301,2,7
54330302,57,6
54330303,2,7
54330304,17,8
54330305,21,8
54330307,2,9
54330306,1500,1
54330566,52,6
54330567,137,4
54330568,9,9
54330569,21,8
54330570,4756,1
54330571,2,8
54330572,3,8
54330573,15,8
54330574,3,9
54330575,9,8
54330576,20,7
54330577,16,8
54330579,1,7
54330578,78,5
54330580,3,7
54330582,3,7
54330583,3,7
54330585,3,8
54330584,18,8
54330720,4,8
54330721,81,6
54330722,27,7
54330723,3,9
54330724,7,5
54330725,8,8
54330727,31,7
54330729,25,7
54330726,4,6
54330730,4488,0
54330731,4,8
54330728,3,9
54330733,2,8
54330735,12,7
54330732,2,8
54330736,2,7
54330734,1,7
54330738,2,7
54330737,2661,0
54330914,21,9
54330915,23,7
54330917,1,8
54330918,27,7
54330919,23,8
54331160,822,1
54330921,2,8
54330920,4,8
54330922,\N,8
54330926,1,7
54330927,2,8
54330928,2,8
54331169,11,8
54331168,80,6
54331171,3,9
54331170,32,7
54331172,1029,3
54331173,21,8
54331174,23,8
54331175,\N,8
54331176,5201,0
54331178,95,6
54331534,4560,0
54331631,29,6
54331701,1,8
54331801,7,9
54331806,10,8
54333187,23,8
54334002,17,8
54334003,1484,1
54334004,1,9
54334006,1,9
54334582,3358,0
54335611,80,5
54337030,230,4
54354669,4,7
54354670,\N,9
54354668,\N,8
54330923,\N,7
54330924,\N,7
54330925,1,6
54331179,3,7
54331177,18,8
54331291,3,8
54331535,3,8
54331536,4,8
54331537,8,8
54331629,4,7
54331630,1,6
54331668,5,8
54331669,22,7
54331670,17,7
54331800,15,7
54331802,9,9
54332004,52,6
54332005,6,7
54332006,8,8
54332007,5,7
54332008,516,3
54332189,1,7
54332190,48,6
54332191,8,8
54332192,17,8
54332193,6,7
54332194,33,7
54332729,13,8
54332730,34,7
54334001,14,9
54334005,48,6
54334007,20,7
54334008,10,8
54334009,1,9
54334010,9,6
54334581,2,8
54334584,35,6
54334586,12,8
54335006,11,7
54335010,64,6
54335224,4,8
54335233,75,5
54335604,73,5
54335614,1108,1
54336056,30,7
54336063,211,5
54336808,1,9
54336807,1,9
54337028,159,4
54339169,714,1
54339171,72,6
54334583,9,9
54334585,9,7
54334587,1,7
54334588,7,9
54334589,687,4
54334590,3,9
54335005,717,0
54335008,5,8
54335007,\N,8
54335009,3,6
54335221,595,2
54335220,34,7
54335222,10,8
54335223,6,8
54335225,5,7
54335226,1,8
54335227,\N,8
54335228,7,8
54335229,12,8
54335457,3023,0
54335231,11,8
54335230,11,8
54335232,7,8
54335235,8,8
54335234,5,7
54335236,10,8
54335237,30,6
54335238,26,7
54335239,8,8
54335240,8,8
54335242,5,8
54335241,65,6
54335458,22,7
54335459,6,5
54335460,22,7
54335461,\N,6
54335605,160,4
54335606,50,6
54335607,18,8
54335608,1,8
54335609,37,7
54335610,9,8
54335612,4,8
54335613,9,8
54336055,6,6
54336054,6,8
54336057,70,6
54336058,31,8
54336059,7,8
54336060,6,8
54336061,386,2
54336062,4,5
54336230,7,8
54336231,3662,0
54336232,9,8
54336233,2,9
54336234,4,8
54336235,31,6
54336236,4,7
54336237,29,6
54336238,22,8
54336239,746,0
54336241,30,6
54336240,2,7
54336243,2,9
54336242,2,8
54336526,2,8
54336527,1,6
54336528,11,8
54336529,98,5
54336530,4,9
54336612,13,9
54336613,36,7
54336614,3,8
54336615,3,7
54336616,21,7
54336617,36,7
54336618,27,7
54336619,2,6
54336620,2,8
54336621,11,8
54336622,4836,0
54336623,7,8
54336624,3995,0
54336626,37,7
54336625,19,7
54336627,7,7
54336628,4,9
54336629,4,9
54336631,2,8
54336630,2,7
54336632,10,8
54336633,33,8
54336634,151,4
54336635,3,8
54336636,25,8
54336637,1106,2
54336638,3268,2
54336639,28,7
54336640,7,8
54336641,6,7
54336642,172,4
54336644,20,5
54336643,24,7
54336801,156,4
54336802,4,7
54336803,24,8
54336804,50,6
54336805,2,6
54336806,19,7
54336809,2328,0
54336810,3,8
54336811,3,9
54336812,43,7
54336899,67,6
54336900,33,7
54336901,18,7
54336902,4,8
54336903,2,8
54336904,3,8
54336905,3,7
54336906,1,8
54336907,27,6
54336908,39,5
54336909,5689,0
54336911,23,7
54336910,8,7
54336913,38,6
54336912,2,8
54336914,384,1
54336954,37,7
54336955,33,7
54336956,6,7
54336957,3,8
54336958,18,8
54336959,6,9
54336960,1779,1
54336961,1,7
54336962,4,8
54336964,1,9
54336963,18,7
54336966,2,7
54336965,21,8
54336967,2,8
54337025,18,9
54337026,25,7
54337027,1,8
54337031,17,7
54337032,234,4
54337033,6,8
54337423,61,6
54337424,18,9
54337425,9,7
54337572,3,7
54337574,1,8
54337575,1,9
54337576,18,8
54337577,4,8
54337705,36,6
54337706,9,9
54337707,647,3
54338282,1536,3
54339178,3,9
54339179,1,9
54339180,1,9
54340315,195,4
54357155,60,5
54337703,2,8
54337704,14,7
54338280,13,8
54338281,3,8
54338283,33,6
54338657,836,0
54338661,3,7
54338670,171,4
54338671,3,6
54338672,10,8
54338673,8,8
54338674,1,7
54338675,17,8
54338707,9,7
54338708,4,8
54338709,5,8
54338710,11,6
54338712,7,7
54338711,8,8
54338713,\N,7
54338714,369,2
54338715,4,7
54338716,89,5
54338717,10,8
54338826,2,8
54338827,31,7
54338828,7,5
54338829,53,7
54338830,11,9
54338832,164,2
54338833,30,8
54338831,12,8
54338887,9,7
54338888,16,7
54338889,156,4
54338890,11,7
54338891,6,8
54338971,34,6
54338972,36,7
54338973,3802,0
54338974,19,7
54338975,3,8
54338976,48,6
54338978,129,5
54338977,146,5
54339156,12,8
54339170,9,8
54339172,42,5
54339173,1299,0
54339174,42,6
54339175,1080,0
54339176,5,8
54339183,107,5
54339217,29,7
54339968,9,9
54339973,13,8
54357453,\N,8
54339177,10,8
54339182,6,8
54339185,13,8
54339184,4,9
54339213,2,7
54339214,2633,1
54339216,211,5
54339215,14,8
54339241,12,8
54339242,2,9
54339243,25,7
54339244,3,8
54339245,8,8
54339246,6,8
54339757,22,7
54339758,5,9
54339759,10,1
54339760,37,5
54339761,69,5
54339762,3,7
54339763,12,7
54339764,1,7
54339765,5,7
54339871,2,8
54339872,10,7
54339873,7,7
54339874,9,7
54339875,1,9
54339876,52,6
54339877,8,7
54339879,2,9
54339878,18,8
54339880,13,8
54339881,19,7
54339882,12,8
54339963,34,7
54339964,7,8
54339965,1441,0
54339966,7,8
54339967,23,8
54339969,1,7
54339970,24,6
54339971,30,6
54339972,8,7
54339974,7,8
54339975,51,7
54339976,1,6
54339977,5,7
54340039,30,6
54340040,12,7
54340041,9,7
54340046,38,5
54340043,31,7
54340042,23,8
54340044,51,6
54340045,6,7
54340047,2,8
54340048,5,6
54340097,99,5
54340098,3,7
54340099,4,9
54340100,2,7
54340101,7,7
54340102,171,4
54340105,17,8
54340103,4710,0
54340106,6,8
54340104,2,9
54340107,14,8
54340108,2,9
54340109,30,7
54340152,8,7
54340153,7,8
54340154,826,3
54340155,34,7
54340156,4,8
54340157,17,7
54340158,5,8
54340159,29,8
54340255,6,9
54340256,37,6
54340257,85,4
54340258,8,9
54340259,721,2
54340260,3,8
54340261,2,8
54340262,42,6
54340263,2,9
54340264,1,8
54340265,5,7
54340266,35,6
54340267,4,7
54340270,6,7
54340268,2,7
54340269,29,7
54340271,24,7
54340272,3,9
54340273,6,7
54340275,6,7
54340274,1,7
54340276,16,8
54340277,19,9
54340303,27,7
54340304,6,9
54340306,53,7
54340305,4,8
54340307,3,8
54340308,5,7
54340309,2,8
54340310,33,7
54340311,37,6
54340313,13,5
54340312,21,8
54340314,5,6
54340316,15,7
54340318,3,7
54340317,18,9
54340319,1,7
54340321,24,7
54340322,2,6
54340320,21,7
54340388,32,6
54340386,29,7
54340387,2,8
54340390,28,6
54340389,5,8
54340428,77,5
54340429,21,7
54340430,8,6
54340431,30,7
54340432,884,1
54340434,3,7
54340433,206,3
54340435,10,7
54340436,35,7
54340437,4,8
54340438,11,8
54340440,2191,2
54340441,3,8
54340442,25,7
54340443,84,4
54340444,2,8
54340445,11,7
54340446,31,7
54340468,2,9
54340469,28,7
54340472,104,5
54340471,8,9
54340712,382,3
54340778,5,8
54340780,87,6
54340802,44,5
54341419,2951,0
54341445,111,4
54341458,32,6
54341465,16,9
54341468,14,7
54341521,92,5
54342222,166,3
54417773,1,9
54340470,10,7
54340473,14,8
54340474,4,6
54340710,379,2
54340711,6,8
54340713,2,9
54340714,11,9
54340779,8,8
54340781,25,7
54340798,3,7
54340799,17,7
54340800,192,4
54340801,27,8
54340958,22,7
54341437,66,5
54341438,2,6
54341439,2,7
54341441,48,5
54341440,5,7
54341442,6,5
54341443,170,3
54341444,8,7
54341457,160,5
54341459,7,7
54341460,79,5
54341461,3,7
54341462,9,7
54341463,22,7
54341464,25,7
54341466,1141,0
54341467,5,7
54341469,21,7
54341480,11,7
54341482,21,7
54341481,1,8
54341483,2,7
54341484,11,7
54341485,35,7
54341514,21,7
54341513,21,8
54341515,8,8
54341516,17,8
54341517,4,8
54341518,2,8
54341520,30,7
54341519,58,5
54341522,1,4
54341524,15,6
54341523,9,8
54341525,16,7
54341527,15,8
54341526,29,7
54341543,14,8
54341544,4,9
54341546,2,7
54341545,4,7
54341547,1,7
54341548,5,6
54341550,30,7
54341549,854,2
54341551,1101,0
54341552,3,8
54341553,8,8
54341555,11,5
54341554,2,9
54341556,5,9
54341559,4,7
54341558,2,9
54341560,14,8
54341562,86,5
54341561,8,5
54341590,204,3
54341589,1,8
54341591,8,6
54341592,4,8
54341594,10,7
54341593,5,8
54341596,2,9
54341595,1,9
54341597,292,3
54341598,181,4
54341631,147,4
54341632,2,6
54341633,12,8
54341634,4,9
54341635,45,6
54341636,14,8
54341643,11,7
54341644,15,7
54341645,16,8
54341647,34,6
54341650,31,7
54341651,2,9
54341663,17,7
54341665,84,5
54342181,87,7
54342191,1,8
54399496,\N,9
54341646,354,2
54341648,12,7
54342166,8,7
54342167,8,7
54342169,3,8
54342168,2,7
54342170,763,1
54342171,7,6
54342178,1,8
54342177,4,7
54342180,192,5
54342179,28,6
54342182,11,6
54342224,41,7
54342223,6,7
54342225,756,1
54342284,1,6
54342285,25,7
54342319,13,3
54342501,14,8
54342500,1118,1
54342515,1,7
54342516,42,7
54342517,14,5
54342518,1,6
54342519,3,7
54342520,1,7
54342523,46,7
54342521,5,7
54342527,41,6
54342522,1857,0
54342524,4,8
54342526,3,7
54342525,1,7
54342545,46,6
54342547,12,8
54342546,12,8
54342548,16,7
54342549,2909,1
54342550,26,8
54342551,14,8
54342552,1018,2
54342553,5,8
54342554,42,6
54342555,18,7
54342556,107,4
54342557,16,7
54347676,26,7
54347996,1162,0
54347997,137,4
54349265,96,5
54342558,1,7
54342559,45,5
54342584,5,7
54342585,4,8
54342586,35,7
54342587,381,2
54342596,27,7
54342597,4,8
54342612,22,7
54342613,6221,0
54346214,2864,1
54346962,7,4
54346963,11,6
54347535,17,8
54347536,17,8
54347537,33,6
54347539,19,7
54347672,34,6
54347673,8,7
54347674,34,8
54347675,15,7
54347911,33,7
54347912,6,7
54347913,5,5
54347914,13,7
54347915,3,8
54347916,8,8
54347917,2,9
54347920,8,7
54347919,42,6
54347918,31,7
54347921,15,6
54347922,13,7
54347924,2,4
54347923,2,9
54347925,2,9
54347926,16,7
54347927,2,9
54347928,9,8
54347929,73,6
54347977,1,7
54347978,5,8
54347979,5,7
54347980,6,7
54347981,2,8
54347983,8,9
54347982,126,4
54347984,15,8
54347985,42,6
54347987,33,6
54347988,12,8
54347990,8,8
54347986,8,8
54347989,926,1
54347991,88,5
54347992,28,7
54347993,3,8
54347994,2489,0
54347995,21,7
54347998,37,6
54348271,5846,2
54349045,1,7
54349046,5,8
54349273,1013,2
54350417,60,6
54350421,4,9
54351253,6,8
54351264,104,4
54351346,45,5
54352083,11,8
54354279,2249,0
54349047,6,6
54349048,39,6
54349049,25,7
54349050,15,7
54349051,13,6
54349052,9,8
54349260,7,6
54349261,12,8
54349262,10,8
54349263,464,3
54349264,12,7
54349266,24,2
54349267,6,7
54349268,1,6
54349270,34,6
54349271,2,6
54349269,9,7
54349272,10,7
54350418,10,8
54350419,12,7
54350420,15,8
54350422,11,7
54350423,11,8
54350424,26,7
54350425,30,7
54350426,5,7
54350427,6,8
54350428,10,8
54350429,13,8
54350430,159,5
54350433,85,6
54350434,6,9
54350431,12,8
54350432,50,6
54350435,22,7
54350436,2,8
54350437,2,9
54350894,94,5
54350895,15,7
54350899,6403,1
54350896,3044,0
54350898,10,7
54350897,164,4
54350903,28,7
54350904,52,6
54350902,8,7
54350901,7,8
54350905,25,7
54351254,21,7
54351255,43,6
54351256,644,3
54351260,4,7
54351257,12,7
54351258,214,4
54351259,5,7
54351261,10,8
54351262,38,8
54351263,8,6
54351349,1,7
54351350,6,8
54351351,23,8
54351720,39,7
54351721,151,5
54351723,22,8
54351722,4,7
54351827,11,7
54351828,8,7
54351829,38,7
54351830,28,7
54351831,50,5
54351832,78,5
54351833,31,6
54351840,15,7
54352078,48,5
54352079,30,3
54352080,17,7
54352081,19,7
54352082,19,7
54352296,7,7
54352295,90,5
54352297,4,6
54352298,2,7
54352299,12,8
54352300,90,5
54352301,1,7
54352302,3,7
54352303,8,8
54352304,4,6
54352305,8,7
54352553,36,6
54352554,8,7
54352555,3,8
54352556,17,8
54352557,6,8
54352558,26,7
54352559,3,7
54352560,21,7
54352561,23,7
54352562,10,7
54352563,15,8
54352564,7,8
54352565,15,8
54352566,13,8
54352567,27,6
54352568,12,9
54352569,20,8
54352570,24,8
54352572,2038,0
54352573,31,8
54352571,48,6
54352574,16,8
54352928,6,9
54352929,98,6
54352930,2,7
54352931,25,8
54352932,1,8
54352933,70,7
54352934,26,8
54352935,3,8
54352936,2,8
54352937,8,8
54352938,31,7
54352939,4,9
54352940,2878,1
54352941,4,9
54352942,2,8
54352943,1,7
54352944,2,7
54352946,17,7
54352945,13,7
54352947,31,7
54352948,74,5
54353134,23,7
54353135,16,7
54353136,1,8
54353137,11,8
54353138,29,7
54353140,2,9
54353139,14,7
54353141,2,7
54353142,2,8
54353143,14,7
54353144,2,9
54353145,11,8
54353146,5,6
54353147,2,8
54353148,32,6
54353149,2,8
54353150,26,7
54353460,2211,1
54353461,19,7
54353611,376,1
54353612,3574,0
54353614,5,8
54353613,2943,1
54353615,16,8
54353616,55,6
54353618,41,6
54353617,18,8
54353619,16,8
54353620,4687,0
54353621,5,8
54353622,3,9
54353683,162,4
54353682,30,7
54353681,670,2
54354064,6467,1
54353986,26,7
54354065,4630,0
54354083,3558,0
54354220,8089,0
54354351,6278,0
54354968,2986,0
54358578,66,5
54399500,\N,9
54399501,\N,9
54399502,\N,9
54399505,\N,8
54353691,48,5
54353690,2,9
54353704,15,8
54353705,80,6
54353706,3,8
54353707,14,7
54354072,200,2
54354075,15,6
54354081,23,7
54354082,30,6
54354216,7,7
54354217,34,7
54354218,24,7
54354219,9,8
54354233,1,7
54354232,14,7
54354234,4,7
54354235,2,8
54354236,3,8
54354273,17,7
54354274,10,7
54354276,18,7
54354275,7,8
54354278,2,6
54354277,29,7
54354280,12,7
54354281,2,8
54354282,10,8
54354283,2,7
54354300,60,6
54354302,15,7
54354301,58,5
54354303,63,5
54354304,21,7
54354331,574,3
54354352,36,6
54354353,12,7
54354354,14,9
54354355,2,4
54354356,12,7
54354357,12,9
54354358,3,5
54354359,16,6
54354360,34,6
54354361,4,8
54354362,251,4
54354363,4037,0
54354395,11,7
54354396,12,8
54354397,369,1
54354398,4,7
54354399,3,7
54354400,10,8
54354401,2,9
54354402,38,6
54354403,2,8
54354404,2,7
54354405,28,7
54354406,10,7
54354407,5,7
54354410,4858,2
54354411,34,9
54354414,12,9
54354415,6,8
54354416,4,8
54354417,36,6
54354418,11,7
54354420,2,8
54354422,32,6
54354506,30,7
54354510,1081,1
54354508,103,5
54354509,90,5
54354520,28,7
54354662,74,6
54354666,4,8
54354667,3,9
54354671,18,8
54355031,11,7
54356983,54,5
54357098,196,3
54354408,9,6
54354409,\N,8
54354412,12,7
54354413,6,8
54354419,3,7
54354421,3,7
54354423,8,7
54354424,2,6
54354502,4,7
54354503,4,6
54354504,121,4
54354505,2,7
54354507,2,9
54354511,10,8
54354512,13,8
54354513,3,8
54354514,11,8
54354515,27,6
54354517,1,6
54354516,12,8
54354518,17,6
54354519,11,8
54354521,8,8
54354522,5,8
54354523,1,7
54354524,7,8
54354525,1,7
54354526,3,7
54354657,46,6
54354658,9,8
54354659,236,3
54354660,44,5
54354661,173,5
54354663,30,6
54354664,25,7
54354665,37,6
54354672,1010,1
54354674,154,5
54354675,7,8
54354673,2,7
54354676,7,6
54354677,2,9
54354678,53,6
54354679,9,7
54354680,7,7
54354681,2,8
54354734,5,8
54354735,6,8
54354736,25,6
54354861,21,7
54354860,14,7
54354858,5,6
54354859,97,5
54354862,5,8
54354863,37,7
54354866,31,6
54354865,24,5
54354864,21,8
54354867,3178,2
54354969,25,6
54354972,1,7
54354971,7,7
54354970,4,8
54354973,4,8
54354974,54,5
54354975,6,9
54355030,37,6
54355032,6,8
54355033,409,3
54355034,5,8
54355035,1,8
54355036,4,7
54355037,6,5
54355038,4,7
54355039,3,8
54355040,4,7
54355041,5,8
54355042,8,8
54355043,13,9
54356029,36,6
54356030,3997,0
54356031,18,5
54356032,734,1
54356033,172,4
54356034,\N,7
54356035,23,7
54356037,5,6
54356036,56,6
54356038,1,6
54356039,6,7
54356041,6,7
54356040,2,8
54356042,2,7
54356387,64,6
54356388,3,7
54356389,86,2
54356390,13,9
54356391,1074,2
54356392,16,7
54356393,13,7
54356832,3,8
54356833,15,7
54356835,67,6
54356836,3,6
54356837,5,9
54356838,10,7
54356839,1343,0
54356840,147,5
54356841,8,8
54356984,30,6
54356985,20,6
54356986,47,6
54356987,45,6
54356989,8,7
54356988,7,7
54356990,5,9
54356991,189,5
54356992,37,7
54356993,3,8
54356994,3,6
54356995,8,7
54356996,3,8
54356997,30,7
54356998,3,9
54356999,1,8
54357096,36,6
54357097,6,8
54357099,23,7
54357100,9,7
54357102,28,7
54357104,5,8
54357103,24,8
54357105,2,9
54357106,31,7
54357107,28,7
54357153,199,1
54357154,7144,0
54357157,7,8
54357158,46,6
54357156,5,8
54357207,15,8
54357208,10,6
54357209,5,8
54357253,463,3
54357250,27,7
54357252,1,7
54357251,11,9
54357254,4,7
54357255,15,7
54357257,9,8
54357256,11,8
54357258,13,8
54357259,37,6
54357273,2,8
54357275,28,7
54357274,27,8
54357276,12,7
54357277,18,6
54357343,40,7
54357345,35,7
54357347,258,4
54357399,108,5
54357464,177,5
54357789,27,7
54358377,57,5
54358580,36,7
54359926,44,4
54435211,1,7
54499712,\N,8
54357344,28,7
54357375,39,6
54357397,2,6
54357400,32,6
54357401,2,6
54357433,13,8
54357434,1,6
54357454,13,6
54357455,34,6
54357456,1,7
54357457,1,7
54357458,10,7
54357459,1,7
54357460,6,8
54357461,1,7
54357462,1,8
54357463,4,9
54357465,12,4
54357782,11,7
54357784,35,6
54357783,13,8
54357785,17,8
54357786,2,7
54357788,8,8
54357787,16,6
54357972,2,8
54357973,5,7
54357974,10,8
54357975,1469,1
54357977,5170,0
54357978,16,8
54357976,16,7
54357979,14,8
54357980,2,6
54357982,24,6
54357983,13,8
54357981,2,7
54357984,5,8
54357985,30,6
54357986,3,7
54358245,4,7
54358246,74,5
54358247,220,4
54358248,2,8
54358249,13,7
54358250,6,9
54358251,8,8
54358252,44,6
54358253,68,5
54358375,27,7
54358376,11,8
54358378,32,7
54358379,1,6
54358380,155,5
54358381,8,8
54358382,26,7
54358383,11,8
54358384,30,7
54358385,1,8
54358386,4969,0
54358569,14,8
54358570,27,7
54358571,34,6
54358572,4,7
54358573,17,8
54358575,1,6
54358574,30,4
54358576,4,8
54358577,4636,0
54358579,12,8
54358581,32,7
54358583,56,6
54358582,12,5
54358760,12,9
54358761,57,5
54358764,6793,0
54358762,5,8
54358763,16,7
54358765,12,9
54358766,27,7
54358767,12,7
54358768,14,7
54358769,19,6
54358770,23,8
54358771,16,8
54358773,30,6
54358774,52,7
54358775,2,8
54358776,8,8
54358778,11,8
54358777,3,9
54358779,10,7
54358780,3,9
54358781,6,7
54358782,3,8
54358783,24,7
54358784,7,8
54358910,16,7
54358911,19,7
54358912,14,8
54358913,2405,0
54358914,4918,0
54359123,28,6
54359125,11,8
54359126,59,5
54359128,179,5
54359129,31,6
54359130,13,8
54359133,7,8
54359252,26,6
54359254,12,9
54359256,3931,1
54359386,48,6
54359389,332,3
54359390,58,5
54359403,77,5
54359705,187,4
54359834,41,7
54373231,57,5
54358909,5,8
54359124,7,7
54359127,27,7
54359131,25,7
54359132,5,8
54359134,26,6
54359135,2,7
54359249,6,7
54359250,32,7
54359251,13,6
54359253,14,8
54359255,2,7
54359257,5,6
54359258,3956,1
54359259,6,7
54359260,3947,0
54359261,4,8
54359387,6,7
54359388,13,8
54359391,12,9
54359392,7,6
54359393,2,7
54359394,39,6
54359395,2,7
54359396,9,7
54359397,5,7
54359398,5,7
54359399,199,4
54359400,7,7
54359401,5,8
54359402,24,6
54359404,4,7
54359405,8,8
54359406,4,7
54359408,4,9
54359410,1,5
54359407,87,6
54359409,2,6
54359412,3,7
54359411,18,7
54359706,29,6
54359707,17,7
54359708,6,8
54359833,3,7
54359835,32,7
54359836,4,6
54359837,10,9
54359838,3,8
54359841,199,3
54359839,193,4
54359840,3,7
54359842,47,5
54359843,20,7
54359844,22,5
54359845,6,7
54359846,5,7
54359860,50,5
54359861,2,8
54359863,8,7
54359862,33,8
54359864,16,8
54359923,1,7
54359924,5,7
54359925,7,6
54360001,34,6
54360002,15,8
54360085,32,7
54360086,4,8
54360087,1,7
54360088,5,7
54360089,21,3
54360090,4,6
54360091,43,6
54360092,27,7
54360093,20,7
54360094,33,6
54360095,2,8
54360096,51,6
54360097,2,7
54360098,6,8
54360099,3,7
54360101,17,7
54360100,2,7
54360192,20,6
54360194,24,6
54360193,27,7
54360195,41,6
54360196,3,7
54360197,11,8
54360198,4,7
54360199,3,7
54360414,13,7
54360724,5,7
54360725,16,7
54360726,11,8
54360728,1674,0
54360727,12,9
54360729,2,9
54360730,9,9
54360731,3318,0
54364489,6,9
54373187,16,6
54365454,17,6
54366289,1,8
54367465,31,5
54367466,6,6
54367468,14,4
54367467,203,3
54370593,20,7
54370592,13,9
54370594,6,8
54370595,14,7
54370596,31,7
54370597,22,7
54372216,14,6
54372217,34,7
54372940,3,7
54372941,10,9
54372942,8,4
54372943,222,4
54372945,15,7
54372944,7,7
54372946,104,4
54372947,16,8
54372948,4,7
54372962,9,5
54373073,31,7
54373074,14,8
54373075,2,8
54373188,1,7
54373189,1,6
54373190,37,6
54373191,1,7
54373233,3,6
54373232,309,3
54373234,8415,0
54373235,8,6
54373237,4,8
54373236,7697,1
54373330,3966,0
54373331,4,9
54373332,56,6
54373333,24,8
54373334,3,6
54373335,2,6
54373336,184,4
54373337,16,5
54373339,25,7
54373441,5502,0
54373442,4,8
54373543,22,7
54376494,2,9
54373436,17,7
54373437,11,5
54373438,20,6
54373439,5,9
54373440,27,6
54373541,13,7
54373544,578,2
54373545,39,6
54373546,38,6
54373547,13,8
54373548,93,5
54373549,9,8
54373550,11,6
54373551,6,6
54373581,986,2
54373582,88,5
54373583,28,7
54373584,5,8
54373585,18,7
54373586,5846,0
54373587,26,6
54373588,34,6
54373589,7,8
54373707,20,6
54373708,4,8
54373709,6,7
54373710,88,5
54373711,26,6
54373712,22,7
54373713,177,4
54373714,7,8
54373715,28,7
54373716,7,8
54373748,35,6
54373749,61,7
54373750,11,4
54373751,10,8
54373753,15,6
54373752,58,6
54373912,5,8
54373913,5,7
54373914,64,5
54373915,5145,0
54373916,38,6
54373917,52,5
54373918,7,8
54373919,18,7
54373920,10,8
54373921,5,8
54373922,214,4
54373923,12,7
54373924,5,7
54373925,50,6
54373926,10,4
54373927,122,4
54373929,2,6
54373928,7,6
54373930,5,8
54373931,13,8
54373932,2,5
54373933,40,6
54373934,8,8
54373935,3,7
54374047,66,6
54374048,19,7
54374049,2,7
54374050,15,8
54374051,4,7
54374052,15,8
54374053,8,8
54374054,6,9
54374055,23,5
54374153,17,8
54374154,16,8
54374155,4,8
54374156,2741,0
54374158,21,7
54374159,132,4
54374160,14,7
54374161,16,6
54374163,4,7
54374207,4,6
54374209,6,8
54374208,20,7
54374210,6,9
54374211,21,7
54374213,13,8
54374212,4,9
54374339,28,7
54374340,4,8
54374363,161,5
54374364,3,7
54374405,19,8
54374406,20,7
54374409,117,4
54374407,2,8
54374408,19,7
54374410,555,2
54374411,12,7
54374412,12,7
54374470,29,7
54374452,112,4
54374453,20,7
54374472,115,2
54374471,16,7
54374882,86,5
54375202,15,7
54435209,\N,7
54374676,26,8
54374712,23,7
54374713,36,6
54374714,27,7
54374716,194,4
54374718,29,7
54374717,21,8
54374715,86,4
54374719,5,5
54374773,81,6
54374771,5,9
54374772,9,7
54374775,2,6
54374774,15,7
54374822,5,7
54374824,2,8
54374823,125,5
54374825,6,8
54374826,19,7
54374881,9,6
54374827,9,8
54374828,6,8
54375074,25,8
54375075,36,7
54375083,67,4
54375120,38,7
54375121,15,8
54375123,10,7
54375122,4,7
54375124,98,4
54375138,10,8
54375139,8,3
54375140,3,8
54375141,62,5
54375203,37,6
54375200,7,8
54375201,76,5
54375204,86,5
54375206,68,5
54375207,5,7
54375415,63,5
54375768,166,4
54376493,3,9
54375205,3,6
54375468,70,4
54375410,14,7
54375408,80,5
54375409,32,8
54375411,3315,0
54375413,40,7
54375412,1,7
54375416,32,7
54375474,20,5
54375585,552,2
54375584,8,8
54375649,12,5
54375651,9,8
54375652,29,7
54375653,3,8
54375656,24,8
54375696,27,8
54375697,24,7
54375698,21,8
54375699,3,7
54375702,18,7
54375703,6,8
54375766,61,6
54375704,8,7
54375705,18,7
54375769,4,6
54375846,7093,0
54375770,88,5
54375771,1,7
54375772,214,5
54375896,545,2
54375848,64,6
54375850,31,7
54375849,4032,0
54375851,15,8
54375897,160,4
54375898,13,6
54375899,29,7
54375900,13,7
54376018,6,7
54376019,23,7
54376020,579,3
54376021,3,7
54376022,222,3
54376023,21,8
54376024,2,8
54376260,68,6
54376261,144,4
54376262,48,5
54376263,85,5
54376264,261,4
54376265,26,7
54376266,3,7
54376436,22,6
54376437,5,7
54376458,4,7
54376459,638,2
54376460,6,9
54376461,3,8
54376462,46,6
54376463,54,5
54376464,19,6
54376484,102,4
54376485,18,8
54376486,12,9
54376545,218,4
54376546,20,8
54376555,176,4
54376554,144,4
54376646,22,7
54376881,105,4
54376883,75,4
54376991,91,5
54377562,136,5
54377569,28,7
54381326,7054,0
54388743,6328,0
54376556,11,8
54376648,41,4
54376673,15,7
54376672,9,8
54376675,16,7
54376676,11,8
54376678,33,7
54376677,10,9
54376679,4772,1
54376833,9,8
54376834,1219,0
54376835,60,5
54376874,7,8
54376875,39,6
54376876,4,7
54376882,14,6
54376884,6,7
54376887,1,7
54376886,5,7
54376885,12,8
54376893,6,7
54376897,36,6
54376898,11,3
54376899,2,8
54376900,1,8
54376902,12,8
54376901,6,8
54376903,5,6
54376904,39,6
54376905,4,8
54376929,5,9
54376930,4022,0
54376937,7,7
54376938,3,8
54377838,44,5
54376983,3,8
54376984,61,5
54376985,9,6
54376988,3,7
54376987,2,5
54376990,5,6
54376989,39,7
54376992,8,8
54377188,22,7
54377190,2,8
54377191,20,8
54377193,8,8
54377192,1,7
54377378,60,5
54377379,2,8
54377380,10,6
54377381,3,8
54377382,3,7
54377383,28,7
54377384,\N,8
54377385,4,7
54377386,5,9
54377387,2,7
54377388,27,7
54377389,1,7
54377391,5,8
54377390,21,9
54377392,58,6
54377393,7,6
54377394,27,7
54377395,20,7
54377396,322,3
54377397,4,8
54377398,30,6
54377399,32,6
54377561,23,8
54377563,5,6
54377564,1,7
54377565,8,8
54377566,6,7
54377567,4,8
54377571,4,8
54377568,40,6
54377570,82,4
54377572,10,8
54377573,32,6
54377574,15,6
54377575,4,8
54377576,4,6
54377835,1,7
54377836,5,6
54377837,18,8
54377839,5,8
54377840,4,8
54377841,75,5
54377842,17,7
54377843,2,9
54377844,3,8
54377845,2,8
54377846,4,8
54377847,134,3
54377955,115,4
54377956,1,8
54377957,33,6
54377958,30,7
54377959,112,7
54377960,20,7
54377961,3,8
54377962,64,6
54377963,30,6
54377964,28,7
54377965,31,6
54377966,26,6
54377967,202,4
54377968,187,4
54377969,112,6
54377970,14,8
54377971,3,8
54377972,162,3
54378331,6,8
54378332,19,8
54378333,25,7
54378334,6,7
54378335,17,8
54378336,34,6
54378337,81,5
54378338,356,4
54378339,36,6
54378340,5,8
54378341,50,5
54378343,2131,0
54378344,29,7
54378345,3,8
54378346,5,7
54378347,5,7
54378522,2,9
54378523,1,7
54378525,6,8
54378527,113,4
54378526,3,9
54378524,81,5
54378528,29,6
54378864,46,5
54378773,54,6
54378775,21,7
54378774,85,5
54378776,6,9
54378777,3,8
54378778,21,7
54378779,11,7
54378870,936,1
54378880,891,2
54378882,469,2
54378881,2,8
54378883,13,8
54378891,758,4
54379042,166,4
54379678,14,7
54379680,63,5
54379681,54,5
54379766,23,7
54379769,18,7
54379772,178,4
54380190,91,5
54380202,175,4
54380203,19,6
54380577,887,1
54380885,46,5
54381334,84,4
54381686,163,4
54385234,3,9
54387151,1,9
54418647,1670,0
54379679,5,6
54379768,742,1
54379770,2,8
54379771,29,6
54379925,2,8
54379926,2,7
54379928,4,7
54379927,5,8
54379929,10,8
54379930,3,6
54379931,1,7
54380191,33,7
54380192,3,8
54380193,1,8
54380194,\N,6
54380195,8,8
54380196,1,8
54380197,9,8
54380199,2,8
54380198,2,7
54380200,15,8
54380201,25,7
54380204,4,9
54380205,2,8
54380206,5,6
54380207,15,7
54380208,12,8
54380210,40,4
54380209,12,8
54380211,1,7
54380570,12,7
54380569,4,7
54380571,1,7
54380572,2,8
54380573,39,6
54380574,12,6
54380575,12,8
54380576,2,8
54380578,13,7
54380881,3,4
54380882,22,7
54380883,19,8
54380884,14,8
54380886,16,7
54380887,17,7
54380888,24,7
54380889,10,9
54380890,41,6
54380891,4,9
54380892,1093,1
54380893,8,9
54380894,3,7
54380896,2,6
54380895,1,7
54380897,8,9
54380898,432,2
54380899,8,8
54381314,43,5
54381315,31,6
54381316,101,4
54381317,8,8
54381318,4,7
54381319,10,8
54381320,1,7
54381321,12,9
54381322,33,6
54381323,12,7
54381324,1,7
54381325,943,0
54381327,12,7
54381328,56,7
54381329,11,7
54381332,1,8
54381331,10,8
54381333,13,8
54381337,12,8
54381335,13,7
54381338,538,1
54381336,3,8
54381340,34,6
54381339,2,8
54381341,261,3
54381342,7,9
54381343,4,8
54381344,14,8
54382061,4,8
54381665,10,5
54381666,12,8
54381667,75,7
54381671,2,8
54381670,9,7
54381672,2,9
54381673,41,7
54381674,40,6
54381675,15,7
54381679,9,8
54381676,41,6
54381677,773,1
54381678,10,8
54381680,47,5
54381681,8,7
54381682,7,7
54381683,32,7
54381684,93,5
54381685,31,6
54382075,2,5
54382076,3692,0
54382078,3,8
54382077,2666,1
54382080,23,7
54382079,2,7
54382081,36,6
54382082,23,7
54382083,9,8
54382084,6,8
54382085,28,7
54382086,9,8
54382087,14,7
54382558,1,8
54382559,4,9
54382561,6,8
54382560,8,8
54382562,5,7
54382563,24,5
54382564,26,4
54382565,9,7
54382566,5,8
54382567,10,7
54382568,27,7
54382569,6,8
54382570,8,7
54382890,13,7
54382891,35,7
54382892,2,8
54382893,44,5
54382895,27,5
54382896,5485,0
54382894,17,8
54382897,8,7
54382900,20,7
54382898,11,7
54382899,24,7
54382901,5616,0
54382902,75,5
54382903,54,5
54382904,30,6
54382905,3,6
54382906,1,7
54382907,7,7
54382908,1,8
54382909,2,7
54382910,40,5
54382911,7,8
54382912,31,7
54382913,11,7
54382914,758,1
54383280,4,8
54383281,6,7
54383282,5,4
54383283,7,8
54383284,93,5
54383286,4,8
54383285,63,6
54383288,9,8
54383287,72,5
54383289,2689,0
54383291,8626,1
54383290,87,4
54383293,27,6
54383294,26,7
54383292,34,7
54383295,8,8
54383296,5,8
54383297,51,6
54383298,8,7
54383299,4,7
54383300,6,9
54383301,10,7
54383302,25,7
54383303,15,7
54383304,13,8
54383305,19,7
54383306,51,4
54383793,64,4
54383794,23,7
54383795,32,7
54383796,10,7
54383800,1,9
54383797,8,8
54383799,5,9
54383801,3,4
54383802,3,7
54383803,8,9
54383804,4697,0
54383805,3,9
54383806,5,9
54383808,6,8
54383810,24,6
54383811,31,6
54383809,11,7
54384197,8,9
54384198,1109,1
54384200,4,8
54384201,6,9
54384203,22,7
54384202,8,7
54384205,2978,0
54384204,4720,0
54384206,73,5
54384207,38,7
54384209,11,6
54384208,3,7
54384210,184,2
54384211,5,8
54384219,18,7
54384220,26,7
54384221,509,3
54384223,20,7
54384225,22,7
54384754,27,6
54384753,9,7
54384755,22,7
54384757,8,8
54384761,28,6
54384762,144,4
54384763,53,5
54384766,49,5
54385233,1,8
54385232,7,8
54385237,7,8
54385239,12,9
54386474,35,6
54386476,3,7
54386824,20,7
54386833,37,5
54387136,2207,0
54387384,323,3
54388338,229,3
54390628,37,5
54392936,101,4
54427457,\N,7
54427937,185,4
54505033,39,5
54383798,\N,8
54383807,2,7
54384199,9,8
54384212,58,5
54384213,4,7
54384214,10,8
54384215,2,6
54384216,1,8
54384217,5,8
54384218,11,9
54384222,82,5
54384224,2,8
54384226,68,7
54384227,2,7
54384228,19,5
54384750,4,8
54384751,140,4
54384752,17,7
54384756,8,5
54384758,3,8
54384759,4,8
54384760,3,6
54384764,14,7
54384765,\N,7
54384767,1188,2
54385236,9,8
54385235,33,6
54385238,1,7
54385240,19,7
54385241,235,2
54385243,12,8
54385242,7,8
54385245,1,9
54385244,7,8
54385246,7,7
54385247,3,8
54385248,28,7
54385250,54,6
54385249,6,8
54385251,588,2
54385252,3439,1
54385253,5,8
54385254,1,7
54385784,7,9
54386467,62,7
54385785,1,7
54385786,29,6
54385787,1,8
54385788,5,9
54385789,1,9
54385790,3,7
54385791,57,6
54385792,30,4
54385794,18,7
54385793,2,7
54385795,20,8
54385796,1,8
54385797,1,8
54385798,26,6
54385799,20,8
54385800,5,7
54385801,32,5
54385803,58,6
54385806,16,7
54385807,2,7
54385804,23,8
54385805,2,8
54385808,6,8
54385809,81,5
54385810,12,6
54385811,26,7
54386475,4,8
54386477,6,7
54386478,12,8
54386479,3,8
54386826,10,8
54386825,14,9
54386827,4,5
54386828,2,7
54386829,2,9
54386830,2,8
54386831,16,8
54386832,14,8
54386834,4,8
54386835,7,8
54386836,6,8
54386837,13,8
54387027,3,8
54387028,6,8
54387029,53,6
54387030,18,8
54387031,30,7
54387032,2041,1
54387137,16,8
54387138,3,8
54387139,44,5
54387140,3,7
54387141,4,6
54387142,11,7
54387143,5,8
54387144,21,7
54387145,17,7
54387146,1,8
54387147,1,9
54387148,8,6
54387149,1,7
54387150,1,7
54387152,22,7
54387153,4,7
54387154,7,8
54387155,6,9
54387375,1850,1
54387374,3,8
54387376,19,8
54387378,60,5
54387377,21,7
54387379,194,4
54387380,16,8
54387381,1,7
54387382,\N,7
54387383,1,8
54387385,2,8
54387386,17,7
54387388,2,9
54387387,21,7
54387389,43,6
54387390,2,7
54388335,16,8
54388336,16,7
54388337,10,9
54388339,122,4
54389193,1,8
54389194,18,7
54389195,1,5
54389196,136,5
54389197,27,6
54389198,28,7
54389199,33,6
54389201,16,8
54389203,2639,0
54389204,3498,1
54389206,61,4
54389207,14,6
54389208,47,6
54389362,22,6
54389363,41,6
54390603,8,6
54390657,8,8
54392052,14,8
54392060,44,2
54393143,2760,0
54395887,140,4
54397155,1,8
54421382,3263,0
54390614,5,6
54390615,1,7
54390629,2,3
54390630,1,5
54390631,7,6
54390658,11,9
54390659,3,6
54390660,22,7
54390661,6,8
54390663,6,7
54390662,5,8
54390664,12,7
54390665,13,7
54390666,28,6
54390821,2,7
54390820,3,7
54390824,5,8
54390823,14,8
54390822,1,7
54390826,13,8
54390825,5,6
54390827,1,6
54390828,6,7
54390829,5,9
54391005,10,7
54391006,1,5
54391007,4,7
54391008,2,8
54391009,8,9
54391010,362,1
54391013,31,7
54391012,1,8
54391011,2,8
54391014,20,7
54391015,10,8
54391016,7,7
54391017,4,8
54391018,4,8
54391019,5,8
54391020,30,7
54391021,1,7
54391022,5,8
54391023,811,1
54391024,5,9
54391025,28,6
54391028,2,8
54391026,2,8
54391027,12,8
54391029,12,8
54391030,25,6
54391031,57,5
54391032,17,7
54391033,3,8
54391034,6,8
54391037,5,8
54391036,38,7
54391035,2,8
54391039,2,8
54391038,14,7
54391040,43,5
54391041,12,7
54391042,3,7
54391043,2,8
54391044,176,4
54392051,13,7
54392053,35,5
54392054,16,7
54392055,3,9
54392056,66,5
54392057,5,8
54392058,13,8
54392059,3,9
54392061,5,8
54392062,27,6
54392063,2,8
54392066,13,7
54392067,2,5
54392068,15,5
54392069,3,7
54392070,10,6
54392071,11,7
54392072,6530,1
54392076,90,5
54392073,5,7
54392075,8,7
54392205,20,7
54392206,3,8
54392207,45,5
54392209,2,8
54392208,48,5
54392210,19,7
54392211,38,6
54392414,13,6
54392415,6,7
54392416,1,8
54392417,3013,1
54392418,15,8
54392419,11,7
54392420,4,7
54392421,113,5
54392422,14,6
54392423,12,7
54392425,9,7
54392426,2,7
54392427,6,8
54392428,4,8
54392429,29,9
54392430,6,8
54392431,40,6
54392432,2,8
54392433,11,8
54392434,31,6
54392634,10,8
54392635,1,8
54392636,42,5
54392637,4,8
54392638,2,8
54392643,1,7
54392644,7,7
54392645,12,7
54392646,12,8
54392647,10,7
54392648,69,5
54392649,23,7
54392650,2420,3
54392651,7,8
54392652,25,7
54392653,2,5
54392654,101,4
54392655,3,8
54392656,6,7
54392657,30,5
54392658,4,4
54392659,3,5
54392660,35,7
54392661,15,8
54392926,14,7
54392927,36,6
54392928,7,8
54392929,10,8
54392930,96,4
54392931,9,8
54392932,10,8
54392937,5106,0
54392938,64,5
54392939,8,7
54392940,4,8
54392941,5,8
54392942,3,6
54392943,2,8
54392944,14,7
54392945,22,6
54392946,7,7
54393137,5,7
54393138,28,8
54393139,5,8
54393140,203,3
54393142,12,6
54393141,1,9
54393144,1,8
54393145,25,7
54393146,2540,1
54393147,9,9
54393148,11,7
54393149,1089,1
54393150,14,8
54393151,744,1
54393152,4,7
54393153,\N,8
54393154,20,7
54393156,36,6
54393157,1,8
54393158,18,8
54393161,44,6
54393160,10,8
54393159,31,8
54393417,7,9
54393416,14,7
54393415,2,8
54393419,29,6
54393420,3,7
54393418,3,8
54393421,\N,8
54393693,25,7
54393695,6,8
54393694,23,8
54393696,365,0
54393697,5,7
54393698,5,5
54393977,29,7
54393978,8,8
54393979,4,7
54393980,24,6
54393982,3,8
54393981,32,7
54393983,1,7
54393984,7,9
54393985,3,7
54393986,3,7
54393987,26,7
54393988,3,8
54393989,4,8
54393995,3,9
54393994,8,6
54393996,26,7
54393997,8,7
54393998,5,7
54393999,50,6
54394000,3,6
54394001,5,8
54394002,49,6
54394003,2,8
54394005,3,8
54395020,5,7
54395021,2,8
54395023,23,8
54395026,30,5
54395879,7,8
54395882,4,8
54395884,8,6
54395886,4,8
54395888,191,4
54395889,31,7
54395891,12,8
54395894,89,4
54395904,1,7
54395905,29,7
54395906,21,6
54396403,29,7
54396404,10,8
54396407,31,7
54396409,63,4
54397134,5,8
54398132,2629,0
54399086,50,6
54399490,1,8
54401955,61,5
54401958,52,5
54402641,62,6
54406494,118,5
54408325,28,7
54417775,4,7
54394004,1,7
54395022,5,7
54395024,10,6
54395025,1,9
54395028,24,5
54395029,3,7
54395027,2,7
54395030,2,8
54395031,12,7
54395877,37,6
54395878,11,4
54395880,38,6
54395881,5,7
54395883,17,8
54395885,30,7
54395890,6,8
54395892,39,6
54395893,54,5
54395895,5,9
54395896,1,6
54395897,2,9
54395898,5,4
54395899,5,7
54395900,26,8
54395902,6,6
54395901,15,6
54395903,2,8
54395907,2,9
54395909,2,8
54395908,3,8
54395910,180,3
54396392,7697,0
54396393,2,8
54396394,30,3
54396395,20,8
54396396,2,9
54396397,4,7
54396398,2,6
54396399,1,6
54396400,1,8
54396401,2,8
54396402,11,8
54396405,6,8
54396406,2,9
54396408,4,8
54396410,28,7
54397126,7,7
54397127,62,6
54397128,4,8
54397129,6,9
54397130,2,9
54397131,2,9
54397132,12,7
54397133,3,8
54397136,17,7
54397135,1,7
54397137,28,7
54397139,34,6
54397140,1,7
54397141,34,6
54397142,2,5
54397143,8,8
54397144,2,9
54397145,30,6
54397146,78,5
54397147,2,7
54397148,1,7
54397150,1,7
54397149,4,8
54397151,2,7
54397152,2,7
54397153,1,7
54397154,2,8
54397156,2,9
54397157,2,6
54397454,4,8
54397455,2,6
54397456,27,7
54397457,19,8
54397458,52,5
54397460,566,2
54397461,12,8
54397464,4,9
54397462,13,8
54397459,3,8
54397465,3,6
54397463,1126,1
54397466,58,5
54397467,20,5
54397468,1,9
54397469,45,6
54397470,3,8
54397471,23,7
54397472,1,8
54397474,35,6
54397475,39,5
54397476,2,8
54397477,22,7
54397478,2,6
54398121,3329,0
54398122,17,7
54398123,83,5
54398124,7,7
54398125,81,4
54398126,24,7
54398127,2,9
54398128,1,8
54398129,3,7
54398131,65,5
54398130,117,5
54398133,3,8
54398134,15,8
54398527,1,8
54398529,1,8
54398528,1,8
54398530,1,8
54398531,2,8
54398533,1,8
54398532,3,7
54399079,20,7
54399080,2,9
54399081,6,8
54399082,9,7
54399083,4,7
54399084,254,3
54399085,2,8
54399087,16,7
54399088,104,5
54399089,4,9
54399090,25,6
54399091,1,8
54399487,2,9
54399488,12,8
54399489,2786,0
54399492,1,7
54399491,2,8
54399992,3,8
54399993,191,4
54399995,1816,1
54399994,81,5
54400049,54,5
54400050,21,7
54401953,51,7
54401952,1,9
54401954,1,9
54401956,3273,0
54401957,36,7
54401959,21,6
54402003,2,8
54402004,1,8
54402005,5,7
54402007,1,8
54402008,1,8
54402009,9,9
54402010,8560,0
54402049,28,6
54402136,36,6
54402978,1,8
54403396,191,4
54406289,1,9
54402051,1,6
54402069,9,8
54402134,10,7
54402135,19,7
54402137,5,7
54402138,26,7
54402139,1,6
54402140,190,3
54402142,5,7
54402141,4,8
54402361,20,7
54402362,11,9
54402363,33,6
54402364,11,9
54402365,9,8
54402366,3,8
54402367,5,7
54402369,3,5
54402368,3,7
54402370,2,7
54402371,32,6
54402372,4,6
54402373,7,8
54402374,8,8
54402453,7,8
54402454,4,8
54402455,11,8
54402456,6,6
54402457,11,7
54402458,7,6
54402459,1829,0
54402460,4,8
54402461,18,7
54402463,2,8
54402464,12,7
54402462,1,9
54402465,12,8
54402466,1,8
54402467,3,7
54402468,2,9
54402469,17,8
54402472,9,7
54402471,3,8
54402470,15,8
54402473,86,5
54402636,12,4
54402638,3,7
54402637,6,8
54402639,29,6
54402640,7,6
54402643,2,6
54402642,7,7
54402646,\N,6
54402645,6,7
54402644,2,8
54402648,7,7
54402649,6,8
54402650,35,6
54402651,6,6
54402652,19,7
54402653,2,7
54402654,3,8
54402970,4,8
54402971,29,7
54402972,8,8
54402974,3,7
54402973,4,6
54402976,35,6
54402975,8,9
54402977,34,6
54402979,2,8
54402980,2,6
54402981,31,7
54402982,13,8
54402983,6,9
54402984,4,6
54402985,3,7
54402986,2,7
54402987,36,6
54402988,72,5
54402989,48,5
54402991,8,7
54402990,32,5
54403393,1,8
54403394,35,6
54403397,3,5
54403399,16,8
54403398,7,7
54403400,36,7
54403791,15,7
54403792,129,5
54403793,127,5
54403794,12,7
54403796,8,8
54403795,3,8
54403797,2,8
54403798,8,9
54403799,15,9
54403800,9,6
54403801,2,7
54403802,9,8
54403803,38,6
54403804,4,9
54403805,12,8
54403806,3,6
54403807,32,7
54403808,34,5
54403809,1,6
54403810,9,8
54403811,10,7
54403812,27,6
54403814,31,7
54403813,13,7
54403817,\N,8
54403816,5,9
54403815,50,6
54403818,9,7
54403819,2,9
54403820,38,6
54403821,25,7
54403822,14,7
54403823,7,8
54403824,9,8
54403825,8,7
54403826,26,7
54404081,13,8
54404082,5,8
54404084,5,8
54404083,72,5
54404087,4,7
54404086,5,7
54404085,14,6
54404088,753,1
54404089,2539,0
54404090,32,6
54404091,12,5
54404092,5549,0
54404094,68,2
54404093,9,7
54404095,4,6
54404096,1,8
54404097,72,5
54404098,69,5
54404099,3,7
54404100,8,6
54404102,12,8
54404103,3,4
54404104,27,8
54404383,36,6
54404382,59,5
54404384,168,4
54404386,34,7
54404387,29,6
54404388,27,8
54404389,355,2
54404390,9,8
54404391,6,8
54404392,2,7
54404393,8,6
54404394,8,9
54404631,14,8
54404632,10,7
54404633,23,6
54404634,23,7
54404635,3,7
54404636,11,7
54404638,4,7
54404637,8,6
54404639,6,7
54404640,6,7
54404641,30,7
54404644,27,6
54404643,25,6
54404642,8,9
54404878,7,8
54404879,9,7
54404880,1,9
54404881,7,9
54404882,51,6
54404883,26,7
54404884,6,9
54404885,3,8
54405059,11,8
54405060,15,7
54405061,17,9
54405062,18,8
54405063,62,6
54405064,2,9
54405395,27,8
54405398,3,9
54405397,2,8
54405396,3,8
54405399,25,6
54405400,78,5
54405402,3,7
54405403,3,9
54405405,2,8
54405404,11,8
54405406,10,8
54405969,29,7
54405971,34,6
54405973,416,1
54406287,7,8
54406854,24,6
54407412,9,9
54409089,7,9
54413287,3,7
54415079,1,9
54405970,1,6
54405972,3,6
54406286,4,7
54406288,3,7
54406290,4,7
54406492,31,7
54406493,19,8
54406495,16,8
54406496,29,7
54406497,10,8
54406851,2885,0
54406853,5,8
54406855,4,6
54406856,2,7
54406857,12,8
54406858,40,6
54406859,4222,0
54406860,57,6
54406861,16,7
54406862,12,7
54406863,2,9
54407110,2,8
54407109,44,6
54407111,4,6
54407112,16,6
54407113,3,8
54407115,134,4
54407116,27,6
54407114,647,1
54407117,47,6
54407409,11,8
54407410,3,8
54407411,6996,0
54407413,3,6
54407415,1,7
54407414,2,7
54407416,47,6
54407417,21,7
54408020,11,6
54408021,\N,7
54408022,2,8
54408023,157,4
54408024,23,7
54408081,143,4
54408082,3776,0
54408083,5,8
54408084,22,7
54408085,1,9
54408086,1,8
54408087,24,7
54408088,28,5
54408195,2,7
54408196,42,6
54408197,2,8
54408199,192,4
54408200,21,7
54408201,11,8
54408202,42,6
54408326,7,8
54408327,15,9
54408328,18,7
54408329,3,9
54408330,16,8
54408396,38,6
54408397,3606,2
54410277,23,7
54411557,22,7
54411558,30,6
54412457,141,5
54413281,14,8
54414533,3618,5
54415078,1,9
54416848,27,7
54419815,3584,0
54412201,7,6
54412200,\N,7
54412202,3,6
54412203,3,7
54412204,11,8
54412458,52,6
54412459,8,6
54412460,24,6
54412461,6,7
54412462,13,7
54412463,10,7
54412464,50,6
54412465,4398,0
54412466,64,5
54412467,2,6
54412468,10,6
54412469,2,9
54412470,17,7
54412471,6,7
54412472,1,7
54412473,13,7
54412474,4,8
54412475,14,7
54412476,2,7
54412477,2,7
54413268,7,7
54413270,27,7
54413269,2,7
54413271,3,7
54413272,19,7
54413273,2,7
54413274,4,8
54413275,29,7
54413276,3,7
54413277,14,7
54413278,14,7
54413279,11,7
54413280,3,8
54413282,5,6
54413286,3,9
54413288,1,7
54413289,2,8
54413290,11,8
54413291,2,8
54413292,16,7
54413293,180,4
54413294,3,6
54413295,3,8
54413296,29,6
54413297,17,7
54413298,8,8
54413299,49,6
54413300,14,7
54413301,11,7
54413302,6,7
54413303,10,7
54414130,1,6
54414131,5,6
54414132,65,1
54414133,3,7
54414134,2,6
54414135,11,7
54414137,2,8
54414138,1,8
54414139,9,8
54414140,1,8
54414141,11,7
54414142,5,7
54414143,1,8
54414144,9,7
54414145,8,6
54414146,3,7
54414147,1,8
54414148,6,9
54414149,2,6
54414150,61,4
54414151,8,7
54414152,3,8
54414153,3,7
54414577,57,7
54414578,4,8
54414579,9,8
54414580,9,6
54414581,10,7
54414582,1,7
54414583,8,8
54414584,5,6
54414585,10,8
54414586,42,5
54414587,74,6
54414588,11,8
54414589,10,7
54414590,12,8
54414591,33,6
54414592,6,6
54415070,7,7
54415071,28,7
54415072,42,7
54415073,2,8
54415074,3,8
54415075,2,8
54415076,6,7
54415077,7,6
54415080,12,9
54415081,8,8
54415282,14,8
54415293,7,8
54415292,31,7
54415294,10,8
54415295,46,7
54415297,594,2
54415296,13,6
54415299,34,7
54415298,5,5
54415300,9,9
54415301,3,9
54415302,197,4
54415303,145,4
54415304,12,8
54415305,10,8
54415306,3,9
54415307,5,8
54415308,33,7
54415310,1,7
54415309,4,7
54415861,11,8
54415862,133,4
54415863,9,7
54415864,7,9
54415865,53,5
54415866,3,9
54415867,33,6
54415868,32,6
54415869,90,5
54415870,4,9
54415871,48,5
54415872,4,8
54415873,45,6
54415874,6,8
54415875,33,6
54415876,156,5
54415878,1,8
54415877,1,8
54415879,40,6
54415880,24,7
54415881,37,6
54415882,9,8
54415883,40,6
54415885,748,0
54415884,6,7
54415886,7,7
54415887,35,7
54415889,21,6
54415888,35,7
54415890,2,8
54415891,738,2
54415892,1,7
54415893,32,7
54415895,2,8
54415894,2,8
54415896,9,8
54415897,5,8
54416577,6,8
54416578,38,6
54416580,38,7
54416579,25,7
54416581,3257,0
54416582,4,9
54416583,3,9
54416584,5,9
54416585,11,7
54416586,7,8
54416587,11,8
54416588,148,4
54416589,3,8
54416590,39,6
54416714,3,8
54416712,9,8
54416713,36,7
54416715,10,8
54416716,12,8
54416717,12,7
54416718,8,9
54416719,2,9
54416720,5478,0
54416722,2,9
54416721,15,8
54416723,10,7
54416724,339,3
54416841,3,9
54416842,1,8
54416843,1,8
54416844,1,8
54416845,19,7
54416846,2,8
54416847,107,5
54416849,31,6
54416850,2,9
54416851,9,8
54416852,36,6
54416853,34,6
54416854,2,9
54416954,53,5
54416856,796,1
54416857,2,8
54416855,3,7
54416859,33,6
54416858,93,4
54416955,14,6
54416956,30,7
54416957,27,7
54416958,2,5
54416959,125,5
54416960,6,4
54416961,2,7
54416962,21,7
54416963,81,5
54416964,32,7
54417166,57,6
54417168,2,9
54417169,20,8
54417170,16,8
54417171,6,7
54417172,16,6
54417173,36,6
54417174,6905,1
54417175,2,8
54417533,28,7
54417534,19,7
54417535,3,4
54417536,7,7
54417538,87,4
54417540,3,7
54417541,6,8
54417545,5786,0
54417547,13,7
54417549,17,8
54417651,1,7
54417652,13,7
54417979,8,8
54418155,7,9
54418494,41,7
54418495,32,6
54420787,68,5
54417537,4,7
54417539,2,7
54417542,6,8
54417543,12,4
54417544,13,8
54417546,15,7
54417548,\N,7
54417550,4,8
54417551,2,7
54417552,46,5
54417553,5,8
54417555,11,7
54417554,2,6
54417557,3,7
54417556,18,8
54417653,15,6
54417654,1,8
54417655,8,5
54417656,17,8
54417657,23,7
54417658,52,5
54417744,24,7
54417745,32,7
54417774,2,7
54418174,89,5
54418175,151,4
54418210,2829,0
54418211,40,6
54418242,35,6
54418243,114,5
54418267,580,1
54418266,3630,0
54418268,5084,0
54418438,3,7
54418439,19,8
54418440,17,8
54418496,20,7
54418648,9,7
54418650,10,7
54418653,16,5
54418658,96,5
54418792,3,8
54418793,14,7
54419181,48,5
54433326,171,4
54526924,60,4
54418497,1,7
54418499,1,7
54418498,32,4
54418649,2,6
54418651,9,8
54418652,723,0
54418654,3,8
54418655,9,8
54418657,14,8
54418656,2,9
54418794,1,7
54418797,5,7
54419012,14,7
54419013,96,6
54419014,16,8
54419015,145,5
54419018,10,9
54419016,17,7
54419017,12,8
54419020,31,7
54419019,13,5
54419021,7,6
54419022,54,6
54419125,31,6
54419126,2,8
54419127,31,6
54419180,27,7
54419182,25,7
54419183,16,6
54419184,5,9
54419185,13,8
54419186,5,7
54419187,13,9
54419345,65,5
54419346,32,7
54419347,5,8
54419482,12,3
54419483,39,6
54419484,32,6
54419485,7,8
54419486,12,7
54419487,5,7
54419488,21,7
54419489,2,8
54419490,2404,0
54419491,63,6
54419492,71,5
54419600,14,8
54419601,70,4
54419602,5,7
54419604,11,8
54419605,10,8
54419606,33,7
54419607,16,8
54419608,15,7
54419609,26,7
54419610,19,7
54419611,2,7
54419612,11,8
54419613,2378,0
54419614,8,8
54419694,10,3
54419695,1,7
54419696,97,4
54419697,5,8
54419699,17,8
54419698,1069,0
54419701,9,7
54419702,13,8
54419703,2,8
54419704,77,5
54419705,8,8
54419806,3,9
54419807,3,8
54419808,3570,0
54419809,114,5
54419810,5,7
54419811,1,8
54419812,27,7
54419813,4780,0
54419814,9,8
54419816,51,6
54419817,\N,9
54419818,10,8
54419819,24,7
54420151,185,2
54420152,20,7
54420153,9,8
54420154,24,6
54420155,1,8
54420156,3316,0
54420157,1,8
54420280,1,7
54420282,44,6
54420281,34,6
54420283,4,8
54420441,4,6
54420442,\N,9
54420443,35,8
54420444,1,8
54420445,6,8
54420624,16,5
54420623,97,4
54420625,24,8
54420626,7,9
54420784,6,7
54420785,3596,1
54420789,21,8
54420790,2,7
54420793,46,6
54421068,27,7
54421071,3687,0
54421384,12,8
54421648,51,6
54421652,12,8
54421913,1315,1
54422167,8,9
54423686,39,6
54423826,170,4
54420792,1,8
54421064,5,8
54421065,2,7
54421066,3,8
54421067,14,8
54421069,470,2
54421074,29,5
54421075,15,4
54421076,3,8
54421077,2,8
54421078,3,8
54421079,3,8
54421080,30,6
54421081,33,7
54421083,3,8
54421084,12,9
54421379,3,7
54421380,3,8
54421381,972,1
54421383,27,6
54421385,1,7
54421386,1,8
54421387,54,6
54421388,1,7
54421389,22,7
54421390,54,6
54421391,1,8
54421392,4,9
54421393,3,9
54421394,4,9
54421395,377,2
54421396,1,9
54421642,3,9
54421643,8,8
54421644,2,6
54421645,2,9
54421646,1,8
54421647,115,5
54421649,1,8
54421650,31,7
54421651,1,5
54421910,2,8
54421911,19,8
54421912,11,8
54421914,2,9
54421915,30,6
54421916,12,8
54421917,2,8
54422036,12,8
54422161,5,5
54422162,4375,1
54422163,154,4
54422164,22,7
54422165,2,7
54422166,66,5
54422948,3,4
54422949,65,5
54422950,19,7
54423041,3,8
54423042,14,7
54423043,2989,0
54423045,16,7
54423046,2,7
54423050,\N,7
54423047,1,7
54423049,4,7
54423048,4,8
54423051,19,8
54423052,6,8
54423053,4,9
54423054,13,8
54423055,12,9
54423136,6,6
54423137,1,8
54423138,6,8
54423141,21,5
54423142,12,8
54423143,1,8
54423144,18,7
54423145,15,7
54423146,16,7
54423311,1,9
54423312,242,3
54423313,5,8
54423316,34,6
54423315,29,5
54423314,15,8
54423317,6,8
54423318,15,6
54423320,4,8
54423321,38,5
54423322,5,7
54423323,11,8
54423324,3195,0
54423325,40,6
54423326,19,8
54423681,15,8
54423505,13,6
54423506,103,5
54423510,43,6
54423512,3,8
54423513,16,8
54423828,5,8
54423830,744,1
54423833,224,3
54423943,3693,0
54425076,2,9
54425075,16,7
54426231,83,5
54426238,132,5
54427179,214,4
54427460,1,9
54427461,1,8
54427938,3,8
54429997,235,4
54506983,68,4
54423504,31,7
54423507,8,7
54423509,14,6
54423511,6,8
54423685,46,6
54423782,3,8
54423784,1,7
54423783,27,7
54423785,13,7
54423786,5,8
54423825,5,8
54423827,70,5
54423829,4,7
54423831,4,8
54423832,9,6
54423834,99,5
54423835,39,6
54423836,26,7
54423941,86,5
54423944,8,6
54423945,2,9
54423947,7,7
54423946,73,5
54423948,2,8
54423949,8,8
54424569,2850,0
54424570,15,8
54424571,3,7
54424572,1,7
54424573,375,2
54425071,9,9
54425074,36,6
54425073,16,8
54425751,9,8
54425752,145,4
54425754,12,7
54425755,6,7
54425758,6,7
54425948,2,8
54425947,26,7
54425949,3,7
54425950,3,8
54425951,4772,0
54425952,6,8
54425953,52,6
54426070,4,8
54426071,146,4
54426072,25,7
54426073,12,7
54426074,28,7
54426075,19,7
54426076,6,8
54426077,2,8
54426078,4,7
54426079,30,8
54426080,26,6
54426228,7,9
54426232,3,8
54426233,19,7
54426234,20,7
54426235,5,8
54426236,4,8
54426237,6,7
54426239,2,8
54426240,23,7
54426241,28,7
54426463,12,7
54426462,32,7
54426461,11,6
54426464,118,4
54426465,1,8
54426466,28,6
54426467,8,9
54426468,13,8
54426469,7,8
54426470,6,6
54426471,10,7
54426472,2,8
54426474,740,1
54426473,2,8
54426475,25,8
54426476,5511,0
54426477,5,8
54426740,17,7
54426741,17,8
54426742,47,5
54426743,3,8
54426744,8,7
54426745,8,7
54426746,55,6
54426747,19,7
54426748,14,7
54426749,12,8
54426750,4,8
54426751,5,8
54426882,1,8
54426883,109,5
54426884,34,6
54426885,4,7
54426886,5,7
54426887,90,5
54426888,26,6
54426890,\N,8
54426891,7,7
54426889,1,7
54426892,19,7
54426893,18,6
54426894,7,8
54426895,58,5
54426896,19,7
54427161,16,8
54427162,6,7
54427163,9,6
54427164,5,8
54427165,1,7
54427166,1350,1
54427167,5,6
54427168,20,7
54427169,1,9
54427170,8,8
54427171,51,6
54427172,13,8
54427174,10,8
54427176,5,8
54427178,23,7
54427181,132,5
54427182,26,7
54427183,23,5
54427184,5,9
54427185,5,6
54427186,3,9
54427187,5,8
54427296,2,8
54427298,6,7
54427454,27,7
54427464,148,5
54427466,58,5
54428352,119,4
54429343,62,6
54429347,26,7
54429757,50,6
54427175,5,8
54427177,727,1
54427180,4,8
54427297,1,8
54427299,2,6
54427300,7,8
54427455,21,9
54427456,3,8
54427458,1,8
54427463,22,7
54427465,14,7
54427467,2,9
54427468,23,7
54427469,35,5
54427935,3,9
54427936,2,8
54427939,2,9
54427940,28,7
54427941,12,6
54427942,3,7
54427943,3,6
54427945,11,7
54427944,\N,7
54427946,23,7
54427947,12,9
54427948,1,8
54428347,60,5
54428348,14,8
54428349,2,8
54428350,21,7
54428351,31,7
54428353,2,8
54428354,1,7
54428355,1,8
54428356,2,7
54428357,2,9
54428524,49,6
54428550,13,8
54428551,25,8
54428582,15,8
54428583,36,6
54428637,48,6
54429268,1780,1
54429269,27,6
54429271,28,6
54429766,28,6
54429270,32,6
54429272,3,6
54429344,18,7
54429345,2,7
54429346,8,7
54429348,2,6
54429349,8,8
54429350,5,6
54429351,9,8
54429352,14,7
54429476,13,8
54429477,103,4
54429479,16,4
54429478,6,8
54429480,60,6
54429481,14,7
54429482,30,7
54429483,36,5
54429635,17,8
54429636,10,8
54429637,9,8
54429638,2626,0
54429639,2,7
54429640,12,8
54429641,28,7
54429642,22,8
54429643,17,8
54429644,66,5
54429645,3,7
54429646,37,6
54429758,63,5
54429759,49,3
54429760,9,7
54429761,31,6
54429762,17,7
54429763,17,8
54429764,7,7
54429765,28,6
54429767,9,8
54429768,2,7
54429990,47,5
54429991,176,4
54429992,5,6
54429993,12,8
54429994,3,7
54429995,8,7
54429996,4,8
54429998,15,8
54429999,23,7
54430001,47,6
54430000,4,8
54430003,36,7
54430002,9,7
54430004,6,7
54430005,1,7
54430096,4,8
54430097,6,8
54430098,77,6
54430149,267,4
54430150,2,7
54430152,36,6
54430151,5,9
54430239,35,6
54430240,9,9
54430241,22,7
54430242,19,7
54430473,25,7
54430476,4,7
54430474,1,7
54430475,37,6
54430477,6,9
54430478,21,7
54430669,6,7
54430670,6,7
54430671,3,7
54430717,1,7
54430718,5,8
54430719,8,7
54430720,17,7
54430721,6,7
54430722,2,8
54430723,4,8
54430724,26,7
54430725,4,6
54430727,111,4
54430726,5,6
54430728,3,6
54430729,7,7
54430730,16,5
54430773,46,6
54430772,10,7
54430774,7,8
54430775,3,8
54430776,19,7
54430777,4,8
54430778,\N,5
54430779,3,7
54430870,22,6
54430871,38,7
54430872,8,8
54430873,7,9
54430874,11,8
54430947,2,5
54430946,33,6
54431182,35,6
54431181,3,9
54431734,15,7
54431815,105,5
54431990,59,5
54431183,2140,2
54431184,19,7
54431185,33,7
54431308,5,7
54431309,20,8
54431310,35,6
54431311,2,9
54431312,39,7
54431313,12,8
54431314,18,8
54431315,2,8
54431316,3138,0
54431317,2,8
54431484,145,4
54431485,129,5
54431486,19,8
54431488,2,9
54431487,5138,1
54431489,5,8
54431490,5,9
54431491,18,7
54431492,79,5
54431493,3087,0
54431494,42,6
54431495,12,8
54431496,8,6
54431497,1,7
54431498,2,7
54431499,57,5
54431500,25,5
54431501,2,9
54431502,5,4
54431503,31,6
54431582,4,6
54431583,2,7
54431584,25,7
54431585,2,9
54431586,26,7
54431587,23,7
54431588,25,7
54431589,175,4
54431590,3,8
54431591,2,7
54431619,25,7
54431620,2,8
54431621,55,5
54431622,27,6
54431623,58,5
54431624,68,6
54431625,20,8
54431626,353,2
54431627,17,8
54431628,50,6
54431629,56,6
54431659,74,5
54431692,2,7
54431700,402,2
54431755,2,8
54431756,1,7
54431772,25,8
54431801,11,7
54431803,36,7
54431802,33,7
54431807,451,3
54431806,15,6
54431804,89,5
54431805,4345,0
54431814,4027,0
54431817,6,8
54431816,43,5
54431818,110,4
54431983,33,6
54431985,29,7
54431984,33,6
54431986,14,6
54431987,1,7
54431988,11,7
54431989,1,7
54431991,3,7
54432216,12,8
54432215,26,8
54432218,25,7
54432221,39,6
54432220,16,8
54432223,7,6
54432225,44,6
54432231,28,7
54432232,24,7
54432233,4,8
54432234,17,8
54432245,98,5
54432336,5,7
54432337,6,8
54432338,13,7
54432340,97,7
54432341,14,8
54432457,6,8
54432460,31,6
54432462,5,8
54432463,21,7
54432464,5,8
54432466,15,6
54432467,4,7
54432468,4,9
54432470,16,6
54432471,19,7
54432475,\N,5
54432476,49,5
54432839,7,8
54432970,18,7
54433101,15,7
54442146,55,8
54432217,11,6
54432222,10,7
54432219,29,7
54432224,33,6
54432239,5,8
54432246,5,7
54432248,3,7
54432247,6,7
54432339,3370,0
54432454,11,7
54432455,90,7
54432456,10,8
54432458,1,8
54432459,28,7
54432461,3,7
54432465,12,6
54432469,9,8
54432472,26,7
54432473,10,8
54432474,2,8
54432477,10,9
54432837,481,3
54432838,3,8
54432841,10,7
54432842,3,8
54432843,3,9
54432844,6,9
54432968,59,7
54432969,16,7
54432972,1554,0
54432971,1,7
54433096,6,8
54433097,25,6
54433099,10,3
54433100,6,7
54433098,10,8
54433105,22,6
54433104,1,7
54433103,55,7
54433102,4,9
54433325,178,5
54433327,5,8
54433328,4,8
54433330,6,8
54433329,3,8
54433331,4,4
54433332,25,7
54433333,11,7
54433334,2,3
54433336,11,8
54433335,3,8
54433337,22,7
54433553,7,8
54433554,3,8
54433555,39,7
54433556,7,8
54433557,2,7
54433558,36,7
54433559,7,6
54433560,7,9
54433561,8,7
54433562,37,7
54433563,31,7
54433565,3,8
54433566,23,7
54433567,4,8
54433568,4,7
54433569,11,8
54433730,6,7
54433731,19,6
54433733,6,4
54433732,1,7
54433735,5,8
54433736,2,6
54433734,29,6
54433737,27,7
54433738,35,7
54433739,5,7
54433740,56,5
54433741,10,8
54433742,63,4
54433943,7549,0
54433944,43,6
54433945,81,5
54433946,3,9
54433947,17,7
54433949,59,5
54433950,2,7
54433951,2,8
54434073,6923,1
54434074,16,7
54434075,1,7
54434076,8,8
54434077,29,6
54434078,6,6
54434079,23,6
54434080,4,7
54434081,22,6
54434082,37,7
54434339,6,9
54434340,6,9
54434341,6,9
54434342,2,8
54434343,6,8
54434347,1,5
54434344,7,6
54434345,4,7
54434346,2,7
54434348,5937,0
54434349,54,5
54434536,3,7
54434537,7,7
54434538,168,5
54434539,2,7
54434540,4,7
54434762,31,7
54434764,25,8
54434766,17,8
54434767,30,7
54435000,5104,0
54435730,20,7
54435731,42,6
54466222,55,\N
54438499,60,5
54438500,32,6
54438662,63,5
54440316,3073,0
54434763,\N,7
54434765,2,7
54434768,57,5
54434769,7,7
54434770,1,7
54435198,29,6
54435199,3,7
54435201,647,2
54435202,2,8
54435203,25,4
54435204,1,8
54435205,16,7
54435206,3133,0
54435207,\N,7
54435208,2,8
54435537,13,8
54435538,8,7
54435539,29,7
54435540,3,9
54435541,2,9
54435732,5,6
54435948,6,6
54435949,13,6
54435950,12,7
54436402,6,7
54436401,7677,2
54436400,173,4
54437048,25,6
54437395,16,5
54437981,7,6
54438014,8,8
54438015,7,8
54438016,4,6
54438504,44,7
54438501,14,8
54438503,10,7
54438502,3,7
54438505,7,6
54438506,8,7
54438507,2,8
54438661,8,7
54438664,9,8
54438663,62,5
54438665,62,6
54438666,23,8
54438667,16,8
54438668,8,7
54438670,8,7
54438669,21,7
54438671,2,8
54438672,6,7
54438675,8,8
54438674,5,8
54438673,3,7
54439134,65,4
54439135,3,9
54439137,34,6
54439315,2,8
54439316,25,7
54439318,8,8
54439319,58,6
54439421,17,7
54439424,189,4
54439428,38,7
54440302,51,6
54440322,9,9
54441082,129,4
54439314,13,8
54439317,5,8
54439320,9,4
54439321,8,7
54439322,4,7
54439323,30,6
54439324,12,6
54439325,2,9
54439326,17,8
54439327,18,7
54439328,4,8
54439329,7,6
54439330,6,8
54439419,15,6
54439420,29,6
54439423,2,7
54439425,10,6
54439422,13,8
54439427,2,7
54439430,2,8
54439429,6,9
54439431,11,8
54439432,27,6
54439433,11,7
54439434,2,8
54439435,10,6
54439436,8,8
54439706,9,7
54439708,17,8
54439707,7,7
54439709,93,5
54439711,20,7
54439710,7,8
54439712,4,6
54439713,29,7
54439716,14,4
54439717,2,7
54439714,15,8
54439715,16,7
54439882,2,8
54439884,3557,1
54439885,4,8
54439886,27,7
54439887,5,8
54439888,7,8
54439889,10,8
54439890,11,7
54439891,3,8
54439893,2608,0
54439894,63,6
54439892,67,5
54439895,15,7
54439897,31,7
54439896,2,9
54439998,371,1
54439999,1,7
54440000,4,8
54440001,11,7
54440002,17,6
54440314,53,6
54440315,8,8
54440318,1,7
54440317,7,8
54440319,2,7
54440320,5,8
54440321,3,8
54440641,3128,1
54440642,2,7
54440643,33,6
54440644,1,6
54440646,6,7
54440647,43,6
54440648,5017,0
54440649,27,6
54440650,20,8
54440651,6,8
54440652,15,7
54440654,51,5
54440653,2,7
54440655,5,7
54441075,6,8
54441076,7,9
54441077,651,1
54441078,11,7
54441079,6,8
54441080,27,7
54441081,7,9
54441083,25,7
54441086,4,8
54441085,12,7
54441084,18,7
54441087,24,6
54441088,9,7
54441089,6,9
54441090,8,8
54441091,4,8
54441092,5770,2
54441096,2,7
54441095,185,3
54441094,12,7
54441097,17,8
54441262,10,7
54441263,61,5
54441265,7,6
54441264,5,8
54441266,4,7
54441267,2049,1
54441270,198,3
54441268,13,8
54441269,36,6
54441271,7,8
54441682,42,6
54441683,38,6
54441684,5,8
54441685,27,7
54441686,10,8
54441687,3,8
54441688,111,5
54441866,11,7
54441865,5495,1
54441867,5,8
54441868,4,8
54441869,6,6
54441870,147,4
54441871,9,8
54441872,2,7
54441873,3,8
54441874,6,5
54441875,17,8
54441876,5,8
54441877,2,7
54441878,3601,1
54441879,35,6
54442109,6,9
54442111,3,7
54442110,3,9
54442112,26,6
54442144,6,7
54442147,2,7
54442148,7,8
54442145,5,6
54442149,15,8
54442250,3,7
54442252,5,7
54442251,20,8
54442318,4,8
54442319,14,7
54442321,22,7
54442322,26,6
54442323,6,8
54442411,152,4
54444999,162,2
54445200,190,4
54445574,32,7
54445576,56,5
54445846,190,3
54446792,70,5
54455883,70,5
54552669,4,8
54442508,2,8
54442646,9,8
54442682,2,7
54443996,248,2
54444912,17,7
54444913,18,7
54444914,16,7
54444915,16,8
54444916,14,6
54444917,8,9
54444950,30,6
54444951,22,7
54444952,1,6
54444954,26,7
54444953,48,6
54444955,15,6
54444956,41,6
54444957,1,7
54444958,63,5
54444959,37,6
54444996,2,5
54444997,6,6
54444998,29,7
54445000,36,6
54445199,1,7
54445201,4369,0
54445202,18,7
54445203,10,8
54445204,5,9
54445205,192,4
54445206,12,5
54445207,12,6
54445208,5,8
54445306,28,6
54445307,6,7
54445308,3257,0
54445309,92,6
54445310,16,7
54445311,4,8
54445312,2,6
54445313,8,8
54445448,12,8
54445449,57,6
54445451,3,7
54445450,19,7
54445452,73,6
54445453,3,7
54445454,15,7
54445456,34,6
54445458,25,7
54445579,33,6
54446231,151,5
54454871,60,5
54445455,7,8
54445457,14,7
54445521,10,7
54445522,14,8
54445523,5,8
54445524,162,4
54445525,23,7
54445573,26,6
54445575,74,5
54445577,1,6
54445578,1356,2
54445580,9,7
54445618,201,3
54445619,19,8
54445621,41,7
54445622,14,8
54445623,23,7
54445624,75,5
54445625,201,5
54445626,152,5
54445842,6,8
54445843,14,7
54445844,247,4
54445845,150,4
54445848,5,7
54445847,6,7
54445916,\N,6
54445920,5,6
54445919,10,6
54445918,14,7
54445917,12,7
54445921,38,6
54445922,19,4
54445923,39,7
54446032,9,7
54446033,23,7
54446034,4,7
54446232,112,4
54446350,21,7
54446351,179,3
54446353,116,5
54446354,18,7
54446355,9,8
54446552,178,5
54446553,168,4
54446554,8,8
54446555,2,8
54446556,6,7
54446557,85,4
54446558,161,5
54446559,4,8
54446560,79,6
54446561,177,5
54446562,4726,0
54446666,14,6
54446668,171,4
54446669,11,7
54446670,8,7
54446789,8,7
54446790,25,7
54446791,34,6
54446793,3,8
54447039,31,6
54447402,4,7
54447403,8,8
54447404,4,7
54447405,15,7
54447406,3962,0
54447407,2,7
54447952,2547,0
54447953,581,1
54447954,14,8
54447955,33,6
54447956,13,7
54447957,76,5
54447958,5,7
54447959,1,7
54447960,3,7
54448016,32,7
54448015,50,6
54448063,29,7
54448064,195,3
54448602,51,5
54448983,19,8
54449799,34,6
54449800,40,5
54458190,38,6
54458352,90,4
54465278,111,5
54506145,33,5
54448066,3,7
54448065,9,7
54448114,7,4
54448115,4,6
54448116,1307,0
54448598,2,8
54448599,38,6
54448600,20,8
54448601,3848,0
54448603,11,7
54448604,31,6
54452960,137,4
54453741,6,5
54453742,9,7
54453743,1,7
54453744,61,5
54453749,1,6
54453745,12,8
54453747,8,7
54453746,109,5
54453748,41,6
54454238,6,7
54454239,15,7
54454240,3,6
54454241,15,7
54454242,3196,0
54454243,21,7
54454872,157,4
54454873,9,8
54454874,12,6
54454875,99,5
54455373,4,9
54455374,37,6
54455375,9,8
54455376,15,7
54455377,3,8
54455378,9,6
54455879,9,9
54455880,95,6
54455881,2,9
54455882,96,5
54455884,17,7
54456238,7,8
54456239,246,3
54456241,26,7
54456242,84,5
54457674,32,6
54457677,9,8
54458174,62,6
54458176,30,6
54458184,13,8
54458187,12,8
54458197,6,7
54459243,1672,1
54459570,19,7
54455885,7,7
54456240,2,7
54456243,12,7
54456244,186,4
54456245,5,7
54457672,16,7
54457671,4,8
54457673,598,2
54457675,31,6
54457676,70,5
54457678,145,5
54458173,93,5
54458172,13,7
54458175,17,7
54458183,5,7
54458185,27,8
54458186,10,7
54458188,32,7
54458189,5,8
54458191,22,7
54458192,18,7
54458194,10,8
54458195,5,8
54458196,5,9
54458351,7,6
54458354,18,8
54458353,10,7
54458355,32,6
54458498,6,7
54458501,8,8
54458500,37,6
54458502,5,8
54458503,146,4
54458504,15,7
54458505,2,8
54458506,7,8
54458507,21,7
54458508,204,3
54458509,8,8
54458890,6,8
54458891,3708,0
54458893,26,6
54458892,30,6
54458894,7,8
54458895,7,8
54458896,14,7
54459237,8,8
54459238,7,9
54459239,98,5
54459240,93,4
54459241,3,8
54459242,44,6
54459569,14,8
54460107,5,9
54460106,92,4
54460573,9,8
54460877,4,5
54461065,2,6
54462805,10,5
54462806,229,3
54462807,3,8
54465173,2456,1
54465199,92,5
54465224,2539,0
54465241,1,8
54465556,1568,1
54467171,1704,0
54465172,14,7
54465176,35,6
54465177,103,6
54465178,43,6
54465196,9,7
54465197,9,8
54465198,10,7
54465200,14,8
54465201,42,6
54465202,2,7
54465203,39,6
54465204,96,5
54465209,4253,0
54465210,2,6
54465212,8,8
54465211,62,5
54465213,7,8
54465215,6,7
54465216,10,7
54465217,4,8
54465218,193,4
54465219,4901,0
54465220,6993,0
54465221,33,6
54465223,3,8
54465222,11,7
54465225,15,8
54465226,32,6
54465227,38,6
54465228,29,8
54465240,44,6
54465242,6,8
54465243,5,7
54465244,2,7
54465245,40,6
54465246,77,6
54465247,14,8
54465248,38,6
54465249,5,8
54465269,2,9
54465270,3,8
54465271,17,7
54465273,8,7
54465274,2,8
54465275,5,8
54465276,2,6
54465277,16,7
54465279,3,8
54465291,9,8
54465292,4,8
54465295,37,6
54465299,69,5
54465303,18,6
54465389,14,8
54465390,9,8
54465431,29,7
54467195,3617,1
54465294,42,7
54465293,144,4
54465296,26,7
54465300,2,8
54465301,4,7
54465302,14,6
54465391,8,8
54465392,10,8
54465393,2,8
54465394,28,6
54465395,35,6
54465397,1,7
54465396,113,5
54465430,14,5
54465432,4,8
54465473,58,5
54465472,4,9
54465471,9,8
54465474,1,6
54465475,3,9
54465476,38,6
54465477,38,7
54465519,3,8
54465520,19,8
54465521,30,5
54465522,6,8
54465523,35,6
54465524,1,9
54465525,2,7
54465527,65,5
54465529,1,7
54465530,7,7
54465531,4,7
54465552,21,8
54465553,10,8
54465554,58,6
54465555,108,4
54465557,2,8
54465601,54,6
54465602,4,7
54465603,8,7
54465604,123,4
54465605,5,7
54465620,7,8
54465700,16,7
54465701,43,6
54465707,1599,0
54465708,64,5
54465826,2,7
54465827,5,6
54465828,1,9
54465829,26,7
54465830,225,3
54465831,1,7
54465942,1445,1
54465943,2,8
54465951,1,8
54465952,4,8
54465954,30,6
54465956,18,6
54465955,7,8
54465953,3,7
54466058,2,8
54466059,2,6
54466060,78,5
54466061,2,8
54466062,11,8
54466064,2,8
54466063,36,7
54466065,181,3
54466067,2,8
54466066,192,5
54466132,32,4
54466131,54,5
54466134,2,8
54466135,4,8
54466133,1,8
54466136,438,2
54466137,190,0
54466138,16,8
54466214,151,4
54466215,14,8
54466216,28,7
54466217,20,6
54466218,4066,0
54466219,79,5
54466220,1457,0
54466221,3,6
54466249,5,8
54466250,36,6
54466251,170,4
54466456,81,5
54466457,5,9
54466507,166,4
54467560,61,4
54468272,218,5
54468515,146,4
54469529,57,5
54471043,84,4
54499829,209,3
54466388,1,8
54466389,2,8
54466455,15,8
54467081,2,7
54467082,4,8
54467103,10,7
54467104,14,7
54467105,16,8
54467115,5,7
54467114,22,6
54467117,16,6
54467116,10,7
54467126,3,7
54467127,2827,1
54467129,179,4
54467128,9,6
54467167,24,6
54467168,4,8
54467169,1,8
54467170,204,3
54467173,10,8
54467172,28,6
54467174,33,7
54467175,12,8
54467176,5,9
54467189,7328,0
54467188,88,5
54467190,7,9
54467191,16,8
54467192,5,7
54467193,13,6
54467194,3,7
54467196,2065,1
54467480,32,7
54467481,366,1
54467482,45,5
54467483,2,7
54467484,1,8
54467485,4,6
54467486,10,7
54467534,51,6
54467536,100,4
54467537,2,7
54467538,2,7
54467539,38,6
54467561,5,7
54467562,81,5
54467563,80,5
54467564,2,7
54467565,4,8
54467567,8,7
54467568,11,7
54467569,23,8
54467570,12,7
54467956,204,4
54467959,58,5
54467978,9,8
54468270,33,6
54468271,7946,0
54468513,36,6
54468514,22,8
54468771,6,9
54468801,34,6
54469538,58,5
54469539,96,5
54470420,14,8
54470729,819,1
54485955,4643,0
54507536,154,4
54467566,3,7
54467571,32,6
54467572,28,6
54467604,8,5
54467605,6,8
54467606,25,6
54467607,7,8
54467608,6,7
54467610,3,8
54467609,20,7
54467611,31,4
54467612,32,6
54467613,7,8
54467614,19,8
54467615,16,2
54467616,34,6
54467957,4,8
54467958,56,6
54467960,21,7
54467961,9,7
54467962,4,8
54467963,21,8
54467964,11,7
54467965,5,8
54467966,35,8
54467967,12,7
54467968,29,6
54467969,23,7
54467970,5,8
54467971,13,7
54467972,3,7
54467973,6,7
54467974,4,8
54467975,12,8
54467976,8,7
54467977,7,5
54467979,5,8
54467980,5,7
54467981,1,7
54467982,19,8
54467983,28,7
54468267,\N,5
54468269,6,8
54468268,10,8
54468274,11,7
54468275,3,7
54468276,32,5
54468273,9,7
54468506,6,7
54468509,2,7
54468512,125,4
54468511,10,7
54468510,32,6
54468519,6,7
54468520,79,6
54468516,62,5
54468518,1,6
54468517,8,8
54468521,3,7
54468522,7,8
54468523,42,7
54468524,2,8
54468526,29,7
54468527,3,7
54468525,25,8
54468528,19,7
54468529,4,6
54468530,7,6
54468531,4,6
54468533,24,8
54468532,5,8
54468763,5,6
54468764,3,8
54468765,10,8
54468766,6,8
54468767,2,9
54468768,4,8
54468769,21,8
54468770,5,7
54468772,36,6
54468776,6,7
54468778,1,8
54468777,4,8
54468779,7,8
54468780,18,7
54468781,3,8
54468782,6,8
54468783,56,5
54468784,60,5
54468786,29,8
54468785,5,9
54468787,7,9
54468788,5,8
54468789,64,5
54468790,26,8
54468791,50,5
54468792,34,6
54468793,33,7
54468794,23,7
54468795,6,8
54468796,8,6
54468797,112,4
54468798,90,4
54468799,49,6
54468800,6,8
54468802,18,8
54468803,79,5
54468804,3,9
54469015,31,6
54469017,10,6
54469018,17,9
54469016,34,6
54469019,2,7
54469020,26,7
54469021,32,6
54469022,206,3
54469023,56,6
54469024,1,6
54469026,1,7
54469028,77,4
54469027,5,8
54469029,27,7
54469033,7,8
54469032,1,7
54469031,119,4
54469030,19,8
54469034,28,8
54469035,21,7
54469036,1,6
54469037,6,8
54469038,34,6
54469039,3,8
54469526,181,4
54469527,14,8
54469528,14,8
54469530,2,7
54469532,4,7
54469533,3,7
54469534,79,5
54469536,3,8
54469537,2,7
54469535,6,9
54469540,79,5
54469541,5,8
54469543,24,7
54469542,34,6
54469544,15,8
54469545,2,9
54469546,47,6
54469547,5,8
54469548,13,7
54469549,27,7
54469550,2,9
54469551,117,4
54470168,12,8
54470169,25,7
54470170,23,7
54470171,15,8
54470172,5,8
54470173,6,8
54470174,7,6
54470175,6,7
54470176,5,8
54470177,31,7
54470178,29,6
54470179,45,6
54470415,5,7
54470416,2,7
54470417,46,6
54470418,5,7
54470421,20,8
54470422,1,8
54470419,8,9
54470424,1,6
54470426,19,8
54470425,22,6
54470427,3,9
54470719,178,5
54470720,120,6
54470721,21,7
54470722,15,7
54470723,3,8
54470724,13,7
54470725,554,1
54470726,4,9
54470727,121,5
54470728,23,6
54470730,5,8
54470731,1,8
54470732,3,7
54470733,1,9
54470734,142,5
54470736,2,8
54470735,4,8
54470737,6,6
54470738,5,8
54470739,91,5
54471037,33,6
54471038,24,7
54471040,2,8
54471039,1,6
54471041,3,6
54471042,4,8
54471044,15,7
54471045,10,8
54471046,2,8
54471048,2326,0
54471047,15,7
54471049,916,1
54471050,4,9
54471051,26,7
54471053,95,5
54471052,210,4
54471055,7,8
54471054,31,6
54471056,51,5
54471057,34,6
54471058,15,7
54471059,19,6
54471060,32,6
54471061,46,3
54471062,9,8
54471063,11,9
54471065,3,7
54471064,115,5
54471066,10,3
54471069,29,7
54471067,34,5
54471068,3,8
54471070,3,7
54471071,2,9
54471072,4,8
54471073,10,8
54471074,13,8
54471075,7,8
54471076,30,7
54471077,27,8
54471078,7,7
54471079,1,7
54471080,6,8
54471081,1,8
54471082,2,8
54471083,34,6
54471084,145,4
54471378,30,6
54471379,32,7
54471380,2,8
54471381,16,6
54471382,16,8
54471384,116,3
54471386,72,6
54471387,202,5
54471388,12,8
54471389,17,8
54471949,1,7
54471950,2,9
54471952,47,7
54471951,28,6
54471953,10,8
54471954,1,9
54471955,10,9
54471956,4,8
54471957,13,8
54471958,1,7
54471959,33,6
54471961,11,8
54471960,11,8
54473959,\N,6
54473960,29,7
54474811,71,4
54475901,8,8
54476945,25,6
54478637,25,7
54478639,41,6
54480238,20,5
54481733,44,6
54482412,30,6
54482434,43,5
54485959,1,9
54487075,28,6
54490300,82,4
54500033,119,4
54477582,16,7
54478638,104,5
54479449,8,8
54479448,1,7
54480234,7,7
54480236,4,8
54480235,2,6
54480237,4,7
54480239,35,7
54480949,9,6
54480950,22,7
54480951,4,7
54480952,10,8
54480953,1,7
54480955,5,7
54480956,4,8
54480954,8,7
54480957,5,7
54480958,7,8
54480960,5,7
54480961,29,7
54481732,1,7
54481734,18,8
54481735,32,6
54481736,2,8
54481737,2,8
54481738,2,5
54481739,12,7
54481740,3,8
54481741,13,6
54481742,2,7
54481743,43,6
54481744,5,7
54481745,5,7
54481747,13,7
54481746,4,8
54481748,10,8
54481749,15,8
54481750,8,7
54481751,1,7
54481752,2,8
54481754,4,8
54481755,18,7
54481753,9,9
54482413,12,8
54482414,2,8
54482415,9,8
54482416,4,8
54482417,3,8
54482418,11,8
54482419,16,7
54482420,6,7
54482421,54,5
54482424,83,5
54482423,2,8
54482422,5,8
54482425,22,6
54482427,9,7
54482426,11,8
54482428,9,8
54482429,11,5
54482430,1,6
54482431,65,5
54482432,10,8
54482433,1,7
54483132,66,6
54483133,5,8
54483134,2,6
54483135,29,7
54483136,4,8
54483137,2,7
54483138,765,1
54483139,4,9
54483140,2,7
54483141,5,8
54483142,17,7
54483143,3,8
54483145,31,6
54483144,11,8
54483146,368,3
54483147,2,8
54483148,7,8
54483149,4,6
54483150,5,5
54483151,189,3
54483152,87,5
54483852,13,8
54483854,7,8
54483853,33,5
54483855,11,7
54483856,8,7
54483857,4,7
54483858,7,8
54483859,218,3
54483860,34,7
54483861,47,5
54483862,2,8
54483863,1,8
54484277,19,7
54484278,6,8
54484279,12,8
54484280,155,4
54484281,11,7
54484282,6,7
54484283,5,7
54484284,42,6
54484285,25,6
54484286,29,7
54484287,70,5
54484288,2,7
54485060,4,7
54485061,84,4
54485062,6,8
54485063,3,8
54485064,3,8
54485065,34,6
54485066,71,4
54485067,5,9
54485068,10,8
54485070,56,5
54485069,5,8
54485071,123,5
54485072,5,6
54485073,22,7
54485074,13,7
54485075,88,5
54485076,2,7
54485077,12,7
54485078,19,7
54485079,54,5
54485080,10,8
54485081,10,8
54485082,10,8
54485083,3,8
54485084,20,8
54485085,40,6
54485087,6,7
54485086,8,8
54485954,11,5
54485956,2,7
54485960,3,8
54485961,45,6
54485963,16,8
54485964,9,8
54485965,15,8
54485966,23,6
54485967,7,7
54486541,36,6
54486548,43,6
54486550,4,8
54487059,146,4
54487271,35,6
54487288,126,4
54487289,103,4
54487297,152,5
54489166,51,5
54490135,148,4
54490516,44,5
54490517,3790,1
54494252,52,5
54496035,4025,0
54499262,193,4
54485957,33,5
54485958,6,8
54485962,30,7
54486537,2,7
54486538,2,7
54486539,2,6
54486540,3,8
54486543,8,5
54486544,2,7
54486545,28,7
54486546,5,8
54486547,35,5
54486549,41,6
54486551,8,7
54486552,2,8
54486553,10,8
54486929,6,6
54486930,6,7
54486931,1,6
54486932,4,8
54486933,4,7
54486934,20,7
54486936,24,7
54486935,22,7
54486937,16,7
54486940,56,5
54486941,4,8
54486942,4,7
54486938,2,9
54486939,7,8
54487055,8,8
54487056,8,7
54487057,8,8
54487058,1495,0
54487060,24,8
54487061,1,8
54487062,3,8
54487063,34,6
54487064,3,8
54487065,170,4
54487066,6,7
54487067,109,4
54487068,8,7
54487069,20,7
54487070,21,7
54487072,3,9
54487073,4,8
54487071,21,6
54487074,7,7
54487267,3,8
54487268,9,7
54487269,29,7
54487270,79,5
54487272,3,8
54487273,5,6
54487274,1,6
54487275,10,6
54487276,4,8
54487277,2,7
54487278,9,7
54487279,34,7
54487280,15,7
54487282,3,7
54487281,1,7
54487283,9,7
54487284,8,7
54487285,2,7
54487286,30,6
54487287,9,8
54487290,3,7
54487291,5,8
54487292,9,7
54487293,11,8
54487295,10,8
54487298,11,8
54487299,20,7
54487301,2,8
54487300,1,8
54487302,1,7
54487303,14,9
54487304,2,9
54487940,11,9
54487941,30,6
54487942,6,8
54487944,6,8
54487943,1,6
54487945,7,8
54487946,7,8
54487947,19,8
54487948,2,8
54487949,7,8
54487950,27,7
54487951,2,8
54487952,28,7
54487953,10,8
54487954,48,7
54487955,8,7
54487956,10,8
54487957,167,5
54487958,1,6
54488489,43,6
54488491,20,7
54488490,2,8
54488492,36,7
54488493,9,8
54488494,4,7
54488496,49,6
54488495,2,7
54488497,6,5
54488498,19,7
54488499,1,7
54488500,4,8
54489167,15,8
54489168,1,8
54489169,7,7
54489170,3,8
54489171,5,6
54489172,3,9
54489173,2,9
54489174,3,8
54489176,4,7
54489175,32,7
54489177,18,6
54489178,26,8
54489179,2,9
54489180,22,7
54489181,466,2
54489182,21,8
54489184,2,6
54489183,44,6
54489185,7,9
54489186,5,6
54489663,1,7
54489664,17,9
54489665,19,8
54489666,4,8
54489667,1,8
54489668,14,8
54489669,5,9
54489671,20,7
54489670,9534,0
54489672,21,7
54489673,105,4
54489674,56,6
54489675,5,8
54489678,13,6
54489677,1,7
54489676,16,8
54490129,13,8
54490130,2,6
54490131,2,8
54490132,16,8
54490133,3,7
54490134,6,5
54490136,121,5
54490137,30,6
54490138,12,8
54490141,29,7
54490142,21,8
54490515,1064,1
54490518,4,8
54490519,2,7
54490520,1,7
54490521,2,7
54490522,33,6
54490523,26,7
54490524,5,8
54490854,\N,8
54490855,3,7
54490856,31,6
54490857,16,8
54490858,1,7
54490859,10,6
54490860,1,9
54490861,21,8
54490863,26,7
54490862,10,9
54490864,62,5
54490866,8,8
54490865,4,8
54490867,23,2
54490868,1,8
54490869,3990,0
54490870,24,7
54490871,31,7
54491551,223,4
54491552,47,6
54491553,8,7
54491554,428,3
54491555,2,7
54491556,2,8
54491557,3,8
54491558,20,6
54491562,29,7
54492227,43,7
54492233,50,5
54492234,7,7
54492235,3,7
54492948,198,2
54492949,32,6
54492950,26,5
54492951,18,7
54492952,16,8
54492953,2,7
54493418,6,8
54493419,26,7
54493420,25,7
54494098,1525,0
54494099,2,9
54494152,30,6
54494154,\N,7
54494474,17,7
54494483,192,4
54496202,5,9
54496626,51,6
54500491,6149,0
54494096,6,7
54494097,14,7
54494146,26,8
54494150,14,8
54494151,7,8
54494153,4,7
54494192,4,6
54494193,27,7
54494253,93,4
54494254,21,7
54494255,9,6
54494256,10,7
54494257,22,7
54494468,17,8
54494469,\N,7
54494470,3,7
54494471,18,6
54494472,\N,6
54494473,22,7
54494475,9,7
54494476,15,6
54494477,9,7
54494478,1,7
54494479,41,6
54494480,29,7
54494481,8,5
54494482,17,8
54494484,2,7
54494717,11,8
54494718,1,7
54494719,1,7
54494720,20,8
54494721,8,8
54494722,1,8
54494723,11,8
54494724,3,4
54494725,8,9
54494726,5,9
54494727,1,8
54494728,7,3
54494730,18,7
54494729,2,9
54494731,17,8
54494732,2,9
54494733,6,9
54494734,61,6
54494736,5,8
54494737,7,9
54494738,8,8
54495414,2,8
54495415,7,7
54495416,28,7
54495417,1,7
54495418,4,7
54495419,9,8
54495421,2,6
54495420,5,7
54495422,40,6
54495423,4,8
54495424,25,7
54495425,7,8
54495426,3,7
54495427,7,8
54495428,7,8
54495687,2,7
54495429,158,4
54495430,15,7
54495431,15,8
54495432,1,9
54495433,16,8
54495689,7,8
54495690,4,8
54495691,63,5
54495692,15,8
54495693,5,8
54495694,63,6
54495695,6,9
54495696,15,8
54495697,41,6
54495698,8,8
54495700,2,8
54495699,2,9
54495701,\N,7
54495702,46,6
54495703,40,6
54495704,3,8
54495705,8,8
54495996,22,8
54495998,264,4
54495997,32,7
54495999,8,8
54496000,365,3
54496001,3966,0
54496003,18,4
54496004,2,8
54496005,176,4
54496006,5,8
54496007,29,7
54496008,3,8
54496009,18,7
54496010,15,8
54496015,\N,6
54496012,4,7
54496014,1,8
54496011,3,9
54496013,31,7
54496016,1,7
54496019,8,8
54496017,2,9
54496020,1,9
54496018,2,9
54496024,4,7
54496021,35,6
54496022,4,8
54496023,58,5
54496025,3,9
54496026,14,8
54496028,8,6
54496027,24,6
54496029,32,4
54496030,2,8
54496031,13,8
54496032,18,7
54496033,2,5
54496034,28,7
54496187,65,5
54496188,2,8
54496189,3,8
54496192,3,8
54496190,2,9
54496193,2,9
54496191,60,5
54496194,5,8
54496195,58,7
54496196,17,8
54496197,14,7
54496198,1,8
54496199,4,6
54496200,12,7
54496201,9,8
54496203,8,8
54496206,13,6
54496205,3,8
54496204,26,8
54496207,178,4
54496208,5,8
54496209,5,8
54496210,2,8
54496211,29,7
54496212,183,5
54496213,177,4
54496383,9,8
54496384,7,8
54496385,8,8
54496386,5,8
54496387,2,5
54496388,3,9
54496389,149,4
54496390,31,7
54496392,1,7
54496391,27,7
54496393,60,5
54496394,1,8
54496395,4,6
54496396,2,7
54496397,19,8
54496398,4,9
54496399,4,8
54496400,24,6
54496401,178,4
54496403,14,8
54496404,11,8
54496405,86,5
54496402,3,9
54496409,2,8
54496408,35,7
54496406,13,7
54496407,26,7
54496608,5,9
54496615,13,7
54496614,\N,6
54496616,9,8
54496617,9,6
54496618,22,6
54496619,9,7
54496620,1753,1
54496621,4,9
54496622,23,7
54496623,2,8
54496624,7,7
54496625,22,8
54496627,26,7
54496628,4,8
54496629,4,9
54496630,10,8
54496631,126,6
54496837,3,9
54496838,1,6
54496839,28,7
54496840,20,7
54496841,9,8
54496842,3,6
54496843,7,8
54496845,1,7
54496844,2,7
54496846,2,8
54496847,10,9
54496848,21,7
54496849,26,7
54496850,37,6
54496851,24,7
54496853,10,8
54496855,5,8
54496852,3,7
54496854,36,6
54496856,26,6
54496857,5,7
54497048,3,7
54497051,36,6
54497056,13,8
54497057,8,8
54497058,150,5
54497059,2,8
54497060,2,8
54497169,42,6
54497171,9,8
54497172,14,9
54497173,122,5
54497178,55,7
54497453,2,9
54497456,1,7
54497457,1,8
54497458,1,9
54498338,\N,9
54498799,1,6
54499263,59,5
54499276,186,4
54499607,77,5
54499681,1,8
54500027,52,5
54500311,130,4
54502649,117,4
54502877,207,4
54497052,1,7
54497053,1,6
54497054,14,5
54497055,4,7
54497168,6,7
54497170,30,5
54497174,33,7
54497175,60,6
54497176,4,7
54497179,36,7
54497180,2,7
54497182,10,8
54497181,2,5
54497451,9,8
54497452,19,7
54497454,6,7
54497455,6,7
54497459,6,7
54497461,5,8
54497460,24,7
54497462,11,7
54497463,1,8
54497464,5,7
54497467,4372,1
54497465,4,8
54497466,3,8
54497468,23,7
54497569,9,7
54497568,2,8
54497570,117,5
54497571,41,5
54497934,9,3
54497935,30,7
54497936,3,8
54497937,1,9
54497938,5,6
54497939,52,6
54498335,2,7
54498336,2,7
54498337,3,9
54498798,4,8
54498800,29,6
54498801,23,7
54498802,35,5
54498803,4,7
54499084,73,6
54499086,1,8
54499159,2,7
54499160,4,7
54499161,18,7
54499162,16,8
54499163,3,7
54499164,2,8
54499165,13,8
54499166,1,7
54499167,23,5
54499168,21,7
54499261,26,6
54499265,5,8
54499264,4,7
54499266,200,4
54499267,26,7
54499268,21,5
54499269,28,7
54499270,5,8
54499271,41,6
54499272,20,7
54499274,9,8
54499275,6,7
54499273,27,6
54499462,12,7
54499463,9,6
54499464,38,7
54499465,12,8
54499466,2,8
54499467,29,7
54499468,9,6
54499469,5,6
54499470,18,8
54499472,9,8
54499471,113,5
54499473,45,6
54499474,4,7
54499475,3,7
54499476,19,9
54499477,26,7
54499608,40,6
54499610,1,5
54499609,\N,7
54499611,37,7
54499612,4,7
54499613,2,7
54499614,3,8
54499615,10,7
54499616,54,6
54499679,104,5
54499680,9,9
54499683,12,8
54499684,2,8
54499685,7,6
54499700,13,7
54499701,20,6
54499709,8,8
54499724,23,7
54499725,1,7
54499726,54,4
54500497,67,5
54502148,34,7
54499742,15,7
54499771,75,6
54499792,2,7
54499797,14,7
54499796,14,4
54499798,4,7
54499799,5,7
54499800,4,7
54499801,9,4
54499802,5,7
54499830,10,7
54499831,7,7
54499833,29,6
54499834,6,6
54499832,4,8
54499836,6,7
54499835,6,8
54499837,11,7
54499840,10,5
54499839,6,7
54499838,4,6
54500026,5,8
54500025,100,5
54500028,4,7
54500029,5,7
54500030,9,8
54500031,42,7
54500032,30,7
54500034,20,7
54500035,21,8
54500036,15,7
54500037,14,7
54500038,2,7
54500039,96,5
54500040,43,7
54500312,8,7
54500313,2,7
54500314,5,8
54500316,2,9
54500315,6,7
54500317,2,6
54500318,2,8
54500319,7,9
54500320,8,8
54500322,17,7
54500321,4,7
54500323,5,8
54500325,11,7
54500326,4,7
54500324,79,6
54500488,19,7
54500489,4,8
54500490,15,7
54500492,9,9
54500493,3,8
54500494,2,7
54500495,11,8
54500496,31,7
54500498,3,7
54500499,9,8
54500500,1,6
54500501,16,7
54500503,15,7
54500504,2,7
54500502,3,9
54500506,2,7
54500505,19,7
54500508,3912,0
54500507,2,8
54500509,12,7
54500705,13,7
54500706,4,8
54500708,34,6
54500707,3,7
54500709,8,8
54500714,5,7
54500711,10,8
54500712,3,5
54500713,33,6
54500710,16,8
54500715,24,7
54500716,7,8
54500717,11,8
54500718,30,7
54500719,68,4
54500720,28,7
54500721,40,5
54500890,4436,1
54500891,5,7
54500893,10,8
54500892,5,8
54500894,8,7
54500895,4,8
54500896,2135,1
54500897,6,6
54500946,5,8
54500945,28,7
54500948,3,8
54500949,1,7
54500950,2,6
54501472,2,7
54501473,11,7
54501474,1,8
54501475,34,6
54501476,38,5
54501477,37,7
54501816,13,9
54501815,65,5
54501817,10,7
54501818,15,6
54501819,5,8
54501820,21,7
54501822,1,8
54501821,10,8
54501823,1,6
54501824,2,7
54501825,10,7
54502145,3,6
54502144,8,6
54502146,2,6
54502147,4,9
54502149,15,8
54502150,34,6
54502151,8,7
54502152,8,8
54502153,10,7
54502154,8,8
54502155,27,6
54502156,11,8
54502157,24,6
54502158,27,6
54502159,8,9
54502160,9,9
54502161,24,6
54502163,64,5
54502162,21,7
54502164,55,5
54502165,3,9
54502166,34,7
54502167,8,8
54502168,207,4
54502450,2,7
54502451,20,7
54502452,22,7
54502453,32,7
54502454,3,8
54502455,65,6
54502456,20,5
54502457,8,8
54502458,8,7
54502459,39,6
54502460,34,6
54502464,63,5
54502465,11,7
54502471,5,6
54502470,91,7
54502467,12,7
54502468,738,1
54502647,5268,1
54502648,138,5
54502650,3,8
54502651,23,7
54502658,32,7
54502659,51,5
54502660,168,4
54502665,46,5
54502869,148,4
54503173,15,5
54503186,10,8
54503192,21,7
54503199,3,8
54505038,10,5
54505718,16,7
54506452,85,3
54502461,\N,6
54502462,3,5
54502463,12,7
54502466,60,5
54502469,1,7
54502652,1,6
54502653,6,6
54502654,7,6
54502655,2,7
54502656,19,8
54502657,7,8
54502664,10,8
54502663,7,8
54502662,6,9
54502666,7,8
54502667,9,9
54502668,7,8
54502669,708,2
54502670,3,8
54502866,5,7
54502867,21,8
54502868,2,9
54502870,\N,5
54502871,4,7
54502872,29,7
54502873,17,6
54502874,2961,0
54502875,6,8
54502876,22,8
54502879,1,6
54502878,2,8
54502880,8,7
54502881,40,7
54502882,2,8
54502883,32,7
54502884,10,8
54502885,55,6
54502886,3,7
54502887,20,8
54502888,3,8
54502889,28,7
54502890,28,7
54502891,3,9
54502892,3,9
54502893,261,3
54503170,18,6
54503171,20,7
54503172,3,8
54503174,2,8
54503175,3,8
54503176,7,8
54503177,3,8
54503178,21,7
54503179,15,8
54503180,3,8
54503181,5,8
54503182,18,7
54503183,2,6
54503184,5,9
54503185,1,8
54503187,20,8
54503188,5,7
54503189,4,8
54503190,2,8
54503191,1,8
54503193,1,9
54503194,89,5
54503195,1,9
54503196,2,9
54503197,5,7
54503198,3,7
54503200,\N,6
54503201,10,8
54503202,1,8
54503203,9,6
54503204,29,8
54503205,2,9
54503206,21,8
54503207,25,7
54503208,4,8
54503209,251,3
54503211,2,9
54503210,15,7
54503212,23,8
54503213,2,9
54503214,29,7
54503215,2,8
54503217,25,6
54503216,5,9
54503218,30,6
54503219,6,8
54503220,17,8
54503221,117,5
54503837,4,9
54503838,24,7
54503841,2,7
54503839,2,9
54503840,31,7
54503842,2,9
54503843,7,8
54503844,54,5
54503845,17,8
54503846,7,9
54503847,2,9
54503848,69,6
54503849,29,7
54503850,33,6
54503851,2,9
54503852,40,6
54504536,3,8
54504537,8,7
54504538,21,7
54504543,1,6
54504539,2,8
54504540,3,8
54504542,6,8
54504546,1,8
54504547,2,6
54504541,32,8
54504544,18,8
54504545,29,7
54504548,2,5
54504549,1,8
54504550,2,7
54504551,27,7
54504556,2,9
54504552,4,9
54504554,16,7
54504555,33,6
54504553,32,8
54504558,2,8
54504557,3,9
54504559,3,8
54504560,14,8
54504561,46,7
54504562,33,6
54504563,31,7
54504564,3,7
54504565,142,5
54504566,17,8
54504567,5,6
54504568,2,8
54504569,2,8
54504570,37,7
54504571,30,6
54504572,140,4
54504573,118,4
54504574,6,8
54505031,16,8
54505032,37,8
54505034,63,6
54505035,149,5
54505037,1370,0
54505036,5,8
54505039,3,7
54505040,104,4
54505041,1,9
54505043,67,5
54505042,4380,0
54505044,63,5
54505046,25,6
54505045,15,8
54505047,8,6
54505048,28,6
54505049,10,6
54505050,2,8
54505051,27,6
54505052,5,8
54505715,6,6
54505716,61,5
54505717,2,7
54505719,44,6
54505720,26,7
54505721,31,6
54505722,4,9
54505723,6,9
54505725,4,7
54505726,13,8
54505727,26,7
54505728,2,9
54505729,754,1
54505730,1,8
54505731,64,6
54505732,2,8
54505733,51,6
54505734,2,8
54505735,344,3
54506138,1,7
54506139,1,7
54506140,32,7
54506141,4,8
54506142,5,7
54506144,1,8
54506146,45,6
54506147,15,8
54506148,29,7
54506149,33,6
54506151,43,6
54506446,15,7
54506447,2,8
54506448,18,8
54506449,13,7
54506451,29,7
54506453,2,7
54506454,2,8
54506455,3,8
54506456,2,8
54506458,2,9
54506457,41,6
54506459,58,5
54506460,22,8
54506461,34,7
54506462,13,9
54506463,3688,0
54506548,368,2
54506549,1,8
54506550,2,8
54506551,374,2
54506552,5726,0
54506553,23,8
54506555,\N,7
54506554,1,7
54506556,13,7
54506557,109,5
54506558,24,6
54506559,75,5
54506633,25,7
54506634,17,7
54506635,2,7
54506677,3717,1
54506678,16,7
54506982,3,8
54507069,16,8
54507070,3274,0
54507534,15,7
54511077,5327,0
54507391,10,6
54507392,35,4
54507429,4,5
54507430,1,6
54507431,2510,2
54507432,33,6
54507433,14,8
54507434,6,7
54507524,34,6
54507525,2,6
54507527,7,7
54507526,1,9
54507528,19,6
54507529,5,7
54507530,14,8
54507531,32,7
54507532,72,5
54507533,6,8
54507535,10,6
54507537,362,2
54507928,30,6
54507929,25,7
54507930,1,8
54507931,39,7
54507932,7,8
54507934,17,7
54507933,13,7
54507935,4,7
54507936,16,9
54507937,7,7
54507938,10,7
54508751,1,8
54508752,15,7
54508753,5,8
54508754,34,6
54508755,18,7
54508756,16,8
54508757,24,6
54508758,9,8
54508759,71,5
54508761,11,8
54508760,2,9
54508762,24,5
54509018,5,9
54509019,13,8
54509020,15,8
54509021,15,7
54509022,6,8
54509024,10,8
54509025,2947,2
54509026,6,3
54509027,3,6
54509028,90,5
54509029,26,7
54509030,6,8
54509031,42,8
54509032,5,9
54509033,8,8
54509034,10,8
54509089,2,8
54509090,13,8
54509092,14,8
54509091,40,6
54509093,23,9
54509094,31,7
54509095,69,6
54509096,\N,8
54509097,10,6
54509098,6,8
54509099,6,9
54509100,13,7
54509101,361,2
54509102,35,7
54509161,33,6
54509162,3,6
54509163,5,9
54509164,8,7
54509165,5,6
54509166,7,8
54509167,385,1
54509168,89,7
54509169,10,6
54509170,41,6
54509616,9,7
54509618,24,6
54509619,17,7
54509620,53,5
54509621,428,1
54509622,60,6
54509623,1,8
54509624,8403,0
54509625,7,7
54509626,28,7
54509627,58,5
54509628,28,5
54509629,12,8
54509630,1,7
54509631,2,6
54509632,28,6
54509633,31,7
54509634,13,8
54509635,15,6
54509636,55,6
54509637,45,6
54509638,9,7
54509639,15,7
54509640,102,4
54509641,30,7
54509642,61,5
54509643,7,9
54509644,6,8
54510153,6,9
54510152,10,8
54510154,16,7
54510155,21,5
54510156,108,4
54510157,4,8
54510158,31,7
54510159,35,6
54510160,121,4
54510161,6,8
54510164,34,6
54510165,1,6
54510166,4,7
54510167,6,8
54510168,4,8
54510169,9,8
54510171,33,6
54511075,44,6
54511074,116,4
54511076,3533,0
54511078,5,7
54511079,6397,0
54511080,2,8
54511081,3,6
54511082,4,8
54511083,39,7
54511084,9,7
54511086,\N,6
54511085,26,7
54511087,5,7
54511088,32,7
54511089,7,6
54511090,6113,0
54511091,12,7
54511092,12,9
54511093,35,6
54511094,7,8
54511095,56,5
54511096,4,8
54511097,2,9
54511098,10,8
54511099,46,6
54511953,\N,6
54511955,6,8
54511954,5,7
54511956,8,8
54511957,\N,7
54511958,3,6
54511959,3,9
54511960,1,8
54511961,92,6
54511962,1,8
54511963,3,6
54511964,1,8
54512599,29,6
54512601,24,7
54512602,12,8
54512603,9,8
54512604,4,7
54512606,764,1
54512607,3,8
54512608,2,8
54512610,4,8
54512611,149,4
54512612,9,7
54512613,4,7
54512614,1,8
54512615,9,7
54512616,9,7
54512617,43,7
54513028,2,8
54513029,65,5
54513030,379,2
54513031,33,7
54513033,40,6
54513034,5,7
54513036,28,7
54513037,20,7
54513038,6,8
54513040,12,6
54513042,3,9
54513043,4,9
54513039,2223,0
54513044,9,5
54513045,3,9
54513046,4,6
54513048,20,8
54513655,5125,1
54513662,26,7
54514031,3,8
54514036,58,5
54514236,10,9
54514239,19,8
54514240,31,7
54514241,3076,0
54514247,11,8
54514891,125,4
54514890,7,6
54514892,8,8
54514897,8,9
54516133,82,5
54513041,3,9
54513047,2,5
54513049,3,4
54513653,31,6
54513657,3,7
54513658,18,7
54513660,1,8
54513661,6,8
54513664,7,6
54513663,38,5
54513665,26,7
54514028,8,7
54514029,1,7
54514030,71,6
54514032,17,8
54514034,2,9
54514035,2,8
54514037,194,4
54514038,31,7
54514235,45,6
54514237,63,5
54514238,2,8
54514242,1,8
54514243,1,7
54514244,19,6
54514245,6,8
54514246,4,9
54514248,7,7
54514249,3,5
54514250,1,7
54514251,15,7
54514252,33,6
54514253,21,8
54514673,4,7
54514672,3,8
54514674,13,8
54514675,21,8
54514676,6587,0
54514677,30,6
54514888,5,8
54514893,1,7
54514895,13,8
54514896,2,8
54514894,5,7
54514898,22,6
54514899,31,7
54514900,2,7
54514901,30,7
54514902,33,6
54514903,203,3
54514904,13,8
54514905,397,2
54514906,45,6
54515070,3,8
54515071,7,7
54515072,12,7
54515075,3,8
54515076,25,7
54515077,2,8
54515078,2,9
54515306,2,8
54515307,3,8
54515308,7,8
54515309,40,6
54515310,150,6
54515311,3563,1
54515312,3,7
54515423,6,7
54515424,15,8
54515425,29,6
54515426,42,7
54515742,2,8
54515743,222,4
54515856,2,8
54515857,59,6
54516006,18,6
54516042,1,7
54516066,75,5
54516067,7,8
54516132,2,8
54516466,43,5
54516838,108,4
54517532,99,4
54516116,4,8
54516117,46,6
54516130,27,4
54516131,5,6
54516179,16,8
54516180,12,7
54516182,89,5
54516181,12,7
54516183,16,7
54516184,31,7
54516185,368,0
54516186,28,7
54516187,21,6
54516188,8,8
54516189,3,8
54516190,3,8
54516260,19,6
54516261,12,8
54516262,1,8
54516263,10,7
54516264,4,7
54516265,61,6
54516457,15,8
54516458,2,7
54516459,2,8
54516460,2,7
54516461,2,8
54516462,2,7
54516463,2,8
54516464,4,8
54516465,47,7
54516468,30,7
54516467,4,8
54516469,2,7
54516840,1,7
54516839,2,9
54516841,91,5
54516842,48,6
54516843,30,6
54516844,18,8
54516845,24,7
54516846,3,8
54516847,14,7
54516848,26,7
54516850,19,3
54516849,6,9
54517084,10,8
54517086,22,7
54517087,28,6
54517088,5,8
54517089,46,4
54517090,175,4
54517092,8,8
54517091,106,5
54517093,8,9
54517095,3,8
54517094,1,9
54517096,162,4
54517097,8,8
54517098,262,4
54517099,63,5
54517101,4,8
54517237,18,8
54517238,34,7
54517239,2,8
54517240,34,7
54517242,15,7
54517327,10,8
54517328,32,6
54517329,4,7
54517330,2,8
54517331,2,7
54517332,10,7
54517335,2,9
54517334,3,7
54517336,8,8
54517337,35,7
54517338,6,9
54517339,9,8
54517340,16,8
54517341,2,8
54517342,3,9
54517526,8,9
54517527,4,7
54517528,9,7
54517529,36,6
54517530,17,8
54517531,6,7
54517535,4,8
54517534,4,8
54517536,27,7
54517533,3630,2
54517641,11,8
54517642,3,5
54517643,2,8
54517676,33,7
54517678,27,7
54517677,48,6
54517681,12,8
54517682,28,3
54517680,12,7
54517679,30,7
54517683,1,7
54517684,37,6
54517685,65,5
54517721,11,8
54517722,15,7
54517723,8,9
54517724,3,6
54517725,63,6
54517726,3,9
54517793,62,6
54517794,2,8
54517901,9,9
54518040,64,4
54518671,62,5
54518884,4,9
54519245,68,2
54520796,4,8
54518074,4,7
54518075,63,6
54518076,11,6
54518077,1,6
54518078,2,6
54518083,\N,6
54518082,4,7
54518080,3,7
54518081,3,5
54518079,5,6
54518084,40,6
54518085,2,6
54518622,3,6
54518623,7,8
54518624,22,8
54518626,3,7
54518625,14,7
54518627,15,8
54518628,6,8
54518629,3,9
54518630,7,8
54518664,234,3
54518665,6,8
54518666,6,8
54518667,31,6
54518668,\N,7
54518669,6,8
54518670,3,7
54518672,38,6
54518673,7,8
54518674,8,8
54518675,63,5
54518676,5,8
54518677,2,6
54518706,1,7
54518707,6,8
54518709,5,6
54518710,4,8
54518708,35,7
54518711,3,6
54518715,1,7
54518714,1,6
54518713,4,8
54518712,42,4
54518716,4,8
54518717,25,6
54518882,9,8
54518883,33,6
54518885,2,7
54518886,4,7
54518888,3,7
54518887,2,7
54518889,18,6
54518915,4,8
54518916,11,8
54518917,15,8
54518919,25,7
54518918,44,6
54518920,17,7
54518921,41,5
54518922,6,7
54518923,2,9
54519236,81,5
54519237,3,9
54519238,4788,0
54519239,21,8
54519240,18,8
54519241,15,8
54519242,88,5
54519243,16,8
54519244,21,6
54519247,2,8
54519248,2,8
54519246,2,8
54519249,3,9
54519250,4,7
54519251,27,6
54519252,6,8
54519253,5,8
54519254,214,3
54519255,4,8
54519353,26,7
54519354,2,9
54519355,26,6
54519356,15,8
54519477,8,8
54519649,\N,8
54519691,103,4
54519692,21,7
54519878,1,7
54519949,24,7
54521217,1,9
54522521,45,6
54519950,20,7
54519970,35,6
54519969,1,6
54519971,17,7
54519989,32,6
54519990,3,5
54519992,24,6
54519993,3,7
54519994,7,8
54519995,49,6
54519996,11,8
54519997,4,7
54519998,29,5
54519999,8,8
54520035,2,5
54520036,1,8
54520037,18,7
54520038,7,7
54520039,3,7
54520040,2,7
54520041,1,6
54520043,9,7
54520042,8,8
54520091,14,8
54520093,7,7
54520092,18,7
54520159,92,4
54520160,28,6
54520161,9,7
54520162,1,8
54520163,7,7
54520164,35,7
54520165,1,6
54520166,17,7
54520167,13,8
54520168,10,8
54520169,11,6
54520170,6,7
54520172,28,7
54520171,2,7
54520173,1,5
54520174,7,6
54520175,14,8
54520176,33,5
54520177,6,8
54520178,10,8
54520179,16,7
54520180,6,8
54520182,11,8
54520181,38,6
54520183,6,7
54520302,6,7
54520303,37,5
54520304,32,6
54520305,3,7
54520306,8,8
54520307,33,7
54520308,22,8
54520309,4,8
54520310,29,7
54520311,6,7
54520312,17,7
54520315,208,3
54520313,15,6
54520314,2,8
54520316,2,7
54520317,2,7
54520318,12,7
54520319,\N,6
54520320,28,7
54520321,5,6
54520322,10,8
54520323,17,8
54520324,4,8
54520325,7,8
54520326,13,7
54520327,13,7
54520329,4,9
54520328,7,8
54520330,29,6
54520331,216,3
54520332,7,8
54520333,736,1
54520336,2,7
54520335,10,8
54520334,12,8
54520337,8,8
54520338,47,6
54520339,29,7
54520340,28,7
54520341,2,9
54520515,2,9
54520516,4,8
54520517,6,8
54520518,19,8
54520519,8,7
54520521,31,8
54520520,15,7
54520523,2,9
54520522,3,7
54520525,30,6
54520524,5,8
54520526,12,7
54520527,10,7
54520528,1,6
54520529,10,7
54520532,29,7
54520530,64,6
54520531,27,7
54520533,291,4
54520534,1,8
54520536,2,9
54520535,23,5
54520538,5,9
54520537,12,8
54520704,5,7
54520705,2,8
54520706,19,8
54520708,64,6
54520710,1,8
54520709,3,8
54520711,6,8
54520712,3219,0
54520713,8,9
54520714,15,7
54520716,11,7
54520715,16,7
54520717,11,9
54520718,121,5
54520788,2,6
54520789,30,7
54520790,1,7
54520791,3,7
54520792,31,7
54520793,7,8
54520794,5,8
54520795,3,8
54520798,10,8
54520797,3,8
54520799,4,9
54520800,10,5
54520802,37,6
54520801,2,9
54520803,38,6
54520804,350,2
54520805,60,4
54520806,10,6
54520809,3,9
54520807,7,7
54520808,2,8
54520811,4671,0
54520810,12,7
54520813,56,5
54520812,11,8
54520814,5,9
54520815,3,4
54520816,2,8
54520817,35,6
54520818,6,9
54520819,5,9
54520820,29,6
54520917,13,9
54520915,1,8
54520916,13,6
54520918,13,7
54520919,12,7
54520921,3,6
54520920,2,8
54520922,29,8
54520923,3,8
54520924,12,8
54520925,23,7
54520926,28,7
54520927,25,7
54520928,4,8
54521219,6,8
54521220,10,8
54521222,3,8
54521224,13,6
54521223,6,8
54521225,3,4
54521226,12,8
54521227,12,7
54521228,191,4
54521229,3,8
54521230,39,4
54521606,30,6
54521608,1,8
54521609,3,8
54521610,22,6
54521611,10,7
54521612,8,8
54521613,4,8
54521614,33,6
54521615,30,7
54521616,35,6
54521617,2,8
54521618,28,8
54521706,31,7
54521707,264,3
54521708,2,6
54521709,23,6
54521710,8,8
54521711,6,6
54521712,3,7
54521713,20,4
54521714,353,2
54521716,7,7
54521715,3,8
54521717,14,8
54521718,1,8
54521719,41,6
54521722,2,7
54521724,7,7
54521723,21,7
54521725,24,8
54521726,4,9
54521727,32,6
54521728,7,8
54521729,3,7
54521730,4979,0
54522093,\N,8
54522095,8,9
54522098,8,9
54522100,19,7
54522102,31,5
54522254,210,4
54522255,828,1
54522527,70,5
54522537,11,7
54522536,238,4
54522542,236,4
54522846,2,9
54522923,57,5
54523344,122,5
54523639,\N,9
54524048,175,4
54524320,67,5
54524505,783,1
54524533,41,7
54525104,240,4
54602979,759,1
54521720,4,7
54521721,192,5
54521731,23,7
54522094,6,7
54522096,2,8
54522097,16,8
54522099,2,7
54522101,2,7
54522252,1,6
54522253,20,5
54522256,1,7
54522257,21,6
54522258,188,4
54522259,31,6
54522260,9,7
54522261,8,8
54522522,8,7
54522523,5,3
54522525,23,7
54522524,25,7
54522526,8,7
54522528,19,7
54522529,7,7
54522530,21,7
54522531,77,5
54522533,28,6
54522532,4,8
54522535,16,7
54522534,34,6
54522538,10,8
54522539,71,5
54522540,9,8
54522541,26,7
54522546,24,6
54522547,6,7
54522689,42,6
54522690,1,6
54522691,2,6
54522692,5,6
54522693,2,7
54522694,4,7
54522696,5,8
54522695,13,6
54522864,2,7
54522865,11,5
54522866,14,8
54522867,4,7
54522868,15,8
54522869,1,8
54522871,7,8
54522870,2,7
54522918,17,6
54522920,2,5
54522919,5,7
54522921,10,9
54522922,31,8
54523149,10,8
54523430,11,6
54523429,4,9
54523432,25,7
54523433,18,6
54523488,12,6
54523489,20,7
54523490,56,4
54523640,362,1
54523641,153,3
54523821,14,8
54523978,4402,1
54524053,2224,0
54526265,310,1
54526834,180,4
54523820,32,7
54523832,45,7
54523942,1,7
54523943,9,8
54523944,2,7
54523976,9,7
54523977,4,7
54523979,3,7
54523981,4,7
54523980,3,6
54523983,9,8
54523982,2,8
54523984,17,8
54523985,2,6
54523986,16,8
54523987,15,7
54523988,3,7
54523989,3,8
54524049,73,5
54524050,7,8
54524051,7,9
54524052,5,7
54524054,2,6
54524055,3,7
54524056,5,7
54524057,1,7
54524058,1,8
54524115,2,8
54524116,2,7
54524118,13,8
54524125,1,7
54524120,7,7
54524123,6,7
54524124,2,6
54524121,1,7
54524122,3,7
54524126,12,8
54524127,2,8
54524128,57,6
54524129,31,7
54524131,1,9
54524130,30,7
54524306,11,8
54524307,15,8
54524308,2,6
54524309,10,8
54524310,2,9
54524311,2,7
54524312,2,7
54524313,2,6
54524315,6,6
54524314,130,4
54524316,165,4
54524317,2,7
54524318,38,7
54524319,2,7
54524321,12,8
54524322,6,9
54524323,11,7
54524324,34,8
54524325,61,5
54524326,2,8
54524331,26,6
54524327,5,7
54524332,39,7
54524328,11,9
54524330,39,7
54524329,5,8
54524497,20,7
54524498,28,6
54524499,3671,1
54524500,41,5
54524610,43,6
54524506,2,8
54524507,8,7
54524508,243,4
54524510,5,8
54524509,15,7
54524511,130,4
54524513,19,8
54524514,11,8
54524515,4,7
54524516,5,7
54524517,46,6
54524518,34,6
54524519,8,6
54524520,5,7
54524521,4,8
54524522,8,8
54524523,4,6
54524525,37,6
54524524,39,6
54524526,38,7
54524527,2,8
54524532,36,6
54524528,3,7
54524531,5,6
54524529,3,9
54524530,5,8
54524534,4,7
54524627,6,8
54524628,\N,7
54524629,\N,8
54524630,\N,9
54524631,2,8
54524632,6,7
54524633,30,7
54524634,4,6
54524635,4,8
54524637,3,7
54524636,5,9
54524638,2,8
54524639,5,8
54524641,5,8
54524640,17,8
54524643,17,8
54524642,4,8
54524644,4,9
54524645,4,3
54524646,5,7
54524647,4,8
54524721,2,6
54524722,2,8
54524723,28,5
54524961,1,8
54524724,41,5
54524725,2,8
54524727,57,6
54524726,43,2
54524728,52,6
54524972,3,8
54524973,39,4
54524974,12,7
54524975,5,8
54524976,2,8
54524977,35,6
54524981,12,7
54524978,16,8
54524980,6,6
54524979,5,6
54524982,2,4
54524983,20,7
54524984,2,8
54524985,12,7
54524986,32,7
54524988,37,6
54524987,24,7
54525103,\N,7
54525105,16,8
54525106,37,7
54525107,25,7
54525109,\N,6
54525110,13,8
54525111,26,7
54525112,5,6
54525113,42,7
54525114,25,8
54525115,345,4
54525116,4724,0
54525362,12,7
54525363,\N,6
54525364,141,3
54525365,40,7
54525366,21,7
54525367,34,7
54525369,10,8
54525370,6,6
54525368,6,7
54525371,8,8
54525372,2,7
54525373,3,8
54525374,92,6
54525375,62,6
54525376,25,6
54525457,9,8
54525458,2,7
54525459,25,7
54525460,5,8
54525461,3,8
54525462,33,7
54525463,22,8
54525464,23,7
54525465,2,9
54525467,34,7
54525466,20,7
54525468,32,6
54525635,10,7
54525637,3256,1
54525636,\N,7
54525638,8,7
54525641,7,7
54525639,10,8
54525640,33,8
54525642,11,8
54525643,4,7
54525644,2,7
54525645,2,8
54525646,26,7
54525647,2,8
54525738,169,4
54525739,42,6
54525748,27,6
54525750,28,7
54525751,2,9
54525752,16,7
54525754,36,6
54525755,1,8
54525757,10,7
54525758,2,8
54525859,\N,7
54525862,26,7
54525863,5022,0
54525864,3,9
54525865,3,8
54525866,30,6
54526031,33,4
54526035,89,6
54526041,10,7
54526042,16,7
54526043,32,6
54526044,54,5
54526128,182,4
54526129,109,5
54526266,31,7
54526418,\N,9
54526417,\N,9
54526419,180,4
54526420,1,8
54526667,1,9
54527070,22,6
54527119,30,7
54527293,118,5
54527379,35,7
54525753,1,6
54525756,33,3
54525860,8,6
54525861,4,6
54526036,5,7
54526037,5,7
54526038,12,7
54526039,1,5
54526040,5,9
54526127,14,7
54526126,20,7
54526130,3189,0
54526131,7,8
54526132,8,6
54526264,2,7
54526421,168,4
54526422,11,8
54526423,4,6
54526424,20,6
54526425,2,6
54526426,20,8
54526427,3,8
54526555,2,9
54526556,15,6
54526557,19,6
54526558,25,7
54526559,25,7
54526668,13,7
54526715,29,7
54526716,7,8
54526717,2,9
54526764,204,4
54526794,88,4
54527071,22,7
54527072,11,7
54527079,4,6
54527080,5,6
54527121,\N,6
54527149,26,7
54527085,22,8
54527117,1,6
54527116,2,7
54527118,16,5
54527120,2,7
54527123,5,3
54527122,1,6
54527124,3,5
54527125,15,8
54527147,3,8
54527146,12,9
54527148,15,6
54527150,3,8
54527151,4,7
54527152,1,8
54527153,5,7
54527154,4,7
54527177,6,7
54527178,10,6
54527179,4,7
54527180,23,7
54527276,6,8
54527277,3,7
54527278,5,7
54527279,1,8
54527280,8,7
54527281,13,7
54527282,8,8
54527283,7,8
54527284,17,8
54527285,1,7
54527287,3,7
54527286,2,8
54527288,9,7
54527289,9,8
54527290,4,8
54527291,5,8
54527292,35,6
54527294,3,8
54527295,8,8
54527375,10,6
54527376,8,8
54527377,7,7
54527378,11,8
54527380,8,8
54527381,43,6
54527382,6,8
54527383,3,8
54527384,7,7
54527385,174,4
54527386,181,4
54527387,4,8
54527388,6,7
54527391,28,6
54527389,10,8
54527390,11,7
54527392,6,7
54527443,27,7
54527444,4798,0
54527446,6,8
54527447,2,6
54527448,8,8
54527449,32,7
54527450,7,8
54527451,12,8
54527452,2,9
54527453,4,9
54527454,27,7
54527456,100,4
54527455,7,7
54527457,8,5
54527592,8,8
54527593,15,8
54527595,35,6
54527594,6,8
54527596,7,8
54527597,12,8
54527598,14,6
54527599,2,8
54527601,12,8
54527600,27,7
54527602,5,9
54527603,2,9
54527604,5,7
54527648,5,7
54527649,1,6
54527650,4,8
54527651,2,6
54527652,3,7
54527653,4,6
54527654,156,5
54527655,9,7
54527656,12,8
54527657,84,6
54527658,3,8
54527659,2,7
54527660,1,8
54527732,3,8
54527733,10,7
54527734,7,8
54527735,4,7
54527736,6,7
54527737,3,6
54527738,17,8
54527739,7,7
54527740,4,7
54527741,5,8
54527742,41,6
54527743,4,8
54527744,64,6
54527890,3,7
54527891,122,4
54527892,27,7
54527895,38,6
54527893,64,5
54527894,68,5
54527896,70,4
54528046,58,6
54528045,28,7
54528047,2,8
54528048,1172,2
54528049,62,5
54528050,2,7
54528051,2,8
54528326,3,7
54528327,23,7
54528328,3,7
54528330,353,2
54528331,1,6
54528529,21,6
54528530,1,7
54528532,53,5
54528733,3866,2
54528734,175,4
54529102,165,5
54529698,142,3
54532861,4656,0
54532944,1,9
54602028,4,8
54528531,1,5
54528735,1,7
54528736,22,7
54528737,6,5
54528916,2,8
54528917,8,7
54528918,5,7
54528919,10,6
54528921,32,7
54528922,2,7
54528920,19,6
54528923,5,8
54528924,60,5
54528925,31,6
54528926,174,3
54528927,2451,0
54529103,144,3
54529104,6,6
54529105,8,8
54529106,9,7
54529108,1,7
54529110,66,6
54529112,62,4
54529310,84,5
54529311,7,7
54529312,18,6
54529313,2,7
54529314,42,6
54529315,3,8
54529316,22,7
54529548,3,8
54529549,4,7
54529550,2,6
54529551,19,8
54529552,22,7
54529553,11,6
54529554,3,7
54529697,32,7
54529728,1,8
54529727,4,5
54529811,13,5
54530667,147,5
54531437,231,3
54532400,23,8
54532958,63,5
54533499,1,9
54533908,57,6
54532561,3,7
54532560,3,7
54532848,8,6
54532862,21,6
54532863,21,7
54532864,2,6
54532865,18,7
54532866,1,8
54532867,7,8
54532942,9,6
54532943,5,7
54532945,9,6
54532946,3,7
54532947,17,7
54532948,8,7
54532949,6,8
54532951,9,8
54532950,6,8
54532952,133,4
54532953,9,9
54532954,3,9
54532955,3,8
54532956,41,6
54532957,3,7
54532960,7,7
54532959,8,8
54532961,6,5
54533004,8,7
54533006,165,4
54533007,2,6
54533008,24,6
54533009,148,5
54533011,8,6
54533010,2,8
54533091,4,8
54533092,187,5
54533093,28,7
54533095,5,8
54533096,6,7
54533098,2,5
54533097,4,7
54533099,187,4
54533100,2,8
54533157,35,6
54533158,5,7
54533160,17,8
54533159,3,6
54533161,\N,8
54533163,8,8
54533162,16,8
54533164,15,8
54533165,5,9
54533166,15,8
54533315,57,6
54533316,30,7
54533317,3,8
54533318,11,5
54533319,6,8
54533320,4,8
54533321,186,4
54533322,36,8
54533323,2782,0
54533324,16,8
54533412,61,5
54533414,12,8
54533413,57,7
54533415,3,6
54533416,6,5
54533417,16,7
54533418,5,8
54533419,5,7
54533420,13,6
54533421,1,7
54533422,4,6
54533500,4,9
54533501,\N,7
54533502,22,6
54533503,2,8
54533504,148,4
54533505,20,6
54533600,16,6
54533601,36,6
54533603,8,9
54533602,34,6
54533604,35,7
54533605,2,8
54533745,5,9
54533746,33,7
54533747,1,8
54533825,4,8
54533826,14,8
54533827,10,7
54533828,3082,2
54533903,5,7
54533904,2,8
54533905,10,7
54533906,7,9
54533907,21,7
54533999,52,6
54534000,141,4
54534001,195,4
54534154,3065,0
54534094,2,9
54534095,21,7
54534097,118,4
54534098,71,4
54534099,107,6
54534226,20,8
54534227,35,7
54534289,51,6
54534333,195,5
54534748,148,4
54534002,3,7
54534093,3,7
54534234,4,6
54534236,2,7
54534235,90,5
54534290,4,7
54534334,202,5
54534335,122,5
54534336,2,8
54534337,2,6
54534345,30,8
54534378,198,3
54534379,18,8
54534380,30,6
54534646,14,8
54534675,10,7
54534705,3,7
54534706,17,6
54534707,57,5
54534708,15,8
54534709,13,7
54534749,14,8
54534779,3,9
54534780,12,7
54534879,2,7
54534883,12,9
54534751,1,8
54534750,1,6
54534775,1,7
54534776,8,8
54534777,15,7
54534778,1,7
54534882,1,9
54534885,9,7
54534886,2,7
54534887,13,7
54535016,35,6
54535017,19,7
54535060,3,8
54535061,5,8
54535062,11,6
54535063,15,8
54535064,11,9
54535065,56,5
54535066,4,9
54535067,4,8
54535068,4,9
54535069,1,7
54535070,11,8
54535071,7,7
54535072,16,7
54535073,18,7
54535074,31,7
54535075,2,9
54535116,37,5
54535117,57,6
54535118,58,6
54535119,133,4
54535120,6,6
54535121,1,7
54535123,162,4
54535122,2,6
54535134,37,6
54535135,2,7
54535136,13,8
54535138,8,6
54535137,13,8
54535139,3,8
54535140,5,9
54535141,33,8
54535142,104,5
54535143,12,7
54535144,9,8
54535145,159,4
54535146,4,6
54535279,38,6
54535280,7,8
54535281,9,8
54536390,2,9
54536655,4,9
54536909,86,4
54536077,6,9
54535692,2,9
54535282,12,7
54535283,28,6
54537389,13,7
54537390,178,3
54537393,2,8
54537394,112,4
54537473,9,8
54537474,7,8
54537475,6,8
54537476,16,7
54537477,2681,0
54537478,34,5
54537479,12,7
54537480,24,7
54537500,100,5
54537501,7,8
54537502,8,8
54537503,159,4
54537504,4,6
54537505,34,7
54537506,7,8
54537507,199,4
54537508,4,8
54537539,27,6
54537652,95,5
54537540,112,5
54537541,18,6
54537542,8,7
54537543,3,6
54537544,30,7
54537653,30,6
54537656,8,9
54537655,21,7
54537654,27,5
54537670,\N,7
54537672,8,8
54537673,170,5
54537674,203,5
54537675,4,7
54537676,92,5
54537709,5,8
54537710,29,7
54537711,186,5
54537712,1,8
54537804,4,8
54537805,2,7
54537807,180,6
54537809,2642,0
54537837,2,9
54537838,2,8
54537841,47,6
54537839,3,7
54537844,28,8
54537872,2,8
54537873,3,9
54537874,8,7
54537875,45,7
54537878,75,6
54537918,87,5
54538021,6,7
54538189,\N,7
54539469,1,8
54544433,30,6
54582567,32,6
54582568,38,6
54583292,3672,0
54583802,19,9
54602219,20,7
54537806,2,7
54537808,4,8
54537840,3,7
54537842,19,8
54537843,172,5
54537870,53,5
54537871,64,5
54537876,4,8
54537877,230,3
54537919,5,6
54537920,3,8
54537921,1090,0
54537922,197,4
54537923,27,7
54537955,2,8
54537956,4,7
54537957,2,7
54537958,22,8
54537959,16,8
54538022,4,9
54538089,167,5
54538186,75,6
54538185,4,9
54538187,\N,6
54538188,51,6
54538190,\N,9
54538191,\N,8
54538192,\N,8
54538214,198,5
54538215,17,8
54538216,3,8
54538217,4,7
54538282,124,4
54538283,26,6
54538295,49,5
54538296,41,6
54538336,15,8
54538344,8979,0
54538776,17,9
54538954,114,5
54538963,6,9
54539063,61,5
54539335,53,6
54544431,57,5
54544432,25,7
54587576,20,7
54590010,21,6
54602257,19,7
54602240,15,8
54602241,27,7
54602250,8,8
54602252,8,8
54602254,8,8
54604979,10,8
54538297,1,7
54538305,3,5
54538306,2,6
54538307,3,7
54538308,17,7
54538309,13,7
54538310,35,7
54538311,5,8
54538312,8,7
54538313,14,7
54538326,38,6
54538325,17,7
54538327,15,7
54538337,36,6
54538338,3,9
54538339,2,7
54538340,15,8
54538345,4,6
54538346,69,6
54538347,58,6
54538348,4,7
54538372,24,4
54538373,5,8
54538374,2,8
54538375,2,8
54538376,31,7
54538377,71,5
54538385,7,7
54538386,2,8
54538387,2,9
54538388,128,6
54538389,2,9
54538390,19,7
54538391,7,6
54538392,12,4
54538393,59,6
54538395,1,8
54538523,3,8
54538524,1,8
54538525,100,5
54538526,2,9
54538529,3,8
54538656,33,6
54538659,34,7
54538658,4,9
54538657,3,8
54538660,5,9
54538711,2,8
54538712,10,8
54538713,156,4
54538768,2,8
54538770,230,3
54538771,1,7
54538772,60,6
54538773,9,9
54538774,2,8
54538775,8,7
54538777,124,7
54538817,32,6
54538818,29,7
54538819,7,8
54538820,2,7
54538949,3,7
54538950,29,7
54538951,3,8
54538952,4,8
54538953,3,9
54538957,22,7
54538958,16,7
54538956,9,7
54538955,10,7
54538959,17,5
54538960,5,8
54538962,237,3
54538961,3,7
54538964,24,7
54538965,3,9
54538966,2,9
54539061,1,7
54539062,1,6
54539064,170,4
54539065,5,9
54539066,9,7
54539068,18,7
54539069,5,5
54539067,3,8
54539070,2,8
54539071,4,6
54539073,121,7
54539074,6,8
54539329,46,6
54539330,89,5
54539331,4,8
54539332,4,8
54539333,17,9
54539334,3,7
54539336,61,5
54539337,67,5
54539338,164,5
54539339,10,6
54539340,131,4
54539341,55,6
54539342,1,7
54539343,15,8
54539345,6,8
54539344,14,7
54539346,63,5
54539347,151,4
54539348,82,4
54539451,18,5
54539452,31,6
54539453,6,7
54539454,54,5
54539455,2,8
54539457,54,5
54539459,2,5
54539460,4,9
54539461,28,7
54539462,3,9
54539463,6,9
54539464,3,8
54539465,5,8
54539466,6,9
54539467,49,6
54539468,6,8
54539476,3758,1
54539477,1,7
54539478,6,8
54539479,115,5
54539480,6,8
54539481,3,7
54539482,3,8
54539483,3019,2
54539484,152,4
54539485,4,8
54539486,164,5
54539487,5,9
54539488,23,7
54539489,3,9
54539493,205,4
54539494,199,4
54539564,131,5
54539565,27,7
54539566,17,8
54539567,4,8
54539568,66,5
54539569,27,7
54539573,158,4
54539574,12,8
54539575,101,5
54539576,85,6
54539579,6,7
54539580,85,4
54539690,46,6
54539693,165,4
54539694,68,6
54539697,69,6
54539802,121,5
54539967,3,7
54540049,\N,8
54541096,28,8
54541543,133,4
54541711,41,6
54541874,2,9
54543080,50,5
54544434,12,6
54544437,1,8
54544436,1,9
54544866,219,4
54545759,88,5
54546475,9551,0
54561684,3658,1
54591425,11,8
54592528,287,4
54591884,9,8
54593405,11,8
54602439,6,8
54602344,27,7
54602278,4,7
54602364,30,7
54602436,20,6
54602453,4,9
54602290,11,8
54602298,10,8
54539490,2,7
54539491,4,7
54539492,1,6
54539562,1,7
54539563,5,7
54539570,53,6
54539571,26,6
54539572,10,6
54539578,17,7
54539691,3,8
54539692,78,5
54539695,22,8
54539696,1,8
54539698,54,6
54539699,151,3
54539803,1,7
54539805,62,4
54539804,62,5
54539806,23,6
54539807,2,9
54539809,27,6
54539810,4,8
54539965,26,7
54539966,25,7
54539968,43,7
54539969,68,6
54540033,19,6
54540047,25,6
54540048,2,8
54540087,17,8
54540153,15,5
54540399,5,6
54540400,48,6
54540402,3,7
54540401,1,6
54540403,17,7
54540429,1,4
54540431,13,7
54540430,5,4
54540432,21,8
54540491,3,8
54540493,1,6
54540494,14,7
54540496,37,5
54540495,3,8
54540497,65,4
54540699,1,8
54540700,23,7
54540704,6,8
54540705,20,7
54540706,14,7
54540902,39,5
54540907,43,6
54540906,3,7
54540908,58,6
54540909,4,9
54540910,8,8
54541024,40,6
54541027,9,8
54541025,44,7
54541026,4,7
54541032,14,8
54541033,11,7
54541034,16,8
54541093,5,7
54541097,12,8
54541325,147,4
54542757,4279,0
54549107,75,5
54594750,14,7
54595700,14,7
54602484,10,7
54602494,13,7
54540702,10,6
54540701,2,7
54540703,4,6
54540707,15,7
54540903,39,7
54540904,7,8
54540905,15,7
54541007,11,6
54541008,4,8
54541009,14,7
54541011,10,7
54541010,3,8
54541012,39,6
54541013,100,5
54541014,9,8
54541028,39,7
54541029,8,6
54541030,6,8
54541031,28,7
54541091,9,8
54541092,11,6
54541094,9,5
54541095,2,8
54541098,8,8
54541099,5,8
54541100,6,8
54541101,128,4
54541102,29,7
54541103,10,8
54541104,53,5
54541105,9,7
54541107,97,5
54541106,209,3
54541326,6,9
54541328,2,9
54541327,62,6
54541329,28,6
54541330,59,5
54541331,7,8
54541332,43,6
54541333,55,6
54541334,27,6
54541335,6,8
54541336,40,6
54541337,181,4
54541489,36,5
54541490,5,8
54541492,143,4
54541491,6,7
54541494,112,5
54541496,4,7
54541495,85,5
54541497,62,5
54541498,107,4
54541499,4,8
54541500,216,4
54541502,7,8
54541501,6,6
54541504,14,7
54541503,5,6
54541506,2,6
54541505,34,7
54541507,6,7
54541537,54,4
54541538,10,7
54541539,41,6
54541541,175,4
54541540,9,8
54541542,215,4
54541545,1,7
54541544,11,7
54541546,12,7
54541547,1,7
54541548,4,7
54541710,2,5
54541712,7,8
54541713,3113,1
54541714,39,7
54541715,21,7
54541716,38,6
54541717,6,8
54541718,3,6
54541719,80,5
54541722,3,5
54541721,10,7
54541720,6,8
54541724,7,7
54541725,39,6
54541723,5,8
54541875,2,9
54541876,6,8
54541877,20,8
54541880,3,7
54541878,9,3
54541879,10,8
54541881,24,6
54541882,143,4
54542163,2,8
54542164,4,8
54542166,39,6
54542165,7,9
54542167,62,5
54542168,8,8
54542169,31,6
54542170,51,6
54542171,5,8
54542172,2,8
54542173,6,7
54542174,68,5
54542175,7,8
54542178,8,8
54542177,26,7
54542176,146,5
54542179,2925,0
54542180,5,5
54542326,8,8
54542327,4,8
54542329,30,7
54542328,3,8
54542330,53,5
54542331,2,7
54542332,18,3
54542333,188,4
54542334,33,6
54542335,92,5
54542338,106,4
54542337,22,7
54542339,2,8
54542340,22,7
54542534,6,8
54542533,3,8
54542535,37,5
54542537,70,5
54542536,56,7
54542538,94,4
54542539,1,6
54542541,106,3
54542542,2,7
54542543,2,7
54542544,23,7
54542545,89,5
54542546,21,7
54542547,34,6
54542744,5,8
54542743,17,8
54542745,17,8
54542746,2,7
54542747,34,6
54542748,17,8
54542753,2,9
54542749,2,9
54542751,14,9
54542752,204,4
54542750,21,7
54542755,89,4
54542756,56,5
54542754,8,7
54542758,33,6
54542759,16,8
54542760,3,8
54542761,2,8
54542762,18,7
54542763,21,7
54542764,2,8
54542765,2,8
54542766,2,8
54542767,35,8
54542768,3,8
54543073,43,3
54543072,1,8
54543074,2,7
54543076,2,8
54543075,14,9
54543077,2,8
54543079,2,8
54543078,64,5
54543081,13,7
54543082,98,7
54543083,130,4
54543084,37,7
54543086,49,6
54543088,11,8
54543087,45,6
54543085,67,5
54543089,7,8
54543090,2,8
54543091,2,8
54543092,171,4
54543094,15,7
54543093,11,7
54543333,47,6
54543095,3,8
54543096,6,8
54543097,13,8
54543098,12,7
54543100,43,5
54543099,3,6
54543101,1,7
54543102,4,7
54543103,14,8
54543106,13,8
54543105,103,4
54543104,178,5
54543387,33,6
54543388,35,7
54543390,2,7
54543389,27,7
54543391,28,7
54543393,32,8
54543394,26,7
54543395,49,5
54543396,2,8
54543397,2,6
54543398,99,6
54543399,1,8
54543541,48,7
54543542,9,5
54543544,5,8
54543545,51,5
54543546,64,6
54543548,19,7
54545006,61,5
54545149,20,8
54545166,126,4
54545421,60,5
54545424,70,5
54545760,42,6
54549697,53,5
54549700,78,4
54602541,12,8
54543543,38,6
54543547,6,7
54543549,1,7
54543828,2,7
54543830,1,8
54543829,1,8
54543831,85,4
54543832,13,8
54543833,30,7
54544079,53,6
54544081,8,8
54544083,31,7
54544082,4,7
54544084,11,8
54544085,84,4
54544086,2,7
54544087,43,6
54544088,4,8
54544089,32,7
54544090,56,6
54544283,2867,1
54544284,10,8
54544285,3,7
54544428,41,6
54544430,176,3
54544429,100,5
54544435,41,5
54544571,\N,9
54544572,\N,9
54544624,24,7
54544766,4,8
54544767,3,4
54544794,158,3
54544802,5,8
54544803,104,4
54544865,21,7
54544867,92,5
54544994,4,7
54544995,1,6
54544996,34,6
54544997,2,9
54544998,63,6
54544999,1,6
54545000,9,7
54545001,6,6
54545002,1,7
54545003,4,7
54545004,15,7
54545005,30,7
54545007,1,7
54545147,11,8
54545148,14,8
54545150,9,7
54545152,2,7
54545151,6,7
54545153,14,6
54545154,9,8
54545155,11,6
54545156,34,7
54545158,11,8
54545157,4,8
54545159,36,6
54545160,21,7
54545161,55,6
54545162,40,7
54545163,30,7
54545164,7,8
54545165,\N,6
54545167,31,5
54545168,1,8
54545169,13,7
54545413,3,8
54545414,2,9
54545415,37,6
54545416,3,9
54545417,3,8
54545418,2,9
54545419,2,8
54545420,10,9
54545422,10,6
54545423,1,8
54545425,39,6
54545426,15,8
54545428,14,8
54545429,80,6
54545430,10,7
54545432,2,9
54545433,32,8
54545434,9,8
54545435,35,5
54545436,18,8
54545437,194,4
54545438,10,8
54545439,174,4
54545758,12,8
54545762,94,4
54545761,3,9
54545764,16,7
54545765,29,7
54545767,41,6
54545766,2,8
54545768,5,8
54545770,8,8
54545771,2,9
54545772,4,8
54545779,35,7
54545782,4,9
54546122,3,7
54546121,3,9
54546123,15,8
54546127,2,8
54546128,38,6
54546129,2,9
54546131,2,9
54546133,5,7
54546403,23,7
54546405,5,7
54546415,2,9
54546470,30,8
54546839,8,9
54546916,33,7
54547357,99,4
54547726,\N,9
54545427,2,8
54545431,11,7
54545440,2,4
54545757,1,8
54545769,16,6
54545773,17,7
54545774,29,6
54545775,14,8
54545777,41,6
54545776,32,6
54545778,7,8
54545780,33,7
54545781,9,7
54545783,10,7
54545784,27,6
54545785,7,6
54545786,90,5
54545787,47,6
54546118,14,7
54546119,8,7
54546120,39,6
54546124,10,7
54546125,7,8
54546126,6,8
54546130,1,8
54546132,64,5
54546134,13,8
54546135,7,8
54546137,3,6
54546136,1,9
54546138,12,8
54546139,12,8
54546140,32,7
54546141,2,7
54546142,2,9
54546143,14,7
54546144,3,8
54546402,1,7
54546404,1,5
54546406,2,7
54546408,8,7
54546407,37,7
54546409,30,6
54546410,6,8
54546411,1,8
54546412,13,7
54546413,67,5
54546414,6,7
54546459,5,8
54546460,2,7
54546461,18,7
54546463,30,7
54546462,13,7
54546464,58,6
54546465,32,7
54546467,25,7
54546466,47,6
54546468,37,7
54546469,43,7
54546471,26,6
54546472,34,7
54546474,6,7
54546473,11,7
54546476,34,6
54546477,3,7
54546479,13,7
54546614,26,6
54546615,2,7
54546618,54,6
54546616,37,6
54546619,1,7
54546617,194,4
54546620,7,8
54546621,15,8
54546622,4,7
54546623,11,6
54546624,9,8
54546840,36,6
54546841,25,8
54546843,5,8
54546842,24,8
54546845,6,8
54546844,33,7
54546846,32,7
54546909,10,8
54546910,10,6
54546912,6,8
54546911,27,6
54546913,2,7
54546914,1,5
54546915,1,7
54546917,67,6
54546918,5,6
54546919,18,7
54546920,145,5
54546921,28,5
54546922,9,7
54547354,4,8
54547356,5,5
54547358,1,8
54547360,2,7
54547359,118,5
54547361,34,5
54547362,34,7
54547363,2,6
54547364,31,6
54547365,96,5
54547368,9,8
54547366,33,8
54547367,20,6
54547369,9,6
54547370,24,7
54547371,48,5
54547372,9,8
54547373,19,7
54547374,11,9
54547375,5,7
54547376,19,7
54547377,37,5
54547378,2,8
54547379,8,7
54547380,2,5
54547381,6,7
54547724,1,6
54547725,14,9
54547727,\N,9
54547728,1,8
54547729,24,7
54547730,7,6
54547731,25,7
54547732,2,8
54547733,36,6
54547734,11,6
54547735,4,8
54547736,30,6
54547737,31,8
54547738,49,6
54547739,2,8
54548201,1,7
54548200,2,8
54548202,5,8
54548203,5,8
54548205,33,6
54548204,7,8
54548206,7,7
54548207,9,7
54548208,3,8
54548209,29,7
54548210,51,5
54548498,2,8
54548499,3642,0
54548500,4,6
54548502,27,7
54548501,172,4
54548506,2,8
54548503,8,8
54548504,5,7
54548505,2,7
54548507,17,7
54548508,37,6
54548509,4,9
54548707,3,7
54548706,2,6
54548705,1,6
54548708,76,5
54548709,3,8
54548710,4,6
54548711,7,7
54549106,\N,9
54549110,5,7
54549111,5,8
54549108,111,4
54549109,1,7
54549112,8,8
54549113,15,7
54549114,19,7
54549115,4,6
54549116,6,8
54549117,12,8
54549118,8,8
54549119,7,7
54549120,7,8
54549121,29,8
54549122,16,7
54549123,2,8
54549124,12,8
54549128,31,6
54549129,28,7
54549127,5,6
54549126,1,7
54549125,3,9
54549130,2,7
54549678,9218,0
54549679,12,8
54549680,3,8
54549683,17,7
54549681,2,7
54549685,15,8
54549686,57,5
54549687,7,8
54549688,60,5
54549689,12,8
54549690,5,8
54549692,11,8
54549691,3,8
54549698,158,4
54549699,117,4
54550500,87,5
54550499,25,8
54550504,6,9
54550505,21,8
54550508,32,6
54550510,19,8
54550513,25,7
54550567,26,7
54550579,55,7
54550582,19,9
54550583,4,9
54551094,3,9
54551104,5,9
54552541,21,8
54552551,16,8
54552552,13,7
54552553,17,7
54552591,46,6
54553037,10,8
54553162,89,4
54553575,29,7
54553664,177,4
54564985,77,5
54549677,18,7
54549684,1,7
54549682,2,7
54549694,13,7
54549693,1,7
54549695,1,7
54549696,1,7
54550497,12,8
54550498,18,8
54550501,5,7
54550502,10,8
54550503,13,8
54550506,12,8
54550507,1,6
54550509,1,7
54550511,1,7
54550512,\N,8
54550514,1,7
54550515,2,9
54550516,2,9
54550517,28,7
54550518,5,7
54550520,2,9
54550519,2,9
54550521,134,5
54550522,11,9
54550523,28,6
54550524,4,7
54550568,3,8
54550569,11,9
54550571,28,7
54550570,25,7
54550572,2,8
54550573,4,8
54550574,2,9
54550575,5,7
54550577,22,8
54550576,2,9
54550578,20,7
54550580,2,9
54550581,12,7
54550584,5,8
54551093,17,8
54551095,2,9
54551096,12,8
54551097,18,8
54551098,5,7
54551099,16,6
54551100,1,8
54551101,\N,6
54551102,13,8
54551103,3,8
54551737,44,5
54551739,4,8
54551740,11,6
54551741,30,8
54551742,22,6
54551743,44,6
54551744,138,4
54552037,80,5
54552542,11,8
54552554,19,7
54552593,1,7
54552592,28,6
54552661,5,7
54552662,12,9
54552663,2,8
54552667,6,6
54552665,3,3
54552666,1,6
54552664,1,7
54552668,\N,8
54552670,20,8
54552671,7,7
54552822,19,7
54552823,17,8
54552824,3660,0
54553038,18,7
54553039,17,7
54553040,31,7
54553155,8,7
54553156,3,8
54553157,15,7
54553158,15,7
54553159,9,8
54553160,6,8
54553161,4,7
54553163,69,5
54553164,15,7
54553165,11,9
54553166,11,8
54553167,28,7
54553168,98,4
54553169,2,9
54553387,22,7
54553392,3,9
54553393,124,4
54553577,11,8
54553656,30,6
54553935,6,9
54554058,3,8
54554064,43,6
54554171,1,7
54554178,1,6
54554469,\N,9
54554710,2962,3
54561867,58,6
54553172,12,6
54553171,4,6
54553170,6,7
54553173,3,7
54553174,12,7
54553388,29,7
54553389,2,8
54553390,8,8
54553391,8,8
54553394,8,9
54553562,8,7
54553561,29,7
54553563,6,6
54553564,12,6
54553565,5,7
54553566,6,6
54553567,3,7
54553568,1,7
54553571,7,7
54553569,69,4
54553572,12,7
54553570,10,7
54553573,12,8
54553574,32,7
54553578,4,7
54553657,6,6
54553659,12,7
54553658,1,7
54553660,3,7
54553661,10,8
54553662,2,8
54553663,\N,7
54553665,7,7
54553666,2,9
54553667,6,6
54553668,8,7
54553669,15,9
54553670,26,7
54553671,8,8
54553905,3,6
54553906,13,9
54553907,7,8
54553908,7,8
54553909,3,7
54553910,1,7
54553913,5,8
54553912,2,6
54553914,4,7
54553916,7,7
54553917,13,7
54553918,42,6
54553919,14,8
54553920,7,8
54553922,9,7
54553923,10,7
54553925,10,8
54553924,10,8
54553926,8,8
54553927,6,6
54553928,10,7
54553929,6,8
54553931,2,9
54553930,18,7
54553932,2,7
54553933,3,8
54553934,65,6
54553936,9,8
54553937,6,7
54553938,11,9
54553941,92,5
54553939,70,5
54553940,7,8
54553942,7,6
54553943,5,8
54553945,25,5
54553944,4,9
54553946,5,8
54554057,12,7
54554059,10,8
54554060,6,7
54554062,28,7
54554061,55,5
54554063,2,9
54554065,62,5
54554066,3,7
54554077,61,6
54554068,25,7
54554069,141,5
54554067,5,7
54554070,14,8
54554071,24,7
54554072,60,5
54554073,38,7
54554074,88,5
54554075,2,9
54554076,5,8
54554166,38,6
54554167,3,9
54554168,10,8
54554169,1,7
54554170,10,8
54554172,13,8
54554173,3,9
54554175,6,8
54554176,66,5
54554174,30,7
54554177,3,8
54554256,25,6
54554257,4,8
54554258,5,9
54554259,79,6
54554260,3,5
54554261,24,7
54554262,20,3
54554263,22,7
54554264,1,6
54554265,55,5
54554468,7,6
54554467,10,6
54554470,2,7
54554474,16,4
54554473,1,7
54554472,5,6
54554471,1,6
54554475,13,9
54554476,129,4
54554630,9,7
54554631,5,6
54554632,11,8
54554633,2,8
54554703,17,8
54554634,4,7
54554635,5,6
54554636,15,7
54554637,15,7
54554638,16,8
54554639,23,7
54554640,7,9
54554641,31,7
54554642,8,7
54554643,21,7
54554709,17,7
54554707,5,7
54554708,3,7
54554711,45,6
54554713,3,9
54554714,1,7
54554715,4,8
54554716,5,7
54554753,6,7
54554752,6,6
54554756,39,7
54554754,5,6
54554755,19,7
54554758,4,8
54554757,20,7
54554759,1,7
54554760,9,8
54554761,4,7
54554762,1,7
54554901,1,7
54554902,1,6
54554903,33,6
54554904,1,8
54554905,6,8
54554906,3,4
54554907,3,8
54554909,2,7
54554908,21,8
54554910,2,7
54554911,12,8
54554912,22,7
54554913,6,8
54554914,20,7
54554915,2984,0
54554916,2,7
54554917,5,8
54554918,30,6
54554919,4137,0
54555155,4,6
54555156,1,8
54555157,4,6
54555158,5,8
54555159,2,6
54555160,18,8
54555161,15,8
54555162,17,6
54555163,13,7
54555164,14,8
54555165,20,7
54555166,3,6
54555167,2,8
54555168,143,6
54555169,11,6
54555170,3,8
54555305,149,4
54555306,\N,4
54555307,1,5
54555308,13,7
54555309,18,7
54555310,26,7
54555311,17,8
54555312,4,7
54555313,3,7
54555314,2,7
54555526,3,7
54555527,16,8
54555528,2,8
54555529,\N,8
54555530,\N,9
54555531,\N,9
54555532,\N,9
54555533,58,6
54555535,3,7
54555534,3,6
54555537,19,8
54555536,15,8
54555539,11,8
54555538,4,6
54555540,22,8
54555541,32,6
54555752,2,8
54555751,138,5
54555754,2,6
54555753,26,7
54555755,17,8
54556384,1,6
54556388,1,8
54556654,52,6
54556655,35,7
54557532,26,7
54558115,71,5
54560221,2,7
54560901,53,6
54561503,1,7
54561504,1,9
54564350,82,6
54555750,3,6
54555756,15,7
54556385,6,7
54556386,2,7
54556387,72,6
54556653,6,7
54560222,\N,5
54560902,1,6
54560903,151,5
54560905,9,8
54560904,3,7
54561038,15,7
54561039,24,6
54561040,5,6
54561041,1,7
54561043,\N,6
54561042,5,8
54561044,24,7
54561135,4,6
54561136,3,8
54561137,5,8
54561138,2,7
54561139,23,7
54561140,38,6
54561141,118,5
54561142,31,6
54561143,15,8
54561362,2,8
54561363,16,8
54561364,32,6
54561365,6,7
54561366,10,6
54561367,7,7
54561368,143,4
54561369,2,6
54561370,2,7
54561371,62,5
54561372,12,7
54561373,16,7
54561374,41,7
54561376,1,8
54561375,17,7
54561377,2,5
54561378,5,6
54561379,1,7
54561380,20,8
54561382,37,6
54561381,45,5
54561383,32,6
54561385,14,7
54561384,7,8
54561386,8,8
54561387,23,7
54561388,36,6
54561501,15,7
54561502,17,7
54561505,12,6
54561506,6,7
54561508,14,8
54561507,2,5
54561509,1,7
54561514,88,5
54561515,13,8
54561512,9,8
54561513,14,6
54561510,38,5
54561511,10,8
54561595,1,8
54561594,16,7
54561596,9,7
54561597,1,7
54561598,3,7
54561646,2,6
54561648,6,6
54561647,\N,6
54561650,\N,7
54561651,2,7
54561649,1,8
54561652,3,7
54561653,9,8
54561681,42,6
54561682,15,8
54561683,4,7
54561689,1,7
54561687,15,8
54561685,3,7
54561688,3,7
54561686,2,8
54561690,17,7
54561691,6,8
54561694,34,6
54561692,13,8
54561693,6,8
54561767,12,8
54561768,44,6
54561769,5,7
54561770,13,8
54561771,11,5
54561772,13,6
54561773,2,8
54561774,2,8
54561775,1,8
54561776,19,8
54561777,6,5
54561778,2,8
54561779,14,8
54561781,6,8
54561783,16,8
54561782,14,8
54561784,35,6
54561785,2,6
54561786,3,8
54561787,36,7
54561865,3,9
54561866,9,8
54561868,14,8
54561869,13,8
54561871,1,8
54562090,3,7
54562089,6,8
54562088,111,5
54562094,25,7
54562174,12,8
54562175,12,9
54562177,10,8
54562181,6,9
54562370,6,9
54562542,29,7
54562760,69,5
54563243,36,7
54563255,9,8
54563257,22,7
54563258,14,7
54563259,11,8
54563902,37,7
54564301,87,6
54564651,1,8
54564990,228,3
54565572,2,9
54569385,121,4
54561780,25,6
54561864,31,6
54561870,1,5
54561872,13,8
54562092,9,8
54562091,47,6
54562093,16,6
54562176,57,6
54562178,11,5
54562179,9,8
54562180,15,7
54562543,5,8
54562544,6,6
54562546,2,7
54562545,11,7
54562671,8,7
54562672,10,7
54562674,1,6
54562673,4,8
54562761,36,6
54562762,11,8
54562763,31,5
54562764,1,7
54562765,1,7
54562945,4,7
54562946,5,7
54562947,2,8
54562948,2,7
54562949,28,7
54563242,45,6
54563244,27,7
54563245,6,8
54563246,50,5
54563247,16,6
54563248,15,7
54563249,23,7
54563250,5,7
54563251,1,8
54563253,21,8
54563252,8,7
54563254,33,6
54563256,7,9
54563260,4,8
54563262,1,7
54563261,32,6
54563263,14,7
54563264,41,6
54563265,1,7
54563266,17,6
54563267,2,8
54563268,26,7
54563269,64,6
54563270,4,7
54563271,1,6
54563272,5,8
54563273,1,7
54563274,6,6
54563275,7,8
54563277,7,7
54563276,102,4
54563278,19,8
54563279,72,6
54563280,46,6
54563469,24,7
54563468,5,9
54563470,53,6
54563471,45,6
54563472,2,7
54563473,5,7
54563474,6,7
54563475,14,8
54563476,1,8
54563477,6,7
54563478,21,6
54563479,27,7
54563480,1,7
54563481,6,6
54563482,1,8
54563483,11,8
54563484,14,6
54563485,17,7
54563487,3,5
54563486,113,5
54563903,4,8
54563904,23,7
54563905,28,6
54563906,1,7
54563907,5,7
54563908,1,8
54563909,4,7
54563910,4,7
54563912,2,6
54563913,21,7
54563914,19,6
54563915,14,8
54564106,35,6
54564107,15,7
54564108,1,7
54564109,2,7
54564110,3,5
54564111,3,8
54564112,22,8
54564113,50,6
54564115,50,5
54564114,20,7
54564341,1,6
54564343,\N,6
54564342,17,7
54564344,1,7
54564346,42,7
54564345,2,8
54564347,25,6
54564348,17,7
54564349,4,8
54564351,25,7
54564352,4,6
54564353,29,6
54564354,48,5
54564355,13,6
54564358,1915,2
54564356,3,8
54564357,8,6
54564359,2,8
54564360,18,6
54564361,19,4
54564362,57,6
54564363,13,8
54564364,31,7
54564365,26,7
54564366,13,8
54564367,26,7
54564368,13,8
54564369,56,5
54564370,3,7
54564371,22,7
54564372,6,8
54564374,3,8
54564373,5,8
54564648,12,8
54564649,2,7
54564650,18,7
54564652,21,8
54564653,17,7
54564654,56,6
54564655,2,7
54564656,8,7
54564657,11,8
54564658,19,7
54564659,3,7
54564660,25,6
54564661,118,4
54564662,84,6
54564663,23,7
54564664,1,7
54564666,16,8
54564665,44,6
54564804,3,7
54564805,8,8
54564806,18,7
54564807,14,7
54564808,9,7
54564809,5,8
54564982,2,7
54564983,8,9
54564986,28,6
54564987,\N,7
54564988,4,7
54564989,116,5
54565250,15,8
54565251,\N,8
54565252,14,8
54565253,22,7
54565313,24,7
54565695,23,7
54565697,22,7
54565839,1,8
54565943,110,5
54566303,115,5
54566311,15,8
54567805,31,6
54569029,109,5
54569031,23,8
54571065,75,4
54564984,42,6
54564991,2,7
54564992,6,9
54564993,10,7
54565696,36,6
54565698,25,8
54565699,5,7
54565832,18,7
54565833,41,5
54565834,3,7
54565835,4,6
54565836,2,8
54565837,5,8
54565838,4,6
54565841,7,6
54565840,9,7
54565944,8,8
54565945,12,8
54565950,25,6
54565947,3,9
54565948,8,8
54565949,3,7
54565951,39,7
54565953,\N,6
54566094,2,7
54566095,8,4
54566096,40,6
54566098,14,7
54566097,11,5
54566099,5,8
54566100,14,7
54566101,34,6
54566102,20,7
54566103,13,8
54566104,12,7
54566105,6,7
54566106,43,6
54566107,116,4
54566108,15,6
54566109,12,8
54566212,3,8
54566213,37,6
54566214,6,8
54566215,27,7
54566216,2,6
54566217,3,7
54566218,4,5
54566220,5,7
54566221,1,8
54566222,11,7
54566224,5,9
54566223,15,8
54566225,14,8
54566227,5,6
54566226,3,7
54566302,1,8
54566304,5,6
54566305,32,5
54566306,32,6
54566307,11,6
54566309,2,8
54566308,10,8
54566310,63,6
54566312,8,8
54566436,1,8
54566437,152,4
54566438,7,8
54566439,14,8
54566440,16,6
54566441,12,7
54566442,1,8
54566443,29,7
54566444,16,7
54566445,8,8
54566446,32,6
54566447,\N,5
54566448,28,6
54566449,10,8
54566450,5,8
54566451,1,6
54566452,3,7
54566454,5,7
54566455,58,6
54566456,16,8
54566457,7,7
54566458,8,8
54566722,7,7
54566723,77,5
54566724,67,5
54566728,57,6
54566725,1,8
54566726,1,6
54566727,10,8
54566729,4,6
54566730,7,8
54566731,17,7
54566732,54,6
54566736,8,8
54566734,15,7
54566733,10,6
54566735,13,6
54566737,37,6
54566738,8,7
54566739,18,8
54566740,2,7
54566741,5,8
54566742,66,5
54567021,78,6
54567022,2,9
54567023,32,7
54567024,30,5
54567025,24,8
54567026,8,8
54567027,14,7
54567028,3,7
54567029,36,6
54567030,29,6
54567031,31,7
54567032,25,7
54567033,9,7
54567034,16,8
54567035,60,4
54567036,10,8
54567037,9247,0
54567038,6,9
54567255,7,8
54567256,7,8
54567257,29,7
54567259,4,5
54567260,5,6
54567261,8,6
54567263,15,8
54567804,103,4
54567810,4,9
54567811,43,6
54567815,33,6
54568208,4,8
54568220,40,6
54568734,13,7
54569030,63,5
54569573,36,6
54567258,32,7
54567262,1,8
54567800,1,6
54567801,8,6
54567803,21,7
54567802,34,6
54567806,2,8
54567807,6,8
54567808,5,7
54567809,24,7
54567812,29,6
54567813,2,9
54567816,7,8
54567814,4,7
54568209,33,7
54568210,29,6
54568211,32,6
54568212,2,9
54568214,3,6
54568213,10,6
54568215,2,9
54568216,2,7
54568217,2,7
54568218,5,8
54568219,7,7
54568221,2,8
54568222,92,5
54568223,6,8
54568224,1,8
54568417,24,8
54568419,5,7
54568418,30,7
54568420,7,8
54568421,26,7
54568422,1,8
54568423,39,6
54568424,7,7
54568425,7,8
54568426,1,8
54568427,2,8
54568428,36,4
54568429,5,7
54568430,62,6
54568431,12,7
54568433,16,8
54568434,43,5
54568435,30,6
54568436,5,8
54568437,49,5
54568727,28,7
54568728,3,7
54568729,3,7
54568730,3,8
54568731,3,7
54568732,9,8
54568733,2,8
54568735,3,9
54568738,2,9
54568736,2,9
54568737,3,9
54568739,2,8
54568741,2,6
54568740,32,7
54568742,22,7
54568743,2,9
54568745,5,8
54568746,23,7
54568744,53,3
54568747,2,8
54568748,2,8
54569025,1,8
54569026,89,6
54569027,8,5
54569028,3,6
54569032,8,8
54569033,17,8
54569034,9,8
54569036,1,7
54569035,7,8
54569037,10,8
54569038,10,7
54569039,2,9
54569378,2,7
54569377,6,9
54569379,1,8
54569380,6,6
54569382,1,7
54569381,83,4
54569383,4,8
54569386,2,9
54569387,13,9
54569574,10,8
54569575,2,8
54569576,3,8
54569577,6,7
54569578,3,7
54569579,12,7
54569580,21,7
54569581,65,6
54569582,9,9
54569583,27,7
54569584,8,7
54569585,3,8
54569586,61,6
54569587,7,7
54569588,6,6
54569589,2,8
54569590,3,8
54569591,5,9
54569592,31,7
54569593,6,6
54569942,16,8
54569943,3,8
54569944,19,6
54569945,6,8
54569946,21,8
54569947,106,5
54569948,4,8
54570243,8,8
54570244,21,6
54570245,55,5
54570246,85,5
54570432,34,7
54570433,5,9
54570434,4,6
54570435,1,6
54570436,4,8
54570438,15,8
54570437,5,9
54570439,3,7
54570440,4,7
54570441,18,8
54570442,4,8
54570443,53,5
54570877,2,7
54570878,11,8
54570879,45,6
54570880,41,6
54570881,1,8
54570882,38,6
54570883,20,6
54570884,31,6
54570885,41,6
54570886,9,9
54570887,23,7
54571048,10,7
54571049,28,6
54571050,3,7
54571051,4004,0
54571052,3,7
54571053,2,8
54571054,17,7
54571055,4,6
54571056,16,7
54571057,3,9
54571058,35,7
54571059,22,7
54571060,9,8
54571061,4,8
54571062,25,7
54571063,15,6
54571064,1,7
54571066,48,5
54571195,14,8
54571196,73,6
54571197,13,8
54571198,81,5
54571199,76,5
54571200,85,4
54571202,10,9
54571201,44,7
54571203,23,7
54571204,4,8
54571205,20,7
54571206,9,8
54571207,35,6
54571208,3,8
54571231,21,7
54571232,21,7
54571233,22,7
54571234,1,8
54571235,2,7
54571236,2,6
54571237,2,7
54571238,82,5
54571239,1,6
54571241,24,7
54571240,19,6
54571301,3,7
54571423,95,5
54571447,52,5
54574419,26,7
54574841,11,8
54575117,53,6
54575246,1,9
54575764,37,6
54575760,34,6
54575758,18,7
54576271,53,5
54576628,79,5
54576637,1,9
54578420,14,7
54574417,4,8
54574838,5,6
54574839,28,5
54574840,11,6
54574843,12,6
54574842,14,8
54574876,11,8
54574877,18,7
54574878,4,7
54574879,14,7
54574880,13,5
54575113,8,8
54575114,3,7
54575115,3,7
54575116,33,6
54575119,46,6
54575120,26,7
54575121,16,8
54575122,9,6
54575123,7,7
54575124,2,7
54575228,9,6
54575229,11,7
54575230,8,8
54575231,8,8
54575232,15,8
54575233,14,7
54575234,5,9
54575235,15,8
54575236,11,8
54575237,7,7
54575238,54,6
54575240,30,7
54575239,39,6
54575241,46,5
54575243,35,7
54575242,79,5
54575244,83,5
54575245,30,7
54575247,37,6
54575248,6,7
54575650,11,7
54575651,26,7
54575652,7,7
54575653,1,9
54575654,6,6
54575655,7,7
54575656,4,4
54575659,35,6
54575660,33,7
54575658,1,9
54575755,15,7
54575759,28,6
54575762,19,7
54575756,9,7
54575757,16,6
54575761,12,8
54575763,16,8
54575765,8,7
54575766,1,7
54575768,6,7
54575767,26,6
54575769,18,6
54575770,4,7
54576077,24,6
54576080,31,7
54576078,30,7
54576079,\N,7
54576081,2,9
54576082,6,8
54576083,51,6
54576084,2,8
54576085,49,7
54576268,5,7
54576269,31,6
54576270,4,8
54576272,5,8
54576273,3,8
54576274,12,7
54576275,33,6
54576277,23,7
54576276,2,8
54576278,5,8
54576279,16,8
54576280,4,9
54576281,27,8
54576282,63,4
54576283,68,6
54576284,1,6
54576286,59,5
54576285,13,7
54576288,34,6
54576287,30,7
54576289,14,8
54576453,5,8
54576455,58,5
54576454,1,6
54576456,3,6
54576458,25,7
54576457,3,9
54576459,3,8
54576460,4,6
54576461,10,8
54576462,8,8
54576463,36,7
54576464,24,8
54576465,8,9
54576467,30,7
54576468,43,6
54576469,70,4
54576471,7,5
54576470,3,9
54576472,121,4
54576473,111,4
54576475,6,8
54576477,6,8
54576479,2,9
54576480,9,8
54576623,67,5
54576629,60,6
54576636,83,5
54576638,11,8
54577238,65,5
54577249,26,8
54577396,\N,8
54577404,8,8
54577819,4816,1
54578432,12,7
54578433,5754,0
54579253,2,8
54580654,1,7
54597138,75,6
54597145,33,7
54576466,3,7
54576474,1,5
54576476,3,9
54576478,2,7
54576617,1,7
54576618,8,7
54576619,12,7
54576620,2,8
54576621,27,7
54576622,86,5
54576624,3,5
54576626,19,8
54576625,2,8
54576627,24,9
54576630,8,7
54576631,31,7
54576632,42,7
54576633,2,7
54576634,2,5
54576635,3,7
54576850,3,7
54576851,27,7
54576852,10,7
54576853,15,7
54576854,7,8
54576855,3,8
54576856,8,8
54576857,25,7
54576858,10,8
54576859,3,9
54576860,31,7
54576861,7,8
54576862,2,8
54577084,7,8
54577085,2,8
54577086,18,8
54577087,11,8
54577088,14,9
54577089,5,8
54577090,64,4
54577091,61,5
54577092,44,7
54577093,7,7
54577094,31,6
54577098,19,7
54577096,2,7
54577095,2086,0
54577097,8,8
54577099,2,7
54577100,2,7
54577101,4,8
54577102,22,7
54577103,14,8
54577104,4,8
54577105,3,7
54577106,19,7
54577107,2,9
54577108,12,8
54577109,2,7
54577110,2,9
54577111,2,6
54577237,4,9
54577239,5,7
54577240,25,8
54577241,21,8
54577242,4,8
54577243,4,8
54577244,34,7
54577245,3,9
54577246,2,7
54577247,21,8
54577248,1,7
54577250,13,9
54577395,29,7
54577394,3,9
54577397,95,4
54577398,19,7
54577399,5,7
54577400,3,9
54577401,11,6
54577402,1,8
54577403,27,7
54577405,17,7
54577406,16,8
54577818,22,8
54577820,20,7
54578431,17,7
54578434,33,4
54579173,1,7
54579176,28,6
54579177,86,5
54579175,9,5
54579174,66,5
54579178,89,6
54579179,2,6
54579180,1,7
54579248,7,7
54579249,7,7
54579250,12,8
54579251,1,7
54579252,1,4
54579254,2,8
54579255,11,8
54579269,\N,7
54579270,\N,6
54579271,24,7
54579272,3,7
54579367,18,6
54579460,22,7
54579462,19,7
54579461,3,8
54579463,22,7
54579524,\N,9
54579525,20,7
54579526,58,6
54579527,1,7
54579528,19,7
54580263,38,4
54580586,1,8
54580640,39,6
54580733,13,8
54580784,37,5
54580789,9,7
54580790,6977,1
54597124,16,9
54597146,36,7
54601984,43,6
54601985,14,8
54601990,3,9
54606450,66,5
54580655,41,7
54580775,11,6
54580776,5,6
54580782,10,6
54580785,40,6
54580786,38,7
54580787,3,7
54580788,33,7
54580791,11,7
54597119,8,7
54597121,28,7
54597120,61,5
54597122,20,6
54597123,18,8
54597126,3,6
54597125,16,8
54597127,2,7
54597128,19,8
54597129,12,7
54597130,4,8
54597131,16,6
54597140,5,7
54597139,2,8
54597141,13,7
54597142,6,7
54597143,4,7
54597144,4,7
54597147,26,7
54597148,33,6
54597149,13,8
54597150,41,7
54597151,2,8
54597152,10,7
54597153,13,7
54597154,8,7
54597155,14,6
54601889,22,7
54601890,3,8
54601891,12,6
54601983,5052,0
54601986,1,6
54601987,12,7
54601988,48,6
54601989,55,5
54601991,2,8
54602007,29,7
54602008,42,6
54602549,18,8
54602550,6,7
54602551,7,6
54602552,\N,4
54602693,13,7
54602694,3,7
54602695,2,6
54602696,7,7
54602697,13,8
54602698,20,7
54602699,39,6
54602700,9,6
54602701,13,7
54602702,4813,0
54602703,23,6
54602704,11,6
54602705,33,4
54602706,36,6
54602707,17,8
54602789,27,5
54602790,2,6
54602791,9,8
54602792,9,6
54602793,11,9
54602794,36,8
54602795,8186,1
54602796,9,8
54602797,13,7
54602798,12,7
54602799,33,7
54602800,3,8
54602801,\N,6
54602803,\N,7
54602802,1,6
54602804,7,6
54602809,11,8
54602810,31,7
54602811,4,8
54602812,11,7
54602847,\N,6
54602852,34,6
54602854,26,6
54602970,2601,0
54602974,13,8
54602975,36,6
54602977,8,8
54602980,9,8
54603179,50,6
54603181,19,7
54603183,10,9
54604363,1,6
54604543,1,7
54602813,7,7
54602814,3,6
54602815,40,6
54602816,12,8
54602848,24,7
54602850,7,8
54602849,33,6
54602851,1,9
54602853,4,8
54602855,4,7
54602969,36,6
54602971,10,7
54602972,8,6
54602973,7,6
54602976,32,6
54602978,10,8
54603070,24,7
54603071,31,6
54603072,9,7
54603073,5,8
54603074,38,5
54603075,28,7
54603177,7,7
54603178,6,6
54603180,9,7
54603182,70,6
54603184,22,8
54603185,29,7
54603186,5,6
54603187,28,7
54603188,37,6
54603189,4,8
54603190,30,7
54603191,4,8
54603192,19,7
54603193,\N,9
54603321,22,7
54603322,26,7
54603654,9,8
54603655,6,8
54603657,6,8
54603658,1142,0
54603656,1,7
54603880,\N,6
54603881,18,6
54603882,4,8
54603962,1,5
54603963,4,8
54603964,2,7
54603965,3,6
54603966,2,8
54603967,5,7
54603968,1,9
54603969,37,7
54603970,4,9
54603971,5,7
54603972,2,7
54603973,5,6
54603974,14,8
54603975,4,8
54603976,4,8
54603977,14,8
54603978,2,6
54603979,19,8
54603980,5,8
54604121,4,7
54604122,4,8
54604124,1,7
54604123,3,7
54604125,17,7
54604126,13,7
54604127,3,7
54604128,17,8
54604130,\N,9
54604129,2,9
54604131,8,8
54604132,30,7
54604133,27,8
54604134,11,7
54604139,4,7
54604135,2,8
54604136,2,7
54604138,27,8
54604137,4,7
54604140,39,6
54604285,2,8
54604286,3,8
54604287,18,8
54604288,2,7
54604289,20,7
54604290,5,7
54604291,25,6
54604292,3,8
54604293,32,7
54604294,24,7
54604295,12,8
54604296,29,7
54604297,2,8
54604298,2,9
54604299,4,8
54604362,39,6
54604360,26,7
54604361,4,8
54604364,12,8
54604365,11,8
54604366,1,8
54604367,15,7
54604368,11,8
54604369,3,6
54604370,31,7
54604371,29,6
54604373,14,7
54604374,2,9
54604375,17,8
54604376,2,7
54604377,27,7
54604378,15,7
54604379,1,7
54604380,1,7
54604381,2,8
54604383,1,8
54604382,2,6
54604384,3,7
54604518,2,9
54604519,19,7
54604520,4,7
54604521,46,6
54604524,30,7
54604523,6,8
54604537,20,7
54604538,26,8
54604540,36,7
54604541,15,7
54604542,20,7
54604544,21,6
54605653,21,7
54605660,24,7
54605661,20,7
54605662,30,6
54605663,29,5
54605665,36,6
54605673,26,8
54605676,58,6
54606185,39,7
54606220,4078,0
54606246,27,7
54606252,27,6
54606253,15,8
54606256,25,5
54606364,21,8
54606448,35,7
54606485,1,8
54606486,1,9
54606487,1,9
54606488,1,9
54606489,6,8
54606575,1,9
54604539,38,4
54604566,26,7
54605664,21,7
54605674,12,8
54605675,2,7
54605677,14,8
54605678,6,7
54605712,7,6
54605713,10,7
54605714,2,6
54605715,12,7
54606083,1,5
54606084,121,5
54606085,20,7
54606086,6,9
54606087,18,7
54606088,4,7
54606089,2,7
54606167,4,8
54606169,5,7
54606168,10,8
54606170,7,8
54606171,5,7
54606172,7,8
54606174,13,8
54606173,11,8
54606175,15,8
54606176,5,7
54606177,12,7
54606179,11,7
54606178,8,7
54606180,4,6
54606181,8,7
54606182,3,7
54606184,\N,7
54606217,27,7
54606218,15,8
54606219,18,7
54606221,9,3
54606222,1,7
54606241,5,7
54606244,1,7
54606243,12,7
54606242,15,7
54606245,16,8
54606247,3,7
54606248,8,7
54606249,26,7
54606251,17,6
54606250,18,6
54606254,20,5
54606255,3,6
54606257,12,3
54606258,5,7
54606302,25,7
54606303,5,8
54606304,12,9
54606319,26,5
54606320,10,6
54606321,1,7
54606322,28,6
54606323,2,7
54606324,13,6
54606325,10,7
54606326,5,7
54606327,4,5
54606328,2,5
54606329,\N,6
54606330,2,6
54606331,2,7
54606332,3,5
54606333,7,8
54606355,6,7
54606356,11,8
54606357,13,8
54606358,5,7
54606359,4,8
54606361,17,7
54606360,13,8
54606363,9,8
54606362,8,8
54606411,24,7
54606410,9,7
54606412,11,8
54606413,11,8
54606414,6,8
54606415,8,7
54606416,15,8
54606417,7,8
54606427,11,7
54606428,1,6
54606430,6,6
54606431,21,7
54606432,13,7
54606435,1,8
54606449,47,5
54606468,\N,7
54606476,12,8
54606429,6,6
54606433,2,7
54606434,4,5
54606447,4,7
54606451,3,7
54606452,5,6
54606453,10,8
54606454,4,7
54606455,18,5
54606456,5,8
54606457,4,8
54606466,19,7
54606467,2,6
54606469,8,7
54606470,3,8
54606471,20,8
54606472,4,7
54606473,6,8
54606474,5,5
54606475,2,6
54606477,4,8
54606479,10,8
54606478,7,8
54606480,2,8
54606481,8,8
54606482,3,7
54606483,5,7
54606484,3,6
54606490,5,7
54606491,2,7
54606492,2,7
54606503,2,7
54606504,19,8
54606505,9,9
54606506,12,8
54606507,5,8
54606508,9,8
54606509,9,8
54606510,2,7
54606511,10,7
54606512,4,9
54606513,13,7
54606514,3,8
54606515,11,8
54606516,2,8
54606517,1,7
54606518,5,8
54606519,7,8
54606522,3,8
54606520,6,8
54606521,1,7
54606532,1,7
54606533,1,7
54606534,10,9
54606535,2,7
54606536,2,9
54606537,2,4
54606539,1,7
54606538,6,8
54606540,1,7
54606541,3,7
54606542,6,7
54606543,5,7
54606544,8,8
54606545,8,8
54606546,2,6
54606547,9,7
54606558,8,6
54606559,1,7
54606560,2,7
54606561,1,7
54606563,2,7
54606562,4,7
54606564,5,7
54606565,3,8
54606566,3,8
54606568,10,6
54606567,10,7
54606569,5,8
54606570,6,8
54606571,3,7
54606572,3,7
54606573,8,6
54606574,3,5
54606576,15,6
54606577,1,6
54606578,5,6
54606579,15,5
54606580,6,7
54606671,1,8
54606672,2,6
54606673,2,7
54606674,6,8
54606675,7,8
54606676,4,6
54606677,6,8
54606678,8,9
54606733,6,7
54606734,6,7
54606735,4,9
54606736,3,7
54606737,6,8
54606738,2,9
54606739,1,6
54606826,7,8
54606825,3,9
54606827,5,8
54606828,6,8
54606829,1,7
54606830,13,7
54606831,7,6
54606832,5,8
54606833,2,8
54606834,2,7
54606835,2,9
54606887,2,9
54606888,3,9
54606889,6,8
54606890,1,9
54606891,3,7
54606892,1,7
54606893,3,7
54606894,2,7
54606895,6,7
54606896,21,8
54606897,12,8
54606898,5,8
54606899,7,7
54606900,13,8
54606901,8,8
54606903,1,6
54606902,6,6
54606904,18,8
54606905,2,7
54606907,7,9
54606906,2,6
54606908,12,9
54606909,2,9
54606910,3,8
54606911,2,9
54606912,3,8
54606913,2,9
54606914,9,8
54606915,2,9
54606916,5,9
54606917,4,9
54606918,2,8
54606919,16,9
54606974,3,8
54606975,3,7
54606976,12,6
54606977,12,8
54606978,11,9
54606979,11,8
54606980,11,8
54606981,4,9
54606982,2,7
54606983,2,9
54606984,11,8
54606985,2,9
54606986,11,9
54607044,3,8
54607045,11,9
54607046,15,8
54607047,12,8
54607048,2,8
54607049,10,7
54607050,5503,0
54607051,2,8
54607054,2,7
54607053,9,8
54607052,2,9
54607056,18,7
54607055,2,6
54607057,1,8
54607102,1,6
54607103,1,7
54607104,2,7
54607105,11,7
54607106,2,7
54607107,9,9
54607108,3,9
54607235,2,9
54607236,5,9
54607237,15,8
54607238,19,7
54607239,17,8
54607416,21,7
54607417,2,7
54607418,3,9
54607419,4,8
54607421,5,7
54607420,8,9
54607422,3,6
54607424,4,9
54607425,3,7
54607426,2,5
54607427,3,8
54607428,2,8
54607429,1,8
54607445,5,9
54607451,64,5
54607452,2,8
54607462,1,9
54607463,3,9
54607464,11,9
54607472,4,8
54607473,11,8
54607477,2,6
3013075,22229,0
1000036,57852,0
1000025,2546,1
1000504,\N,\N
1000505,\N,\N
1000069,38253,0
1000099,20161,0
1000068,26285,0
1000066,50377,0
1000027,5058,0
1000144,2584,1
1000212,22321,0
1000032,4922,0
1000009,51904,0
1000077,9305,0
1000034,6137,0
1000016,20203,0
1000284,\N,\N
1000043,\N,\N
1000100,2498,3
1000045,2067,1
1000109,3693,2
1000095,48407,\N
1000021,16304,0
1000012,5442,0
1000020,16324,1
1000394,2740,0
1003777,58,7
1000320,3806,2
1000081,5853,0
1000324,4021,0
1002326,72,5
1002327,68,5
1002336,28,7
1002332,47,6
1002334,58,6
1002331,44,7
1002338,41,6
1002335,29,7
1002333,17,9
1002339,39,6
1002340,1,9
1002341,4087,1
1002342,16,8
1002343,10,9
1002344,29,8
1002345,46,6
1002346,34,8
1002348,6,9
1002349,19,8
1002350,31,7
1002351,30,7
1002352,6,9
1002353,20,8
1002354,7,9
1002355,24,7
1002356,3,9
1002357,31,8
1002358,19,9
1002359,11,9
1002360,14,9
1002361,2,9
1002363,18,8
1002364,2,9
1002365,15,8
1002366,27,7
1002367,14,9
1002368,12,8
1002369,21,8
1002370,30,8
1002371,19,8
1002372,7,9
1002373,2,9
1002374,7,9
1002375,7,9
1002376,7,9
1002377,2,9
1002378,11,8
1002379,6,9
1002380,5,9
1002381,11,8
1002382,7,9
1002383,6,9
1002384,7,9
1002385,8,9
1002386,11,9
1002387,6,9
1002388,6,9
1002390,6,9
1002391,21,7
1002392,8,9
1002393,7,9
1002395,28,8
1002396,12,9
1003506,250,6
1003864,7,9
1003865,22,8
1003873,4,9
1003874,10,8
1003875,5,9
1000022,9595,1
1003790,138,6
1003791,23,9
1000004,4042,8
1000061,4468,0
1000041,6202,0
1000056,2351,2
1000140,94131,0
1000156,54902,0
1003394,2131,0
1000152,2006,1
1000279,9607,2
1004087,20,7
1003881,37,8
1000096,2804,1
1000042,7994,0
1000525,12903,0
1001656,13205,0
1000909,42903,0
1000136,8252,2
1000380,5482,0
1000349,4272,0
1000400,7330,0
1000441,7452,0
1000921,42448,2
1000339,8420,0
1000487,7592,0
1000440,2081,1
1000345,6213,0
1000437,4103,3
1000530,5283,0
1002424,5205,0
1000298,1972,3
1002422,5484,0
1000154,6706,0
1002435,6084,0
1000765,68223,3
1000750,4029,1
1002493,6305,0
1000567,3356,0
1000448,8156,0
1003094,5301,1
1002993,5294,0
1000508,4055,0
1001745,5539,3
1001474,5817,2
1002073,2999,0
1003986,1,9
1003987,1,9
1003026,26052,0
1003435,6528,0
1001542,5816,4
1003263,3960,0
1003346,3749,0
1003006,4055,0
1003292,2775,0
1003467,3422,0
1003451,1862,1
1003925,3962,0
1003138,4803,0
1003635,2113,0
1003654,2034,0
1004010,7284,0
1000703,24,\N
1000705,110,\N
1000889,89,7
1000927,166,\N
1000954,25,9
1000981,5,9
1000985,38,5
1000024,40,7
1001031,59,7
1001045,3,9
1001109,8,9
1000037,122,6
1001234,53,7
1000129,587,3
1001439,4000,5
1000271,67,5
1000373,340,2
1000362,198,4
1001843,2105,5
1001852,2114,4
1002004,4592,1
1001673,17,8
1002409,1034,2
1002480,160,6
1003317,1973,4
1003080,146,4
1003099,31,8
1003152,180,4
1003198,272,3
1003369,155,6
1003377,3,9
1003382,43,6
1003429,683,5
1003554,265,4
1003675,8,9
1003672,97,5
1003699,348,3
1003715,1,9
1003716,\N,9
1003811,243,4
1003792,25,7
1003909,95,5
1003804,77,6
1003914,325,3
1003954,251,2
1004036,177,4
