spkid,H,diameter
20000433,10.39,16.84
20000719,15.59,\N
20000887,13.82,4.2
20001036,9.17,37.675
20001221,17.37,1.0
20001566,16.53,1.0
20001580,14.54,5.8
20001620,15.26,2.56
20001627,12.79,9.12
20001685,14.28,3.4
20001862,16.09,1.5
20001863,15.35,2.1
20001864,14.83,3.7
20001865,16.77,1.2
20001866,12.48,8.48
20001915,18.38,0.5
20001916,14.93,3.5
20001917,14.38,5.7
20001943,15.68,2.3
20001980,13.80,4.3
20001981,15.28,3.4
20002059,15.98,\N
20002061,16.70,2.6
20002062,17.11,1.1
20002063,17.21,1.024
20002100,16.24,2.3
20002101,18.69,0.6
20002102,16.00,1.649
20002135,18.05,\N
20002201,15.32,1.80
20002202,16.99,\N
20002212,13.45,5.7
20002329,14.57,\N
20002340,20.41,0.3
20002368,15.18,2.3
20002608,17.48,0.9
20003102,16.16,1.6
20003103,15.30,1.5
20003122,14.08,4.9
20003199,14.99,2.2
20003200,14.38,6.25
20003271,16.54,\N
20003288,15.34,2.8
20003352,15.93,\N
20003360,16.03,1.8
20003361,19.50,0.3
20003362,18.52,0.7
20003551,16.72,0.9
20003552,13.03,19.0
20003553,16.41,\N
20003554,15.91,3.341
20003671,16.50,1.5
20003691,14.93,4.3
20003752,15.14,2.306
20003753,15.42,2.071
20003757,19.01,0.5
20003838,15.67,\N
20003908,17.45,1.0
20003988,17.94,0.7
20004015,16.19,4
20004034,18.50,0.42
20004055,14.90,2.49
20004179,15.29,5.4
20004183,14.18,3.651
20004197,14.97,1.8
20004257,15.95,\N
20004341,16.08,3.177
20004401,16.12,1.801
20004450,17.27,\N
20004486,15.62,1.849
20004487,17.48,\N
20004503,15.82,\N
20004544,17.39,1.3
20004581,20.74,\N
20004596,16.46,\N
20004660,18.75,0.33
20004688,19.60,0.6
20004769,17.40,1.4
20004947,18.07,\N
20004953,14.88,\N
20004954,12.55,10.8
20004957,15.05,3.499
20005011,16.64,\N
20005131,14.81,\N
20005143,14.04,4.843
20005189,17.85,\N
20005324,15.35,\N
20005332,14.96,3.6
20005370,15.23,3.6
20005381,16.72,0.935
20005496,16.16,\N
20005587,13.89,3.57
20005590,19.91,\N
20005604,17.36,0.55
20005620,17.11,\N
20005626,14.33,\N
20005645,17.23,1.668
20005646,15.51,4.3
20005653,16.22,1.537
20005660,15.38,\N
20005693,16.78,\N
20005731,15.47,5.231
20005751,14.94,2.3
20005786,17.14,\N
20005797,18.89,0.4
20005828,15.96,1.457
20005836,14.99,2.754
20005863,15.83,1.345
20005869,17.22,\N
20005879,17.61,\N
20006037,18.86,\N
20006047,17.84,\N
20006050,14.94,2.884
20006053,15.10,3.720
20006063,16.02,1.4
20006178,15.71,2.3
20006239,18.59,\N
20006455,14.08,4.626
20006456,16.07,\N
20006489,19.22,0.53
20006491,18.72,\N
20006569,16.63,\N
20006611,16.82,1.408
20007025,18.08,0.498
20007088,16.84,1.298
20007092,15.12,6.319
20007236,18.32,\N
20007335,17.70,1.8
20007336,18.80,\N
20007341,16.96,0.982
20007350,17.16,1.921
20007358,14.73,\N
20007474,18.11,\N
20007480,17.24,\N
20007482,16.58,1.052
20007753,18.01,\N
20007822,17.34,1.602
20007839,17.83,0.784
20007888,15.19,2.298
20007889,15.24,1.680
20007977,15.15,\N
20008013,17.09,2.3
20008014,18.88,0.7
20008034,18.03,\N
20008035,17.09,\N
20008037,16.63,\N
20008176,16.99,\N
20008201,15.93,1.859
20008507,17.21,\N
20008566,16.47,1.568
20008567,15.36,2.928
20008709,17.09,\N
20009058,17.82,\N
20009162,18.01,1.127
20009172,16.64,\N
20009202,16.10,1.617
20009400,14.84,3.698
20009856,17.09,1.0
20009950,16.20,\N
20010115,17.14,0.938
20010145,17.00,\N
20010150,15.45,\N
20010165,17.36,0.829
20010302,19.48,\N
20010563,16.94,\N
20010636,17.70,0.533
20010860,17.02,\N
20011054,17.07,\N
20011066,15.17,2.104
20011284,18.25,\N
20011311,15.74,\N
20011398,16.36,1.316
20011405,15.22,3.621
20011500,18.38,0.738
20011885,18.52,1.298
20012538,15.96,1.663
20012711,16.03,\N
20012923,15.80,2.060
20013553,16.54,\N
20013651,17.87,0.562
20014402,18.77,0.6
20014827,18.81,0.9
20015745,17.40,\N
20015817,18.47,\N
20016064,16.86,4.106
20016636,18.78,\N
20016657,16.55,\N
20016816,16.24,\N
20016834,15.75,1.87
20016912,17.91,\N
20016960,14.32,\N
20017181,16.77,\N
20017182,17.13,2.885
20017188,16.42,1.819
20017274,16.87,3.183
20017511,17.32,\N
20018106,17.78,\N
20018109,17.19,\N
20018172,15.69,\N
20018736,15.97,\N
20018882,16.14,\N
20019356,17.00,0.91
20019764,16.11,1.572
20020086,16.68,\N
20020236,17.72,\N
20020255,18.45,\N
20020425,20.51,\N
20020429,17.76,\N
20020460,15.41,2.716
20020790,16.64,\N
20020826,13.85,3.687
20021088,14.34,2.793
20021277,16.18,\N
20021374,17.45,\N
20022099,18.09,0.524
20022753,17.68,\N
20022771,16.96,\N
20023183,16.05,1.098
20023187,16.05,\N
20023548,17.28,\N
20023606,18.39,0.866
20023714,16.86,\N
20024443,16.42,\N
20024445,14.71,\N
20024475,16.43,\N
20024761,17.37,\N
20025143,19.26,0.33
20025330,16.75,3.21
20025916,13.76,5.683
20026166,16.79,\N
20026310,19.28,\N
20026379,18.20,\N
20026663,18.13,\N
20026760,15.50,5.400
20026817,19.49,1.172
20027002,18.31,\N
20027031,17.89,\N
20027346,15.88,1.802
20029075,17.28,1.3
20030825,14.73,\N
20030997,17.27,\N
20031210,16.40,\N
20031221,17.23,\N
20031345,17.61,\N
20031346,17.16,\N
20031662,19.54,\N
20031669,16.19,\N
20032906,16.04,\N
20033342,18.02,0.432
20034613,16.09,\N
20035107,16.85,0.929
20035396,17.01,0.704
20035432,19.39,\N
20035670,19.57,\N
20036017,19.29,\N
20036183,16.30,2.339
20036236,15.95,\N
20036284,15.04,\N
20037336,15.78,\N
20037638,19.28,\N
20037655,17.85,\N
20038071,19.57,\N
20038086,17.35,0.643
20038091,16.31,2.517
20038239,18.33,\N
20039557,17.03,\N
20039565,18.46,\N
20039572,16.56,1.554
20039796,15.68,2.131
20040263,17.75,0.954
20040267,15.54,1.641
20040329,17.71,\N
20041429,20.66,0.204
20041440,19.88,\N
20042286,16.70,\N
20048603,17.82,0.844
20052340,17.96,\N
20052381,20.05,\N
20052387,17.75,0.890
20052689,19.13,\N
20052750,16.67,1.059
20052760,17.52,1.0
20052761,17.96,\N
20052762,14.82,6.742
20052768,16.02,1.75
20053110,16.72,\N
20053319,15.35,7.
20053409,18.73,\N
20053426,17.19,\N
20053429,19.02,\N
20053430,16.66,1.233
20053435,14.73,\N
20053550,19.05,\N
20053789,17.35,0.843
20054071,17.41,\N
20054401,17.22,1.189
20054509,22.66,\N
20054660,17.92,\N
20054686,16.61,1.349
20054690,17.51,\N
20054789,15.07,1.567
20055408,18.88,0.461
20055532,16.16,1.306
20065674,18.27,\N
20065679,19.62,0.918
20065690,19.06,\N
20065706,16.57,\N
20065717,20.87,\N
20065733,18.37,\N
20065803,18.11,0.78
20065909,19.31,\N
20065996,18.49,\N
20066008,15.93,1.484
20066063,18.15,\N
20066146,14.36,2.864
20066251,17.00,1.222
20066253,18.40,\N
20066272,17.22,0.808
20066391,16.64,1.317
20066400,19.27,0.411
20066407,18.84,\N
20066959,16.94,\N
20067367,17.08,\N
20067381,19.98,\N
20067399,18.41,\N
20068031,18.13,\N
20068063,15.57,2.301
20068216,16.57,0.994
20068267,17.01,0.875
20068278,18.47,0.942
20068346,16.92,0.736
20068347,19.92,\N
20068348,14.27,3.512
20068350,16.11,1.794
20068359,18.07,\N
20068372,18.95,\N
20068548,16.57,1.182
20068950,16.39,1.650
20069230,17.68,\N
20085182,17.13,1.1
20085184,18.41,\N
20085236,18.75,\N
20085275,16.49,2.506
20085490,14.80,\N
20085585,21.64,\N
20085628,17.28,0.775
20085640,21.14,\N
20085709,15.93,2.230
20085713,15.77,3.484
20085770,20.72,\N
20085774,19.09,0.939
20085804,15.36,2.272
20085818,15.42,2.028
20085839,16.58,1.140
20085867,18.32,\N
20085938,18.73,\N
20085953,18.10,0.59
20085989,17.07,1.462
20085990,20.27,0.451
20086039,15.95,2.22
20086067,16.45,1.245
20086324,15.83,2.102
20086326,17.35,1.348
20086450,18.44,\N
20086666,16.88,1.165
20086667,17.54,0.745
20086819,17.48,0.802
20086829,15.81,1.823
20086878,17.65,\N
20087024,18.72,\N
20087025,18.09,\N
20087309,17.59,0.568
20087311,16.50,1.948
20087684,15.96,\N
20088188,16.08,1.371
20088213,19.48,0.912
20088254,17.77,0.800
20088263,15.69,5.748
20088264,17.01,\N
20088710,17.61,0.760
20088959,17.45,\N
20089136,20.27,\N
20089355,15.80,2.038
20089830,14.98,5.067
20089958,17.22,\N
20089959,16.55,1.407
20090075,15.38,2.233
20090147,18.31,\N
20090367,17.92,1.748
20090373,18.81,\N
20090403,17.78,0.572
20090416,18.83,0.968
20096189,16.48,3.605
20096315,17.04,\N
20096536,15.38,\N
20096590,16.28,0.882
20096631,18.17,\N
20096744,14.78,\N
20097725,18.75,\N
20098943,18.71,\N
20099248,16.54,1.115
20099799,18.52,\N
20099907,17.96,1.4
20099935,16.15,\N
20099942,19.09,0.34
20100004,16.43,2.70
20100085,17.89,\N
20100756,16.34,1.809
20100926,16.63,1.174
20101869,19.48,\N
20101873,16.39,\N
20101955,20.21,0.48444
20102873,17.64,\N
20103067,16.80,1.282
20105140,15.75,1.946
20105141,19.09,0.352
20106538,16.29,\N
20106589,16.01,\N
20108519,17.94,1.423
20108906,17.90,\N
20111253,15.24,3.006
20112221,15.52,\N
20112985,15.77,3.618
20115052,17.46,\N
20136564,19.28,0.4
20136582,19.87,\N
20136617,17.97,\N
20136618,16.86,\N
20136635,19.12,\N
20136745,17.88,\N
20136770,20.56,\N
20136773,18.61,\N
20136793,18.35,\N
20136795,18.11,\N
20136818,18.98,\N
20136839,18.85,\N
20136849,17.70,\N
20136874,15.74,3.398
20136897,18.57,\N
20136900,17.39,\N
20136923,16.31,\N
20136993,17.85,\N
20137032,16.66,1.055
20137044,16.80,\N
20137052,17.04,\N
20137062,16.76,1.265
20137064,18.84,\N
20137078,16.36,\N
20137084,16.47,1.228
20137099,18.29,0.564
20137108,18.05,\N
20137120,18.29,\N
20137125,18.81,\N
20137126,18.08,\N
20137158,17.92,\N
20137170,14.66,\N
20137175,18.33,\N
20137199,16.95,\N
20137427,15.28,\N
20137671,18.73,\N
20137799,18.79,\N
20137802,16.95,\N
20137805,16.72,2.243
20137911,17.75,\N
20137924,17.50,0.970
20137925,16.06,1.372
20138013,14.70,3.518
20138095,15.98,\N
20138127,17.11,0.754
20138155,17.22,\N
20138175,20.49,\N
20138205,15.07,\N
20138258,18.98,\N
20138325,16.69,\N
20138359,17.97,1.085
20138404,19.39,\N
20138524,16.86,\N
20138727,19.34,\N
20138815,18.04,\N
20138846,16.08,\N
20138847,17.07,0.965
20138852,20.29,\N
20138859,18.98,\N
20138877,16.72,\N
20138883,16.84,1.222
20138893,18.21,\N
20138911,19.46,\N
20138925,15.95,\N
20138937,17.80,\N
20138947,18.82,0.447
20138971,18.54,\N
20139047,17.41,\N
20139056,19.18,0.32
20139211,17.77,\N
20139289,17.80,1.126
20139345,16.74,2.586
20139359,16.52,\N
20139622,18.46,\N
20140039,18.08,\N
20140158,18.48,0.566
20140288,16.73,1.263
20140333,19.24,\N
20140928,18.29,\N
20141018,19.04,\N
20141052,17.46,\N
20141053,18.86,\N
20141056,17.33,\N
20141078,18.67,\N
20141079,17.74,\N
20141354,17.36,\N
20141424,20.65,\N
20141432,20.06,0.239
20141447,17.16,\N
20141484,16.26,1.034
20141495,18.46,\N
20141498,18.45,\N
20141525,18.07,\N
20141526,20.20,\N
20141527,18.94,\N
20141531,19.15,0.303
20141593,18.32,\N
20141614,19.52,\N
20141670,16.84,\N
20141761,17.44,\N
20141765,16.31,\N
20141851,17.81,\N
20141874,17.83,\N
20142040,16.25,1.232
20142348,18.33,\N
20142464,18.34,0.886
20142555,16.39,\N
20142561,18.20,\N
20142563,17.21,0.860
20142781,16.14,1.595
20143381,16.21,\N
20143404,16.95,\N
20143409,17.89,\N
20143487,18.94,\N
20143527,18.64,\N
20143624,15.91,2.137
20143637,16.58,\N
20143643,18.31,\N
20143649,17.39,\N
20143651,16.11,\N
20143678,16.39,\N
20143947,15.36,\N
20143992,16.12,\N
20144332,16.60,\N
20144411,16.54,\N
20144861,15.34,\N
20144898,18.89,\N
20144900,18.27,\N
20144901,17.54,2.240
20144922,17.36,\N
20145656,16.43,\N
20152558,16.86,1.4
20152560,19.22,\N
20152561,19.10,\N
20152563,19.71,0.272
20152564,19.63,0.282
20152575,17.07,\N
20152637,17.87,\N
20152664,19.70,\N
20152667,16.41,\N
20152671,20.24,0.298
20152679,16.55,4.167
20152680,19.49,\N
20152685,19.33,\N
20152742,19.10,0.413
20152754,19.22,0.414
20152756,18.98,\N
20152770,18.41,\N
20152787,18.69,\N
20152828,21.26,\N
20152889,16.50,1.022
20152895,18.17,\N
20152931,16.30,1.646
20152941,17.61,0.820
20152942,16.74,\N
20152952,17.57,0.776
20152964,17.80,0.788
20152978,19.57,0.531
20153002,18.28,\N
20153195,17.51,1.327
20153201,19.30,0.510
20153219,18.54,1.289
20153220,17.43,\N
20153243,17.50,\N
20153249,15.67,3.160
20153267,17.80,\N
20153271,17.40,2.441
20153306,16.80,\N
20153311,17.39,\N
20153315,19.55,\N
20153349,18.65,\N
20153415,17.01,\N
20153460,19.71,\N
20153591,17.11,2
20153792,18.14,\N
20153814,18.28,0.932
20153842,16.70,1.759
20153951,18.75,\N
20153953,16.81,\N
20153957,17.76,\N
20153958,18.35,\N
20154007,18.12,\N
20154019,22.07,\N
20154020,19.13,\N
20154029,16.52,1.119
20154035,17.38,1.098
20154144,17.52,\N
20154229,16.61,\N
20154244,17.57,\N
20154268,18.06,\N
20154269,17.87,\N
20154275,20.13,\N
20154276,17.61,1.060
20154278,16.50,\N
20154300,19.37,\N
20154302,17.69,\N
20154330,18.19,\N
20154347,16.15,\N
20154453,15.36,\N
20154555,16.70,\N
20154589,16.62,1.109
20154590,21.70,0.086
20154631,18.21,\N
20154652,18.92,\N
20154656,16.34,\N
20154658,19.42,\N
20154715,18.53,\N
20154807,18.56,0.469
20154988,18.39,\N
20154991,18.57,\N
20154993,17.99,0.828
20155110,17.46,0.683
20155140,17.47,\N
20155334,17.24,\N
20155336,18.41,\N
20155338,20.40,\N
20155340,16.29,\N
20155341,18.23,\N
20159399,16.50,\N
20159402,16.61,\N
20159454,18.04,0.577
20159459,16.31,1.769
20159467,18.34,\N
20159495,17.46,\N
20159504,16.97,2.324
20159518,18.01,1.784
20159533,17.66,\N
20159555,18.69,\N
20159560,17.14,1.156
20159608,16.59,\N
20159609,17.23,\N
20159635,18.16,\N
20159677,19.45,\N
20159686,16.34,1.845
20159699,17.60,\N
20159856,17.98,\N
20159857,15.46,3.070
20159923,16.44,\N
20159928,18.00,\N
20159929,17.72,2.620
20161989,17.31,1.9
20161995,17.27,\N
20161998,17.59,\N
20161999,18.80,0.458
20162000,19.64,0.4
20162004,18.28,\N
20162011,16.60,\N
20162015,19.25,\N
20162038,16.69,1.959
20162039,18.92,\N
20162058,17.99,0.847
20162063,18.96,\N
20162080,19.93,0.777
20162082,19.12,\N
20162116,19.54,0.538
20162117,19.04,\N
20162120,20.64,\N
20162142,18.78,0.462
20162149,17.51,\N
20162157,19.95,\N
20162161,17.68,\N
20162162,19.99,\N
20162168,17.34,\N
20162173,19.55,0.896
20162181,18.20,0.729
20162183,21.25,\N
20162186,15.03,\N
20162195,19.50,\N
20162196,18.79,\N
20162210,19.30,\N
20162214,18.86,\N
20162215,19.17,\N
20162269,16.97,1.010
20162273,17.27,\N
20162361,20.24,\N
20162385,18.59,0.812
20162416,21.67,\N
20162421,18.11,\N
20162422,20.60,\N
20162433,19.36,\N
20162452,18.50,\N
20162463,17.97,1.048
20162470,19.24,\N
20162472,19.22,\N
20162474,18.62,\N
20162483,17.53,0.906
20162510,17.60,1.406
20162566,15.73,4.299
20162567,19.97,0.335
20162581,18.66,\N
20162635,16.74,\N
20162679,18.06,\N
20162687,18.75,\N
20162694,19.74,\N
20162695,20.20,\N
20162698,18.43,\N
20162723,17.73,\N
20162740,18.44,\N
20162741,17.47,3.945
20162781,17.96,\N
20162783,20.91,\N
20162825,17.97,\N
20162854,19.14,\N
20162873,19.27,\N
20162882,18.77,\N
20162900,15.98,\N
20162903,18.66,1.086
20162911,19.33,\N
20162913,18.48,\N
20162922,20.91,\N
20162926,17.12,\N
20162979,18.29,\N
20162980,16.77,0.790
20162998,18.16,0.875
20163000,19.24,\N
20163001,18.41,\N
20163014,17.75,\N
20163015,22.07,\N
20163023,19.52,\N
20163026,21.23,\N
20163051,16.34,\N
20163067,19.99,\N
20163070,18.40,\N
20163081,18.57,\N
20163132,18.61,0.460
20163191,19.43,\N
20163243,16.42,1.682
20163249,18.70,\N
20163250,15.47,\N
20163252,17.91,\N
20163295,19.49,\N
20163335,17.19,\N
20163348,20.05,0.735
20163364,18.91,\N
20163373,19.03,\N
20163412,17.36,\N
20163454,19.11,0.712
20163667,19.88,\N
20163679,19.29,\N
20163683,19.05,\N
20163691,17.09,3.449
20163692,18.27,\N
20163693,16.41,\N
20163694,17.50,0.832
20163696,16.53,\N
20163697,20.08,\N
20163732,15.48,\N
20163758,17.42,\N
20163760,16.68,2.343
20163818,18.46,0.386
20163899,17.56,0.791
20163902,17.21,\N
20164120,19.07,\N
20164121,16.15,1.717
20164184,19.46,\N
20164201,15.73,\N
20164202,20.91,\N
20164206,17.69,1.138
20164207,21.20,0.163
20164211,19.50,\N
20164214,19.27,\N
20164215,20.01,\N
20164216,17.25,\N
20164217,17.16,\N
20164221,20.43,\N
20164222,20.85,\N
20164294,20.45,\N
20164341,20.59,\N
20164342,20.99,\N
20164400,17.35,\N
20168044,19.09,\N
20168318,19.03,0.9
20168378,16.91,0.841
20168791,18.85,\N
20169352,19.37,0.316
20169675,16.67,\N
20170013,17.77,\N
20170086,18.14,\N
20170502,17.36,\N
20170891,16.97,\N
20170903,18.20,\N
20171486,18.41,\N
20171576,18.68,\N
20171819,18.38,\N
20171839,19.23,\N
20172034,17.84,0.631
20172678,18.89,\N
20172718,18.87,\N
20172722,17.67,\N
20172974,19.40,\N
20173232,18.28,\N
20173561,18.36,\N
20173664,19.76,\N
20173689,18.25,0.724
20174050,17.58,\N
20174806,17.22,\N
20174881,18.11,\N
20175114,16.76,\N
20175189,18.29,\N
20175706,18.31,1.196
20175729,20.44,\N
20175921,18.32,1.039
20177016,19.95,\N
20177049,19.80,\N
20177255,16.79,\N
20177614,17.56,\N
20177651,17.50,\N
20178601,17.74,\N
20178871,17.70,\N
20179806,20.46,\N
20180186,17.58,\N
20183548,17.73,\N
20184266,19.49,\N
20184990,16.41,2.039
20185702,18.10,\N
20185716,17.95,0.629
20185851,18.31,0.863
20185853,16.92,\N
20186822,17.80,\N
20186823,19.11,\N
20186844,17.45,\N
20187026,17.37,\N
20187040,19.20,0.430
20188174,17.48,\N
20188452,17.50,\N
20189008,16.38,\N
20189011,19.08,\N
20189040,19.87,\N
20189058,16.65,\N
20189062,18.39,\N
20189173,18.92,\N
20189263,15.74,\N
20189552,16.94,\N
20189630,17.82,\N
20189700,19.15,\N
20189865,19.48,\N
20189973,17.57,\N
20190119,17.04,1.451
20190135,17.34,\N
20190161,16.73,3.041
20190166,17.26,1.045
20190208,18.20,\N
20190491,21.06,\N
20190758,18.41,\N
20190788,18.36,\N
20191094,20.16,\N
20192559,20.43,\N
20192563,17.33,\N
20192642,16.51,\N
20193178,17.76,\N
20194006,20.46,\N
20194126,17.87,\N
20194268,18.34,1.244
20194386,16.95,0.916
20196068,18.13,\N
20196256,16.10,\N
20196625,20.29,\N
20197588,17.12,\N
20198752,19.93,\N
20198856,17.06,0.742
20199003,18.16,\N
20199145,18.30,\N
20199801,19.36,\N
20200754,18.51,0.553
20200840,17.80,\N
20202411,17.77,\N
20202435,18.05,\N
20202683,19.78,\N
20203015,18.64,\N
20203217,18.75,\N
20203471,19.45,\N
20204131,19.94,\N
20204232,18.43,\N
20205378,18.84,\N
20205388,20.90,\N
20205744,18.27,\N
20206359,18.23,\N
20206378,18.76,0.376
20206910,17.28,\N
20207398,20.36,\N
20207945,19.61,0.423
20207970,18.15,\N
20208023,20.53,\N
20208115,20.85,\N
20208565,17.19,\N
20208617,17.88,\N
20209215,24.30,\N
20209924,16.29,1.861
20210012,16.74,\N
20211871,18.85,0.411
20211914,17.76,\N
20212359,16.72,1.261
20212546,17.72,\N
20213053,19.94,\N
20213869,17.82,\N
20214088,15.34,2.423
20214869,16.51,\N
20215167,18.91,\N
20215188,15.48,\N
20215442,18.53,1.075
20215588,19.42,0.488
20215757,17.88,0.780
20216115,18.93,\N
20216258,20.33,\N
20216523,20.70,\N
20216689,17.00,\N
20216707,17.55,\N
20216985,21.34,\N
20217013,18.80,\N
20217390,18.82,\N
20217430,19.55,\N
20217628,16.68,1.4
20217796,17.23,\N
20217807,18.37,\N
20217837,19.27,\N
20218017,19.82,0.451
20218863,16.34,1.237
20219021,16.93,\N
20219071,17.20,0.657
20219527,17.00,\N
20220124,18.76,0.609
20220839,17.45,\N
20220909,18.16,\N
20221455,19.52,\N
20221787,21.28,\N
20221980,19.11,0.432
20222008,19.18,\N
20222073,18.10,\N
20222165,17.91,\N
20222869,17.75,\N
20223456,18.29,\N
20224926,17.60,\N
20225312,21.94,\N
20225416,17.36,1.651
20225586,18.48,\N
20225900,17.96,\N
20226198,18.86,\N
20226219,18.18,\N
20226514,20.16,\N
20226554,19.62,0.482
20228368,18.63,\N
20228502,20.41,0.302
20228587,19.57,\N
20229007,17.07,\N
20229672,17.91,\N
20230089,19.46,\N
20230111,19.27,\N
20230118,17.09,1.166
20230420,19.22,\N
20230549,20.78,0.217
20230599,17.82,\N
20230979,16.58,1.522
20231134,17.17,\N
20231792,18.50,\N
20231937,17.51,0.55
20232368,18.31,\N
20232382,17.25,1.123
20232691,19.86,\N
20234061,17.69,2.900
20234145,21.58,0.344
20234341,18.93,0.344
20235086,17.36,1.024
20235700,18.57,\N
20235756,18.58,1.136
20236716,17.92,\N
20237442,18.16,\N
20237551,18.44,0.630
20237805,17.40,0.703
20238063,16.57,1.470
20238456,19.43,0.328
20239849,18.65,0.450
20240320,20.28,\N
20241370,17.42,0.764
20241596,17.23,1.548
20241662,17.66,0.898
20242147,17.03,1.687
20242187,17.99,0.605
20242191,19.02,0.370
20242211,18.19,\N
20242216,15.59,\N
20242450,14.64,2.914
20242643,17.39,1.989
20242708,18.11,\N
20243025,16.05,2.123
20243147,17.39,0.912
20243298,15.66,\N
20243566,17.37,0.881
20244670,18.15,\N
20244977,18.36,0.495
20246138,18.25,0.588
20247156,18.16,1.655
20247360,19.36,\N
20247517,19.59,0.269
20248083,16.13,2.358
20248590,16.26,4.726
20248818,17.43,\N
20248926,17.13,2.907
20249595,17.70,\N
20249615,19.05,\N
20249816,19.32,\N
20249886,17.62,1.201
20250162,19.64,\N
20250458,18.00,0.630
20250577,18.37,\N
20250614,16.22,1.617
20250620,18.07,0.654
20250680,19.63,0.398
20250697,17.91,\N
20250706,18.55,0.535
20251346,16.88,\N
20251722,19.83,\N
20251732,21.76,\N
20252091,17.23,\N
20252373,18.20,\N
20252399,19.41,0.291
20252558,20.36,0.533
20252793,19.26,\N
20253062,21.10,\N
20253106,16.66,\N
20253586,19.32,\N
20253841,17.26,\N
20254417,17.21,\N
20254419,17.76,0.629
20255071,18.36,\N
20255501,18.66,\N
20256004,23.02,\N
20256412,16.93,4.444
20256670,18.20,\N
20257744,18.61,\N
20257838,18.00,\N
20258325,18.99,\N
20259221,19.17,\N
20259802,18.75,\N
20260141,18.31,\N
20260277,18.27,0.470
20261938,20.34,\N
20262623,18.64,0.761
20263976,18.34,0.785
20264308,20.43,\N
20264357,21.17,0.113
20264993,20.44,\N
20265032,16.32,\N
20265187,18.28,\N
20265196,18.84,0.361
20265482,21.21,\N
20265661,16.82,\N
20265962,19.03,\N
20267131,18.23,\N
20267136,18.92,\N
20267221,19.85,0.562
20267223,18.19,\N
20267270,18.26,\N
20267337,18.05,0.439
20267494,16.17,\N
20267720,18.91,\N
20267729,18.46,\N
20267759,18.91,\N
20267940,20.40,\N
20269690,18.47,0.888
20271480,17.66,0.709
20274138,17.77,0.747
20274855,18.54,\N
20275545,18.21,\N
20275558,19.06,\N
20275611,18.15,1.483
20275677,19.22,\N
20275714,18.82,\N
20275792,18.40,\N
20275974,18.68,0.626
20275975,19.47,\N
20275976,16.17,2.381
20276033,18.75,\N
20276049,16.64,3.5
20276111,18.60,\N
20276392,19.48,\N
20276397,17.20,\N
20276409,18.62,\N
20276468,18.07,1.034
20276660,18.41,\N
20276703,19.30,0.521
20276732,17.73,\N
20276770,19.94,\N
20276786,17.83,1.720
20276891,19.53,\N
20277039,18.55,0.676
20277127,18.76,\N
20277142,16.79,\N
20277279,18.96,\N
20277473,16.81,\N
20277475,20.22,\N
20277570,19.34,0.439
20277616,17.41,1.236
20277617,18.23,0.666
20277810,21.73,\N
20277830,20.71,\N
20277958,16.84,\N
20278327,15.42,\N
20278381,21.92,\N
20279744,19.86,\N
20279816,19.25,\N
20280136,17.22,\N
20280244,18.22,\N
20280491,19.18,\N
20281070,18.75,\N
20281365,17.54,\N
20281375,20.81,\N
20283457,19.10,\N
20283460,18.48,\N
20283729,18.20,\N
20284114,17.94,\N
20284422,17.38,\N
20285110,17.26,\N
20285179,19.34,\N
20285263,17.28,\N
20285331,18.19,0.654
20285339,18.07,0.614
20285540,18.64,\N
20285567,18.51,\N
20285571,18.65,\N
20285625,17.92,\N
20285638,17.58,\N
20285818,18.83,\N
20285838,17.98,\N
20285944,16.70,1.044
20285990,17.96,\N
20286079,19.29,\N
20286080,21.24,\N
20288592,20.87,\N
20288807,18.41,\N
20288914,19.14,\N
20289227,18.67,\N
20289315,18.51,\N
20290772,17.49,\N
20292165,18.11,\N
20292220,19.39,\N
20293054,18.48,\N
20293726,22.64,\N
20294739,17.04,0.740
20296318,18.22,\N
20297274,16.93,1.199
20297300,19.29,0.320
20297418,18.51,0.407
20299582,18.23,0.622
20301011,18.41,\N
20301844,19.70,0.4
20302010,18.81,\N
20302156,19.02,\N
20302169,20.00,\N
20302311,19.39,\N
20302523,17.47,\N
20302591,19.68,\N
20302800,19.69,\N
20302830,18.81,\N
20302831,19.12,\N
20302871,19.45,\N
20303174,16.72,1.504
20303248,18.02,0.817
20303250,17.91,\N
20303262,18.67,\N
20303449,18.27,\N
20303450,20.51,0.187
20303933,19.04,\N
20304088,19.15,\N
20304153,17.81,2.054
20304293,18.85,\N
20304330,18.91,0.780
20304640,19.17,\N
20305090,16.16,\N
20306367,15.65,\N
20306383,21.52,\N
20306431,17.48,\N
20306462,18.64,0.476
20306523,18.50,\N
20306595,18.73,\N
20306918,17.31,\N
20307005,18.14,\N
20307070,20.63,0.282
20307161,18.33,\N
20307493,18.57,1.666
20307564,20.75,\N
20307918,19.02,0.374
20308041,19.04,\N
20308043,18.55,\N
20308127,17.47,\N
20308242,16.18,\N
20308635,21.91,0.4
20308899,18.31,\N
20309203,17.77,\N
20309214,20.51,\N
20309662,19.87,\N
20309728,17.94,\N
20310402,18.64,\N
20310442,19.82,\N
20310560,17.80,0.654
20310737,17.94,\N
20310842,19.81,\N
20311044,17.12,\N
20311066,18.28,\N
20311321,18.61,0.583
20311554,18.72,0.382
20311555,18.35,\N
20311925,19.73,\N
20312070,19.40,0.595
20312473,18.05,\N
20312942,17.36,\N
20312956,19.49,\N
20313276,19.86,\N
20313538,18.32,\N
20313548,19.34,\N
20313552,20.95,\N
20313809,19.28,\N
20314079,19.67,\N
20314082,17.50,\N
20314212,18.57,\N
20315020,18.72,\N
20315098,16.67,0.993
20315508,20.14,0.836
20316695,18.92,\N
20317212,18.94,\N
20317255,19.87,\N
20317643,18.38,\N
20317685,18.22,\N
20318050,18.87,\N
20318160,18.39,\N
20318411,17.10,\N
20318450,20.10,\N
20319988,19.47,\N
20320378,21.32,\N
20322652,16.79,\N
20322705,19.33,\N
20322756,19.23,\N
20322763,17.21,1.252
20322775,17.27,1.632
20322913,16.89,\N
20322966,17.02,\N
20323179,18.10,1.170
20323300,19.63,\N
20325102,20.17,0.361
20325395,17.43,\N
20325769,17.88,\N
20326290,21.83,\N
20326291,19.00,\N
20326302,20.58,\N
20326332,18.20,\N
20326354,22.78,\N
20326386,18.58,\N
20326388,18.38,1.142
20326683,18.48,0.518
20326732,17.66,\N
20326742,18.15,\N
20326777,17.77,\N
20326946,18.48,\N
20327140,19.89,\N
20328059,19.62,\N
20329275,20.09,\N
20329291,19.23,\N
20329338,19.26,\N
20329340,19.32,\N
20329343,20.14,\N
20329390,19.35,\N
20329395,17.77,\N
20329437,19.41,\N
20329520,19.86,\N
20329571,18.93,\N
20329614,17.77,\N
20329669,16.72,\N
20329713,18.81,\N
20329770,17.94,\N
20329774,16.73,\N
20329915,17.05,1.012
20330233,18.82,\N
20330659,23.01,\N
20330809,19.30,\N
20330825,16.42,\N
20331471,15.52,\N
20331509,18.23,\N
20331510,17.65,\N
20331769,19.85,\N
20331792,15.90,1.275
20331876,20.56,\N
20331963,17.66,\N
20331990,19.76,\N
20331999,19.29,\N
20332408,17.82,\N
20332446,19.68,\N
20332775,19.70,0.467
20333284,18.09,\N
20333311,19.07,\N
20333358,19.64,\N
20333478,18.05,\N
20333480,20.28,\N
20333510,18.82,\N
20333521,20.09,\N
20333555,17.40,\N
20333578,20.18,0.204
20333707,19.42,\N
20333755,19.33,\N
20333888,16.81,\N
20333889,18.24,0.919
20333908,17.86,\N
20334412,20.32,\N
20334673,17.98,0.570
20335746,18.32,\N
20335758,19.68,\N
20337053,19.04,\N
20337069,18.67,\N
20337075,19.81,\N
20337084,19.76,\N
20337118,18.36,\N
20337119,18.60,0.521
20337248,20.08,0.846
20337252,20.82,\N
20337345,20.67,\N
20337557,18.61,\N
20337558,19.44,\N
20337866,18.80,\N
20338049,17.29,\N
20338172,17.41,\N
20338176,16.83,\N
20338292,19.11,\N
20338347,18.31,1.420
20338567,19.35,\N
20339492,18.39,\N
20339714,20.36,\N
20339715,18.97,\N
20340048,19.04,\N
20340291,19.88,\N
20340666,17.79,\N
20341050,20.42,\N
20341816,17.54,\N
20341843,20.05,0.40
20342866,20.24,\N
20343098,18.66,\N
20343158,16.31,\N
20343166,17.42,0.670
20344074,19.00,\N
20344076,18.99,\N
20344133,18.67,\N
20344143,18.40,\N
20344756,20.75,\N
20345646,19.74,0.413
20345705,18.58,0.406
20345722,18.23,0.653
20345813,17.80,1.377
20345853,16.31,\N
20347634,19.65,\N
20347813,17.64,\N
20348304,17.84,\N
20348306,21.51,\N
20348314,18.00,\N
20348400,17.25,\N
20348461,17.08,\N
20348595,19.05,\N
20348776,19.19,\N
20349063,17.45,\N
20349068,18.30,0.496
20349074,18.39,1.081
20349219,18.13,0.583
20349507,18.50,\N
20349925,17.34,0.920
20349928,18.47,\N
20350462,22.10,\N
20350513,18.06,1.77
20350523,21.16,\N
20350536,20.00,\N
20350713,20.73,\N
20350751,20.82,\N
20350964,18.78,\N
20350988,16.84,\N
20351278,18.87,\N
20351331,18.94,\N
20351340,18.12,\N
20351370,17.18,\N
20351508,19.77,\N
20351545,19.81,\N
20351815,18.34,\N
20352102,19.26,\N
20352143,17.16,\N
20353190,19.84,\N
20353938,18.33,\N
20353947,18.77,\N
20354030,18.61,\N
20354101,19.27,\N
20354127,19.30,\N
20354182,20.77,\N
20354332,18.26,\N
20354663,16.25,\N
20354713,16.83,\N
20354876,18.45,\N
20354952,19.23,\N
20355046,19.63,\N
20355256,16.78,\N
20355770,18.35,1.199
20356285,17.33,\N
20356394,17.46,1.071
20356991,19.07,\N
20357005,17.99,\N
20357022,19.07,0.432
20357024,19.47,0.255
20357028,19.46,\N
20357058,20.13,\N
20357311,16.71,\N
20357414,18.32,\N
20357439,19.29,\N
20357594,19.63,\N
20357618,19.07,\N
20357621,18.83,\N
20357622,20.32,\N
20358453,19.83,\N
20358471,19.17,\N
20358744,18.99,\N
20359170,19.95,\N
20359242,19.02,\N
20359369,18.52,\N
20359592,20.06,\N
20360191,21.08,0.4
20360192,19.16,\N
20360433,17.79,\N
20360502,20.77,\N
20361071,15.56,\N
20361123,20.26,\N
20361518,17.13,\N
20361532,19.26,\N
20361538,18.67,0.479
20361611,18.31,\N
20361689,19.46,\N
20361754,19.18,\N
20361861,16.98,\N
20362310,18.01,\N
20363024,19.42,0.558
20363027,19.58,0.578
20363067,19.21,\N
20363069,19.65,\N
20363071,20.27,\N
20363075,17.80,\N
20363076,17.99,\N
20363084,20.21,\N
20363116,20.32,\N
20363163,17.65,\N
20363267,20.05,\N
20363298,18.51,\N
20363305,21.42,\N
20363344,19.96,\N
20363505,18.47,1.876
20363599,21.05,0.152
20363617,18.38,\N
20363626,18.92,0.633
20363734,18.83,\N
20363790,17.85,\N
20363814,17.97,1.105
20363831,19.33,0.371
20364136,20.18,\N
20364762,19.38,1.047
20364877,17.34,0.786
20365014,20.09,\N
20365071,18.18,0.674
20365246,15.87,\N
20365424,21.91,0.212
20365449,20.28,0.215
20366470,19.48,\N
20366615,16.85,\N
20366733,19.06,\N
20366746,20.16,\N
20366774,17.87,0.859
20366833,16.72,\N
20367248,20.21,0.386
20367390,19.03,\N
20367525,17.81,\N
20367638,18.33,\N
20367684,18.07,0.498
20367789,21.77,\N
20367943,24.19,\N
20368184,19.36,0.381
20368203,20.56,\N
20368565,20.02,\N
20368664,18.69,\N
20368790,19.88,\N
20368949,19.60,\N
20369057,21.32,\N
20369264,16.34,1.515
20369296,18.08,\N
20369452,17.89,\N
20369454,19.09,0.846
20369983,20.15,\N
20369984,18.96,\N
20369986,20.44,\N
20370037,19.50,\N
20370061,17.82,\N
20370307,16.97,\N
20370688,17.38,\N
20370702,17.47,\N
20371336,17.38,1.137
20371660,21.09,0.230
20371973,19.56,\N
20373135,19.52,1.050
20373393,19.18,\N
20373428,18.64,\N
20373503,20.21,\N
20373579,19.14,\N
20374038,17.20,\N
20374158,18.64,\N
20374188,17.42,\N
20374267,18.91,\N
20374449,19.39,0.414
20374851,16.71,\N
20374855,20.11,\N
20375054,20.81,\N
20375103,18.50,\N
20375505,20.20,\N
20375657,21.49,\N
20376707,17.00,\N
20376729,19.08,\N
20376775,18.39,\N
20376778,17.32,\N
20376788,19.55,\N
20376848,19.61,\N
20376864,20.26,\N
20376879,22.35,\N
20376883,19.48,\N
20377097,19.71,\N
20377732,17.06,0.986
20377972,19.38,\N
20378124,18.23,\N
20378160,19.69,\N
20378358,19.33,\N
20378526,20.33,\N
20378610,17.42,\N
20378842,19.78,\N
20380128,20.27,\N
20380160,17.78,\N
20380188,18.81,1.312
20380205,19.39,\N
20380321,18.26,\N
20380359,17.28,\N
20380455,17.55,\N
20380476,19.37,\N
20380524,20.17,\N
20380636,19.76,\N
20380818,20.67,\N
20380929,19.66,\N
20380981,18.64,\N
20381181,19.68,0.602
20381564,18.25,\N
20381677,18.36,0.472
20381906,17.80,0.520
20381989,19.87,0.783
20382395,16.40,\N
20382406,20.57,\N
20382459,19.49,\N
20382503,19.22,\N
20382625,18.38,\N
20382745,20.42,\N
20382758,20.20,\N
20382825,19.30,\N
20382875,21.73,\N
20383610,18.46,\N
20385186,17.64,0.811
20385252,19.41,\N
20385268,15.81,3.2
20385343,16.55,1.359
20385402,17.19,1.597
20385423,19.21,\N
20385497,18.90,\N
20385580,16.20,\N
20385605,18.97,\N
20385843,20.57,\N
20386259,15.69,\N
20386281,17.91,\N
20386298,20.07,\N
20386454,20.03,0.367
20386504,18.72,\N
20386720,17.04,0.964
20386847,18.06,0.663
20387505,18.78,1.060
20387648,19.36,\N
20387668,20.51,\N
20387717,19.26,\N
20387733,18.93,0.344
20387746,20.13,0.366
20387793,16.61,\N
20387816,19.36,\N
20387871,19.14,\N
20388185,17.79,2.750
20388188,19.00,\N
20388189,20.53,0.315
20388468,18.30,\N
20388567,17.92,\N
20388798,18.44,\N
20388838,19.62,0.378
20388945,20.44,\N
20389694,18.20,0.451
20390522,20.18,\N
20390536,18.41,\N
20390725,19.69,0.293
20390929,20.44,\N
20391033,19.09,\N
20391151,17.23,1.745
20391211,18.48,0.412
20391275,17.96,\N
20391449,18.43,\N
20391451,19.31,\N
20391508,19.11,\N
20392211,17.58,\N
20392476,19.11,\N
20392704,18.95,\N
20393359,19.44,0.774
20393569,20.30,0.551
20393908,17.44,\N
20394130,17.22,1.218
20394155,20.05,\N
20394392,18.37,0.636
20394783,19.80,\N
20395143,18.95,0.636
20395207,19.61,0.724
20395289,18.23,\N
20396593,19.06,\N
20396730,18.53,\N
20396793,20.01,\N
20396794,17.71,\N
20397237,16.76,1.180
20397326,19.09,\N
20397471,18.19,\N
20397474,17.11,\N
20397847,18.70,\N
20398188,19.33,0.462
20399307,18.86,\N
20399308,20.62,\N
20399325,20.18,0.669
20399433,18.58,1.339
20399446,20.67,\N
20399457,19.30,\N
20399611,19.20,\N
20399774,18.80,\N
20401856,20.27,\N
20401857,16.14,4.2
20401885,20.42,\N
20401925,18.48,0.475
20401954,18.89,\N
20401998,18.42,\N
20402267,17.07,\N
20403039,19.83,\N
20403247,19.24,\N
20403775,20.90,\N
20404108,15.45,\N
20405189,20.80,\N
20405212,18.04,\N
20405427,18.09,\N
20405562,18.21,\N
20405762,20.27,\N
20406213,20.34,\N
20406952,17.11,0.772
20407324,20.58,0.281
20407338,18.17,\N
20407653,17.07,\N
20407656,18.21,\N
20408751,19.02,0.399
20408752,17.23,\N
20408792,20.56,\N
20408869,19.06,\N
20408980,18.71,\N
20408982,20.78,\N
20409204,18.75,\N
20409256,18.42,1.887
20409266,21.29,\N
20409342,19.89,\N
20409836,18.07,0.554
20409934,18.59,\N
20410088,18.20,1.032
20410195,18.38,\N
20410622,21.72,\N
20410627,20.91,\N
20410649,20.82,\N
20410650,18.52,\N
20410777,22.18,0.472
20410778,18.15,1.457
20410832,19.28,\N
20411165,22.09,0.159
20411201,17.80,0.658
20411280,19.30,\N
20411611,18.75,0.358
20411655,18.56,\N
20412976,19.91,\N
20412977,19.57,\N
20412983,20.16,\N
20412995,20.06,\N
20413002,18.86,\N
20413021,19.45,\N
20413038,16.94,1.237
20413091,18.22,\N
20413123,18.99,1.258
20413192,16.91,2.160
20413216,18.84,\N
20413260,19.57,\N
20413421,18.27,1.900
20413563,17.63,\N
20413577,20.34,\N
20413820,19.65,0.659
20413989,19.07,\N
20414286,18.59,0.369
20414287,17.73,1.974
20414429,18.02,2.866
20414532,16.86,\N
20414586,16.13,0.996
20414746,17.86,1.800
20414772,19.14,1.466
20414800,20.70,\N
20414903,17.43,\N
20414960,20.02,\N
20414990,21.90,\N
20415027,18.37,\N
20415029,15.93,\N
20415267,18.34,\N
20415710,18.55,\N
20415711,19.01,0.346
20415713,20.00,\N
20415715,18.13,\N
20415745,19.34,\N
20415746,17.99,\N
20415949,19.37,\N
20415986,18.03,1.072
20415987,19.20,\N
20416002,20.49,\N
20416032,20.81,\N
20416071,18.05,0.803
20416151,20.67,\N
20416186,19.41,\N
20416195,19.44,\N
20416217,20.57,\N
20416224,18.07,\N
20416231,18.65,\N
20416283,21.62,\N
20416567,17.13,2.538
20416584,18.98,\N
20416591,18.66,\N
20416675,17.76,\N
20416680,18.57,\N
20416694,17.67,2.292
20416801,19.64,0.906
20416804,18.68,\N
20416851,18.90,\N
20417167,19.01,\N
20417201,19.71,\N
20417210,20.55,\N
20417211,18.26,\N
20417217,19.52,\N
20417264,17.06,1.930
20417419,20.92,\N
20417581,17.39,\N
20417612,18.43,\N
20417634,18.57,0.418
20417655,19.90,\N
20417816,20.27,\N
20417871,18.34,\N
20417874,18.12,\N
20417949,18.81,\N
20418094,19.65,0.890
20418135,19.37,\N
20418198,18.93,\N
20418233,18.20,\N
20418265,16.49,\N
20418416,20.29,\N
20418797,19.41,0.789
20418846,21.38,\N
20418849,20.47,\N
20418896,19.48,\N
20418900,19.20,\N
20418929,17.03,1.432
20419022,18.39,\N
20419464,18.72,\N
20419472,19.97,0.459
20419624,20.44,0.357
20419829,17.99,\N
20419880,19.83,0.982
20419922,17.73,\N
20420048,18.88,\N
20420187,18.16,\N
20420210,20.43,\N
20420262,20.17,\N
20420286,18.65,\N
20420302,17.79,\N
20420591,19.49,\N
20420738,20.84,\N
20422637,18.14,\N
20422638,21.09,0.193
20422659,19.96,\N
20422686,21.60,0.176
20422699,18.28,0.619
20422787,17.03,\N
20422977,20.11,\N
20423022,18.92,\N
20423100,18.45,\N
20423210,19.16,\N
20423321,20.90,0.202
20423709,19.75,\N
20423747,18.95,\N
20424089,17.56,2.314
20424392,22.11,0.239
20424482,19.59,\N
20424532,17.95,\N
20424965,18.76,\N
20424969,20.64,\N
20425047,18.23,\N
20425250,21.18,\N
20425450,19.59,\N
20425713,19.57,\N
20425755,21.12,\N
20426071,19.93,\N
20426082,20.12,\N
20427499,19.21,\N
20427621,18.33,\N
20427643,17.32,\N
20427684,20.23,\N
20427778,20.10,\N
20428086,16.33,\N
20428209,20.11,\N
20428223,16.02,2.525
20428681,17.91,\N
20428694,19.30,\N
20429073,17.23,2.498
20429094,20.06,\N
20429382,18.34,0.448
20429389,21.66,\N
20429584,19.80,\N
20429733,16.55,\N
20429736,20.25,\N
20429746,17.27,1.275
20430439,19.80,\N
20430440,17.65,\N
20430544,18.73,\N
20430552,17.95,\N
20430802,21.15,\N
20430804,17.89,\N
20431107,17.69,1.266
20431394,19.54,\N
20431698,18.29,\N
20431760,18.10,\N
20431775,18.74,\N
20431776,17.84,\N
20432226,18.62,\N
20432509,19.48,\N
20432655,19.76,\N
20433303,22.09,\N
20433939,21.17,\N
20433953,20.91,0.259
20433960,19.91,\N
20433992,17.93,0.827
20434007,18.55,\N
20434051,19.77,\N
20434053,20.72,\N
20434096,18.15,0.528
20434154,19.77,\N
20434188,19.09,\N
20434196,21.56,\N
20434313,19.40,\N
20434326,18.48,\N
20434344,19.87,\N
20434500,21.21,\N
20434632,19.88,1.150
20434633,20.70,0.310
20434677,17.45,\N
20434734,20.01,\N
20434740,19.49,0.997
20434751,18.58,\N
20434786,18.14,\N
20435058,20.21,\N
20435138,16.87,\N
20435159,17.13,\N
20435302,18.32,\N
20435404,18.63,0.921
20435441,19.98,\N
20435548,18.87,\N
20435730,19.06,\N
20436030,19.42,0.295
20436035,20.09,\N
20436037,18.68,\N
20436094,19.13,\N
20436116,21.21,\N
20436324,19.44,0.369
20436325,18.36,0.452
20436329,20.09,0.622
20436568,17.22,\N
20436654,19.28,\N
20436671,18.00,2.159
20436724,19.98,\N
20436761,18.20,2.773
20436763,18.14,\N
20436764,19.50,\N
20436771,19.03,\N
20436774,18.41,\N
20436775,16.85,\N
20437316,18.48,\N
20437841,21.00,\N
20437844,21.01,\N
20437846,19.45,\N
20437879,17.72,1.820
20437905,19.98,\N
20437908,19.50,\N
20437965,19.49,\N
20437994,17.48,1.078
20438017,18.54,\N
20438105,18.77,\N
20438107,18.36,0.663
20438116,17.36,\N
20438317,19.91,\N
20438429,18.87,\N
20438430,20.11,\N
20438452,19.25,\N
20438661,19.22,\N
20438897,18.83,0.946
20438902,17.50,2.226
20438908,20.63,\N
20438955,21.01,\N
20438990,18.34,0.818
20439313,19.66,\N
20439437,18.94,\N
20439854,18.73,\N
20439877,19.69,\N
20439889,20.38,0.590
20439898,19.99,0.530
20439908,19.41,\N
20440012,19.61,\N
20440212,18.97,\N
20441058,16.54,\N
20441103,18.19,\N
20441304,21.03,\N
20441641,18.67,\N
20441823,22.11,\N
20441825,18.40,\N
20441952,18.39,2.246
20441987,21.35,0.228
20442037,19.26,0.695
20442177,19.94,\N
20442243,18.09,\N
20442523,19.50,\N
20442559,18.19,\N
20442605,19.29,0.440
20442609,17.62,\N
20442742,17.81,2.003
20443103,17.97,\N
20443104,24.16,\N
20443806,21.72,0.288
20443837,19.68,0.253
20443880,19.38,0.228
20443923,17.57,3.316
20443972,19.66,\N
20444004,20.58,\N
20444185,19.21,\N
20444193,18.19,0.437
20444584,20.25,\N
20444627,19.08,\N
20444628,19.51,\N
20444935,19.33,\N
20445025,17.43,2.098
20445267,19.57,\N
20445305,19.81,0.762
20445775,18.61,\N
20445830,22.23,\N
20445974,20.29,\N
20446789,20.91,\N
20446791,18.46,\N
20446804,19.59,\N
20446826,18.65,\N
20446833,20.95,\N
20446862,20.53,\N
20446924,20.16,\N
20446935,18.25,\N
20446938,20.18,\N
20446955,20.23,\N
20446963,19.50,\N
20447221,20.82,\N
20447655,19.98,\N
20447755,19.69,\N
20447795,17.91,\N
20447903,18.58,\N
20447977,18.69,\N
20448003,19.58,\N
20448628,20.33,\N
20448721,20.97,\N
20448724,19.55,\N
20448818,17.80,\N
20448972,17.19,\N
20449074,19.32,\N
20449089,20.16,\N
20449107,19.72,\N
20450142,19.88,\N
20450143,19.51,\N
20450159,19.03,0.735
20450160,16.75,\N
20450185,20.14,\N
20450203,20.07,\N
20450237,23.18,0.096
20450238,18.35,1.250
20450259,19.93,\N
20450263,18.80,\N
20450270,20.60,\N
20450293,18.83,\N
20450300,20.68,\N
20450648,19.56,\N
20450649,19.42,\N
20450779,17.80,\N
20450894,18.17,\N
20451003,19.49,\N
20451124,18.08,2.188
20451157,21.13,\N
20451217,17.00,2.720
20451297,19.22,\N
20451370,21.48,\N
20451397,17.22,\N
20452302,20.23,\N
20452307,18.43,\N
20452313,18.60,1.514
20452314,19.05,\N
20452334,21.07,\N
20452376,19.97,\N
20452389,18.15,0.846
20452397,20.26,\N
20452421,18.56,\N
20452474,18.59,\N
20452561,17.58,\N
20452639,18.14,2.249
20452807,21.52,\N
20453100,18.92,\N
20453309,19.51,\N
20453563,20.22,\N
20453687,19.39,0.948
20453707,18.73,0.495
20453729,18.81,\N
20453778,18.52,\N
20454078,17.39,2.959
20454094,21.87,0.167
20454100,20.18,0.548
20454101,20.45,\N
20454177,15.96,\N
20454266,18.93,\N
20455146,19.66,\N
20455148,21.12,\N
20455157,17.25,\N
20455176,20.71,\N
20455184,21.23,\N
20455185,17.35,0.599
20455192,18.36,1.082
20455193,18.54,\N
20455199,19.96,\N
20455213,18.16,\N
20455299,18.05,0.537
20455322,17.62,\N
20455407,19.86,\N
20455415,21.45,\N
20455426,18.76,0.685
20455432,18.32,\N
20455550,17.26,\N
20455554,18.02,\N
20455588,20.64,\N
20455591,18.66,\N
20455594,17.91,1.625
20455659,21.60,\N
20455687,19.29,\N
20455736,17.86,\N
20455795,18.84,1.242
20455956,20.79,\N
20456051,18.80,\N
20456301,18.73,\N
20456536,19.02,\N
20456537,19.63,0.308
20456618,19.78,\N
20456651,18.37,\N
20456863,19.75,\N
20456898,17.41,\N
20456938,20.98,\N
20456946,21.31,\N
20456973,18.12,\N
20457059,20.05,\N
20457212,19.85,\N
20457260,17.89,\N
20457647,17.90,1.958
20457662,22.00,\N
20457663,20.28,\N
20457768,18.38,\N
20457912,19.62,\N
20458062,18.88,\N
20458116,20.29,\N
20458122,17.55,\N
20458135,20.27,0.304
20458198,19.08,\N
20458368,18.51,\N
20458375,21.32,\N
20458418,19.47,\N
20458436,17.45,1.102
20458452,19.77,\N
20458723,19.48,\N
20458732,17.81,\N
20458745,18.45,\N
20458964,20.26,\N
20459046,17.39,\N
20459119,18.20,\N
20459200,21.08,\N
20459386,17.03,\N
20459451,17.57,\N
20459458,18.55,\N
20459462,19.90,\N
20459683,19.79,0.269
20459872,23.36,\N
20461353,21.16,\N
20461365,19.32,\N
20461397,18.23,\N
20461501,18.68,\N
20461852,18.90,\N
20461912,18.34,\N
20462041,17.36,1.847
20462238,20.66,0.227
20462329,18.47,\N
20462550,19.63,\N
20462559,20.57,\N
20462736,16.42,\N
20462775,19.39,0.579
20462959,21.08,\N
20463216,18.31,\N
20463257,18.54,\N
20463282,16.91,\N
20463360,20.65,\N
20463380,19.02,\N
20463387,18.44,\N
20463664,18.64,0.868
20464639,19.17,\N
20464797,18.30,0.726
20464798,19.37,1.109
20464885,19.47,0.384
20465098,16.62,2.073
20465166,19.53,\N
20465402,17.39,\N
20465616,18.83,\N
20465617,21.36,\N
20465633,20.44,\N
20465749,17.32,2.490
20465824,21.69,\N
20465826,21.09,0.150
20465853,19.60,\N
20465892,19.72,\N
20466053,19.09,\N
20466130,18.25,\N
20466191,18.84,\N
20466507,20.82,\N
20466508,18.72,\N
20467309,19.92,\N
20467317,19.82,\N
20467335,19.12,\N
20467336,20.61,\N
20467347,20.64,\N
20467351,20.36,\N
20467352,21.34,0.470
20467372,18.11,0.874
20467460,19.05,\N
20467475,18.79,\N
20467527,19.55,\N
20467609,19.34,\N
20467835,21.02,\N
20467917,19.84,\N
20467963,18.75,\N
20468004,19.31,\N
20468005,21.19,\N
20468117,19.18,0.493
20468446,19.95,\N
20468448,17.94,\N
20468452,19.19,\N
20468462,19.12,\N
20468468,22.01,0.197
20468481,20.05,\N
20468540,19.45,\N
20468541,20.05,\N
20468583,18.02,\N
20468681,20.50,\N
20468684,19.66,\N
20468727,20.76,0.308
20468730,18.37,\N
20468738,19.38,\N
20468741,20.19,\N
20468813,21.78,\N
20468837,20.94,\N
20468909,20.52,\N
20468910,21.67,\N
20469219,24.31,\N
20469356,18.76,\N
20469373,19.21,\N
20469445,22.14,0.143
20469494,20.09,0.758
20469513,20.87,0.297
20469634,19.12,\N
20469722,19.45,\N
20469727,17.24,\N
20469737,20.39,\N
20469896,20.66,\N
20469929,21.13,\N
20470004,18.64,\N
20470310,19.61,\N
20470510,19.15,\N
20470585,19.04,\N
20470594,20.11,\N
20470678,21.17,\N
20470864,20.59,\N
20470909,18.28,\N
20470951,17.98,\N
20470975,21.43,\N
20471034,19.26,\N
20471083,20.04,0.244
20471108,19.39,\N
20471240,21.70,\N
20471241,18.58,1.451
20471323,19.39,\N
20471487,19.75,\N
20471926,18.62,\N
20471956,19.26,\N
20471984,22.86,\N
20472263,18.31,\N
20474158,20.71,\N
20474163,20.81,\N
20474179,19.08,\N
20474223,19.10,\N
20474231,20.02,\N
20474238,21.51,\N
20474425,18.84,0.358
20474451,21.78,\N
20474474,19.62,\N
20474532,18.94,\N
20474549,18.07,1.488
20474554,17.54,\N
20474574,19.40,\N
20474585,19.66,\N
20474611,19.26,\N
20474613,21.05,\N
20474674,19.17,\N
20474706,19.48,\N
20475016,22.06,0.164
20475354,18.41,\N
20475462,19.04,\N
20475534,21.25,\N
20475665,17.22,\N
20475950,18.85,0.389
20475967,16.20,\N
20476093,19.58,\N
20476187,20.09,\N
20476438,20.34,0.433
20476601,19.80,\N
20476904,19.12,\N
20477051,17.85,\N
20477162,20.71,\N
20477248,20.02,\N
20477327,18.32,\N
20477465,21.70,\N
20477490,20.59,0.652
20477491,17.99,0.739
20477492,19.43,\N
20477519,19.15,0.321
20477524,18.67,0.991
20477588,19.39,0.692
20477719,25.26,\N
20477762,19.74,0.326
20477885,17.25,\N
20478574,18.60,\N
20478784,25.60,\N
20479325,19.23,\N
20479345,19.22,\N
20480004,17.25,\N
20480808,20.64,\N
20480817,18.25,\N
20480820,20.97,\N
20480822,19.67,\N
20480823,20.20,\N
20480824,16.61,\N
20480854,18.31,\N
20480856,18.18,\N
20480858,20.89,\N
20480883,20.91,\N
20480885,17.97,\N
20480922,20.59,\N
20480927,18.44,\N
20480934,17.64,\N
20480936,20.26,0.537
20480984,20.15,\N
20481025,20.65,\N
20481027,18.66,\N
20481032,15.17,\N
20481052,20.57,\N
20481127,21.50,\N
20481327,19.90,0.216
20481381,18.40,\N
20481394,19.97,\N
20481442,21.58,\N
20481457,21.11,\N
20481482,17.58,\N
20481532,19.62,\N
20481542,18.41,\N
20481543,21.70,\N
20481775,18.43,\N
20481790,19.35,\N
20481817,18.48,\N
20481904,19.39,\N
20481918,18.20,\N
20481965,20.69,\N
20481984,18.01,\N
20481985,17.85,\N
20481989,19.93,\N
20482049,18.81,\N
20482054,19.47,0.413
20482055,18.50,1.855
20482111,19.44,0.383
20482228,18.07,\N
20482234,22.52,\N
20482244,19.85,\N
20482250,20.17,\N
20482344,19.66,\N
20482391,18.99,\N
20482467,17.98,\N
20482488,19.77,\N
20482505,19.55,\N
20482533,19.80,\N
20482562,20.05,\N
20482566,21.52,\N
20482650,19.68,\N
20482718,21.10,\N
20482766,19.53,\N
20482796,19.60,\N
20482798,18.35,\N
20483408,19.61,\N
20483422,20.53,\N
20483423,20.53,\N
20483432,20.44,\N
20483453,18.40,\N
20483459,20.32,\N
20483468,18.02,\N
20483471,18.31,\N
20483472,19.24,\N
20483504,20.20,\N
20483506,18.39,\N
20483508,20.02,0.202
20483509,19.47,\N
20483531,20.13,\N
20483547,17.62,\N
20483560,19.27,\N
20483563,18.68,\N
20483566,17.93,\N
20483656,23.77,\N
20483662,19.36,\N
20483856,20.27,\N
20483878,17.51,\N
20483989,20.40,\N
20484199,19.80,\N
20484402,19.68,0.452
20484403,21.43,\N
20484462,21.46,\N
20484506,20.16,\N
20484517,17.18,\N
20484725,18.33,\N
20484757,19.56,\N
20484795,18.55,\N
20484850,19.41,\N
20484976,18.52,\N
20485051,19.32,\N
20485110,20.93,0.356
20485652,16.60,\N
20485823,20.61,\N
20485882,18.27,\N
20486001,19.41,\N
20486607,17.83,\N
20486692,19.37,\N
20486739,19.60,\N
20487577,21.08,\N
20487580,20.16,\N
20487583,22.19,\N
20488450,16.97,\N
20488453,19.24,\N
20488461,20.28,\N
20488465,19.84,\N
20488474,20.32,\N
20488486,18.69,\N
20488490,21.90,\N
20488494,18.74,0.766
20488509,20.61,\N
20488515,20.71,\N
20488579,20.45,\N
20488580,19.68,\N
20488615,21.64,\N
20488636,19.47,\N
20488640,19.22,\N
20488645,18.43,\N
20488693,16.93,\N
20488698,19.62,\N
20488789,18.98,1.039
20488803,20.48,0.209
20489203,18.65,1.520
20489235,20.33,\N
20489337,18.50,\N
20489453,20.09,\N
20489486,19.40,\N
20489885,18.71,\N
20489900,18.87,\N
20490354,21.41,\N
20490581,20.85,0.237
20490636,18.52,\N
20490684,19.51,\N
20490791,19.85,\N
20491007,19.54,\N
20491424,17.61,\N
20491565,17.41,\N
20491567,18.06,\N
20491842,18.26,\N
20492143,17.65,\N
20492478,19.71,1.084
20494658,20.71,\N
20494689,18.85,\N
20494690,20.10,\N
20494696,19.47,\N
20494697,20.77,\N
20494706,16.67,\N
20494710,20.75,\N
20494713,19.43,\N
20494880,19.84,\N
20494975,19.22,\N
20494999,19.68,\N
20495021,22.70,\N
20495102,18.82,\N
20495168,20.35,\N
20495187,21.05,\N
20495222,20.73,\N
20495278,18.75,\N
20495316,20.81,\N
20495323,19.68,\N
20495331,19.21,\N
20495417,19.83,\N
20495511,19.37,\N
20495615,17.69,\N
20495829,18.77,\N
20495833,19.24,\N
20495848,18.03,\N
20495857,19.12,\N
20495858,18.83,0.342
20495891,18.39,\N
20495930,19.83,\N
20495959,18.68,\N
20495960,18.83,\N
20496001,17.53,\N
20496005,19.11,\N
20496013,21.00,\N
20496018,17.55,\N
20496124,17.81,\N
20496174,18.46,0.657
20496230,18.31,\N
20496326,17.47,\N
20496327,17.94,\N
20496816,20.54,0.3
20496817,19.99,0.4
20496818,19.36,\N
20496837,20.83,0.337
20496860,19.67,\N
20496861,18.06,\N
20496869,18.15,\N
20496901,20.69,\N
20496962,20.31,0.175
20496981,21.38,\N
20497025,20.70,\N
20497094,18.90,\N
20497096,18.79,\N
20497113,22.29,\N
20497117,18.34,\N
20497135,18.09,\N
20497174,21.52,\N
20497176,18.42,\N
20497230,18.13,\N
20497232,20.74,\N
20497236,19.15,\N
20497245,17.63,\N
20497626,20.06,\N
20498066,18.55,0.589
20498068,18.93,\N
20498125,19.58,\N
20498143,18.80,1.531
20498441,18.32,\N
20498548,20.04,\N
20498550,19.62,\N
20498918,18.72,\N
20499307,18.68,\N
20499490,18.98,1.202
20499496,19.49,0.357
20499582,20.53,0.461
20499672,18.58,\N
20499986,19.91,\N
20499998,24.01,\N
20500080,17.19,\N
20500094,18.68,\N
20500136,22.85,\N
20500749,16.71,\N
20500922,17.80,\N
20501243,21.73,\N
20501567,21.18,\N
20501647,22.36,\N
20501878,17.25,2.177
20501934,18.18,\N
20503274,19.43,\N
20503277,19.85,\N
20503293,19.28,\N
20503861,19.97,\N
20503865,20.88,\N
20503871,18.25,\N
20503880,17.98,\N
20503892,19.25,\N
20503911,22.89,\N
20503941,19.62,0.260
20503960,18.45,\N
20503966,18.34,\N
20504025,19.00,\N
20504033,18.37,\N
20504034,17.56,\N
20504074,16.65,\N
20504181,18.81,\N
20504256,18.98,\N
20504392,19.63,\N
20504505,18.30,\N
20504680,19.78,\N
20504711,19.27,\N
20504800,21.48,0.380
20504827,19.09,0.615
20504887,19.90,\N
20504928,18.41,\N
20504994,18.41,1.492
20505019,19.06,\N
20505093,20.20,0.556
20505169,17.79,\N
20505178,19.46,\N
20505657,18.48,0.971
20505667,17.82,0.820
20506074,18.90,0.665
20506425,16.61,\N
20506437,18.27,\N
20506459,17.97,\N
20506491,20.69,\N
20506590,21.97,0.099
20506732,21.32,\N
20506779,17.65,\N
20506859,18.25,\N
20506951,20.72,\N
20507355,19.09,\N
20507366,16.81,\N
20507422,20.10,\N
20507716,16.35,\N
20507847,17.47,\N
20508767,18.20,\N
20508772,19.85,\N
20508774,20.08,\N
20508786,20.07,\N
20508796,18.60,\N
20508861,17.55,\N
20508871,19.01,\N
20508905,18.26,\N
20508908,20.95,\N
20508912,19.61,\N
20508918,19.32,\N
20508967,18.49,\N
20508997,17.12,\N
20509073,20.71,\N
20509102,19.46,\N
20509191,19.25,\N
20509192,19.27,\N
20509352,20.15,\N
20509353,19.71,\N
20509456,20.57,\N
20509505,21.24,\N
20509520,18.88,\N
20509523,19.25,\N
20509569,21.26,\N
20509821,20.20,\N
20509935,19.43,\N
20510055,21.46,0.200
20510073,18.56,0.451
20510160,20.25,\N
20510190,20.46,\N
20510238,20.72,\N
20510262,19.20,1.284
20510529,21.58,\N
20511002,20.11,\N
20511008,18.55,1.647
20511064,17.53,\N
20511137,18.98,\N
20511243,18.91,1.195
20511520,18.77,\N
20511523,19.39,\N
20511600,17.09,\N
20511684,20.77,0.315
20511777,20.14,0.194
20511808,18.67,0.746
20512234,20.62,\N
20512242,18.44,\N
20512244,17.81,\N
20512245,19.91,\N
20513125,18.31,\N
20513126,21.71,\N
20513138,21.01,\N
20513163,20.78,\N
20513165,19.03,\N
20513170,20.18,\N
20513171,20.48,\N
20513181,20.37,\N
20513182,20.34,\N
20513312,22.06,\N
20513358,19.80,\N
20513472,19.35,\N
20513489,20.12,\N
20513497,17.67,\N
20513529,18.27,\N
20513550,17.18,1.451
20513572,19.24,\N
20513711,21.30,\N
20513776,18.70,\N
20513916,19.28,\N
20514041,15.65,5.272
20514150,21.53,\N
20514568,19.22,\N
20514571,20.42,\N
20514596,19.72,\N
20514597,20.25,\N
20514652,18.31,0.741
20514846,22.62,\N
20514914,20.09,\N
20515010,18.96,\N
20515049,19.30,0.351
20515082,20.68,\N
20515335,18.71,\N
20515446,20.39,\N
20515639,21.72,\N
20515742,20.83,\N
20515767,21.17,\N
20516154,19.35,\N
20516155,20.07,\N
20516396,20.64,\N
20516398,20.35,\N
20516420,19.10,\N
20516423,18.62,\N
20516428,17.73,\N
20516435,21.40,\N
20516454,18.65,\N
20516457,19.86,\N
20516641,19.70,\N
20516734,19.04,\N
20516803,19.52,0.463
20516868,19.10,\N
20516976,21.35,\N
20516984,18.26,1.824
20516986,19.49,\N
20517046,19.54,\N
20517103,19.92,\N
20517681,18.93,\N
20517829,18.39,\N
20518424,18.15,\N
20518426,19.15,\N
20518440,19.42,\N
20518463,16.97,\N
20518469,18.71,\N
20518507,19.94,0.794
20518635,18.17,\N
20518638,19.32,\N
20518640,20.05,\N
20518646,19.12,\N
20518678,17.38,\N
20518735,21.12,\N
20518737,18.99,\N
20518771,18.52,\N
20518810,21.85,0.083
20518847,18.99,\N
20519307,20.27,\N
20519354,21.47,\N
20519504,20.31,\N
20519824,19.41,\N
20520585,21.48,\N
20520808,20.01,0.704
20520862,20.74,\N
20522684,21.13,\N
20523585,18.68,\N
20523586,22.11,\N
20523587,17.55,\N
20523589,17.79,1.851
20523590,21.12,\N
20523592,17.80,\N
20523593,19.28,\N
20523594,22.87,\N
20523595,18.37,0.658
20523596,19.72,\N
20523598,20.77,\N
20523599,19.64,\N
20523600,19.64,\N
20523602,18.85,\N
20523603,18.61,\N
20523604,18.48,\N
20523605,21.49,\N
20523606,20.34,\N
20523607,17.88,\N
20523608,20.51,\N
20523609,19.53,\N
20523610,18.22,\N
20523611,18.73,\N
20523612,18.30,\N
20523613,17.89,\N
20523614,19.11,\N
20523616,18.70,\N
20523619,18.53,\N
20523621,21.32,\N
20523623,19.72,\N
20523625,19.63,\N
20523626,16.70,\N
20523628,19.49,\N
20523630,16.10,\N
20523631,18.94,0.564
20523632,21.51,0.309
20523633,18.92,\N
20523636,19.42,0.550
20523637,19.53,0.602
20523638,20.29,\N
20523641,17.14,\N
20523648,18.42,\N
20523650,18.59,\N
20523651,18.82,\N
20523654,20.93,\N
20523656,19.29,\N
20523657,20.39,\N
20523660,18.23,\N
20523661,20.79,\N
20523662,20.77,\N
20523663,20.09,\N
20523664,18.52,0.346
20523665,20.05,\N
20523666,21.21,\N
20523667,19.68,\N
20523668,19.61,\N
20523669,18.45,\N
20523670,19.40,\N
20523679,17.83,\N
20523685,20.12,\N
20523694,20.74,\N
20523707,21.41,\N
20523728,22.60,\N
20523732,20.65,\N
20523737,20.64,\N
20523747,18.82,0.873
20523775,19.11,0.279
20523779,18.12,\N
20523781,19.93,\N
20523786,18.43,\N
20523788,19.48,\N
20523792,18.39,\N
20523795,20.47,\N
20523796,20.05,\N
20523799,17.86,\N
20523801,20.02,\N
20523802,18.44,\N
20523803,18.88,\N
20523804,20.31,\N
20523805,19.93,\N
20523806,17.44,\N
20523807,18.55,\N
20523808,19.35,\N
20523809,23.79,\N
20523810,17.23,\N
20523811,20.80,\N
20523812,24.06,\N
20523813,20.66,\N
20523814,20.81,\N
20523815,17.56,\N
20523816,18.14,0.851
20523817,22.34,\N
20523818,21.27,\N
20523819,20.90,\N
20523820,18.20,\N
20523821,20.52,\N
20523822,18.05,\N
20523823,18.33,\N
20523824,19.61,\N
20523826,20.34,0.3
20523828,19.96,\N
20523915,18.57,\N
20523934,20.62,\N
20523941,22.18,\N
20523945,19.05,\N
20523950,20.17,\N
20523966,20.68,\N
20523967,18.12,\N
20523971,21.21,\N
20523972,18.66,\N
20524150,20.65,\N
20524196,18.71,\N
20524268,19.93,\N
20524391,20.60,\N
20524392,17.83,\N
20524459,20.39,\N
20524471,20.36,\N
20524474,19.40,\N
20524475,19.36,\N
20524516,17.43,\N
20524522,20.54,\N
20524530,19.68,\N
20524536,19.08,\N
20524594,18.68,\N
20524597,20.52,\N
20524599,17.24,\N
20524603,19.49,\N
20524974,18.42,\N
20525229,21.17,\N
20525231,20.84,\N
20525234,19.71,\N
20525268,21.43,\N
20525319,19.04,\N
20525356,18.74,\N
20525364,19.63,\N
20525477,19.38,\N
20525484,21.30,\N
20525498,22.11,\N
20525552,18.95,\N
20526238,19.55,\N
20526449,18.89,\N
20526587,20.04,\N
20526670,20.75,\N
20526742,20.47,\N
20526798,22.58,\N
20526825,19.02,\N
20526826,21.28,\N
20526878,19.36,\N
20526898,20.65,\N
20527115,18.96,\N
20527671,19.17,\N
20527715,19.95,\N
20527841,19.61,\N
20527959,19.46,\N
20527977,22.30,\N
20528159,21.50,\N
20528284,21.15,\N
20528507,18.68,\N
20528609,17.61,\N
20528650,19.26,\N
20528756,18.39,\N
20528804,19.02,\N
20528807,22.07,\N
20528857,19.68,\N
20528859,22.21,\N
20529032,17.55,\N
20529366,20.42,\N
20529450,19.27,\N
20529668,17.89,1.778
20529670,19.13,\N
20529718,16.83,1.770
20529720,21.33,0.361
20529752,18.63,\N
20529753,19.65,0.363
20529819,20.86,0.259
20529920,19.38,\N
20529951,21.06,\N
20530085,18.76,\N
20530151,20.69,\N
20530520,21.85,\N
20530531,20.24,0.280
20530743,17.79,\N
20530871,17.25,1.434
20530938,19.29,0.413
20530940,18.18,\N
20530974,20.78,\N
20531060,19.89,\N
20531277,20.30,\N
20531898,21.01,\N
20531899,19.74,\N
20531914,18.41,\N
20531944,21.34,\N
20532058,19.48,\N
20532874,19.64,0.310
20533011,21.85,\N
20533372,20.18,\N
20533541,19.96,\N
20533638,20.39,\N
20533671,15.93,\N
20533722,18.11,0.701
20533990,22.41,\N
20534676,18.53,0.691
20535148,18.38,0.861
20535221,19.07,\N
20535844,21.89,\N
20536531,20.46,\N
20537098,19.15,\N
20537342,20.43,\N
20537395,20.48,\N
20537467,20.40,\N
20537686,18.95,\N
20537829,19.51,0.312
20538085,17.60,\N
20538212,19.35,0.654
20538644,19.46,\N
20538648,19.50,\N
20538979,19.61,\N
20539063,19.12,\N
20539694,21.32,\N
20539856,20.92,\N
20539940,18.00,\N
20543319,20.22,\N
20545274,17.45,\N
20549328,18.96,\N
20549459,17.99,\N
20549948,20.84,\N
20550271,19.77,\N
20551685,21.82,\N
20554126,21.40,\N
20555122,16.97,\N
20558307,17.56,\N
20560563,18.11,\N
20564883,19.32,\N
20564934,19.52,\N
20566540,21.61,\N
20567077,19.21,\N
20567092,17.47,\N
20572822,18.99,\N
20574660,21.00,\N
20576330,18.79,\N
20576763,19.25,\N
20577723,20.17,\N
20580109,20.50,\N
20584604,22.67,\N
20584693,19.72,\N
20585185,20.43,\N
20585310,20.34,\N
20585428,20.97,\N
20585734,22.18,\N
20591179,21.66,\N
20592968,21.66,\N
20594769,19.62,\N
20594913,16.20,\N
20594936,17.75,\N
20594938,18.07,\N
20595116,22.77,\N
20597171,18.92,\N
20598001,20.54,\N
20601696,18.74,\N
20601798,18.21,\N
20604197,20.10,\N
20605070,19.67,\N
20605489,21.11,\N
20605911,19.22,\N
20606367,16.80,\N
20606438,18.20,\N
20606441,19.08,\N
20606605,17.28,\N
20606702,20.10,\N
20606900,20.43,\N
20606908,18.32,\N
20606939,21.80,\N
20608017,19.91,\N
20612012,19.47,\N
20612013,19.29,\N
20612027,20.68,\N
20612050,19.14,\N
20612057,18.99,\N
20612058,18.32,\N
20612061,19.29,\N
20612064,21.14,\N
20612089,20.26,\N
20612091,17.50,\N
20612094,23.27,\N
20612098,19.82,\N
20612103,19.84,\N
20612143,19.84,\N
20612152,19.22,\N
20612162,18.29,\N
20612171,20.27,\N
20612197,22.93,\N
20612199,19.90,\N
20612202,20.53,\N
20612210,20.41,\N
20612227,20.19,\N
20612267,20.91,\N
20612324,17.85,\N
20612326,20.42,\N
20612337,19.45,\N
20612342,19.16,\N
20612343,22.66,\N
20612346,20.93,\N
20612348,18.73,\N
20612356,19.99,\N
20612357,18.60,\N
20612358,21.40,\N
20612362,20.00,\N
20612363,18.70,\N
20612364,20.16,\N
20612380,20.95,\N
20612383,19.37,\N
20612443,21.06,\N
20612472,19.85,\N
20612484,19.14,\N
20612509,21.89,\N
20612522,18.23,\N
20612529,20.13,\N
20612536,20.32,\N
20612541,17.91,\N
20612552,20.21,\N
20612556,19.59,\N
20612558,19.52,\N
20612563,18.49,\N
20612589,19.17,\N
20612593,19.03,\N
20612600,23.02,\N
20612608,17.97,\N
20612723,19.10,\N
20612750,19.34,\N
20612760,22.30,\N
20612777,18.62,\N
20612780,20.16,\N
20612781,19.37,\N
20612786,21.46,\N
20612800,18.97,\N
20612801,19.85,\N
20612813,18.38,\N
20612856,20.75,\N
20612901,19.79,\N
20612922,18.04,\N
20612924,20.28,\N
20612929,18.95,1.201
20612955,20.42,\N
20612970,21.15,\N
20612982,19.70,\N
20612989,20.01,\N
20612991,19.49,\N
20613010,20.23,\N
20613014,18.82,\N
20613096,18.94,\N
20613217,17.63,\N
20613234,18.94,\N
20613286,20.63,\N
20613291,18.99,\N
20613315,20.01,\N
20613397,20.30,\N
20613398,21.25,\N
20613400,23.03,\N
20613401,18.78,\N
20613403,20.23,\N
20613420,20.32,\N
20613422,18.68,\N
20613433,18.15,\N
20613434,18.56,\N
20613439,18.69,\N
20613440,19.67,\N
20613450,19.30,\N
20613471,22.27,\N
20613496,20.22,\N
20613512,18.73,\N
20613527,19.80,\N
20613569,21.95,\N
20613626,19.94,\N
20613676,18.88,\N
20613714,20.82,\N
20613726,21.34,0.260
20613763,20.23,\N
20613775,20.09,\N
20613814,20.20,\N
20613829,21.57,\N
20613862,23.10,\N
20613910,19.11,\N
20613913,17.78,\N
20613939,19.25,0.322
20613940,18.53,\N
20613949,21.42,\N
20613959,20.62,\N
20613964,18.53,\N
20613985,20.35,\N
20613986,20.81,\N
20613995,22.85,0.193
20614088,19.38,\N
20614134,21.65,\N
20614266,16.91,\N
20614313,18.29,\N
20614316,20.25,0.382
20614374,16.71,\N
20614406,18.67,\N
20614417,17.97,\N
20614427,19.83,\N
20614433,20.58,\N
20614449,17.85,\N
20614470,18.38,\N
20614478,19.12,\N
20614521,19.92,0.280
20614599,18.31,1.671
20614603,18.52,1.168
20614643,18.87,0.493
20614689,20.28,\N
20618348,20.22,0.160
20618350,19.91,\N
20619034,19.14,\N
20619106,20.11,\N
20619492,20.48,\N
20619920,19.74,\N
20619926,18.98,\N
20620000,19.95,\N
20620055,17.76,\N
20620056,20.53,\N
20620058,19.70,\N
20620059,20.12,\N
20620061,20.70,\N
20620062,19.68,\N
20620063,18.59,\N
20620064,18.21,\N
20620066,19.86,\N
20620067,19.33,\N
20620068,19.80,\N
20620069,17.96,\N
20620070,18.59,\N
20620071,19.64,\N
20620072,19.17,\N
20620073,20.41,\N
20620076,17.00,\N
20620077,20.55,\N
20620078,19.32,\N
20620079,19.27,\N
20620080,18.40,\N
20620082,19.88,\N
20620083,18.30,\N
20620084,19.29,\N
20620085,20.12,\N
20620089,19.43,\N
20620090,17.42,\N
20620091,17.87,1.248
20620092,18.35,\N
20620093,20.20,\N
20620094,18.98,1.374
20620095,17.71,\N
20620096,19.86,\N
20620097,18.89,\N
20620098,18.64,\N
20620099,20.95,\N
20620100,21.35,\N
20620101,21.01,\N
20620102,18.63,\N
20620103,18.78,\N
20620104,18.48,\N
20620105,19.49,\N
20620106,20.25,\N
20620107,19.56,\N
20620108,20.98,\N
20620844,19.43,\N
20621890,20.91,\N
20621911,18.83,\N
20622484,19.51,\N
20622577,19.71,\N
20622591,18.82,\N
20623769,19.29,\N
20625646,20.71,\N
20625788,19.35,\N
20625991,21.41,\N
20627157,21.50,\N
20627523,19.25,\N
20628250,22.25,\N
20651565,19.47,\N
20654647,20.15,\N
20657084,17.83,\N
20658883,17.30,\N
20659609,19.78,\N
20659952,20.16,\N
20659955,19.27,\N
20660096,20.23,\N
20660483,19.80,\N
20660599,18.48,\N
20661492,15.64,\N
20662203,19.47,\N
20662390,20.00,\N
20662564,19.59,\N
20663005,18.38,\N
20663216,19.12,\N
20663491,19.06,\N
20663927,20.15,\N
20664078,22.11,\N
20664220,18.45,\N
20665151,17.83,\N
20665250,18.77,\N
20665326,21.57,\N
20665382,18.88,\N
20665390,21.69,\N
20665429,19.91,\N
20666220,21.73,\N
20666241,22.04,0.118
20666332,19.85,\N
20666360,20.23,\N
20666673,19.67,\N
20666729,18.72,\N
20666966,17.96,\N
20667255,20.68,\N
20667303,21.55,\N
20668499,22.32,\N
20668727,20.15,\N
20668779,23.75,\N
20668935,17.56,\N
20668949,19.27,\N
20669051,20.08,\N
20669555,21.11,\N
20669608,20.04,\N
20670011,20.08,\N
20670246,19.24,\N
20670295,18.91,\N
20670610,20.48,\N
20670931,20.10,\N
20671076,22.32,\N
20671243,20.04,\N
20671294,17.89,\N
20671970,20.05,\N
20672457,19.80,\N
20672531,18.74,\N
20672745,19.05,\N
20672881,17.72,\N
20673011,20.00,\N
20673566,20.25,\N
20673675,22.50,\N
20673677,19.00,\N
20673713,20.87,\N
20674207,20.16,\N
20674590,22.00,\N
20674942,19.72,\N
20675214,20.89,\N
20675481,17.82,0.492
20675603,20.94,\N
20675689,20.56,\N
20675797,17.55,\N
20676261,17.89,1.990
20676362,19.96,0.686
20676480,21.08,\N
20677578,19.68,\N
20677579,17.78,\N
20677600,19.96,\N
20677781,21.74,\N
20678010,19.18,\N
20678263,19.58,\N
20678413,18.76,\N
20678715,18.34,\N
20678861,18.10,\N
20678899,19.83,\N
20678927,20.56,\N
20678964,22.40,\N
20678976,21.68,\N
20678989,19.06,\N
20679164,19.00,\N
20679337,19.19,\N
20679420,19.58,\N
20679440,19.10,\N
20679648,23.85,\N
20679655,20.11,\N
20679656,21.06,\N
20679657,20.04,\N
20679756,23.13,\N
20679757,19.99,\N
20679786,21.22,\N
20679814,21.05,\N
20679829,18.36,\N
20679885,21.18,\N
20679969,20.87,\N
20686964,19.68,\N
20688126,21.07,\N
20688841,18.77,\N
20690253,19.49,\N
20693691,19.19,\N
20696314,20.14,\N
20696513,20.91,\N
20699726,18.01,\N
20706765,20.78,0.379
20707657,18.62,\N
20709992,18.92,\N
20710271,19.04,\N
20712200,20.39,\N
20719002,20.35,\N
20719194,19.87,\N
20719979,17.63,\N
20723136,19.95,\N
20723661,18.84,0.848
20726196,20.02,0.615
20738442,17.21,2.730
20741081,21.67,\N
20741126,20.15,\N
20741232,21.47,\N
20741491,17.99,\N
20741537,19.41,0.307
20741640,19.66,\N
20742415,20.71,\N
20742677,18.50,\N
20743213,18.47,\N
20743995,18.21,\N
20744103,19.11,\N
20744281,18.24,\N
20744852,20.23,\N
20745227,20.66,\N
20745311,21.48,\N
20746190,20.32,\N
20746192,20.32,\N
20746333,22.89,\N
20746849,17.95,\N
20747011,20.24,\N
20747127,18.95,\N
20747164,18.02,\N
20748147,18.88,\N
20748258,20.38,\N
20748283,17.77,\N
20748318,19.24,\N
20748611,17.53,\N
20748940,17.23,\N
20749081,18.93,0.453
20749593,20.04,0.233
20749629,18.05,\N
20749995,18.39,\N
20749996,18.57,\N
20750500,21.38,0.242
20751530,16.87,\N
20751784,18.46,\N
20752033,18.80,\N
20752296,19.84,\N
20752877,18.70,\N
20753099,16.63,\N
20753131,18.87,1.403
20754217,19.06,\N
20755140,22.18,\N
20755902,19.04,\N
20755919,18.79,\N
20755963,18.05,\N
20756064,18.88,\N
20756065,21.14,\N
20756170,20.96,\N
20756248,19.96,\N
20756316,17.71,\N
20756327,21.08,\N
20756476,21.40,\N
20756519,17.31,\N
20756710,19.25,\N
20756769,18.59,\N
20756876,17.99,\N
20756880,19.84,\N
20756955,18.14,\N
20756956,17.50,\N
20756957,19.88,\N
20756958,18.43,\N
20756994,18.93,\N
20756995,18.96,\N
20756998,19.50,\N
20761121,18.79,\N
20762379,21.41,\N
20771893,20.85,\N
20775475,20.12,\N
20776617,19.45,\N
20778852,20.47,0.511
20779817,19.58,\N
20780896,18.86,\N
20781912,18.21,\N
20783796,19.38,\N
20784199,21.42,\N
20784815,20.71,\N
20785648,20.27,\N
20786229,19.49,0.936
20786479,21.38,\N
20786484,20.91,\N
20787933,18.29,\N
20788042,18.70,\N
20788283,17.99,\N
20789058,18.84,\N
20789529,18.98,\N
20789530,19.88,\N
20790012,21.38,\N
20790039,19.17,\N
20790064,18.71,\N
20790747,18.58,\N
20790748,19.58,\N
20790911,19.66,\N
20791223,21.20,\N
20791587,21.61,\N
20791942,21.09,\N
20791983,20.71,\N
20792104,19.68,\N
20792156,19.68,\N
20793297,18.14,\N
20793349,19.81,\N
20793384,19.61,\N
20793531,21.71,\N
20793565,20.79,\N
20793578,18.62,\N
20793950,19.25,\N
20793962,18.38,\N
20794283,19.67,\N
20794730,19.79,\N
20794904,22.30,\N
20795322,19.72,\N
20795378,19.69,\N
20795661,17.84,\N
20795994,21.25,\N
20795995,20.86,\N
20796068,18.60,\N
20796120,23.00,\N
20796132,20.60,\N
20796478,19.78,\N
20796585,19.80,\N
20796734,20.56,\N
20797155,18.26,\N
20797455,22.32,\N
20797489,20.33,\N
20797490,20.16,\N
20797508,20.33,\N
20797571,21.71,\N
20797684,20.48,\N
20797937,19.58,\N
20797988,20.81,\N
20798099,21.79,\N
20798171,19.19,\N
20798412,20.05,\N
20798730,20.13,\N
20798790,20.20,\N
20799061,21.05,\N
20799164,17.87,\N
20800056,18.47,\N
20800599,19.88,\N
20801525,20.60,\N
20801944,19.72,\N
20802885,17.67,\N
20803308,18.93,\N
20803401,19.98,\N
20804323,20.23,\N
20804325,21.38,\N
20804841,20.75,\N
20805071,19.70,\N
20805737,22.64,\N
20805893,18.52,\N
20805936,20.91,\N
20806009,20.94,\N
20806713,20.88,\N
20806899,19.76,\N
20807393,20.85,\N
20808521,19.33,\N
20808588,18.86,\N
20808862,20.76,\N
20809043,19.68,\N
20809561,21.25,\N
20809699,19.38,\N
20809757,18.12,\N
20809875,20.63,\N
20810074,18.99,\N
20811221,22.58,\N
20812544,18.87,\N
20812769,19.89,\N
20813064,20.04,\N
20813247,20.03,\N
20813475,19.52,\N
20813870,18.70,\N
20813899,19.91,\N
20815335,20.78,\N
20816502,18.00,\N
20817368,21.07,\N
20817851,18.73,\N
20817966,20.26,\N
20818015,20.18,\N
20818155,19.95,\N
20818298,18.98,\N
20819229,20.87,\N
20819287,19.44,\N
20819795,20.27,\N
20820090,20.11,\N
20821523,19.31,\N
20824839,17.32,\N
20825328,22.41,\N
20825486,20.46,\N
20825909,20.59,\N
20826212,19.18,\N
20826387,20.18,\N
20826640,21.44,\N
20826663,21.87,\N
20826726,17.70,\N
20826749,18.61,\N
20826775,20.60,\N
20826799,19.85,\N
20826847,17.64,\N
20826869,19.40,\N
20826914,20.80,\N
20826936,21.37,\N
20826941,19.54,\N
20826946,19.36,\N
20827103,20.29,\N
20827121,21.42,\N
20827146,19.34,\N
20827552,18.48,\N
20827574,18.63,\N
20827991,22.40,\N
20828093,19.09,\N
20828399,18.11,\N
20828465,19.50,\N
20828534,19.47,1.316
20829223,22.28,\N
20829386,21.11,\N
20830406,19.55,\N
20830529,18.53,\N
20831325,18.73,\N
20831340,17.95,\N
20831781,19.77,0.731
20832667,18.30,\N
20832994,19.36,0.285
20833009,19.64,0.277
20833459,19.72,0.543
20835475,18.52,\N
20835579,19.62,\N
20835889,19.74,\N
20836356,21.88,\N
20836372,18.31,\N
20836411,18.93,\N
20836755,19.27,\N
20837134,19.80,\N
20837253,21.67,\N
20837449,18.36,\N
20837610,21.49,\N
20837683,21.15,\N
20838181,18.18,\N
20838545,19.03,\N
20839444,19.86,\N
20839546,18.81,\N
20839556,19.11,\N
20841508,20.00,\N
20841631,19.02,1.417
20841645,23.17,\N
20841703,19.25,0.620
20841704,20.14,\N
20841851,19.74,\N
20842474,19.39,\N
20842527,21.75,\N
20842528,17.33,2.230
20843003,20.87,0.199
20843079,18.71,\N
20843295,17.62,\N
20843651,17.72,0.681
20843691,20.33,\N
20844394,23.07,\N
20844507,21.21,\N
20844707,19.52,\N
20845303,20.93,\N
20845838,19.91,\N
20846080,19.00,\N
20846169,21.87,\N
20846374,19.80,\N
20846509,18.83,\N
20846584,19.87,\N
20846655,19.13,\N
20847034,18.75,\N
20847260,19.07,\N
20847304,19.30,\N
20847328,20.54,\N
20847344,22.11,\N
20847349,19.91,\N
20847353,18.65,\N
20847364,19.36,\N
20847431,21.51,\N
20847517,19.72,\N
20847576,19.42,\N
20847906,19.75,\N
20848125,19.91,\N
20848953,20.09,\N
20848974,18.84,\N
20849066,18.38,\N
20849426,18.01,\N
20849725,18.97,\N
20849742,18.93,\N
20849775,19.11,\N
20849800,19.50,\N
20849833,19.80,\N
20849835,19.81,\N
20849877,20.96,\N
20849935,19.62,\N
20850338,19.99,\N
20850450,19.68,\N
20850536,19.98,\N
20850956,18.83,\N
20850976,19.24,\N
20851470,19.82,\N
20851471,18.30,\N
20851534,17.33,\N
20851933,19.90,\N
20853110,19.50,\N
20853358,21.99,\N
20853424,17.84,\N
20853531,18.31,\N
20853873,20.70,\N
20854275,18.25,\N
20855077,18.35,\N
20855197,18.24,\N
20855525,18.98,\N
20856574,20.29,\N
20856903,19.68,\N
20856955,18.93,\N
20856979,18.96,\N
20857380,17.74,\N
20857421,18.78,\N
20857478,19.14,\N
20857494,20.06,\N
20857541,19.12,\N
20857652,18.19,\N
20857653,19.34,\N
20858130,15.73,\N
20858610,19.40,\N
20858620,19.97,\N
20859061,19.00,\N
20859365,18.95,\N
20859487,18.83,\N
20859506,20.10,\N
20859524,19.41,\N
20859642,19.07,\N
20859716,21.00,\N
20859815,18.75,\N
20860019,19.72,\N
20860288,22.08,\N
20860375,20.24,\N
20860519,21.05,\N
20860591,19.74,\N
20861115,19.05,\N
20861128,16.27,4.613
20861366,19.42,\N
20862524,19.26,0.296
20863777,17.70,\N
20863778,20.40,\N
20864101,19.63,\N
20864393,18.70,\N
20864405,18.11,\N
20865465,20.02,\N
20866329,22.14,\N
20866580,19.43,\N
20866876,18.28,\N
20867840,24.30,\N
20868894,21.14,\N
20868895,20.09,\N
20869228,19.22,\N
20869521,20.24,\N
20869522,21.79,\N
20869984,19.44,\N
20870028,19.07,\N
20870296,18.05,\N
20870462,20.84,\N
20871181,21.31,\N
20871271,19.35,\N
20871399,19.61,\N
20871972,18.43,\N
20872436,20.37,\N
20872502,20.75,\N
20872737,21.47,\N
20872894,22.08,\N
20872932,19.52,\N
20872992,20.25,\N
20873204,19.83,\N
20873893,19.21,\N
20874272,19.12,\N
20874493,21.39,\N
20874728,19.33,\N
20874868,18.42,\N
20874981,19.71,\N
20875006,21.03,\N
20875047,20.05,\N
20875056,21.60,\N
20875163,20.88,0.383
20875181,21.05,\N
20875182,18.68,\N
20875188,19.22,\N
20875192,19.60,\N
20875207,20.44,\N
20875236,22.52,\N
20875249,18.81,\N
20875272,21.27,\N
20875461,20.34,\N
20875493,20.68,\N
20875496,21.21,\N
20875565,18.94,\N
20875754,21.62,\N
20875759,21.42,\N
20875786,19.29,\N
20875832,20.42,\N
20875863,20.02,\N
20875904,20.12,\N
20875992,18.98,\N
20876021,19.78,\N
20876034,19.59,\N
20876049,18.65,\N
20876091,18.78,\N
20876174,20.54,\N
20876393,21.81,\N
20876446,20.47,\N
20876453,20.16,\N
20876588,22.23,\N
20876653,20.89,\N
20876813,20.27,\N
20876841,20.96,\N
20876912,21.71,\N
20876954,21.97,\N
20876982,19.21,\N
20876995,18.82,\N
20877413,19.27,0.313
20877458,19.28,\N
20877685,21.55,0.124
20877717,22.04,\N
20877718,20.77,\N
20877756,19.43,\N
20877808,19.88,\N
20877855,22.01,\N
20877877,21.37,\N
20877915,19.66,\N
20877916,21.30,\N
20878008,19.21,\N
20878228,18.09,3.079
20878285,20.98,\N
20878293,21.57,\N
20878300,17.58,\N
20878384,18.93,\N
20878420,20.48,\N
20878421,16.75,\N
20878692,18.61,\N
20878706,20.80,\N
20878758,19.92,\N
20878899,20.04,\N
20879232,19.34,\N
20879426,20.49,\N
20879537,20.46,\N
20879598,18.96,\N
20879864,18.25,\N
20879908,20.32,\N
20880019,20.37,\N
20880080,20.93,\N
20880116,18.88,\N
20880302,22.90,\N
20880750,18.66,\N
20881303,18.44,\N
20881898,20.13,\N
20882173,18.61,\N
20882273,19.67,\N
20882782,21.48,\N
20882844,24.68,\N
20882845,18.56,\N
20883024,20.19,\N
20883073,21.36,\N
20883081,21.94,\N
20883088,20.91,0.174
20883378,18.24,1.862
20883465,20.08,\N
20883607,18.27,\N
20883801,20.52,\N
20884011,19.52,\N
20884090,20.41,\N
20884186,18.43,\N
20884385,17.77,\N
20884403,19.43,\N
20884785,20.60,\N
20884793,20.58,\N
20884829,19.56,\N
20884842,18.21,\N
20884903,20.58,\N
20884904,20.11,\N
20884943,19.24,\N
20885020,20.18,\N
20885021,20.47,\N
20885067,21.49,\N
20885120,20.48,\N
20885268,19.81,\N
20885322,19.04,\N
20885347,21.28,\N
20885376,18.34,\N
20885377,19.93,\N
20885551,21.40,\N
20885552,19.89,\N
20885617,19.19,\N
20885677,22.59,\N
20885992,21.18,\N
20886039,19.80,\N
20886097,22.00,\N
20886138,18.59,\N
20886139,20.88,\N
20886181,19.83,\N
20886275,20.57,\N
20886345,20.58,\N
20886371,18.34,\N
20886456,19.84,\N
20886505,19.68,\N
20886605,19.91,\N
20886606,18.57,\N
20886662,18.80,\N
20886663,19.98,\N
20886700,18.39,\N
20886709,18.73,\N
20886732,21.44,\N
20886819,22.90,\N
20886832,21.48,\N
20886858,20.49,\N
20886859,23.37,\N
20886889,21.57,\N
20886890,18.62,\N
20886933,21.50,\N
20886985,18.72,\N
20886986,20.84,\N
20887017,19.80,\N
20887030,18.18,\N
3012393,18.60,\N
3005804,18.06,\N
3092100,19.85,\N
3092101,19.06,\N
3092102,23.50,\N
3092104,28.60,\N
3002856,20.14,\N
3092105,23.40,\N
3092106,26.00,\N
3092107,28.40,\N
3003148,26.50,\N
3005816,28.30,\N
3092109,23.70,\N
3005818,18.80,\N
3092111,25.30,\N
3005831,25.00,\N
3005851,19.95,\N
3092112,26.40,\N
3092113,26.20,\N
3005864,21.17,\N
3092114,26.40,\N
3092115,25.90,\N
3005871,20.77,\N
3092117,27.10,\N
3005874,26.00,\N
3005877,29.00,\N
3005896,26.00,\N
3092118,25.40,\N
3092119,20.34,\N
3092120,23.50,\N
3012399,20.30,\N
3092121,25.90,\N
3005920,28.50,\N
3092122,25.20,\N
3092123,24.20,\N
3092124,25.50,\N
3092125,27.40,\N
3005942,19.83,\N
3005943,20.08,\N
3092127,23.40,\N
3092128,20.32,\N
3092129,22.70,\N
3092130,21.00,\N
3092131,27.70,\N
3005969,22.40,\N
3092132,18.68,\N
3092133,28.20,\N
3092134,22.60,\N
3005973,21.76,\N
3092135,25.50,\N
3092136,23.00,\N
3006176,26.50,\N
3007932,23.00,\N
3092138,20.78,\N
3007722,20.10,\N
3006207,22.66,\N
3007950,24.00,\N
3092139,23.20,\N
3092140,22.30,\N
3092141,22.70,\N
3008008,20.74,\N
3008064,22.30,\N
3008028,27.30,\N
3092142,20.89,\N
3092143,24.70,\N
3008362,20.23,\N
3008375,22.79,\N
3008376,20.43,\N
3092144,23.72,\N
3092146,24.40,\N
3092147,23.19,0.208
3009014,21.50,\N
3009026,21.00,\N
3009067,19.20,\N
3009117,24.50,\N
3092151,23.90,\N
3092152,20.00,\N
3092153,23.70,\N
3092154,22.11,\N
3092155,24.20,\N
3092156,25.40,\N
3009542,19.33,\N
3009717,20.70,\N
3009749,27.50,\N
3092157,22.80,\N
3092158,22.67,\N
3010077,21.50,\N
3092160,19.36,\N
3010346,19.82,\N
3010679,20.26,\N
3010682,20.01,\N
3010396,24.50,\N
3092161,24.60,\N
3007490,19.39,\N
3010734,23.20,\N
3092162,23.00,\N
3092163,25.20,\N
3092164,22.20,\N
3092165,23.30,\N
3092166,19.60,\N
3007574,20.88,\N
3007859,19.53,\N
3007642,24.53,\N
3092168,24.36,\N
3092169,20.34,\N
3011167,21.47,\N
3007925,26.50,\N
3007053,26.00,\N
3092170,27.00,\N
3092171,20.30,\N
3184472,25.01,\N
3092172,27.20,\N
3011573,21.50,\N
3012991,21.48,\N
3011965,19.70,\N
3012996,21.00,\N
3092174,21.27,\N
3013024,19.09,\N
3092175,23.20,\N
3092176,24.42,\N
3013039,20.80,\N
54179903,25.77,\N
3092181,19.16,\N
3092182,20.60,\N
3013623,19.17,\N
3092184,19.50,\N
3013061,23.50,\N
3012392,25.91,0.011
3013645,20.43,\N
3013648,20.40,\N
3013651,24.00,\N
3013658,24.00,\N
3092186,18.55,\N
3014153,20.70,\N
3014162,20.67,\N
3092188,22.90,\N
3013664,19.34,\N
3014781,21.50,\N
3092193,21.80,\N
3014110,21.41,\N
3014184,24.09,\N
3014112,20.68,\N
3092194,19.27,\N
3015796,19.30,\N
3015823,18.94,\N
3092196,22.70,\N
3092197,23.40,\N
3014683,20.90,\N
3092198,21.60,\N
3092199,19.08,\N
3015692,22.45,\N
3092201,20.99,\N
3015694,22.65,\N
3092202,21.90,\N
3092203,19.80,\N
3015695,21.85,0.150
3092205,19.49,\N
3092206,18.76,\N
3016524,20.96,\N
3064315,22.80,\N
3017307,18.48,\N
3017308,21.00,\N
3017309,24.29,\N
3092212,19.10,\N
3092213,21.90,\N
3018330,27.30,\N
3017729,25.20,\N
3019075,19.00,\N
3019077,21.90,\N
3092214,20.78,\N
3092215,19.09,\N
3019624,19.68,\N
3019079,23.40,\N
3092216,23.20,\N
3018335,22.50,\N
3019631,20.26,\N
3092217,22.49,\N
3019083,19.88,\N
3092220,20.10,\N
3092221,24.50,\N
3020950,19.90,\N
3020976,22.22,\N
3092224,21.50,\N
3092225,22.20,\N
3019646,18.04,\N
3092227,20.52,\N
3019647,21.12,\N
3092228,22.10,\N
3022007,20.70,\N
3092229,19.19,\N
3022013,20.49,\N
3022026,20.16,\N
3023165,21.70,\N
3023021,20.48,\N
3022995,21.10,\N
3092231,22.50,\N
3023018,20.70,\N
3022933,23.80,\N
3023012,21.32,\N
3022035,20.20,\N
3022935,22.50,\N
3092232,22.40,\N
3023064,20.70,\N
3024682,20.28,\N
3023213,24.36,\N
3022970,20.76,\N
3022971,22.75,\N
3023157,23.30,\N
3024692,21.07,\N
3024695,19.58,\N
3024696,20.50,\N
54402375,20.96,\N
3023216,21.60,\N
3092234,23.70,\N
3022973,23.60,\N
3022972,21.85,\N
3022974,19.94,\N
3092235,22.10,\N
3023285,23.40,\N
3092236,19.51,\N
3092237,21.87,\N
3022975,21.50,\N
3092238,21.88,\N
3092239,19.83,\N
3092241,20.57,\N
3092242,23.67,\N
3092243,23.80,\N
3092244,25.10,\N
3092245,25.39,\N
3024030,26.70,\N
3024715,17.69,\N
3024714,20.56,0.811
3092247,22.60,\N
3025760,21.10,\N
3025766,22.44,0.316
3029456,22.40,\N
3026912,25.30,\N
3029650,23.32,\N
3029651,19.58,0.955
3092248,22.60,\N
3029670,19.74,\N
3031701,22.36,\N
3092249,24.60,\N
3031751,18.66,\N
3028805,21.22,\N
3034813,19.56,\N
3028806,21.10,\N
3031776,24.10,\N
3028810,19.81,\N
3031172,19.90,\N
3031814,24.80,\N
3031176,23.43,\N
3092253,22.51,\N
3031184,18.70,\N
3092255,21.30,\N
3035165,20.66,\N
54506152,20.59,\N
3036128,20.94,\N
3036140,20.08,\N
3092257,18.67,\N
3092258,22.20,\N
3036336,19.16,\N
3092259,19.40,0.477
3076412,20.00,\N
3036363,23.70,\N
3092260,22.30,\N
3092261,24.02,\N
3035245,21.81,\N
3092262,25.40,\N
3035252,21.75,\N
3042552,20.09,\N
3043880,19.61,\N
3043885,17.44,\N
3092264,19.03,\N
3092266,19.54,\N
3038472,21.61,\N
3042555,29.00,\N
3193003,19.86,\N
3046647,20.80,\N
3046648,20.20,\N
3092267,22.95,\N
3046843,20.50,\N
3047101,20.47,\N
3046120,21.10,\N
3092268,24.30,\N
3092269,22.04,\N
3053778,20.02,\N
3046124,19.48,\N
3046125,21.55,\N
3092270,24.20,\N
3054041,19.97,\N
3065692,20.26,\N
3065636,20.50,\N
3067537,22.30,\N
3092271,22.06,\N
3061255,20.00,\N
3065556,20.85,\N
3046149,22.33,0.149
3067545,24.00,\N
3092273,21.60,\N
3067559,23.00,\N
3063594,20.30,\N
3063595,17.71,\N
3061702,19.80,\N
3066079,22.16,\N
3050514,24.10,\N
3061707,21.10,\N
3061726,20.04,\N
3061746,20.57,\N
3061790,19.40,\N
3067565,24.80,\N
3061794,20.56,\N
3054334,24.50,\N
3054338,27.30,\N
3062448,20.20,\N
3054374,24.70,\N
3067588,22.60,\N
3067589,23.50,\N
3067590,24.90,\N
3050517,21.05,\N
3062723,21.61,\N
3054373,25.30,\N
3063789,23.90,\N
3068617,23.90,\N
3054375,21.97,\N
3065518,22.63,\N
3092274,21.04,\N
3063058,22.57,\N
3092275,23.40,\N
3092276,22.42,\N
3063064,25.80,\N
3092277,23.40,\N
3070712,24.50,\N
3076549,20.79,\N
3063080,23.20,\N
3071222,21.70,\N
3065540,21.08,\N
3092278,23.80,\N
3057546,24.80,\N
3072800,18.97,\N
3092279,22.40,\N
3070547,22.70,\N
3092280,21.30,\N
3092281,20.19,\N
3057549,23.88,\N
3069008,20.86,\N
3065184,18.81,\N
3067492,24.02,\N
3069224,18.79,\N
3067828,24.60,\N
3076813,22.60,\N
3092284,21.75,\N
3070723,19.08,\N
3068066,26.00,\N
3071939,23.20,\N
3072969,23.90,\N
3072545,20.22,\N
3092285,20.07,\N
3092286,24.60,\N
3072405,19.01,\N
3092287,21.56,\N
3092288,25.00,\N
3092289,18.77,\N
3069758,23.92,\N
3070801,22.74,\N
3076609,22.60,\N
3076610,19.26,\N
3076622,23.00,\N
3070749,25.30,\N
3070541,18.66,\N
3071762,22.38,\N
3072196,24.50,\N
3078275,21.00,\N
3092292,23.40,\N
3092293,23.87,\N
3071766,21.44,\N
3092294,22.16,\N
3071767,20.60,\N
3072273,24.80,\N
3071769,20.14,\N
3092295,21.68,\N
3076737,17.27,\N
54509645,21.38,\N
3072291,27.50,\N
3076747,19.88,\N
3076772,20.47,\N
3076773,20.41,\N
3092296,24.30,\N
3076774,26.40,\N
3074752,21.85,\N
3078253,20.49,\N
3074753,19.80,\N
3077082,20.30,\N
3092297,20.60,\N
3092298,23.80,\N
3076783,21.00,\N
3076784,20.27,\N
3076812,21.50,\N
3076899,20.29,\N
3092299,26.00,\N
54221661,18.23,\N
3077026,23.91,\N
3092300,20.56,\N
3076814,19.81,\N
3079018,20.60,\N
3077854,24.10,\N
3092301,22.78,\N
3078262,20.73,\N
3079888,19.44,\N
3079905,21.40,\N
3092303,24.00,\N
3079913,21.78,\N
3092304,23.20,\N
3080816,20.76,\N
3092305,21.66,\N
3091293,20.21,\N
3079950,21.70,\N
3080986,19.45,\N
3079958,20.53,\N
3081029,23.10,\N
3080778,19.61,\N
3092306,21.40,\N
3080850,22.90,\N
3091694,21.30,\N
3091713,21.30,\N
3091716,19.43,\N
3091723,19.76,\N
3091724,22.50,\N
3091760,23.00,\N
3091784,21.20,\N
3091894,19.84,\N
3092308,22.80,\N
3091895,19.09,\N
3081292,24.40,\N
3091994,24.50,\N
3080637,22.27,\N
3092068,18.23,\N
3092069,23.97,\N
3092312,22.54,\N
3092313,21.75,\N
3092314,19.30,\N
3080993,24.10,\N
3092315,20.74,\N
3092076,19.26,\N
3092316,22.60,\N
3092085,19.98,\N
3092092,23.50,\N
3092319,23.40,\N
3082922,22.67,\N
3092326,20.22,\N
3092356,20.32,\N
3092327,19.37,\N
3092328,20.01,\N
3082923,21.95,\N
3092358,19.70,\N
3092330,23.10,\N
3092331,25.10,\N
3092332,22.80,\N
3092333,22.60,\N
3092334,20.44,\N
3092337,19.90,0.34
3092338,22.20,\N
3082928,25.70,\N
3092363,20.30,\N
3459879,20.11,\N
3092365,21.67,\N
3082930,21.50,\N
3082929,19.82,\N
3092341,22.17,\N
3092096,25.10,\N
3092342,19.69,\N
3092343,25.30,\N
54509646,27.74,\N
54506153,25.55,\N
3092345,18.42,\N
3092346,24.40,\N
3092369,20.70,\N
3092347,25.10,\N
3092372,25.00,\N
3092374,22.00,\N
3092375,21.50,\N
3092381,20.70,\N
3092384,18.92,\N
3092385,19.40,\N
3092387,22.90,\N
3092389,24.10,\N
3092390,25.70,\N
3092391,19.36,\N
3092393,20.60,\N
3092395,22.21,\N
3092397,21.30,\N
3092398,22.70,\N
3092400,22.70,\N
3092402,23.40,\N
3092403,20.86,\N
3092404,21.54,\N
3092408,25.50,\N
3092406,24.90,\N
3092413,20.69,\N
3092414,27.60,\N
3092415,22.50,\N
3092417,20.70,\N
3092418,19.80,\N
3092496,20.36,\N
3092478,20.90,\N
3092419,18.40,\N
3092474,21.29,\N
3092475,25.60,\N
3092476,25.00,\N
3092477,20.45,\N
3092479,21.03,\N
3092480,22.00,\N
3092483,25.10,\N
3092484,25.30,\N
3092487,21.61,\N
3092490,20.22,\N
3092493,23.60,\N
3092515,20.40,\N
3092499,23.03,\N
3092504,20.23,\N
3092506,27.40,\N
3092508,22.80,\N
3092516,23.86,\N
3092517,21.34,\N
3092519,25.00,\N
3092520,19.40,\N
3092521,22.60,\N
3092522,21.76,\N
3102665,22.10,\N
3102670,26.00,\N
3102668,21.39,\N
3102669,19.20,\N
3102674,23.20,\N
3102681,23.80,\N
3102683,22.10,\N
3102686,19.71,\N
3102688,24.80,\N
3102694,22.16,\N
3102695,19.86,\N
3102697,22.00,\N
3102699,23.60,\N
3102700,21.96,\N
3102701,23.80,\N
3102702,20.80,\N
3102703,21.84,\N
3102704,24.93,\N
3102705,24.40,\N
3102706,20.90,\N
3102708,19.71,\N
3102709,25.40,\N
3102710,21.33,\N
3102713,22.00,\N
3102714,23.19,\N
3102715,21.10,\N
3102716,19.90,\N
3102717,20.57,\N
3102734,19.90,\N
3102719,20.74,\N
3102761,20.46,\N
3102724,20.90,\N
3102728,20.86,\N
3102729,21.40,\N
3102730,20.50,\N
3102731,23.28,\N
3102739,18.94,\N
3102738,20.70,\N
3102741,19.96,\N
3102742,22.26,\N
3102743,21.38,\N
3102752,21.23,\N
3102756,23.05,0.175
3102758,21.50,\N
3102762,24.10,\N
3102766,21.00,\N
3102767,24.60,\N
3102764,19.20,\N
3102770,21.50,\N
3102771,24.50,\N
3102774,21.30,\N
3102777,26.20,\N
3102776,20.60,\N
3102778,24.10,\N
3102780,21.74,\N
3102782,17.17,\N
3102783,22.51,\N
3102784,22.62,0.152
3102785,20.90,\N
3102786,20.10,0.84
3114012,21.27,\N
3114014,19.20,\N
3114020,20.20,\N
3114018,21.74,\N
3114022,23.80,\N
3114023,26.10,\N
3114026,24.80,\N
3114028,20.80,\N
3114030,25.16,\N
3114032,27.30,\N
3114033,26.90,\N
3114034,24.40,\N
3114037,20.80,0.16
3114051,21.10,\N
3114052,21.67,\N
3114056,22.30,0.13
3114073,20.30,\N
3114074,26.10,\N
3114075,22.00,\N
3114077,23.80,\N
3114105,22.57,\N
3114106,23.40,\N
3117412,23.20,\N
3117413,20.91,\N
3117418,20.25,\N
3117424,21.35,\N
3117427,24.40,\N
3117428,21.38,\N
3117430,23.84,\N
3117429,20.90,\N
3117432,21.96,\N
3117433,20.59,\N
3117434,21.90,\N
3117435,20.00,\N
3117436,24.80,\N
3117439,22.20,\N
3157486,21.58,\N
3117441,26.60,\N
3117446,24.53,\N
3117458,21.40,\N
3117459,20.64,\N
3117460,21.57,\N
3117461,21.00,\N
3117467,24.80,\N
54133139,20.16,\N
3120863,26.30,\N
3120862,23.20,\N
3120867,23.50,\N
3120869,23.30,\N
3120870,22.50,\N
3120885,21.92,\N
3120886,22.50,\N
3120888,20.73,\N
3120893,20.75,\N
3120891,24.70,\N
3120892,19.57,\N
3120896,22.71,\N
3120902,20.48,\N
3120904,20.46,\N
3124998,21.00,\N
3125002,23.20,\N
3125005,19.24,\N
3125007,26.20,\N
3126182,23.23,\N
3126183,24.30,0.028
3126226,22.30,\N
3127232,20.90,\N
3127385,20.99,\N
3127387,24.38,\N
3127389,22.40,\N
3127391,22.48,\N
3127392,19.94,\N
3127393,20.30,\N
3127399,24.30,\N
3127400,22.10,\N
3127403,21.45,\N
3127408,23.05,\N
3709286,21.20,\N
3127411,23.70,\N
3127412,21.70,\N
3127413,22.50,\N
3130457,21.29,\N
3130460,21.92,\N
3130461,19.25,\N
3130462,19.90,\N
3130464,24.20,\N
3131063,19.00,\N
3484142,19.26,\N
3132091,20.73,\N
3132126,20.63,\N
3132127,24.80,\N
3132128,21.90,\N
3132507,20.90,\N
3132508,20.79,\N
3132510,20.40,\N
3132512,20.00,\N
3132513,20.10,\N
3132515,21.20,\N
3132516,23.40,\N
3132517,21.50,\N
3132520,24.10,\N
3133153,18.51,\N
54444003,21.57,\N
3133157,19.64,\N
3134255,20.30,\N
3134259,21.48,\N
3137689,22.20,\N
3134277,20.79,\N
3134261,20.80,\N
3134262,20.95,\N
3134269,25.40,\N
3134274,24.90,\N
3134279,20.35,\N
3134280,22.80,\N
3136724,22.91,\N
3136725,19.68,\N
3136727,20.52,\N
3136726,23.00,\N
3136729,20.76,\N
3136730,23.10,\N
3137829,20.20,\N
3136733,21.04,\N
3137721,20.26,\N
3137725,21.00,\N
3137727,23.87,\N
3137731,24.60,\N
3137732,26.80,\N
3137734,23.10,\N
3137735,23.90,\N
3137736,25.50,\N
3137737,23.39,\N
3137738,20.92,\N
3137739,18.56,\N
3137744,23.90,\N
3137844,25.90,\N
3137845,22.80,\N
3137846,22.70,\N
3137848,21.72,\N
3137850,18.81,\N
3137853,26.40,\N
3137852,18.54,\N
3137851,19.07,\N
3137854,21.92,\N
3137864,24.40,\N
3137865,21.68,\N
3141523,21.10,\N
3141525,22.39,\N
3141528,26.50,\N
3141532,21.10,\N
3141533,22.40,\N
3141531,21.80,\N
3141536,24.90,\N
3141537,22.10,\N
3141539,22.90,\N
3143112,21.81,\N
3143094,20.00,\N
3143081,20.32,\N
3143082,24.10,\N
3143084,24.30,\N
3143085,26.30,\N
3143086,26.10,\N
3143089,19.43,\N
3143090,19.70,\N
3143095,22.80,\N
3143110,18.60,\N
3143117,20.04,\N
3143120,19.49,\N
3143121,21.88,\N
3143141,20.70,\N
3144143,24.00,\N
3144144,21.98,\N
3144145,21.69,\N
3144148,21.40,\N
3144150,22.10,\N
3144152,24.20,\N
3144154,23.76,\N
3144508,21.78,\N
3144510,23.90,\N
3144511,24.90,\N
3144513,20.70,\N
3144518,21.30,\N
3144521,22.50,\N
3144531,22.80,\N
3144532,18.98,\N
3145495,25.28,\N
3145497,22.70,\N
3145502,24.31,\N
3145504,22.25,\N
3145506,25.30,\N
3145507,21.79,\N
3145510,20.70,\N
3145515,21.22,\N
3145519,20.22,\N
3145520,21.90,\N
3146499,21.01,\N
3146500,25.30,\N
3146501,24.90,\N
3146503,19.63,\N
3147006,21.84,\N
3147312,20.61,\N
3147314,24.95,\N
3147315,24.26,\N
3147323,21.05,\N
3147542,21.30,\N
3147545,24.70,\N
3147547,22.10,\N
3147550,25.50,\N
3147552,23.60,\N
3147555,21.53,\N
3147556,25.80,\N
3147579,23.60,\N
3147580,19.09,1.129
3147581,20.50,\N
3147586,20.60,\N
3148443,23.10,\N
3148445,20.37,\N
3150188,21.31,\N
3150189,20.75,\N
3150190,24.30,\N
3150191,26.10,\N
3150193,26.30,\N
3150194,22.42,\N
3150196,20.05,\N
54166393,25.23,\N
3150768,24.50,\N
3150769,23.93,\N
3150771,19.37,\N
3150772,20.39,\N
3150775,23.00,\N
3150776,22.60,\N
3150778,22.90,\N
3151442,19.90,\N
3151443,23.30,\N
3151641,23.00,\N
3151644,21.09,\N
3151645,20.80,\N
3151646,23.42,\N
3151652,23.30,\N
3151655,22.61,\N
3152305,26.70,\N
3152307,22.10,\N
3152333,19.79,\N
3152311,24.10,\N
3152313,22.20,\N
3152314,21.97,\N
3152315,21.59,\N
3152316,22.90,\N
3152317,21.34,\N
3152318,22.17,\N
3152319,22.50,\N
54271398,19.52,\N
3152320,18.92,\N
3152321,18.42,\N
3152322,24.70,\N
3152323,22.00,\N
3153509,22.11,\N
3153510,20.14,\N
3153514,27.00,\N
3153516,22.16,\N
3153517,19.21,\N
3153530,24.80,\N
3154349,26.40,\N
3154350,24.60,\N
3154351,22.90,\N
3154352,24.30,\N
3154487,20.00,\N
3154491,25.20,\N
3154492,22.30,\N
3154493,21.39,\N
3154494,17.88,\N
3154495,20.79,\N
3154507,23.30,\N
3154511,20.90,\N
3154520,25.20,\N
3154521,23.20,\N
3154522,25.80,\N
3156302,24.71,\N
3157017,23.80,\N
3157020,20.42,\N
3157021,23.60,\N
3157022,21.21,\N
3157028,20.86,\N
3157031,20.62,\N
3157332,21.44,\N
3157334,19.84,\N
3157333,18.96,\N
3157340,20.30,\N
3157483,18.83,\N
3157489,23.35,\N
3157768,23.20,\N
3157783,20.80,\N
3158115,22.85,\N
3158116,24.20,\N
3158118,19.72,\N
3158119,22.30,\N
3158120,19.29,\N
3158121,21.75,\N
3158122,26.80,\N
3158126,21.83,\N
3158140,20.03,\N
3159882,21.48,\N
3159886,21.70,\N
3159888,23.00,\N
3159889,21.20,\N
3159890,23.40,\N
3159894,19.58,\N
3160723,25.50,\N
3160724,18.70,1.507
3160726,26.50,\N
3160727,20.06,\N
3160728,19.43,\N
3160732,18.20,\N
3160733,21.70,\N
3160734,26.40,\N
3160735,22.97,\N
3160737,21.23,\N
3160747,26.00,\N
3160741,21.95,\N
3160742,22.20,\N
3160745,21.60,\N
3160748,29.10,\N
3160783,22.90,\N
3160785,19.68,\N
3160787,19.81,\N
3160791,22.70,\N
3160790,20.22,0.856
3160789,19.23,\N
3160795,24.90,\N
3160793,21.39,\N
3160792,20.66,\N
3160794,27.50,\N
3160797,22.40,\N
3160841,30.10,\N
3160846,24.30,\N
3160847,19.90,\N
3160848,22.26,\N
3160853,21.36,\N
3160852,22.86,\N
3160850,19.81,\N
3163738,21.90,\N
3163739,21.32,\N
3163740,22.90,\N
3163741,20.57,\N
3163762,20.34,\N
3163743,28.10,\N
3163744,19.60,\N
3163745,19.58,\N
3163746,20.39,\N
3163747,23.30,\N
3163749,24.30,\N
3163748,20.28,\N
3163751,24.90,\N
3163752,22.40,\N
3163754,23.90,\N
3163759,23.90,\N
3163758,25.50,\N
3163757,24.90,\N
3164401,23.27,\N
3164402,18.95,\N
3164405,24.30,\N
3164406,22.03,\N
3164408,24.70,\N
3164410,21.20,\N
3164411,20.23,\N
3164412,22.60,\N
3164413,23.30,\N
3164414,24.10,\N
3164415,25.50,\N
3164416,19.18,\N
3164417,24.79,\N
3164431,26.80,\N
3165472,19.29,\N
3166087,24.61,\N
3167340,19.24,\N
3167343,23.45,\N
3167345,21.65,\N
3167346,22.42,\N
3167348,21.87,\N
3167355,19.60,\N
3167358,22.50,\N
3167363,22.30,\N
3167365,26.60,\N
3167364,23.05,\N
3167366,20.22,\N
3167367,28.00,\N
3167368,19.19,\N
3167369,24.40,\N
3167371,21.28,\N
3169265,20.40,\N
3169271,22.00,\N
3169269,25.90,\N
3169270,19.28,\N
3169272,26.70,\N
3169273,26.40,\N
3169274,25.50,\N
3170235,24.40,\N
3170228,18.00,\N
3170238,24.90,\N
3170212,21.80,\N
3170213,22.00,\N
3170242,22.20,\N
3170244,19.60,\N
3170247,22.20,\N
3170215,20.21,\N
3170216,20.60,\N
3170204,21.60,\N
3170218,21.00,\N
3170245,29.10,\N
3170225,25.80,\N
3170226,23.80,\N
3170221,26.50,\N
3170237,24.50,\N
3170205,22.90,\N
3170231,21.60,\N
3170208,25.24,\N
3170209,19.13,\N
3170210,20.52,\N
3170232,18.90,\N
3170233,24.40,\N
3172312,19.30,\N
3172313,22.50,\N
3172316,21.20,\N
3172317,24.40,\N
3172322,24.58,\N
3172325,24.00,\N
3172327,23.95,\N
3172328,21.70,\N
3172329,22.40,\N
3172331,21.96,\N
3172332,25.90,\N
3172333,22.50,\N
3172334,21.20,\N
3174192,18.94,\N
3174184,24.40,\N
3174186,26.10,\N
3174187,22.19,\N
3174190,19.37,\N
3174196,18.27,0.962
3174197,24.45,\N
3174198,23.10,\N
3174201,20.20,\N
3174202,21.05,\N
3174205,25.40,\N
54506155,19.81,\N
3174211,23.60,\N
3174214,24.70,\N
3174215,20.25,\N
3175324,24.39,\N
3175325,23.70,\N
3175326,19.10,\N
3175327,20.40,\N
3175328,21.40,\N
3175334,21.30,\N
3175335,24.40,\N
3175336,26.10,\N
3176186,20.70,\N
3176187,28.00,\N
3177177,21.98,\N
3177178,21.70,\N
3177193,26.70,\N
3177197,24.40,\N
3177200,20.77,\N
3177201,23.92,\N
3177191,23.20,\N
3177198,23.02,\N
3177199,21.85,\N
3177202,26.41,\N
3177204,21.01,\N
3177205,25.30,\N
3177206,26.30,\N
3177208,24.34,\N
3177210,25.40,\N
3177211,21.10,\N
3177212,23.30,\N
3177213,25.10,\N
3177214,23.10,\N
3177216,24.50,\N
3177218,26.80,\N
3177219,20.21,\N
3177220,27.10,\N
3177223,21.03,\N
3177224,26.10,\N
3177225,25.50,\N
3177227,21.14,\N
3177229,24.00,\N
3177230,24.17,\N
3177232,26.00,\N
3177233,24.00,\N
3177235,24.29,\N
3177237,21.97,\N
3177238,27.10,\N
3249978,29.48,\N
3179347,20.07,\N
3179348,23.70,\N
3179352,21.00,\N
3179353,24.30,\N
3179354,21.50,\N
3179358,23.90,\N
3179359,23.10,\N
3179360,24.10,\N
3179362,23.90,\N
3179364,24.80,\N
3179361,26.80,\N
3179365,26.50,\N
3179366,23.33,\N
3180145,22.60,\N
3180146,21.70,\N
3180147,23.47,\N
3180149,21.10,\N
3180152,20.38,\N
3180153,22.54,\N
3180156,25.40,\N
3180176,26.00,\N
3180179,23.60,\N
3180180,20.96,\N
3180181,22.70,\N
3180182,21.50,\N
3180183,19.70,\N
3180184,23.60,\N
3180185,23.35,\N
3180186,22.26,\N
3180192,27.20,\N
3182164,22.50,\N
3182174,20.52,\N
3182169,23.74,\N
3182170,20.90,\N
3182171,22.70,\N
3182173,17.62,\N
3182180,23.80,\N
3182181,23.60,\N
3182183,26.20,\N
3182184,25.30,\N
3182185,24.00,\N
3182188,21.02,\N
3182189,21.19,\N
3182820,25.50,\N
3182822,20.80,\N
3182823,23.96,\N
3182826,23.60,\N
3182828,20.93,\N
3182830,21.50,\N
3182831,26.10,\N
3182832,27.10,\N
3183834,21.60,\N
3183835,24.40,\N
3183840,22.70,\N
3183841,24.10,\N
3183842,23.20,\N
3183844,22.30,\N
3183846,21.12,\N
3183847,25.00,\N
3183850,25.60,\N
3183851,21.68,\N
3183852,18.34,\N
3183853,21.80,\N
3183855,25.10,\N
3184150,23.37,\N
3184152,24.60,\N
3184153,23.20,\N
3184154,25.27,\N
3184156,25.60,\N
3184157,22.30,\N
3184158,23.50,\N
3184160,19.30,1.258
3184470,22.18,\N
3184473,24.90,\N
3184474,19.60,\N
3184478,19.73,\N
3184479,21.70,\N
3248660,24.50,\N
3248669,24.40,\N
3248670,23.50,\N
3248672,21.30,\N
3248699,27.00,\N
3248865,21.20,\N
3248972,24.61,\N
3249035,22.80,\N
3249142,19.51,\N
3249181,24.50,\N
3249182,20.10,\N
3249183,22.50,\N
3249184,24.55,\N
3249232,20.69,\N
3249348,26.70,\N
3249531,25.10,\N
3249532,18.80,\N
3249705,25.30,\N
3249704,21.60,\N
3249785,19.80,\N
3249864,20.70,\N
3249865,22.30,\N
3249983,21.72,\N
3249980,24.40,\N
3249982,19.46,\N
3250108,26.90,\N
3250109,21.30,\N
3250110,25.90,\N
3250193,21.40,\N
3250194,25.30,\N
3250196,22.90,\N
3250293,27.90,\N
3250294,24.20,\N
3251424,20.83,\N
3251425,24.40,\N
3251444,19.68,\N
3251448,21.01,\N
3251517,21.07,\N
3251513,21.40,\N
3251515,23.70,\N
3251516,23.60,\N
3251589,20.50,\N
3251590,24.40,\N
3251712,22.12,\N
3251885,20.60,\N
3251886,19.17,\N
3251887,26.40,\N
3251889,19.12,\N
3252103,25.00,\N
3252104,23.30,\N
3252105,25.80,\N
3252344,20.70,\N
3252345,24.30,\N
3252347,21.28,\N
3252348,20.70,\N
3252349,19.00,\N
3252350,21.10,\N
3252570,22.70,\N
3252572,26.10,\N
3252915,21.30,\N
3252917,22.50,\N
3754553,23.28,\N
3253149,26.10,\N
3253150,23.80,\N
3253151,21.90,\N
3253643,25.30,\N
3253644,20.53,\N
3253645,24.20,\N
3254259,24.40,\N
3254498,23.03,\N
3254920,18.89,\N
3254921,25.80,\N
3255169,26.60,\N
3255170,23.10,\N
3255171,26.30,\N
3255172,24.90,\N
3255174,25.66,\N
3255328,24.70,\N
3255465,22.70,0.291
3255879,23.29,\N
3255979,21.80,\N
3256043,19.29,\N
3256319,21.50,\N
3256321,22.18,\N
3256322,24.20,\N
3256323,20.95,\N
3256326,25.10,\N
3256328,21.30,\N
3256425,21.23,\N
3256426,24.40,\N
3256427,24.00,\N
3256581,24.00,\N
3256583,23.10,\N
3256739,20.23,\N
3257024,24.00,\N
3257025,22.20,\N
3257026,21.20,\N
3257077,24.90,\N
3257078,23.35,\N
3257080,20.65,\N
3257091,21.36,\N
3257201,23.10,\N
3258062,28.10,\N
3258075,20.66,\N
3258076,26.69,\N
3260293,17.81,\N
3261398,22.14,\N
3261400,23.10,\N
3261401,24.60,\N
3261680,21.80,\N
3261681,24.10,\N
3261768,19.93,\N
3261769,25.04,\N
3261919,25.70,\N
3262243,24.80,\N
3262244,22.10,\N
3262409,22.30,\N
3262569,26.10,\N
3262691,24.02,\N
3262792,21.10,\N
3263232,24.16,\N
3263233,24.00,\N
3263234,26.00,\N
3263235,21.69,\N
3263252,24.10,\N
3263254,24.47,\N
3263336,21.11,\N
3263414,22.16,\N
3263415,19.58,\N
3263448,22.44,0.240
3263533,25.66,\N
3263535,21.38,\N
3263536,19.95,\N
3263538,22.90,\N
3263539,21.87,\N
3263540,20.97,\N
3263615,20.30,\N
3263613,21.80,\N
3263616,23.40,\N
3263660,21.00,\N
3263661,26.20,\N
3263662,19.30,\N
3263791,19.90,\N
3263792,25.11,\N
3264085,26.20,\N
3264086,24.90,\N
3264188,25.60,\N
3264189,24.00,\N
3264190,24.90,\N
3264224,24.40,\N
3264225,20.34,\N
3264323,21.40,\N
3264324,20.70,\N
3264322,21.30,\N
3264547,22.84,\N
3264549,29.30,\N
3264722,19.40,\N
3265390,23.20,\N
3265391,24.40,\N
3265469,26.10,\N
3265470,20.30,\N
3265791,24.20,\N
3265792,21.41,\N
3265824,20.59,\N
3265904,25.20,\N
3265906,24.33,\N
3265908,25.10,\N
3266031,26.70,\N
3266032,25.36,\N
3266033,25.40,\N
3266034,24.00,\N
3266177,27.50,\N
3266178,19.19,\N
3266179,23.99,\N
3266180,18.19,\N
54219798,19.77,\N
3266506,21.44,\N
3266944,25.60,\N
3267071,26.14,\N
3267067,23.70,\N
3267065,23.13,\N
3267144,24.80,\N
3267202,26.20,\N
3267312,25.40,\N
3267204,24.50,\N
3267313,22.70,\N
3267343,23.70,\N
3267370,23.90,\N
3267403,23.80,\N
3267405,23.70,\N
3267564,25.30,\N
3267565,22.56,\N
3267783,20.39,\N
3273445,19.79,\N
3273446,20.94,\N
3273453,19.44,\N
3273458,23.70,\N
3273459,26.80,\N
3273482,20.70,\N
3273481,23.10,\N
3273495,22.93,\N
3273522,23.00,\N
3273523,23.01,\N
3273524,21.30,\N
3273785,23.83,\N
3273784,24.80,\N
3273786,20.90,\N
3273789,20.80,\N
3273790,20.30,\N
3273787,25.02,\N
3273783,20.88,\N
3273791,22.90,\N
3273833,23.80,\N
3273967,23.40,\N
3273968,25.40,\N
3273969,25.80,\N
3273970,20.71,\N
3273971,20.83,\N
3273972,22.13,\N
3274163,24.20,\N
3274164,24.90,\N
3274165,22.90,\N
3274166,22.06,\N
3274167,24.80,\N
3274302,19.66,\N
3274303,23.97,\N
3274304,22.29,\N
3274305,25.30,\N
3274489,23.29,\N
3274491,24.28,\N
54506156,19.73,\N
3274493,25.20,\N
3274691,24.50,\N
3274690,21.25,\N
3274693,24.06,\N
3274696,24.60,\N
3274695,23.40,\N
3274905,26.90,\N
3274999,18.67,\N
3275203,19.30,\N
3275508,20.67,\N
3275506,22.20,\N
3275511,26.90,\N
3275512,20.03,\N
3275513,22.70,\N
3275514,20.54,\N
3275673,21.90,\N
3275973,22.60,\N
3275974,26.50,\N
3275976,24.30,\N
3275977,23.78,\N
3275978,22.14,\N
3276097,25.40,\N
3276216,20.61,\N
3276397,21.70,\N
3276439,20.03,\N
3276440,25.50,\N
3276441,21.71,\N
3276443,24.24,\N
3276444,22.74,\N
3276446,25.70,\N
3276600,24.90,\N
3276686,26.47,\N
3276917,22.46,\N
3276997,22.40,\N
3276999,21.07,\N
3277069,23.40,\N
3277463,24.40,\N
3277464,20.70,\N
3277568,19.69,\N
3277569,25.70,\N
3277570,21.70,\N
3277571,25.70,\N
3277639,20.90,\N
3277640,20.13,\N
3277704,22.27,\N
3277815,24.90,\N
3277897,24.60,\N
3277999,24.40,\N
3278000,18.22,\N
3278002,19.11,\N
3278080,20.11,\N
3278078,21.79,\N
3278181,21.50,\N
3278182,24.70,\N
3278321,19.04,\N
3278402,24.70,\N
3278744,21.73,\N
3278966,20.60,\N
3279191,21.17,\N
3279221,21.71,\N
3279270,26.80,\N
3279271,23.00,\N
3279375,26.50,\N
3279376,23.53,\N
3279436,26.20,\N
3279435,19.50,\N
3279609,19.69,\N
3279676,19.11,\N
3279740,20.90,\N
3283184,20.51,\N
3279827,23.30,\N
3279865,21.30,\N
3279866,26.90,\N
3279958,23.30,\N
3279998,19.59,\N
3283217,25.50,\N
3283218,21.73,\N
3283219,20.63,\N
3283227,20.24,\N
3283245,19.20,\N
3283246,22.51,\N
3283248,20.79,\N
3283250,19.92,\N
3283445,24.20,\N
3283480,21.40,\N
3283520,24.00,\N
3283571,19.01,\N
3283679,21.24,\N
3283780,19.70,\N
3283781,20.89,\N
3283897,22.10,\N
3283898,23.33,\N
3283947,22.40,\N
3283948,26.20,\N
3283950,21.03,\N
3284922,20.90,\N
3284923,20.60,\N
3285074,21.70,\N
3285075,22.40,\N
3285183,23.50,\N
3285184,21.90,\N
3285304,21.20,\N
3285299,20.38,\N
3285302,22.00,\N
3285300,19.76,\N
3285301,26.00,\N
3285298,21.50,\N
3288433,21.30,\N
3288440,20.32,\N
3288478,21.80,\N
3288605,21.70,\N
3288622,24.09,\N
3288788,18.79,1.847
3288853,21.29,\N
3288854,23.69,\N
3288931,19.04,\N
3288933,26.40,\N
3288934,22.33,\N
3289053,22.20,\N
3289054,19.98,\N
3289125,25.10,\N
3289126,20.00,\N
3289172,27.70,\N
3289173,22.84,\N
3289174,20.40,\N
3289175,20.85,\N
3289176,20.43,\N
3289740,20.50,\N
3289742,20.30,\N
3290340,20.64,\N
3291164,21.60,\N
3289177,22.20,\N
3289178,20.38,\N
3289351,22.30,\N
3289743,23.30,\N
3289744,22.30,\N
3289739,22.61,\N
3289745,23.40,\N
3289746,23.73,\N
3289928,22.80,\N
3289929,22.54,\N
3290081,21.20,\N
3290407,20.65,\N
3290632,20.12,\N
3290808,19.77,\N
3290809,20.40,\N
3290856,20.31,\N
3290880,22.40,\N
3291099,25.40,\N
3291100,23.23,\N
3291101,25.30,\N
3291103,26.10,\N
3291165,23.50,\N
3291167,22.40,\N
3291168,22.70,\N
3291169,20.20,\N
3291170,20.49,\N
3291224,21.61,\N
3291225,22.90,\N
3291227,20.14,\N
3291298,24.00,\N
3291347,19.48,\N
3291349,25.90,\N
3291350,20.70,\N
3291351,23.90,\N
3291352,25.50,\N
3292013,26.80,\N
3292014,24.40,\N
3292011,23.20,\N
3292015,27.20,\N
3292017,23.70,\N
3292018,23.50,\N
3292019,23.90,\N
3292020,20.30,\N
3292344,21.20,\N
3292261,24.70,\N
3292262,22.40,\N
3292263,20.80,\N
3292264,23.10,\N
3292345,19.57,\N
3292347,19.50,\N
3292767,25.20,\N
3292769,21.03,\N
3293285,23.30,\N
3293282,23.10,\N
3293284,26.30,\N
3293788,19.80,\N
3293789,20.99,\N
3293790,25.60,\N
3293827,21.53,\N
3293830,26.40,\N
3293831,26.39,\N
3293832,19.05,\N
3293921,20.30,\N
3293922,24.83,\N
3293923,28.00,\N
3293924,28.87,\N
3293925,20.21,\N
3293961,27.30,\N
3293962,26.40,\N
3293969,17.94,\N
3303216,24.06,\N
3295779,19.77,\N
3295781,20.66,\N
3295782,26.10,\N
3295783,23.60,\N
3295784,23.50,\N
3295786,18.78,\N
3295787,25.90,\N
3295789,24.14,\N
3295790,21.60,\N
3295791,26.20,\N
3297180,21.97,\N
3297182,26.20,\N
3297183,20.40,\N
3297184,22.70,\N
3297186,20.57,\N
3297188,23.00,\N
3297202,27.10,\N
3297203,20.12,\N
3297204,21.80,\N
3297205,25.50,\N
3297230,22.17,\N
3297231,24.27,\N
3297352,24.30,\N
3297353,24.30,\N
3297354,25.40,\N
3297358,24.40,\N
3297360,27.50,\N
3297361,21.19,\N
3297363,23.60,\N
3297364,23.30,\N
3297367,24.50,\N
3297368,24.80,\N
3297369,22.90,\N
3297370,27.30,\N
3297371,21.80,\N
3297373,26.50,\N
3297374,19.52,\N
3297375,24.40,\N
3297376,23.60,\N
3297377,23.00,\N
3297378,20.26,\N
3297379,26.40,\N
54502895,20.55,\N
54506157,20.41,\N
3297382,23.00,\N
3297386,24.70,\N
3297388,22.91,\N
3297627,27.90,\N
3297389,25.60,\N
3297391,20.78,\N
3297392,22.24,\N
3297632,23.00,\N
3297633,19.84,\N
3297628,22.60,\N
3297629,26.45,\N
3297630,22.80,\N
3297631,25.10,\N
3297634,26.40,\N
3297635,21.19,\N
3299023,22.60,\N
3299469,20.15,\N
3299470,20.67,\N
3299721,27.00,\N
3299723,22.00,\N
3299814,22.40,\N
3299815,18.45,\N
3299816,24.50,\N
3299947,21.18,\N
3299948,23.00,\N
3303320,24.60,\N
3300165,23.90,\N
3302880,25.20,\N
3303213,21.93,\N
3303215,23.70,\N
3303217,26.90,\N
3303223,27.10,\N
3303219,22.90,\N
3303218,21.72,\N
3303224,23.00,\N
3303309,22.40,\N
3304383,27.70,\N
3304561,29.90,\N
3304562,23.50,\N
3304563,24.90,\N
3304564,24.30,\N
3304565,21.34,\N
3304566,21.23,\N
3304648,23.00,\N
3304649,24.90,\N
3304650,20.63,\N
3304999,19.21,\N
3305000,21.60,\N
3305001,26.30,\N
3305002,20.70,\N
3305003,24.40,\N
3305029,22.60,\N
3305030,19.40,\N
3305031,23.91,\N
3305296,23.40,\N
3305298,26.30,\N
3305485,22.70,\N
3305500,24.30,\N
3305962,26.80,\N
3306399,18.83,\N
3306215,23.90,\N
3309709,17.15,\N
3306401,24.50,\N
3306402,22.80,\N
3306404,19.89,\N
3306405,22.20,\N
3306407,24.30,\N
3306408,23.50,\N
3306579,24.20,\N
3306580,25.70,\N
3306659,24.50,\N
3307058,24.60,\N
3307059,20.10,\N
3307230,20.78,\N
3307231,23.90,\N
3308948,18.73,\N
3308949,24.50,\N
3308950,26.90,\N
3309089,23.10,\N
3309090,19.14,\N
3309091,25.10,\N
3309092,23.76,\N
3309093,19.80,\N
3309286,20.11,\N
3309287,21.60,\N
3309288,23.70,\N
3309476,22.32,\N
3309693,19.20,\N
3309690,20.77,\N
3309827,19.20,\N
3309829,20.96,\N
3309831,24.10,\N
3309832,24.60,\N
3309856,20.85,\N
3309857,25.26,\N
3310464,24.36,\N
3311263,23.90,\N
3311267,20.69,\N
3311675,26.80,\N
3311676,24.20,\N
3311863,23.80,\N
3311864,21.50,\N
3311865,20.60,\N
3311866,24.75,\N
3311867,24.40,\N
3311868,26.30,\N
3311958,23.80,\N
3311959,23.10,\N
3311960,26.30,\N
3311961,21.07,\N
3311962,23.20,\N
3311963,24.92,\N
3311964,21.88,\N
3311965,20.64,\N
3312034,18.41,\N
3312035,19.59,\N
3312036,24.45,\N
3312420,23.40,\N
3312421,24.80,\N
54509648,21.11,\N
3313157,27.60,\N
3313220,23.60,\N
3313555,22.50,\N
3313556,20.70,\N
3313558,29.30,\N
3313559,23.30,\N
3313560,26.50,\N
3313729,26.30,\N
3313730,26.50,\N
3313726,24.60,\N
3313731,25.90,\N
3313732,24.10,\N
3313734,24.50,\N
3313733,25.10,\N
3313735,24.70,\N
3313736,25.30,\N
3313738,26.60,\N
3313739,22.76,\N
3313737,25.80,\N
3313847,23.48,\N
3313972,23.40,\N
3313974,29.10,\N
3313975,23.70,\N
3313976,21.40,\N
3314044,24.50,\N
3314045,21.98,\N
3314046,25.70,\N
3314048,24.20,\N
3314049,24.30,\N
3314050,23.00,\N
3314052,20.54,\N
3314053,29.60,\N
3314201,26.70,\N
3314251,23.90,\N
3314252,25.70,\N
3314253,27.20,\N
3314405,20.11,\N
3314788,26.50,\N
3315004,25.40,\N
3315645,20.32,\N
3315647,20.29,\N
3315651,25.80,\N
3315653,25.40,\N
3321493,21.90,\N
3321495,22.56,\N
3321499,22.80,\N
3321532,20.43,\N
3321534,24.40,\N
3321570,25.40,\N
3321627,21.35,\N
3321628,21.70,\N
3321629,21.23,\N
3321667,21.20,\N
3321668,19.90,\N
3323885,22.50,\N
3323886,24.10,\N
3323887,24.50,\N
3323932,24.70,\N
3323933,19.59,\N
3323934,23.90,\N
3323935,18.39,\N
3323936,21.00,\N
3323937,24.80,\N
3323938,21.02,\N
3323939,26.50,\N
3324065,19.53,\N
3324251,27.10,\N
3324252,26.10,\N
3324254,19.75,\N
3324509,23.90,\N
3324625,28.53,\N
3324626,22.25,\N
3324627,19.58,\N
3324628,25.30,\N
3324629,26.70,\N
3324632,20.10,\N
3324631,21.20,\N
3324656,26.70,\N
3324657,25.80,\N
3324658,22.30,\N
3324685,22.48,\N
3325500,19.20,\N
3325501,22.50,\N
3325502,26.62,\N
3325503,23.60,\N
3325655,20.70,\N
3325670,23.53,\N
3325671,25.00,\N
3325672,25.15,\N
3325673,23.40,\N
3325674,18.58,\N
3325676,22.92,\N
3325677,26.50,\N
3327141,22.40,\N
3327360,22.40,\N
3327361,23.03,\N
3329988,19.35,\N
3328630,24.30,\N
3328633,25.60,\N
3328634,23.10,\N
3328669,22.80,\N
3328730,20.91,\N
3328821,21.50,\N
3328950,20.10,\N
3329226,21.21,\N
3329243,19.50,\N
3329277,21.50,\N
3329279,24.00,\N
3329370,24.10,\N
3329371,20.50,\N
3329605,27.80,\N
3329825,21.30,\N
3329987,25.40,\N
3330049,21.77,\N
3330050,20.90,\N
3330051,26.50,\N
3330156,24.30,\N
3330158,20.20,\N
3330159,24.50,\N
3330160,20.20,\N
3330161,24.40,\N
3330447,21.88,\N
3330680,21.20,\N
3330682,28.00,\N
3330683,20.20,\N
3330685,22.70,\N
3330686,26.20,\N
3330687,24.70,\N
3330688,23.60,\N
3330689,24.40,\N
3330690,19.54,\N
3331069,24.00,\N
3331094,20.40,\N
3331095,25.33,\N
3331096,20.80,\N
3331600,23.90,\N
3331848,25.10,\N
3331849,23.60,\N
3332413,23.70,\N
3332414,20.50,\N
3332534,25.20,\N
3332535,28.40,\N
3332788,24.50,\N
3332789,19.41,\N
3333078,20.01,\N
54425072,19.95,\N
3333273,19.37,\N
3333489,22.20,\N
3333490,19.48,\N
3333576,24.40,\N
3333609,20.68,\N
3333610,21.90,\N
3333612,25.41,\N
3333737,20.59,\N
3333957,23.60,\N
3334361,23.90,\N
3334435,23.20,\N
3334436,18.57,\N
3334438,23.00,\N
3335045,23.90,\N
3335046,22.66,\N
3335047,18.64,0.965
3335048,23.60,\N
3335049,21.41,\N
3335226,20.24,\N
3335227,22.50,\N
3335302,25.50,\N
3335422,21.28,\N
3335304,18.58,\N
3335305,23.80,\N
3335306,23.10,\N
3335421,23.50,\N
3335423,18.75,\N
3335553,24.68,\N
3335424,19.70,\N
3335555,25.00,\N
3335613,20.90,\N
3336867,22.59,\N
3336903,26.80,\N
3337025,22.20,\N
3337063,19.20,\N
3337064,19.56,\N
3337145,22.05,\N
3337293,20.29,\N
3337294,21.50,\N
3337315,25.40,\N
3337559,22.30,\N
3337560,21.60,\N
3337561,21.30,\N
3337591,27.10,\N
3337592,21.28,\N
3337593,23.60,\N
3337594,21.70,\N
3337598,19.50,\N
3337599,19.17,1.415
3337629,19.10,\N
3337711,23.90,\N
3337712,22.70,\N
3337714,19.83,\N
3337733,18.44,\N
3337735,24.90,\N
3337834,19.82,0.365
3337992,19.83,\N
3337993,19.20,\N
3337999,19.57,\N
3338022,23.20,\N
3338137,23.80,\N
3338138,21.37,\N
3338368,19.71,\N
3338519,21.05,\N
3338813,24.02,\N
3338814,20.89,\N
3339081,24.00,\N
3339082,25.90,\N
3339218,22.61,\N
3339220,23.90,\N
3342315,22.00,\N
3339595,20.94,\N
3339667,25.50,\N
3339668,19.12,\N
3340061,27.60,\N
3340060,23.80,\N
3341129,20.30,\N
3341200,21.80,\N
3341510,27.20,\N
3342130,20.79,\N
3342129,23.70,\N
3403148,29.50,\N
3342248,25.80,\N
3342249,25.10,\N
3342316,23.10,\N
3342318,22.00,\N
3342322,22.97,\N
3342643,22.41,\N
3342645,22.84,\N
3342644,19.86,\N
3343104,24.22,\N
3343101,23.20,\N
3343105,21.90,\N
3343102,18.95,\N
3343108,24.00,\N
3343490,26.10,\N
3344169,21.75,\N
3344170,20.79,\N
3344171,26.50,\N
3345236,19.04,\N
3561777,18.73,\N
3345299,26.30,\N
3345300,25.30,\N
3345301,22.60,\N
3345302,28.00,\N
3345303,25.70,\N
3345304,21.53,\N
3346458,24.70,\N
3346459,23.10,\N
3346460,21.50,\N
3346470,21.80,\N
3346474,21.60,\N
3346475,26.10,\N
3346476,24.19,\N
3346477,21.50,\N
3347493,25.30,\N
3347494,24.50,\N
3347497,21.75,\N
3347507,25.66,\N
54075548,19.70,\N
3347502,22.40,\N
3347503,25.90,\N
3348144,23.90,\N
3348146,23.20,\N
3348265,21.16,\N
3348266,20.50,\N
3348448,23.70,\N
3350559,24.20,\N
3350631,25.10,\N
3350637,19.50,\N
3350634,20.90,\N
3350635,20.24,\N
54473957,21.57,\N
54524512,20.29,\N
3351040,22.40,\N
3351041,22.30,\N
3351217,23.90,\N
3351219,26.10,\N
3351221,25.50,\N
3351222,21.27,\N
3351224,19.41,\N
3351481,21.21,\N
3351830,24.50,\N
3351831,23.80,\N
3351832,26.30,\N
3351833,18.47,\N
3351834,21.95,\N
3351835,21.60,\N
3352549,21.90,\N
3352550,24.20,\N
3352551,26.60,\N
3352689,20.29,\N
3353631,24.90,\N
3353632,20.20,\N
3353633,28.00,\N
3354731,23.45,\N
3354736,24.50,\N
3354737,21.51,\N
3354738,25.10,\N
3354739,27.90,\N
3354954,23.10,\N
3354955,25.50,\N
3354956,23.60,\N
3354958,18.94,\N
3355845,27.30,\N
3355869,24.90,\N
3355871,19.84,0.887
3355873,25.10,\N
3356887,21.90,\N
3358114,20.90,\N
3358115,19.70,\N
3358116,21.10,\N
3358117,19.16,\N
3358219,26.00,\N
3358222,24.78,\N
3358223,22.75,\N
3358224,19.72,\N
3358520,26.60,\N
3358521,23.20,\N
3358522,21.46,\N
3358670,23.60,\N
3358672,20.80,\N
3358690,24.70,\N
3359024,23.18,\N
3359094,27.20,\N
3359096,25.10,\N
3359266,28.20,\N
3359270,20.12,\N
3359271,22.80,\N
3359272,25.90,\N
3359276,22.30,\N
3359277,24.40,\N
3359279,20.23,\N
3359281,23.38,\N
3359282,19.84,\N
3359284,23.40,\N
3360225,22.30,\N
3360226,22.80,\N
3360227,20.28,\N
3360537,24.10,\N
3360538,25.00,\N
3360541,26.50,\N
3360542,27.80,\N
3360543,24.80,\N
3360544,25.60,\N
3360545,25.90,\N
3360546,24.20,\N
3361550,23.30,\N
3361623,26.30,\N
3361624,19.70,\N
3361625,19.13,\N
3361626,20.54,\N
3362875,24.70,\N
3362876,23.80,\N
3362877,24.10,\N
3362878,22.30,\N
3363039,26.89,\N
3363228,26.30,\N
3363333,21.02,\N
3363346,23.25,\N
3363347,23.40,\N
3363348,24.20,\N
3363351,20.59,\N
3363352,21.39,\N
3363353,19.30,\N
3363380,22.00,\N
3363381,20.01,\N
3363420,24.40,\N
3363421,24.23,\N
3363422,20.66,\N
3363429,25.10,\N
3363430,22.50,\N
3363432,25.20,\N
3363695,24.00,\N
3363696,23.40,\N
3363697,23.90,\N
3363698,26.10,\N
3363699,26.16,\N
3363722,24.90,\N
3363723,24.30,\N
54337736,18.36,\N
3363724,23.18,\N
3363725,24.10,\N
3363726,27.30,\N
3363879,21.05,\N
3363908,24.50,\N
3364159,23.90,\N
3364160,21.00,\N
3364161,21.59,\N
3364286,25.40,\N
3364287,22.10,\N
3364288,21.50,\N
3364306,24.10,\N
3364452,22.60,\N
3364629,20.43,\N
3364640,23.20,\N
3364895,23.75,\N
3365921,21.82,\N
3365951,24.60,\N
3365953,21.80,\N
3365954,21.80,\N
3365983,22.10,\N
3365985,24.10,\N
3365986,21.17,\N
3366074,18.90,\N
3366075,18.12,\N
3366078,20.50,\N
3366280,27.80,\N
3366282,25.40,\N
3366605,22.60,\N
3366645,23.42,\N
3366807,21.10,\N
3366808,20.10,\N
3366809,24.10,\N
3366886,22.50,\N
3366887,24.40,\N
3367027,18.84,\N
3367127,22.61,\N
3367128,26.00,\N
3367129,24.80,\N
3367150,21.47,\N
3367717,20.07,\N
3367719,22.15,\N
3367720,25.40,\N
3367721,24.60,\N
3367758,21.75,\N
3367759,24.40,\N
3367829,24.40,\N
3367831,20.90,\N
3367832,27.00,\N
3367842,18.86,\N
3367899,23.60,\N
3367900,25.10,\N
3367902,21.30,\N
3367903,21.10,\N
3367904,23.55,\N
3368185,23.30,\N
3368186,27.00,\N
3368187,21.00,\N
3368247,24.70,\N
3368294,22.40,\N
3368403,27.50,\N
3368404,25.90,\N
3368405,24.30,\N
3368493,20.38,\N
3368494,22.70,\N
3368495,19.66,\N
3368602,25.80,\N
3368731,23.59,\N
3368732,20.38,\N
3368733,25.11,\N
3368734,24.90,\N
3368735,24.30,\N
3368737,26.20,\N
3368739,23.30,\N
3368860,24.60,\N
3368861,21.20,\N
3368866,26.40,\N
3368867,19.06,\N
3369097,22.23,\N
3369098,23.79,\N
3369614,20.80,\N
3371145,19.70,\N
3370021,22.23,\N
3370168,24.54,\N
3370169,27.60,\N
3370278,29.30,\N
3370280,20.97,\N
3370281,21.26,\N
3370282,22.80,\N
3370283,21.10,\N
3370285,24.60,\N
3370286,25.00,\N
3370287,18.96,\N
3370493,25.10,\N
3370494,25.50,\N
3370495,20.86,\N
3370497,26.10,\N
3370498,24.60,\N
3370499,24.20,\N
3370501,25.00,\N
3370502,23.20,\N
3370503,22.84,\N
3370504,22.50,\N
3371135,23.57,\N
3371136,26.90,\N
3371138,23.61,\N
3371139,21.75,\N
3371142,26.68,\N
3371143,26.40,\N
3371146,21.14,\N
3371361,25.60,\N
3371362,19.80,\N
3371363,26.20,\N
3371364,26.10,\N
3371669,21.86,\N
3371670,24.60,\N
3371671,20.50,\N
3371672,23.80,\N
3371673,20.27,\N
3371743,25.50,\N
3371744,20.00,\N
3372208,19.21,\N
3372211,23.30,\N
3372212,24.50,\N
3372213,28.40,\N
3372214,25.60,\N
3372215,27.50,\N
3372216,26.10,\N
3372217,20.00,\N
3372653,19.70,\N
3372733,25.00,\N
3373097,21.56,\N
3373174,21.10,\N
3373617,24.99,\N
3373618,22.60,\N
3373682,22.03,\N
3373684,19.79,\N
3373917,21.25,\N
3373918,22.65,\N
3373919,20.55,\N
3373974,21.90,\N
3373975,21.64,\N
3373976,24.30,\N
3373977,24.00,\N
3373978,21.76,\N
3373980,20.38,\N
3373981,25.20,\N
3374162,22.90,\N
3374350,20.54,\N
3374352,25.60,\N
3374389,24.10,\N
3374390,28.70,\N
3374391,23.60,\N
3374667,27.70,\N
3374668,24.16,\N
3374669,19.80,\N
3374670,20.80,\N
3374671,24.10,\N
3375232,19.43,\N
3375233,25.00,\N
3375501,24.90,\N
3375503,21.27,\N
3376041,21.30,\N
3375696,20.60,\N
3375773,23.50,\N
3376006,23.10,\N
3376262,21.70,\N
3376263,25.90,\N
3376341,24.30,\N
3376342,18.68,\N
3376343,23.60,\N
3376345,25.40,\N
3376346,21.83,\N
3377488,20.31,\N
3377483,20.60,\N
3377484,22.50,\N
3377489,19.07,\N
3377490,23.40,\N
3377520,23.10,\N
3377815,24.60,\N
3377816,22.00,\N
3377868,25.20,\N
3377888,23.20,\N
3378130,24.90,\N
3378131,20.70,\N
3378233,21.30,\N
3378272,22.60,\N
3378273,23.54,\N
3378351,20.06,\N
3378544,25.30,\N
3378545,21.45,\N
3378547,23.53,\N
3378560,26.20,\N
3378561,21.22,\N
3378562,21.21,\N
3378563,23.60,\N
3378731,22.68,\N
3378732,21.10,\N
3378801,20.18,\N
3378803,24.60,\N
3378930,19.50,\N
3379013,20.26,\N
3379434,19.40,\N
3379718,21.23,\N
3379831,23.80,\N
3379832,19.36,\N
3379843,21.30,\N
3379844,20.87,\N
3379897,24.40,\N
3380954,22.10,\N
3380959,20.64,\N
3381085,24.40,\N
3381230,21.36,\N
3381231,22.56,\N
3381232,19.42,\N
3381257,21.46,\N
3381258,22.22,\N
3381259,20.60,\N
3381260,23.50,\N
3381261,20.83,\N
3381347,22.00,\N
3381348,25.50,\N
3381448,20.34,\N
3381449,19.24,\N
3382711,20.67,\N
3382826,20.73,\N
3382866,19.99,\N
3383665,21.60,\N
3383666,22.10,\N
3383667,26.10,\N
3383668,25.80,\N
3383669,22.60,\N
3383670,25.20,\N
3383671,23.50,\N
3383902,30.90,\N
3383901,20.60,\N
3383903,22.80,\N
3383904,20.70,\N
3383905,23.80,\N
3384028,24.73,\N
3384029,25.20,\N
3384030,23.95,\N
3384031,19.80,\N
3384064,23.00,\N
3384066,24.60,\N
3384067,20.88,\N
3384068,20.34,\N
3384069,23.40,\N
3384070,19.20,0.922
3384181,24.60,\N
3384182,23.60,\N
3384183,19.89,\N
3384184,23.20,\N
3384185,23.90,\N
3384187,25.60,\N
3384188,22.80,\N
3384400,25.80,\N
3384401,24.20,\N
3384403,23.78,\N
3384404,23.25,\N
3384405,25.60,\N
3384406,18.25,\N
3384408,21.40,\N
3384480,26.60,\N
3384482,24.70,\N
3384484,22.75,\N
3384485,22.30,\N
3384486,20.03,\N
3384487,26.60,\N
3384488,20.98,\N
3385159,20.30,\N
3385161,25.20,\N
3385162,24.90,\N
3385163,20.87,\N
3385164,18.86,\N
3385643,23.35,\N
3385645,26.20,\N
54518101,22.36,\N
3385825,23.60,\N
3385826,25.50,\N
3385827,24.70,\N
3386133,21.20,\N
3386134,21.46,\N
3386861,25.20,\N
3386862,25.20,\N
3387092,22.68,\N
3387132,22.00,\N
3387334,24.40,\N
3387455,23.70,\N
3387456,25.40,\N
3387457,24.40,\N
3387458,21.88,\N
3387534,24.70,\N
3387547,23.50,\N
3387548,25.90,\N
3387549,18.59,\N
3387550,24.40,\N
3387551,22.10,\N
3387608,25.50,\N
3387609,24.69,\N
3387611,24.00,\N
3387612,25.30,\N
3387613,21.20,\N
3387614,24.30,\N
3387615,21.40,\N
3387616,26.20,\N
3387785,23.00,\N
3387786,25.00,\N
3387789,20.91,\N
3387792,21.05,\N
3388076,28.40,\N
3388078,24.90,\N
3388080,20.42,\N
3388081,21.48,\N
3388311,22.06,\N
3388313,23.30,\N
3388314,27.00,\N
3388315,20.32,\N
3388317,26.10,\N
3388318,24.90,\N
3388319,25.30,\N
3388320,19.99,\N
3388321,22.17,\N
3388354,21.86,\N
3388356,22.62,\N
3388395,25.90,\N
3388396,19.88,\N
3388397,25.70,\N
3388398,23.00,\N
3388400,26.80,\N
3388401,28.30,\N
3388408,24.30,\N
3388409,26.40,\N
3388410,26.50,\N
3388411,24.20,\N
3388485,25.60,\N
3388486,19.82,\N
54111255,21.00,\N
3388487,23.80,\N
3388488,22.00,\N
3388489,25.20,\N
3388886,23.90,\N
3388887,22.73,\N
3388888,21.41,\N
3389195,22.70,\N
3389196,20.40,\N
3389198,21.14,\N
3389200,23.00,\N
3389361,22.37,\N
3389362,25.90,\N
3389363,23.80,\N
3389365,19.32,\N
3389465,23.26,\N
3389466,28.30,\N
3389467,24.05,\N
3389468,25.80,\N
3389469,23.00,\N
3389487,27.30,\N
3389488,23.00,\N
3390107,21.29,\N
3390108,21.51,\N
3390109,28.70,\N
3390647,22.13,\N
3391531,23.40,\N
3391852,20.27,\N
3391853,21.54,\N
3391854,27.20,\N
3392082,20.09,\N
3392083,24.20,\N
3392084,21.08,\N
3392298,24.70,\N
3392299,25.90,\N
3392300,25.10,\N
3392301,24.80,\N
3392302,22.20,\N
3392303,23.10,\N
3392304,24.80,\N
3392305,24.60,\N
3392306,22.70,\N
3392307,24.90,\N
3392308,21.90,\N
3392309,26.10,\N
3392310,21.40,\N
3392364,26.30,\N
3392365,20.53,\N
3392366,26.59,\N
3392367,24.80,\N
3392368,21.50,\N
3392369,20.58,\N
3392370,26.80,\N
3392371,25.10,\N
3392374,27.91,\N
3392375,25.40,\N
3392376,22.50,\N
3392449,21.80,\N
3392450,24.90,\N
3392451,23.10,\N
3393170,24.50,\N
54219802,21.39,\N
3393816,24.40,\N
3393817,25.24,\N
3393818,24.70,\N
3393819,24.10,\N
3393820,27.80,\N
3393821,23.68,\N
3393822,23.60,\N
3394071,24.43,\N
3394072,21.60,\N
3394073,21.70,\N
3394074,26.10,\N
3394075,19.40,\N
3394076,24.54,\N
3394077,25.80,\N
3394535,23.20,\N
3394536,26.00,\N
3394537,25.40,\N
3394539,21.90,\N
3394540,21.20,\N
3394541,22.06,\N
3394542,24.13,\N
3394543,21.00,\N
3394708,19.40,\N
3394709,26.30,\N
3394754,28.30,\N
3394751,19.51,0.505
3394752,23.20,\N
3394753,25.70,\N
3394773,25.10,\N
3394774,21.11,\N
3394775,24.60,\N
3394776,23.60,\N
3394777,22.42,\N
3395309,17.69,\N
3395310,21.00,\N
3395311,22.40,\N
3395313,21.40,\N
3394778,24.70,\N
3394780,25.80,\N
3395953,26.20,\N
3395954,26.20,\N
3395955,24.20,\N
3395956,23.28,\N
3395957,21.40,\N
3395958,23.50,\N
3395959,21.16,\N
3395960,24.20,\N
3395961,23.80,\N
3395963,23.90,\N
3395983,22.50,\N
3395986,19.46,\N
3395987,20.28,\N
3395988,24.30,\N
3395990,27.30,\N
3395991,24.30,\N
3397429,20.06,0.687
3397494,19.90,\N
3397495,24.47,\N
3397496,23.78,\N
3397567,20.34,\N
3397568,22.90,\N
3397570,21.97,\N
3397571,21.66,\N
3397572,21.00,\N
3397573,24.80,\N
3397574,22.90,\N
3397577,20.83,\N
3397856,19.40,\N
3397957,25.50,\N
3397995,20.50,\N
3398022,22.50,\N
3398062,23.00,\N
3398066,27.10,\N
3398063,22.60,\N
3398086,25.10,\N
3398087,25.80,\N
3403929,23.30,\N
3398088,24.85,\N
3398089,23.10,\N
3398090,20.19,\N
3398093,26.06,\N
3398095,19.53,0.532
3398129,18.68,\N
3398131,25.00,\N
3398132,25.30,\N
3398133,20.80,\N
3398134,25.00,\N
3398140,18.30,\N
3398648,22.32,\N
3398649,23.00,\N
3398651,25.80,\N
3398653,26.10,\N
3398654,25.70,\N
3398655,23.40,\N
3398656,22.10,\N
3398740,19.77,\N
3404166,24.10,\N
3398658,20.10,\N
3398754,21.00,\N
3398821,21.50,\N
3399085,26.10,\N
3399119,23.90,\N
3399121,24.70,\N
3399122,21.59,\N
3399546,19.60,\N
3399548,25.03,\N
3399550,22.10,\N
3414953,19.78,\N
3399581,22.13,\N
3399918,19.50,\N
3399919,20.10,\N
3399920,20.60,\N
3399921,22.70,\N
3399922,21.20,\N
3399923,18.98,\N
3399924,23.90,\N
3400185,24.20,\N
3400245,22.90,\N
3400306,24.54,\N
3400308,22.80,\N
3400309,29.70,\N
3400310,23.60,\N
3401100,26.60,\N
3401101,20.61,\N
3401102,24.80,\N
3401103,20.54,\N
3401189,26.00,\N
3401190,22.90,\N
3401192,19.45,\N
3404088,19.84,\N
3401380,26.50,\N
3401381,22.00,\N
3401382,20.34,\N
3401383,27.40,\N
3401384,26.20,\N
3401388,22.60,\N
3401386,24.10,\N
3401387,25.40,\N
3401426,21.57,\N
3401427,23.86,\N
3401432,20.09,\N
3401433,27.70,\N
3401901,22.57,\N
3401902,24.90,\N
3401904,21.02,\N
3402129,20.62,\N
3402130,26.90,\N
3402131,22.01,\N
3402132,23.83,\N
3402133,23.48,\N
3402134,25.30,\N
3402197,24.60,\N
3402198,24.60,\N
3402200,20.60,\N
3402202,24.00,\N
3402203,22.20,\N
3402204,26.40,\N
3402205,26.00,\N
3402206,25.50,\N
3408076,19.63,\N
3402245,27.20,\N
3402246,25.30,\N
3402247,24.45,\N
3402249,24.90,\N
3402250,23.00,\N
3402364,24.90,\N
3402365,19.65,\N
3402646,19.93,\N
3402366,28.10,\N
3402609,24.20,\N
3402612,23.40,\N
3402613,20.30,\N
3402615,26.60,\N
3402616,21.10,\N
3402617,22.90,\N
3402618,23.90,\N
3402620,20.80,\N
3402636,25.09,\N
3402638,25.00,\N
3402639,23.10,\N
3402641,25.53,\N
3402642,25.55,\N
3402643,18.32,\N
3402647,21.80,\N
3402648,24.50,\N
3403073,25.40,\N
3403149,25.80,\N
3403150,20.10,\N
3403151,20.42,\N
3403506,20.62,\N
3404125,21.52,\N
3404126,23.70,\N
3404127,20.90,\N
3404128,23.90,\N
3404129,23.80,\N
3404165,26.90,\N
3404362,23.40,\N
3404364,24.20,\N
3404489,23.50,\N
3404490,26.30,\N
3404491,23.40,\N
3404492,25.60,\N
3404493,24.50,\N
3404494,24.20,\N
3404522,21.90,\N
3404524,22.80,\N
3404525,20.05,\N
3404526,22.21,\N
3404527,24.68,\N
3404528,24.50,\N
3404529,24.20,\N
3404530,24.31,\N
3404531,24.10,\N
3404763,21.42,\N
3404765,23.10,\N
3404767,20.30,\N
3404768,19.71,\N
3404769,24.70,\N
3404782,24.10,\N
3404783,23.80,\N
3405069,25.70,\N
3405070,19.23,\N
3405085,21.29,\N
3405088,23.60,\N
3405100,21.32,\N
3405147,27.00,\N
3405148,22.34,\N
3405149,22.60,\N
3405174,23.90,\N
3405189,27.70,\N
3405191,22.32,\N
3405193,22.50,\N
3405194,25.19,\N
3405195,21.00,\N
3405333,26.70,\N
3405334,29.40,\N
3405335,27.10,\N
3405613,27.05,\N
3405614,29.58,\N
3405338,27.70,\N
3405336,27.50,\N
3405616,21.90,\N
3405617,23.50,\N
3406023,25.40,\N
3406024,24.50,\N
3406025,22.30,\N
3406026,26.80,\N
3406027,26.20,\N
3406330,23.70,\N
3406331,21.12,\N
3406332,29.94,\N
3406333,22.70,\N
3406334,26.80,\N
3406335,25.00,\N
3406336,23.80,\N
3406337,25.10,\N
3406338,28.40,\N
3406339,25.60,\N
3406488,24.20,\N
3406892,23.45,\N
3406893,24.80,\N
3407363,24.10,\N
3407474,19.60,\N
3407475,24.30,\N
3407476,24.80,\N
3407477,27.30,\N
3407478,24.70,\N
3407480,23.44,\N
3407481,26.30,\N
3407482,22.10,\N
3407483,23.10,\N
3407485,27.00,\N
3407608,21.50,\N
3408651,21.27,\N
3407677,22.39,\N
3407680,21.00,\N
3407681,25.00,\N
3407682,20.29,\N
3407941,25.90,\N
3407942,23.10,\N
3407943,24.68,\N
3407944,19.77,\N
3407945,23.48,\N
3407946,20.74,\N
3408011,20.59,\N
3408012,23.80,\N
3408013,20.52,\N
3408077,23.50,\N
3408128,24.90,\N
3408129,25.60,\N
3408130,23.20,\N
3408131,19.55,\N
3408171,22.50,\N
3408173,28.28,\N
3408240,24.00,\N
3408242,22.90,\N
3408243,27.20,\N
3408244,28.30,\N
3408583,25.30,\N
3408584,18.57,\N
3408585,24.90,\N
3408586,22.27,\N
3408587,22.59,\N
3408589,26.30,\N
3408590,20.70,\N
3408591,25.38,\N
3408592,19.33,\N
3408593,23.20,\N
3408679,20.93,\N
3408650,26.60,\N
3408681,22.46,\N
3408682,19.60,\N
3408697,23.16,\N
3409112,18.78,\N
3408698,22.10,\N
3408699,25.90,\N
3409124,22.70,\N
3409431,22.10,\N
3409433,22.30,\N
3409434,24.50,\N
3409435,22.29,\N
3409438,20.49,\N
3409652,25.80,\N
3409623,23.80,\N
3409624,21.99,\N
3409625,25.85,\N
3409626,22.20,\N
3409643,23.70,\N
3409644,23.70,\N
3409645,19.20,\N
3409646,24.46,\N
3409647,25.50,\N
3409648,19.97,\N
3409649,25.00,\N
3409650,23.60,\N
3409651,19.56,\N
3409667,18.85,\N
3409668,23.21,\N
3409686,27.50,\N
3409687,24.80,\N
3409706,23.20,\N
3409707,28.30,\N
3409961,21.25,\N
3409962,26.30,\N
3410620,21.83,\N
3409709,26.50,\N
3409963,25.80,\N
3409965,19.23,\N
3409988,20.68,\N
3409990,20.80,\N
3409991,25.60,\N
3410170,22.80,\N
3410171,24.70,\N
3410172,19.60,\N
3410213,25.30,\N
3410214,18.72,\N
3410341,21.10,\N
3410385,25.00,\N
3410459,20.98,\N
3410474,21.00,\N
3410533,29.60,\N
3410534,26.70,\N
3410576,25.60,\N
3410588,23.70,\N
3410589,18.88,\N
3410622,26.85,\N
3413890,21.30,\N
3412706,24.40,\N
3412748,24.73,\N
3412749,28.20,\N
3412755,21.26,\N
3412756,19.64,\N
3412757,25.10,\N
3412890,23.60,\N
3412891,24.30,\N
3412892,25.10,\N
3412894,20.77,\N
3412895,23.54,\N
3412932,23.20,\N
3412933,21.50,\N
3413073,23.10,\N
3413074,26.70,\N
3413075,24.60,\N
3413076,28.90,\N
3413111,24.78,\N
3413164,24.25,\N
3413165,25.34,\N
3413261,24.40,\N
3414248,19.94,\N
3414251,19.95,\N
3414391,19.85,\N
3414394,21.90,\N
3414400,24.20,\N
3414402,19.76,\N
3414403,22.20,\N
3414424,23.73,\N
3414425,19.23,\N
3414431,25.10,\N
3418109,18.73,\N
3418111,20.30,\N
3419889,22.20,\N
3419890,20.28,\N
3419891,19.70,\N
3421512,24.60,\N
3421944,20.34,\N
3421946,27.30,\N
3422138,22.70,\N
3422140,20.37,\N
3422141,27.10,\N
3422247,22.00,\N
3422248,25.30,\N
3422249,25.20,\N
3422250,19.80,\N
3422252,22.14,\N
3422251,21.61,\N
3422254,23.20,\N
3422536,24.68,\N
3423022,19.90,\N
3423023,24.10,\N
3423024,22.12,\N
3423026,23.70,\N
3423027,22.76,\N
3423199,21.70,\N
3423202,20.41,\N
3423200,21.98,\N
3423201,19.37,\N
3423321,22.42,\N
3423604,21.60,\N
3423762,21.90,\N
3423763,23.20,\N
3423827,22.46,\N
3424289,21.30,\N
3425295,20.79,\N
3425298,20.62,\N
3425605,20.47,\N
3425606,22.50,\N
3425607,24.20,\N
3425609,23.80,\N
3426239,20.72,\N
3426408,19.93,0.453
3426412,22.58,\N
3426409,25.50,\N
3426410,21.34,\N
3426411,23.30,\N
3426634,19.80,\N
3426635,22.40,\N
3426636,21.72,\N
3426637,22.91,\N
3426655,23.00,\N
3426791,22.64,\N
3426672,22.24,\N
3426807,20.90,\N
3426808,21.20,\N
3426809,22.57,\N
3426810,24.40,\N
3426811,22.90,\N
3426812,21.40,\N
3426814,20.21,\N
3427741,20.40,\N
3432142,20.14,\N
3427440,25.00,\N
3427441,21.79,\N
3427442,19.47,\N
3427443,19.52,\N
3427456,23.40,\N
3427457,19.58,\N
3427458,21.84,\N
3427459,22.11,\N
3427460,27.10,\N
3427519,19.58,\N
3427520,19.80,\N
3427522,20.31,\N
3427523,27.20,\N
3427524,19.21,\N
3427525,21.90,\N
3427526,24.60,\N
3427734,18.97,\N
3427737,24.10,\N
3427738,21.70,\N
3427739,24.30,\N
3427740,23.70,\N
3427794,18.33,\N
3427985,21.40,\N
3427986,20.55,\N
3428254,19.44,\N
3428255,23.09,\N
3428257,22.60,\N
3428258,26.10,\N
3428259,24.30,\N
3428343,23.70,\N
3428344,22.06,\N
3428528,22.80,\N
3428529,26.30,\N
3428531,24.70,\N
3428532,24.02,\N
3428533,24.05,\N
3428534,25.59,\N
3428697,23.70,\N
3428698,25.40,\N
3428699,27.75,\N
3428700,21.89,\N
3428701,23.00,\N
3428702,24.90,\N
3428703,26.70,\N
3428705,23.60,\N
3428704,27.50,\N
3429684,25.40,\N
3429686,22.20,\N
3429687,24.00,\N
3429688,25.20,\N
3429689,25.40,\N
3429817,24.50,\N
3429818,23.40,\N
3429820,27.30,\N
3429821,25.10,\N
3429847,19.86,\N
3430291,30.72,\N
3430304,24.90,\N
3430307,25.10,\N
3430308,21.00,\N
3430311,24.24,\N
3430382,20.80,\N
3430384,27.80,\N
3430385,26.20,\N
3430386,25.00,\N
3430403,19.23,\N
3430404,22.47,\N
3430405,20.50,\N
3430406,20.52,\N
3430407,29.00,\N
3430408,20.02,\N
3430489,24.70,\N
3430490,23.42,\N
3430492,23.94,\N
3430493,23.40,\N
3430497,33.20,\N
3430494,23.60,\N
3431598,18.20,\N
3431599,20.02,\N
54506158,22.18,\N
3432561,20.70,\N
3432568,21.00,\N
3432569,20.70,\N
54298757,19.98,\N
3432562,22.14,\N
3432564,24.90,\N
3432565,26.20,\N
3432638,21.37,\N
3432639,26.90,\N
3432646,31.40,\N
3432640,24.70,\N
3432641,24.80,\N
3432675,23.98,\N
3432676,26.00,\N
3432678,32.10,\N
3432687,22.30,\N
3432688,19.90,\N
3432702,27.00,\N
3432703,23.89,\N
3432704,25.10,\N
3433062,25.40,\N
3433063,24.90,\N
3433064,22.12,\N
3433332,20.96,0.516
3433333,21.41,\N
3433334,24.50,\N
3433335,23.30,\N
3433336,26.10,\N
3433361,24.90,\N
3433362,23.60,\N
3433363,27.00,\N
3433365,20.43,\N
3433366,19.20,\N
3433367,21.22,\N
3433757,20.82,\N
3433759,20.55,\N
3434368,19.90,\N
3434369,22.15,\N
3434370,24.00,\N
3434371,24.11,\N
3434372,22.40,\N
3434373,27.40,\N
3434374,24.70,\N
3435023,24.80,\N
3435025,25.60,\N
3435026,27.40,\N
3435027,23.69,\N
3435081,24.40,\N
3435082,25.10,\N
3435083,24.70,\N
3435084,23.90,\N
3435538,21.80,\N
3435539,29.40,\N
3435540,23.20,\N
3435541,28.30,\N
3435542,23.90,\N
3435543,21.90,\N
3435544,26.90,\N
3435545,24.20,\N
3435546,22.20,\N
3435548,20.14,\N
3435550,22.70,\N
3435549,23.40,\N
3435551,27.64,\N
3435552,30.20,\N
3436407,23.57,\N
3437789,24.80,\N
3437790,24.40,\N
3437791,24.90,\N
3437792,28.32,\N
3437805,23.09,\N
3437807,22.40,\N
3438957,20.30,\N
3438958,23.60,\N
3438960,21.10,\N
3438964,23.69,\N
3439358,21.23,\N
3439359,26.50,\N
3439361,25.90,\N
3439360,25.90,\N
3439478,23.20,\N
3439479,21.70,\N
3439480,26.78,\N
3439481,20.50,\N
3439482,21.60,\N
3439560,29.80,\N
3439561,25.00,\N
3439562,24.30,\N
3439802,21.65,\N
3439804,22.97,\N
3439805,25.50,\N
3439806,20.00,\N
3439807,22.75,\N
3439808,25.40,\N
3439809,24.90,\N
3439810,24.76,\N
3439811,26.30,\N
3439812,26.32,\N
3439814,19.90,\N
3440134,21.20,\N
3440285,22.50,\N
3440286,19.14,0.407
3440317,20.99,\N
3440319,22.40,\N
3440320,17.92,\N
3440392,20.83,\N
3440393,19.87,\N
3440394,26.60,\N
3440395,25.10,\N
3440396,23.11,\N
3440584,18.72,\N
3440770,25.60,\N
3440788,23.70,\N
3440789,23.88,\N
3440790,26.20,\N
3440791,23.00,\N
3440792,25.60,\N
3440793,23.10,\N
3441023,23.17,\N
3441024,24.40,\N
3441025,23.18,\N
3441027,27.20,\N
3441089,21.50,\N
3441090,24.20,\N
3441091,21.16,\N
3441092,27.10,\N
3441094,23.70,\N
3441112,23.60,\N
3441113,22.80,\N
3441114,22.00,\N
3441126,21.50,\N
3441127,25.10,\N
3441128,23.50,\N
3441149,20.21,\N
3441169,25.60,\N
3441170,20.52,\N
3441171,20.71,\N
3441172,21.50,\N
3441806,18.09,\N
3441820,20.90,\N
3441842,21.10,\N
3441844,24.50,\N
3441845,24.00,\N
3441846,26.30,\N
3441847,25.20,\N
3441848,23.30,\N
3441849,24.80,\N
3442027,19.05,\N
3441850,25.30,\N
3441851,26.12,\N
3441852,20.79,\N
3441853,21.25,\N
3441854,22.00,\N
3442030,20.27,\N
3442523,21.69,\N
3442524,23.40,\N
3442525,22.03,\N
3442526,20.90,\N
3442839,22.60,\N
3442842,20.10,\N
3442843,24.90,\N
3442844,25.70,\N
3442845,25.40,\N
3442849,22.10,\N
3442846,20.39,\N
3442847,24.10,\N
3442848,24.10,\N
3443214,21.20,\N
3443215,24.50,\N
3443216,24.60,\N
3443217,26.80,\N
3443219,23.20,\N
3443805,26.30,\N
3443806,25.20,\N
3443808,25.20,\N
3443859,24.30,\N
3443810,19.70,\N
3443811,21.80,\N
3443812,21.40,\N
3443813,20.63,\N
3443832,21.00,\N
3443833,20.88,\N
3444212,21.33,\N
3444273,21.49,\N
3444274,20.58,\N
3444275,18.78,\N
3444292,21.37,\N
3444293,21.20,\N
3444296,22.80,\N
3444297,28.10,\N
3444298,26.10,\N
3444300,25.50,\N
3444368,25.90,\N
3444369,20.22,\N
3444370,22.57,\N
3444371,27.10,\N
3444372,25.30,\N
3444374,19.90,\N
3444375,24.90,\N
3444376,25.10,\N
3444436,26.80,\N
3444437,22.70,\N
3444438,23.20,\N
3444439,22.10,\N
3444440,27.40,\N
3444442,21.70,\N
3444550,24.00,\N
3444551,22.32,\N
3444558,26.49,\N
3444552,22.40,\N
3444553,26.40,\N
3445068,19.10,\N
3445069,22.20,\N
3445071,27.30,\N
3445072,26.00,\N
3445073,23.50,\N
3445075,25.80,\N
3445076,24.70,\N
3445077,24.20,\N
3445078,25.80,\N
3445079,21.87,\N
3446999,20.70,\N
3445081,19.43,\N
3445442,20.38,\N
3445537,20.70,\N
3445538,21.25,\N
3445539,25.20,\N
3445540,27.90,\N
3445541,19.47,\N
3445543,23.03,\N
3445544,24.30,\N
3445545,23.60,\N
3445546,23.01,\N
3445599,26.80,\N
3445600,26.70,\N
3445601,25.70,\N
3445602,19.82,\N
3445605,24.28,\N
3445619,20.70,\N
3445620,24.60,\N
3445621,21.12,\N
3445622,24.20,\N
3445623,22.50,\N
3445624,26.00,\N
3445625,21.77,\N
3445626,23.40,\N
3445627,22.90,\N
3445628,24.50,\N
3445631,27.80,\N
3445632,25.90,\N
3445664,23.98,\N
3445665,18.84,\N
3445666,20.14,\N
3446242,21.67,\N
3446391,21.86,\N
3446397,24.90,\N
3446998,25.40,\N
3447910,24.90,\N
3447911,26.21,\N
3447912,24.70,\N
3447915,22.30,\N
3447916,23.05,\N
3447917,24.00,\N
3447919,24.55,\N
3447920,20.61,\N
3447930,18.96,\N
3447933,23.10,\N
3447934,21.54,\N
3448005,26.00,\N
3448006,21.30,\N
3448007,23.00,\N
3448008,21.22,\N
3448009,20.90,\N
3448068,20.94,\N
3448069,22.84,\N
3448070,26.90,\N
3448109,21.27,\N
3448110,22.90,\N
3448530,20.70,\N
3448531,25.70,\N
3448785,26.80,\N
3448961,19.62,\N
3448962,24.60,\N
3448963,26.50,\N
3448965,25.80,\N
3448966,26.70,\N
3448967,23.94,\N
3448989,22.40,\N
3448990,19.17,\N
3448991,27.60,\N
3448992,25.80,\N
3448993,21.45,\N
3448994,24.70,\N
3449053,25.60,\N
3449749,22.84,\N
3449055,26.50,\N
3449085,21.61,\N
3449114,23.80,\N
3449116,25.00,\N
3449118,27.30,\N
3449119,26.60,\N
3449121,26.40,\N
3449122,23.40,\N
3449123,26.50,\N
3449124,20.61,\N
3449125,25.80,\N
3449127,22.96,\N
3449128,19.61,\N
3449129,25.40,\N
3449130,24.20,\N
3449132,27.76,\N
3449133,28.40,\N
3449591,21.61,\N
3449599,20.66,\N
3451020,21.31,\N
3451021,24.18,\N
54473958,22.11,\N
3451022,18.74,\N
3451789,21.30,\N
3451791,25.50,\N
3451792,26.60,\N
3451793,24.90,\N
3451794,28.30,\N
3451795,24.40,\N
3451796,23.10,\N
3454525,25.70,\N
3454526,26.40,\N
3454527,24.20,\N
3454530,23.10,\N
3454729,25.10,\N
3454730,20.70,\N
3454733,24.60,\N
3454734,25.40,\N
3454735,21.00,0.129
3454736,24.37,\N
3454737,26.02,\N
3454738,22.70,\N
3454893,24.30,\N
3454894,20.11,\N
3454895,25.50,\N
3455099,26.90,\N
3455135,25.30,\N
3455136,25.90,\N
3455137,20.09,\N
3455138,25.90,\N
3455139,19.38,\N
3455259,23.42,\N
3455312,19.32,\N
3455313,21.10,\N
3455314,21.09,\N
3455315,24.30,\N
3455335,20.09,\N
3455348,22.60,\N
3455349,24.90,\N
3455468,22.10,\N
3455469,25.70,\N
3455470,27.70,\N
3455471,26.80,\N
3455472,25.09,\N
3455473,25.78,\N
3455474,23.80,\N
3455741,23.50,\N
3455742,22.50,\N
3455743,22.70,\N
3457386,24.65,\N
3457387,22.92,\N
3457388,21.03,\N
3457389,22.70,\N
3457390,24.34,\N
3457434,25.00,\N
3457435,21.99,\N
3457436,26.50,\N
3457438,21.30,\N
3457439,24.00,\N
3457840,20.85,\N
3457841,23.12,\N
3457842,22.10,\N
3457844,24.50,\N
3457845,26.20,\N
3457846,25.00,\N
3457847,26.90,\N
3457848,27.50,\N
3457849,22.55,\N
3458492,27.90,\N
3458578,26.50,\N
3458579,22.60,\N
3458748,21.07,\N
3458749,20.95,\N
3458939,25.20,\N
3458940,19.02,\N
3458941,19.72,\N
3458970,25.69,\N
3458972,22.85,\N
3459083,20.40,\N
3459084,26.10,\N
3459085,20.75,\N
3459086,21.98,\N
3459087,21.63,\N
3459175,26.30,\N
3459176,23.10,\N
3459242,23.40,\N
3459243,20.70,\N
3459308,19.96,\N
3459309,22.75,\N
3459310,25.50,\N
3459429,21.41,\N
3459430,25.70,\N
3459472,26.91,\N
3459473,27.73,\N
3459474,20.81,\N
3459484,23.20,\N
3459656,22.60,\N
3459796,26.00,\N
3459797,19.35,\N
3459811,21.30,\N
3459812,22.95,\N
3460261,23.81,\N
3460262,20.35,\N
3460263,20.74,\N
3460325,23.84,\N
3461177,19.93,\N
3461178,26.60,\N
3461188,21.40,\N
3461229,24.40,\N
3461230,20.61,\N
3461231,25.00,\N
3461232,21.80,\N
3461273,19.45,\N
3462016,24.30,\N
3462071,26.70,\N
3462098,24.63,\N
3462099,26.30,\N
3462504,26.20,\N
3462505,23.60,\N
3463079,21.75,\N
3463094,19.34,\N
3463161,22.19,\N
3463173,22.34,\N
3463174,22.40,\N
3463175,19.82,\N
3463176,21.55,\N
3463234,23.00,\N
3463370,24.56,\N
3463371,20.86,\N
3463372,23.00,\N
3463389,24.00,\N
3463396,19.55,\N
3463397,21.70,\N
3463447,24.80,\N
3463448,22.70,\N
3463741,18.08,\N
3463759,21.24,\N
3463913,19.89,\N
3463992,20.24,\N
3464007,21.50,\N
3464766,19.39,\N
3464767,22.30,\N
3465187,19.36,\N
3465236,24.40,\N
3465237,19.70,\N
3465252,25.40,\N
3465283,24.77,\N
3465284,21.01,\N
3465291,19.31,\N
3465534,23.16,\N
3465535,24.20,\N
3465585,22.13,\N
3465683,21.12,\N
3465690,22.55,\N
3465691,24.60,\N
3465692,22.40,\N
3465696,23.50,\N
3465716,25.30,\N
3465697,22.30,\N
3465717,20.07,\N
3465718,27.40,\N
3465719,22.00,\N
3465720,23.40,\N
3465887,21.40,\N
3465888,23.24,\N
3465889,21.20,\N
3465890,23.50,\N
3465892,20.90,\N
3465948,22.50,\N
3465949,19.38,\N
3465951,22.50,\N
3465952,22.60,\N
3466055,21.32,\N
3466056,21.80,\N
3466069,19.27,\N
3466070,23.20,\N
3466111,24.80,\N
3466597,24.60,\N
3466625,23.60,\N
3466626,22.60,\N
3466627,19.58,\N
3466628,24.90,\N
3466651,22.58,\N
3466652,22.43,\N
3466654,25.40,\N
3466678,22.21,\N
3467048,23.80,\N
3467060,18.22,\N
3467061,19.98,\N
3467062,25.50,\N
3467074,20.50,\N
3467083,23.70,\N
3467084,24.20,\N
3467085,21.90,\N
3467094,25.70,\N
3467095,21.40,\N
3467147,24.60,\N
3467149,21.60,\N
3467151,20.48,\N
3467165,26.20,\N
3467166,24.40,\N
3467177,20.60,\N
3467179,25.54,\N
3467180,25.10,\N
3467181,19.56,\N
3467182,24.10,\N
3467183,25.80,\N
3467184,25.10,\N
3467185,26.70,\N
3467186,19.47,\N
3467187,21.70,\N
3467188,19.40,0.485
3467189,19.05,\N
3467213,26.70,\N
3467215,22.78,\N
3467217,22.10,\N
3467218,22.99,\N
3467219,24.60,\N
3467220,22.30,\N
3467221,29.42,\N
3467222,26.00,\N
3467224,24.39,\N
3467225,25.00,\N
3467226,25.70,\N
3467227,23.70,\N
3467264,23.01,\N
3467256,20.80,\N
3467258,24.90,\N
3467259,23.70,\N
3467261,22.30,\N
3467313,20.60,\N
3467315,26.90,\N
3467316,24.50,\N
3467317,23.33,\N
3467318,25.30,\N
3467354,19.61,\N
3467355,19.88,\N
3467356,24.20,\N
3467394,17.67,\N
3467395,24.60,\N
3467708,26.00,\N
3467709,19.61,\N
54180331,20.21,\N
3467748,22.30,\N
3467750,24.30,\N
3468430,19.32,\N
3468431,23.90,\N
3468432,23.70,\N
3468433,23.60,\N
3468488,27.60,\N
3468490,25.00,\N
3468491,25.20,\N
3468492,22.50,\N
3468525,19.51,\N
3468526,23.40,\N
3468527,23.60,\N
3468528,22.43,\N
3468529,26.00,\N
3468530,26.70,\N
3468532,25.40,\N
3468533,21.00,\N
3468534,25.30,\N
3468535,25.57,\N
3468662,20.82,\N
3468663,28.00,\N
3469638,25.70,\N
3469639,26.00,\N
3469640,24.80,\N
3469641,26.80,\N
3469642,23.61,\N
3469643,19.66,\N
3469644,26.10,\N
3469645,18.65,\N
3469646,23.40,\N
3470497,29.20,\N
3470902,22.70,\N
3471215,23.60,\N
3471216,25.90,\N
3471217,25.50,\N
3471218,25.10,\N
3471219,27.30,\N
3471230,20.10,\N
3471356,26.10,\N
3471357,21.50,\N
3471358,23.40,\N
3471359,23.00,\N
3471513,18.87,\N
3471514,26.90,\N
3471515,26.50,\N
3471517,24.90,\N
3471518,20.17,\N
3471519,22.20,\N
3471520,28.40,\N
3471521,24.20,\N
3471522,26.10,\N
3471523,26.20,\N
3471524,24.30,\N
3471581,18.80,\N
3471582,22.18,\N
3471662,19.50,\N
3471976,27.70,\N
3471583,23.70,\N
3471584,25.50,\N
3471585,26.60,\N
3471586,27.20,\N
3471587,25.37,\N
3471588,22.60,\N
3471589,23.50,\N
3471657,26.10,\N
3471659,22.20,\N
3471660,21.05,\N
3471661,21.37,\N
3471663,21.70,\N
3471687,26.20,\N
3471688,23.50,\N
3471689,23.49,\N
3471690,25.30,\N
3471691,24.49,\N
3471693,24.70,\N
3471715,22.20,\N
3471716,20.43,\N
3471717,24.40,\N
3471718,20.10,\N
3471926,23.00,\N
3471972,25.30,\N
3471973,19.30,\N
3471974,24.20,\N
3471975,25.70,\N
3472193,20.51,\N
3472194,25.50,\N
3472299,20.92,\N
3472300,22.40,\N
3472365,23.30,\N
3472366,25.20,\N
3472367,24.00,\N
3472368,20.49,\N
3472369,23.40,\N
3472370,22.79,\N
3472371,24.80,\N
3472372,24.80,\N
3472373,23.20,\N
3472374,18.89,\N
3472375,23.43,0.105
3472376,26.20,\N
3472549,26.30,\N
3472550,23.90,\N
3472553,19.88,\N
3472551,24.86,\N
3472552,23.68,\N
3472693,22.01,\N
3472694,22.90,\N
3472695,25.50,\N
3472696,24.80,\N
3472697,28.00,\N
3472698,25.30,\N
3472699,19.48,\N
3472700,25.90,\N
3474857,28.58,\N
3475231,22.70,\N
3475232,26.30,\N
3475233,28.10,\N
3475234,24.90,\N
3475235,22.28,\N
3475236,21.75,\N
3475237,26.20,\N
3475238,21.44,\N
3475239,18.85,\N
3475240,23.91,\N
3475241,27.00,\N
3475467,24.20,\N
3475468,29.50,\N
54271312,18.67,\N
3475990,22.10,\N
3475994,24.10,\N
3475991,24.40,\N
3475992,26.73,\N
3476130,18.62,\N
3476131,23.40,\N
3476132,24.40,\N
3476145,19.65,\N
3476133,23.70,\N
3476526,28.07,\N
3476770,25.90,\N
3476771,21.90,\N
3476772,25.00,\N
3476773,25.50,\N
3476774,21.19,0.164
3476775,24.32,\N
3476776,27.70,\N
3476777,20.54,\N
3476778,22.30,\N
3477574,21.16,\N
3477575,27.20,\N
3477696,27.40,\N
3477697,19.29,\N
3477698,20.50,\N
3477699,23.80,\N
3477700,24.70,\N
3477702,26.80,\N
3477703,29.20,\N
3477705,23.90,\N
3477706,25.70,\N
3477708,26.60,\N
3477939,25.90,\N
3477940,28.90,\N
3477941,26.90,\N
3477942,24.10,\N
3477943,19.80,\N
3477944,24.80,\N
3477945,25.20,\N
3477946,27.20,\N
3478007,25.40,\N
3478008,22.10,\N
3478009,21.99,\N
3478247,18.40,\N
3478248,19.80,\N
3478249,24.04,\N
3478250,21.58,\N
3478251,25.10,\N
3478252,23.10,\N
3478253,25.00,\N
3478254,24.00,\N
3478255,20.83,\N
3478344,27.10,\N
3478346,21.80,\N
3478347,25.40,\N
3478348,26.30,\N
3478349,25.70,\N
3478350,24.90,\N
3478351,28.10,\N
3478352,28.30,\N
3478353,23.50,\N
3478650,24.20,\N
3478651,26.80,\N
3478652,26.40,\N
3478653,24.31,\N
3478654,28.50,\N
3478655,25.80,\N
3478658,20.20,\N
3478659,21.10,\N
3479008,22.50,\N
3479009,26.00,\N
3479010,25.00,\N
3479012,24.00,\N
3479013,23.50,\N
3479014,23.00,\N
3479015,22.40,\N
3479117,25.50,\N
3479119,27.20,\N
3479121,25.50,\N
3479122,22.60,\N
3479123,25.50,\N
3479124,22.40,\N
3479126,24.80,\N
3479128,25.20,\N
3479129,24.50,\N
3479138,18.81,\N
3483721,17.93,\N
3481977,18.78,0.615
3483055,21.00,\N
3483204,22.33,\N
3483205,29.20,\N
3483206,22.38,\N
3483293,23.20,\N
3483294,20.46,\N
3483326,23.50,\N
3483327,25.20,\N
3483328,25.20,\N
3483513,20.31,\N
3483541,26.20,\N
3483542,24.00,\N
3483649,23.20,\N
3483651,25.10,\N
3483652,22.60,\N
3483647,24.80,\N
3483800,24.70,\N
3483884,24.00,\N
3483885,20.46,\N
3483886,28.00,\N
3483887,25.30,\N
3484042,21.18,\N
3484043,21.40,\N
3484044,20.86,\N
3484581,25.00,\N
3484640,20.16,\N
3484642,22.60,\N
3484643,25.80,\N
3484921,18.95,\N
3484836,26.70,\N
3484837,23.70,\N
3484838,22.19,0.123
3484839,22.42,\N
3484922,23.30,\N
3484923,22.50,\N
3484924,24.00,\N
3484925,23.70,\N
3484926,26.12,\N
3484927,27.50,\N
3484928,26.30,\N
3484929,24.50,\N
3485259,23.60,0.050
3485260,21.73,\N
3485261,27.10,\N
3485263,22.70,0.111
3485264,27.20,\N
3485630,23.90,\N
3485631,25.00,\N
3485632,22.01,0.089
3485806,22.29,\N
3485807,23.73,\N
3485808,26.90,\N
3485969,27.00,\N
3490930,20.04,0.892
3592397,21.55,\N
3485971,22.20,0.080
3486120,20.20,\N
3486328,19.93,\N
3486329,19.61,0.363
3486468,24.50,\N
3486477,20.50,\N
3486494,21.40,\N
3487953,22.40,\N
3487954,24.00,\N
54236944,18.65,\N
54180389,21.48,\N
3506746,24.30,\N
3506988,25.00,\N
3506990,23.40,\N
3507181,20.25,\N
3507182,24.22,\N
3507183,24.00,0.084
3507716,25.20,\N
3507937,19.76,\N
3508106,18.98,0.394
3508107,26.80,\N
3508109,24.50,\N
3508110,22.46,0.104
3508111,25.20,\N
3508114,22.22,\N
3508116,27.90,\N
3508117,25.00,\N
3508118,26.30,\N
3508119,25.70,\N
3508124,25.90,\N
3508120,27.10,\N
3508121,26.40,\N
3508125,28.00,\N
3508127,19.72,0.340
3508128,24.60,0.034
3508129,25.70,\N
3508166,22.20,0.352
3508131,22.69,0.198
3508132,22.44,0.242
3508133,23.36,0.083
3508134,22.20,\N
3508135,21.68,0.176
3508161,19.44,0.556
3508167,22.40,0.254
3521441,21.08,0.134
54180403,21.13,\N
3511362,19.00,\N
3511508,20.07,\N
54049909,21.14,\N
3508137,24.50,\N
3508138,24.80,\N
3508140,26.53,\N
3508141,22.90,\N
3508142,27.00,0.019
3508144,20.90,\N
3508146,21.66,0.149
3508152,23.96,\N
3508149,24.46,\N
3508151,26.90,\N
3508153,18.92,\N
3508154,23.82,\N
3508155,26.50,\N
3508157,21.61,0.167
3508158,25.80,\N
3508159,25.60,\N
3508160,26.80,\N
3508162,20.26,0.303
3508163,19.47,\N
3508164,20.40,0.283
54361568,18.40,\N
3510599,20.31,0.774
3511311,20.32,\N
3511354,21.06,0.520
3511355,21.59,0.277
3511153,\N,1.572
3511111,24.11,0.040
3511360,21.04,\N
3511361,25.70,\N
3511514,18.47,\N
3511515,24.50,0.090
3511827,22.33,\N
3511828,23.00,0.051
3511830,24.30,\N
3511831,26.40,\N
3511832,24.90,\N
3511834,21.09,\N
3511835,21.67,0.233
3511892,20.17,\N
3511894,19.79,\N
3511895,24.12,\N
3511912,22.60,\N
3511913,23.68,\N
3518083,20.26,\N
3991702,19.48,\N
3511914,23.80,\N
3511915,24.00,0.093
3511916,26.10,\N
3512275,23.80,0.087
3512277,27.10,\N
3512278,26.60,\N
3512279,24.01,\N
3512281,19.99,0.285
3512283,24.20,0.023
3512284,25.70,0.018
3512285,24.70,\N
3512345,24.20,\N
3512346,22.00,\N
3512348,26.80,0.008
3512646,22.10,0.075
3512647,23.80,0.045
3512696,23.60,\N
3512697,22.95,\N
3512698,26.10,0.015
3512699,24.90,\N
3512700,24.30,\N
3512701,26.90,\N
3512702,25.40,\N
3512703,26.70,0.024
3512704,24.06,0.030
3513050,26.96,\N
3513052,26.00,\N
3513053,22.20,\N
3513382,21.80,0.095
54024339,20.11,\N
3513745,22.11,\N
3514546,20.37,0.676
3514547,19.56,0.451
3514548,20.33,0.867
3514549,22.42,0.097
3514550,21.36,0.319
3514551,21.91,0.402
3514798,23.05,0.105
3514800,20.48,0.416
3516411,20.05,0.268
54161072,19.70,\N
3514801,24.59,\N
3514889,22.96,0.071
3514890,26.00,\N
3514891,22.07,0.134
3514951,21.47,\N
3514892,23.80,\N
3514956,21.40,0.116
3514957,20.69,0.252
3514959,21.27,0.151
3515026,25.90,\N
3515027,21.75,\N
3515028,27.35,0.008
3515065,21.51,0.203
3515066,20.19,0.216
3593249,20.83,\N
3515377,21.14,0.510
3515379,19.70,0.277
3515380,22.80,0.092
3515381,24.82,\N
3515451,27.60,\N
3515452,24.00,\N
3515453,23.00,0.060
3515454,25.23,\N
3515456,26.40,\N
3515458,19.30,1.127
3515471,23.70,\N
3515472,21.60,\N
3515473,20.80,\N
3515474,24.60,\N
3515659,25.80,\N
3515660,25.90,\N
3515661,22.60,\N
3515662,22.40,\N
3515663,22.50,\N
3515691,24.66,\N
3515692,24.62,\N
3515693,23.02,\N
3516407,21.10,\N
3516408,24.50,\N
3516409,25.30,\N
3516410,22.40,\N
3516487,22.18,\N
3516488,25.00,\N
3516489,22.36,0.251
3516631,20.20,0.372
3517465,18.27,2.055
3516633,23.90,0.032
3517109,21.30,0.128
3517314,26.20,\N
3518084,21.40,\N
3518217,27.53,\N
3518258,23.34,\N
3518264,21.93,0.465
3518265,26.10,\N
3518295,23.76,\N
3518309,16.73,\N
3518595,18.33,0.563
3519516,20.26,0.352
3520205,23.97,\N
3521512,22.50,0.140
3520758,23.54,0.064
3519453,27.00,\N
3519488,20.27,0.406
3519490,20.95,0.192
3519517,25.61,\N
3519518,24.40,\N
3519519,25.50,\N
3519520,26.00,\N
3519521,25.31,0.039
3519522,23.70,0.032
54180486,18.86,\N
3520202,21.03,0.208
3520204,26.50,\N
3520208,20.50,0.286
3520209,25.00,\N
3520662,27.70,\N
3520663,20.77,\N
3520665,22.28,\N
3520666,20.85,0.226
3520667,28.10,\N
3520694,20.49,0.309
3520754,23.76,\N
3520756,23.60,\N
3520757,24.63,0.039
3520759,21.83,\N
3520760,20.14,\N
3520761,20.64,0.359
3520762,21.05,\N
3521439,21.42,0.214
3521440,23.98,0.037
3521513,24.20,\N
3521853,23.89,\N
3521854,24.60,\N
3522124,19.12,0.945
3522125,19.20,0.408
3522126,19.53,0.428
3522155,21.50,\N
3522158,18.09,\N
3522159,26.80,\N
3522160,26.30,\N
3524069,19.59,\N
3522631,24.18,\N
3522632,22.00,\N
3522633,26.70,\N
3528690,19.48,0.645
3523337,22.24,0.102
3523338,26.00,0.013
3523340,21.40,0.183
3523341,24.00,\N
3523943,27.09,\N
3523944,23.10,0.087
3523945,21.64,\N
3523946,19.50,\N
3524019,19.48,\N
3524070,23.93,\N
3524071,25.70,\N
3525129,26.80,\N
3525131,20.15,0.685
3526640,20.41,0.417
3594087,19.80,\N
3528381,20.70,0.501
54114211,21.48,0.213
3527853,24.10,\N
3527904,23.70,\N
3527906,22.08,0.101
3528688,19.56,0.872
3529053,21.91,0.108
3529056,23.30,\N
3529587,21.00,0.192
3529588,21.79,0.191
3529599,20.20,0.877
3529600,23.38,\N
3529601,21.76,0.088
3529602,24.60,\N
3529603,25.50,\N
3529605,20.23,0.940
3529621,25.90,\N
3529622,22.70,0.193
3529623,22.42,0.236
3529624,22.88,0.153
3529625,20.74,\N
3534716,18.76,1.629
3532367,19.95,0.825
3532368,22.36,0.234
3536586,19.31,0.317
54145586,20.55,\N
3529626,25.70,\N
3530350,24.60,\N
3530351,24.60,\N
3530352,19.88,\N
3532347,24.60,\N
3532364,23.34,0.053
3532365,21.38,\N
3532366,23.60,\N
3532394,21.50,0.104
3532401,21.89,\N
3532404,19.80,\N
3532406,23.88,0.043
3532407,25.51,\N
3536126,18.43,1.947
3536555,20.79,0.599
3536587,\N,0.372
3536589,21.92,0.903
54205433,19.94,\N
3535790,20.70,0.320
3535791,23.00,\N
3536556,25.10,\N
3536557,25.70,\N
3536563,24.40,\N
3536564,26.00,\N
3536565,24.50,\N
3536571,28.41,\N
3536591,20.29,0.229
3536593,22.41,0.219
3536608,21.80,\N
3536611,21.10,0.286
3536621,20.10,0.210
54148940,21.42,\N
3536625,20.33,\N
3536635,21.92,\N
3536669,19.11,0.344
3537858,23.50,0.663
3537906,19.16,1.188
3537907,19.09,0.539
3538600,21.23,0.174
3541206,19.50,0.308
3541502,20.77,0.148
3541503,20.72,0.198
3541504,19.73,0.303
3541750,20.40,0.195
3541751,20.39,0.238
3542541,21.30,0.218
3543621,20.56,0.854
3547607,19.15,\N
3541505,22.14,\N
3541752,23.20,\N
3541753,21.17,\N
3541754,24.50,\N
3542517,26.60,\N
3542518,24.80,\N
3542519,21.81,0.143
3542520,20.17,\N
3542521,20.14,\N
3542542,19.92,\N
3542555,21.62,\N
3543347,19.23,\N
3544380,22.60,\N
3544949,24.70,\N
3544980,25.15,\N
3544981,22.19,0.180
54132120,22.05,\N
3545179,18.50,0.758
3545238,20.37,\N
3545393,17.45,2.156
3545399,24.67,0.038
3545514,22.16,0.350
3545400,22.90,\N
3545413,20.10,\N
3545414,26.40,\N
3545415,25.40,\N
3545416,27.50,\N
3545417,23.00,\N
3545477,22.60,\N
3545478,23.50,\N
3545479,26.60,\N
3545480,23.16,\N
3545481,23.90,\N
3545482,25.00,\N
3545483,25.10,\N
3545484,24.00,\N
3545508,27.00,\N
3545509,24.60,\N
3545510,26.05,\N
3545511,26.60,\N
3545512,26.90,\N
3545513,27.00,\N
3545515,21.90,\N
3545516,22.20,\N
3545552,28.42,\N
54509649,23.22,\N
3545553,24.00,\N
3545554,23.32,\N
3545555,23.50,\N
3545556,24.00,\N
3545557,23.54,\N
3545558,27.10,\N
3545628,26.40,\N
3545629,22.50,\N
3545630,25.90,\N
3545631,25.20,\N
3545632,22.71,\N
3545633,23.70,\N
3545705,25.10,\N
3545706,21.40,\N
3545707,23.80,\N
3545710,22.60,\N
3545711,18.63,\N
3545712,26.20,\N
3545713,23.70,\N
3545714,20.80,\N
3545715,24.30,\N
3545787,25.40,\N
3545815,23.70,\N
3545901,27.90,\N
3545905,24.00,\N
3545906,21.00,\N
3545907,27.20,\N
3545908,26.20,\N
3545973,27.90,\N
3545974,20.21,\N
3545975,24.60,\N
3545976,20.80,\N
3545977,22.70,\N
3545978,22.48,\N
3545979,26.50,\N
3545980,23.00,\N
3545981,25.90,\N
3545982,18.95,\N
3546367,23.59,\N
3546525,25.70,\N
3546697,24.30,\N
3546698,22.20,\N
3546699,25.40,\N
3546739,25.70,\N
3546742,21.12,\N
3547804,19.44,\N
3547318,20.37,\N
3547991,21.19,\N
3548889,20.66,\N
3552292,20.70,\N
3546700,21.80,\N
3546701,26.00,\N
3546702,24.70,\N
3546703,24.40,\N
3546704,25.40,\N
3546740,23.11,\N
3546741,23.80,\N
3546743,24.93,\N
3546776,21.90,\N
3546778,25.10,\N
3546795,26.60,\N
3546796,24.95,\N
3546797,23.10,\N
3546798,27.40,\N
3547175,24.80,\N
3547225,20.97,\N
3547226,23.80,\N
3547227,24.20,\N
3547588,18.88,\N
3547610,21.20,\N
3547611,27.40,\N
3547628,21.24,\N
3547631,22.41,\N
3547632,22.80,\N
3547633,25.20,\N
3547634,26.10,\N
3547635,26.70,\N
3547675,24.30,\N
3547676,23.40,\N
3547677,23.25,\N
3547678,19.40,\N
3547769,22.70,\N
3547770,26.86,\N
3547771,26.07,\N
3547772,25.60,\N
3547799,25.30,\N
3547805,22.54,\N
3547936,22.75,\N
3547937,27.50,0.018
3547992,18.93,\N
3547993,21.60,\N
3548082,23.90,\N
3548084,26.05,\N
3548085,24.90,\N
3548240,23.70,\N
3548241,25.30,\N
3548242,25.80,\N
3549922,20.50,\N
3548393,23.00,\N
3548525,26.80,\N
3548526,20.90,\N
3548527,28.90,\N
3548528,19.75,\N
3548529,26.60,\N
3548530,23.90,\N
3548531,19.84,\N
3548658,23.90,\N
3548660,21.71,\N
3548661,24.40,\N
3548662,24.50,\N
3548663,24.50,\N
3548664,21.44,\N
3548665,25.70,\N
3548666,27.60,\N
3548667,21.11,\N
3548882,21.60,\N
3548884,22.07,\N
3548885,20.20,\N
3548886,23.16,\N
3548887,28.00,\N
3548888,24.10,\N
3548890,23.80,\N
3549032,22.80,\N
3548892,26.90,\N
3548893,26.50,\N
3549033,20.50,\N
3549035,24.30,\N
3549036,20.01,\N
3549391,20.68,0.603
3549393,25.88,\N
3549561,21.07,\N
3549562,23.10,\N
3549563,22.40,\N
3549565,27.10,\N
3549694,20.07,\N
3550893,20.08,\N
54417772,23.14,\N
3789549,27.20,\N
3549566,25.18,\N
3549617,27.40,\N
3549619,29.60,\N
3549637,25.40,\N
3549638,27.10,\N
3549639,26.20,\N
3549640,26.80,\N
3549679,22.33,\N
3549695,26.30,\N
3549696,24.98,\N
3550041,23.10,\N
3550042,20.11,0.712
3550043,26.40,\N
3550044,23.30,\N
3550045,22.20,\N
3550046,24.68,0.043
3550056,19.38,\N
3550057,21.70,\N
3550058,19.14,\N
3550073,25.40,\N
3550074,21.60,\N
3550075,27.60,\N
3550076,23.70,\N
3550077,25.80,\N
3550082,20.10,\N
3550083,27.40,\N
3550084,18.86,\N
3550086,22.30,\N
3550087,24.00,\N
3550088,21.08,\N
3550089,28.50,\N
3550090,24.80,\N
3550113,19.25,1.122
3550114,24.60,\N
3550115,25.06,\N
3550127,20.07,\N
3550128,23.70,\N
3550232,28.46,\N
3573147,19.44,\N
3550117,25.60,\N
3550130,25.60,\N
3550131,23.90,\N
3550132,27.04,\N
3550133,22.60,\N
3550134,21.30,\N
3550135,25.20,\N
3550136,26.02,\N
3550137,23.90,\N
3550138,23.70,\N
3550139,27.72,\N
3550140,24.51,\N
3550229,24.90,\N
3550230,23.20,\N
3550231,24.90,\N
3550233,19.31,0.380
3550298,23.29,\N
3550300,22.10,\N
3550304,21.40,\N
3550305,24.10,\N
3550306,20.40,\N
3550308,28.30,\N
3550309,26.10,\N
3550464,21.70,0.152
3550465,24.80,\N
3550466,25.60,\N
3550467,19.50,\N
3550607,28.70,\N
3550608,23.39,\N
3550609,21.99,\N
3550610,29.25,\N
3550611,24.10,\N
3550612,27.30,\N
3550613,24.90,\N
3550614,23.10,\N
3550885,26.37,\N
3550886,24.70,\N
3550887,24.00,\N
3550888,29.22,\N
3550890,23.80,\N
3550891,20.20,\N
3550892,23.70,\N
3551062,24.50,\N
3551063,19.69,0.237
3551064,23.38,\N
3551066,23.29,\N
3551068,21.88,\N
3551069,25.10,\N
3551070,24.43,\N
3551165,22.30,\N
3551166,25.30,\N
3551167,24.40,\N
3551168,28.20,\N
3551325,24.80,\N
3551326,24.60,\N
3551327,22.50,\N
3551328,23.46,\N
3551329,21.40,\N
3551405,24.60,\N
3551406,26.20,\N
3551407,22.12,\N
3551408,23.80,\N
3551474,22.01,\N
3551475,23.71,0.055
3551519,26.64,\N
3551476,25.40,\N
3551477,24.40,\N
3551478,26.46,\N
3551520,29.20,\N
3551479,27.07,\N
3551480,26.56,\N
3551522,24.40,\N
3551523,20.50,\N
3551524,20.60,\N
3552154,23.10,\N
3551525,25.92,\N
3552155,21.80,\N
3551526,27.90,\N
3552162,26.50,\N
3552289,18.61,\N
54506162,21.97,\N
3552161,30.00,\N
3552163,24.10,0.057
3552164,25.50,\N
3552290,19.11,\N
3552523,24.90,\N
3552524,23.30,\N
3552530,27.70,\N
3552531,26.50,\N
3552572,24.60,\N
3552532,24.40,\N
3552533,23.07,\N
3552534,26.20,\N
3552535,25.20,\N
3552537,19.95,\N
3552538,22.16,\N
3552574,21.00,\N
3552575,22.80,\N
3552576,20.87,\N
3552631,20.45,\N
3552578,23.30,\N
3552654,24.20,\N
3552655,21.94,\N
3552659,26.88,\N
3552662,25.60,\N
3552663,24.00,\N
3552664,23.66,\N
3552665,23.76,\N
3552666,19.97,0.608
3552667,25.40,\N
3552668,29.60,\N
3552682,28.81,\N
3552683,26.83,\N
3552669,25.30,\N
3552670,25.00,\N
3552671,20.48,\N
3552684,23.70,\N
3552685,19.68,\N
3552686,22.80,\N
3552687,23.80,\N
3552688,24.50,\N
3552689,24.17,\N
3552690,26.15,\N
3552691,26.63,\N
3552692,25.17,\N
3552693,26.90,\N
3552770,25.36,\N
3552771,23.60,\N
3552772,24.80,\N
3552773,27.20,\N
3552774,24.30,\N
3552775,20.30,\N
3552776,23.50,\N
3552777,24.44,\N
3552778,21.80,\N
3552779,23.70,\N
3552780,21.33,\N
3553057,20.52,\N
3553058,23.60,\N
3553059,21.60,\N
3553060,26.50,\N
3553061,27.40,\N
3553062,26.10,\N
3553148,19.69,\N
3553151,23.08,\N
3553152,25.30,\N
3553153,19.99,\N
3553154,23.31,\N
3553155,23.96,\N
3553229,25.00,\N
3553279,21.74,\N
3553281,26.80,\N
3553282,24.39,\N
3553283,20.90,\N
3553284,20.76,\N
3553285,21.30,\N
3553286,24.10,\N
3553287,24.80,\N
3553288,25.00,\N
3553432,21.70,\N
3553433,26.60,\N
3553705,18.81,\N
3553546,25.20,\N
3553583,21.50,\N
3553584,25.10,\N
3553585,24.60,\N
3553587,23.31,\N
3553664,25.30,\N
3553665,24.90,\N
3553666,18.36,\N
3553700,24.17,\N
3553667,23.50,\N
3553668,24.89,\N
3553701,26.60,\N
3553702,27.93,\N
3553704,21.72,\N
3553960,19.49,\N
3553961,26.22,\N
3553962,27.10,\N
3553986,20.88,0.273
3553987,23.33,\N
3553988,25.40,\N
3554011,22.06,\N
3554013,19.60,\N
3554015,21.80,\N
3555069,19.17,0.453
3553994,20.86,\N
3554416,26.60,0.026
3554418,20.07,\N
3554439,24.60,\N
3554640,23.93,\N
3554641,22.50,\N
3554862,24.30,\N
3554963,21.22,0.227
3555045,19.68,0.755
3555012,19.79,\N
3555013,20.20,\N
3555014,27.70,\N
3555015,23.50,\N
3555016,22.40,\N
3555017,26.50,\N
3555043,26.85,\N
3555018,25.00,\N
3555019,22.90,\N
3555044,19.60,\N
54339181,20.55,\N
3555046,26.40,\N
3555047,21.34,\N
3555070,25.90,\N
3555072,26.00,\N
3555083,22.70,\N
3555102,22.20,\N
3555103,19.06,\N
3555152,24.70,\N
3555153,27.10,\N
3555154,28.60,\N
3555155,23.78,\N
3555156,22.33,\N
3555163,20.28,\N
3555164,22.70,\N
3555165,21.60,\N
3555170,24.80,\N
3555171,22.80,\N
3555172,25.90,\N
3555201,20.89,\N
3555202,25.80,\N
3555203,25.10,\N
3555204,24.30,\N
3555208,29.90,\N
3555205,26.10,\N
3555210,28.60,\N
3555212,23.50,0.063
3555411,20.06,\N
3555520,20.40,\N
3555521,24.50,\N
3555627,27.40,\N
3555628,26.30,\N
3555649,24.20,\N
3555650,21.30,\N
3555651,24.50,\N
3555652,25.27,\N
3555653,18.45,\N
3555654,27.10,\N
3555675,23.57,\N
3555676,28.30,\N
3555677,22.88,\N
3555678,25.50,\N
3555679,25.70,\N
3555680,22.50,\N
3555707,20.48,\N
3555708,19.21,\N
3555763,20.81,\N
3555764,21.70,\N
3555765,25.80,\N
3555766,21.70,\N
54304638,19.34,\N
3555767,25.50,\N
3555768,26.17,\N
3555769,26.94,\N
3555789,20.20,\N
3555793,21.20,\N
3555794,22.88,0.195
3558389,18.35,\N
3555795,24.50,\N
3555886,25.40,\N
3555887,27.40,\N
3555888,20.38,\N
3555910,20.52,\N
3555911,24.80,\N
3555912,24.60,\N
3555913,24.88,\N
3555914,23.21,\N
3556018,25.70,\N
3556048,21.50,\N
3556125,27.10,\N
3556126,21.60,\N
3556127,28.00,\N
3557083,25.40,\N
3557084,24.80,\N
3557087,25.40,\N
3557088,20.46,0.994
3557481,21.26,\N
3557636,20.83,\N
3557752,25.90,\N
3557758,26.70,\N
3557783,20.01,\N
3557784,24.60,\N
3557791,22.58,\N
3557804,25.40,\N
3557824,22.30,\N
3556206,32.10,\N
3556207,26.50,\N
3556959,18.74,\N
3556961,22.35,\N
3556962,26.30,\N
3556963,27.10,\N
3556966,21.20,\N
3556968,20.54,\N
3556969,20.51,\N
3556970,25.90,\N
3556971,21.30,\N
3556972,25.70,\N
3557081,30.30,\N
3557086,25.20,\N
3557193,18.92,\N
3557089,25.06,\N
3557196,21.22,\N
3557197,22.39,\N
3557198,25.40,\N
3557199,30.88,\N
3557200,20.03,\N
3557330,27.28,\N
3557331,25.75,\N
3557201,25.70,\N
3557332,25.66,\N
3557334,21.90,\N
3557335,25.30,\N
3557336,26.20,\N
3557338,25.90,\N
3557482,25.73,\N
3557483,24.90,\N
3557484,24.80,\N
3557485,22.02,\N
3557486,19.90,\N
3557487,20.90,\N
3557529,25.14,\N
3557530,23.14,\N
3557531,26.90,\N
3557532,23.93,\N
3557533,21.80,\N
3557535,24.12,\N
3557536,27.30,\N
3557537,22.90,\N
3557543,26.90,\N
3557544,25.60,\N
3557545,27.27,\N
3557546,25.90,\N
3557822,18.57,\N
3557637,23.51,\N
3557825,22.81,\N
3557826,22.71,\N
3557827,26.20,\N
3557828,25.80,\N
3557829,26.90,\N
3557843,20.79,\N
3557844,22.70,\N
3557878,27.30,\N
3557879,26.59,\N
3557880,22.20,\N
3557955,23.50,\N
3557956,26.40,\N
3557957,20.20,\N
3557958,25.20,\N
3557959,26.70,\N
3558194,24.77,\N
3558196,26.90,\N
3558197,25.50,\N
3558276,25.50,\N
3558277,22.69,\N
3558278,22.47,\N
3558279,25.90,\N
3558280,20.87,\N
3558281,26.60,\N
3558282,23.10,\N
3558372,24.60,\N
3558373,21.03,\N
3558374,21.30,\N
3558376,24.60,\N
3558377,27.90,\N
3558378,27.40,\N
3558379,28.50,\N
3558380,21.30,\N
3558381,25.80,\N
3558382,26.80,\N
3558383,22.90,\N
3558385,22.56,\N
3558386,19.20,\N
3558388,24.82,\N
3558897,26.90,\N
3558898,25.00,\N
3558899,27.20,\N
3559546,24.10,\N
3559547,20.88,\N
3559548,21.37,\N
3559597,26.60,\N
3559595,26.40,\N
3559596,28.00,\N
3559598,20.60,\N
3559599,21.87,\N
3559600,21.10,\N
3559737,20.90,\N
3559739,20.28,\N
3559740,22.40,\N
3559741,24.30,\N
3559781,22.12,\N
3559782,24.30,\N
3559783,19.87,\N
3559784,24.30,\N
3559839,21.90,\N
3559841,22.20,\N
3559842,21.20,\N
3559843,25.20,\N
3559905,22.01,\N
3559906,28.36,\N
3559907,23.70,\N
3559908,26.90,\N
3559909,24.20,\N
3559910,24.82,\N
3559911,26.20,\N
3559912,23.29,\N
3560813,18.30,\N
3560053,21.60,\N
3560054,23.70,\N
3560055,24.00,\N
3560056,24.97,\N
3560057,26.20,\N
3560058,23.81,\N
3560079,27.70,\N
3560080,23.60,\N
3560081,24.10,\N
3560129,24.93,\N
3560130,23.60,\N
3560131,26.20,\N
3560132,26.40,\N
3560133,23.19,\N
3560196,27.60,\N
3560197,24.20,\N
3560198,23.40,\N
3560548,28.20,\N
3560549,20.72,\N
3560550,23.40,\N
3560770,23.10,\N
3560771,28.90,\N
3560772,20.24,\N
3560814,21.95,\N
3560815,25.30,\N
3560817,22.68,\N
3560818,25.20,\N
3560912,20.91,\N
3560913,23.80,\N
3560914,24.90,\N
3561030,25.30,\N
3560915,20.73,\N
3560916,25.10,\N
3560917,22.00,\N
3560918,24.70,\N
3560919,25.91,\N
3560920,20.96,\N
3560921,25.31,\N
3560922,20.14,\N
3561024,26.10,\N
3561025,25.30,\N
3561026,24.40,\N
3561027,22.60,\N
3561029,25.88,\N
3561031,22.42,\N
3561032,21.20,\N
3561033,18.38,\N
3561034,26.20,\N
3561771,26.57,\N
3561772,28.10,\N
3562032,29.40,\N
3562033,26.20,\N
3562318,22.00,\N
3562319,21.80,\N
3562320,25.60,\N
3562321,20.66,\N
3562324,24.40,\N
3562548,21.80,\N
3562549,23.00,\N
3562830,24.30,\N
3562831,22.80,\N
3562832,23.70,\N
3562834,21.88,\N
3562865,22.16,\N
3563434,21.26,\N
3562866,19.00,\N
3563277,23.60,\N
3563278,17.05,\N
3563279,24.10,\N
3563339,20.70,\N
3563343,22.80,\N
3563424,22.92,\N
3563425,20.80,\N
3563426,18.85,\N
3563431,24.50,\N
3563432,23.10,\N
3563433,21.70,\N
3563491,17.74,\N
3563708,21.00,\N
3563709,25.30,\N
3563710,26.00,\N
3563920,19.73,\N
3563857,22.20,\N
3563858,21.00,\N
3563859,21.10,\N
3563860,22.00,\N
3563861,21.72,\N
3564018,20.53,\N
3564019,27.60,\N
3564020,25.50,\N
3564021,24.55,\N
3564039,25.10,\N
3564040,24.23,\N
3564143,20.70,\N
3564144,24.30,\N
3564145,25.50,\N
3564246,19.29,\N
3564247,27.70,\N
3564248,25.00,\N
3564249,25.80,\N
3564250,20.69,\N
3564585,20.20,\N
3564591,23.20,\N
3564719,24.60,\N
3564852,22.70,\N
3564590,21.44,\N
3564723,21.92,\N
3564724,21.73,\N
3564725,21.40,\N
3564854,24.60,\N
3565066,26.30,\N
3565278,25.20,\N
3565336,17.64,\N
3565392,24.70,\N
3565393,20.90,\N
3565394,29.70,\N
3565395,23.14,\N
3565416,22.85,\N
3565474,19.73,\N
3566813,19.05,\N
3566360,25.10,\N
3566441,19.82,\N
3566463,23.98,\N
3566464,19.15,\N
3566465,23.00,\N
3566466,21.70,\N
3566530,20.90,\N
3566531,22.82,\N
3566532,18.64,\N
3566534,22.20,\N
3566606,25.70,\N
3566627,21.19,\N
3566628,26.90,\N
3566629,23.10,\N
3566630,22.30,\N
3566694,20.29,\N
3566695,21.80,\N
3566696,26.20,\N
3566698,26.60,\N
3566699,24.42,\N
3566814,25.30,\N
3566974,22.60,\N
3566975,20.06,\N
3566976,19.18,\N
3567472,21.80,\N
3567473,20.78,\N
3567474,24.02,\N
3567519,18.40,\N
3567971,20.45,\N
3567537,19.65,\N
3567572,19.23,\N
3567573,19.30,\N
3567657,21.28,\N
3567658,25.34,\N
3567880,25.10,\N
3567972,22.60,\N
3567991,19.17,0.852
3567992,24.10,\N
3567993,18.80,\N
3567995,21.30,\N
3567996,22.40,\N
3568014,20.60,\N
3568056,22.40,\N
3568057,19.88,\N
3568291,21.50,\N
3568303,27.98,\N
3568305,22.26,\N
3568306,22.80,\N
3568307,20.78,\N
3568308,22.25,\N
3568321,26.90,\N
3568329,22.32,\N
3568337,23.50,\N
3568372,21.00,\N
3568373,20.50,\N
3568374,22.70,\N
3568375,25.80,\N
3568377,24.80,\N
3568385,21.80,\N
3568386,19.27,\N
3568422,19.49,\N
3568423,22.20,\N
3568559,22.50,\N
3568564,20.50,\N
3569037,20.80,\N
3572227,21.20,\N
3572706,19.31,\N
3573072,23.30,\N
3573149,20.60,\N
3573150,23.60,\N
3573151,24.20,\N
3573152,22.45,\N
3573153,21.12,\N
3573155,21.00,\N
3573156,19.50,\N
3573157,25.90,\N
3573839,22.20,\N
3574100,21.00,\N
3574101,24.20,\N
3574131,23.40,\N
3574132,23.30,\N
3574133,21.30,\N
3574134,20.40,\N
3574135,21.90,\N
3574334,20.90,\N
3574335,26.50,\N
3574344,19.72,\N
3574593,23.00,\N
3574772,25.50,\N
3574786,23.00,\N
3574819,24.80,\N
3575154,26.00,\N
3575163,27.60,\N
3576630,19.74,\N
3576729,26.00,\N
3576730,24.50,\N
3574783,20.40,\N
3574785,21.20,\N
3574812,21.80,\N
3574820,27.40,\N
3574830,25.60,\N
3574901,24.02,\N
3574902,23.10,\N
3574903,22.07,\N
3575219,23.10,\N
3838789,16.79,\N
3576468,22.00,\N
3576469,20.76,\N
3576470,22.58,\N
3576527,23.00,\N
3576629,20.50,\N
3576631,23.00,\N
3576672,20.18,\N
3576673,23.30,\N
3576674,23.60,\N
3576675,20.80,\N
3576726,21.71,\N
3576728,24.46,\N
3576785,25.80,\N
3576890,23.61,\N
3576891,24.20,\N
3576960,22.20,\N
3576998,19.46,\N
3577067,21.60,\N
3577068,25.40,\N
3577069,24.20,\N
3577116,23.90,\N
3577159,25.00,\N
3582011,18.63,0.617
3577448,23.30,\N
3577534,22.80,\N
3577535,21.90,\N
3577945,24.20,\N
3578559,20.70,\N
3578624,23.17,\N
3578625,23.50,\N
3578626,25.50,\N
3578627,26.60,\N
3578628,26.50,\N
3578686,22.30,\N
3578687,20.90,\N
3578688,19.59,\N
3578689,26.40,\N
3578822,21.50,\N
3578825,27.40,\N
3578826,24.70,\N
3578827,24.50,\N
3578828,21.16,\N
3578829,22.00,\N
3578831,23.48,\N
3578910,17.50,\N
3578912,23.90,\N
3578917,21.04,\N
3578913,25.20,\N
3578914,21.70,\N
3578915,23.70,\N
3578916,21.20,\N
3578918,26.40,\N
3578919,20.60,\N
3578920,23.60,\N
3578921,21.00,\N
3578922,18.22,\N
3578973,23.30,\N
3578974,20.70,\N
3578975,23.80,\N
3578976,22.10,\N
3578977,24.00,\N
3578978,24.50,\N
3578979,23.00,\N
3578980,21.19,\N
3578982,23.60,\N
3578981,25.00,\N
3579073,27.80,\N
3579074,22.20,\N
3579075,19.90,\N
3579076,19.18,\N
3579077,27.63,\N
3579080,21.30,\N
3579081,20.10,\N
3579082,23.10,\N
3579457,24.30,\N
3579459,22.66,\N
3579460,24.70,\N
3579622,24.60,\N
3579623,27.90,\N
3579624,21.20,\N
3579625,20.06,\N
3579928,22.40,\N
3579748,23.27,\N
3579749,22.23,\N
3579750,24.90,\N
3580053,22.00,\N
3580054,25.00,\N
3580055,25.50,\N
3580056,27.80,\N
3580319,20.66,\N
3580320,24.20,\N
3580321,22.60,\N
3580322,23.80,\N
3580323,24.73,\N
3580324,24.70,\N
3580325,25.60,\N
3580326,26.50,\N
3580665,25.09,\N
3580959,21.40,\N
3580960,20.06,\N
3581668,22.40,\N
3580666,24.00,\N
3580961,23.50,\N
3580962,21.16,\N
3580963,21.50,\N
3580964,26.58,\N
3580965,26.50,\N
3581505,20.51,\N
3581506,25.40,\N
3581554,26.50,\N
3581555,26.10,\N
3581556,22.91,\N
3581557,21.25,\N
3581598,26.30,\N
3581599,25.50,\N
3581657,24.50,\N
3581669,22.00,\N
3582010,21.39,\N
3582027,27.50,\N
3582040,20.70,\N
3582041,25.02,\N
3582056,25.79,\N
3582057,23.00,\N
3582083,26.00,\N
3582084,23.51,\N
3582085,25.10,\N
3582086,27.10,\N
3582087,24.90,\N
3582088,25.10,\N
3582089,25.10,\N
3582137,21.44,\N
3582138,21.10,\N
3582139,23.30,\N
3582140,23.10,\N
3582141,22.70,\N
3582142,24.40,\N
3582145,28.50,\N
3582230,20.40,\N
3582231,19.56,\N
3582232,19.37,\N
3582233,23.05,\N
3582236,23.80,\N
3582234,25.20,\N
3582510,23.80,\N
3582511,24.20,\N
3582512,25.80,\N
3582513,17.99,\N
3582514,24.80,\N
3582515,24.30,\N
3582516,21.92,\N
3582517,22.40,\N
3582518,24.50,\N
3582519,22.21,\N
3582520,22.39,\N
3582521,27.10,\N
3582522,25.00,\N
3582523,27.90,\N
3582524,25.30,\N
3582663,25.60,\N
3582664,25.36,\N
3582665,21.90,\N
3582666,20.86,\N
3582667,24.30,\N
3582668,22.30,\N
3582669,23.03,\N
3582864,25.90,\N
3582865,21.93,\N
3582866,22.29,\N
3582867,23.65,\N
3582868,25.50,\N
3582869,24.70,\N
3582870,24.01,\N
3583386,22.43,\N
3582871,22.50,\N
3582873,21.42,\N
3583428,21.92,\N
3583429,18.61,\N
3583690,19.54,\N
3583691,22.13,\N
3583808,25.74,\N
3583809,21.20,\N
3583812,25.20,\N
3583810,28.27,\N
3583811,25.00,\N
3583978,24.20,\N
3583979,26.10,\N
3584135,18.45,\N
3584136,24.50,\N
3584137,24.70,\N
3585280,19.79,\N
3584575,23.88,\N
3584576,27.40,\N
3584577,22.96,\N
3584578,23.30,\N
3584579,19.90,\N
3584580,19.55,\N
3584581,22.17,\N
3584583,25.80,\N
3584584,26.10,\N
3584585,23.60,\N
3584586,24.90,\N
3584587,23.13,\N
3584588,26.40,\N
3585470,21.23,\N
3585468,23.90,\N
3585469,24.90,\N
3585731,21.46,\N
3586021,21.80,\N
3586022,22.70,\N
3586026,25.50,\N
3586027,20.09,\N
3586029,18.95,\N
3587870,23.00,\N
3587871,22.38,\N
3588019,21.22,\N
3587872,21.68,\N
3587873,25.90,\N
3587874,22.74,\N
3587875,25.92,\N
54502909,27.94,\N
3588015,25.20,\N
3588016,25.40,\N
3588017,26.10,\N
3588018,25.30,\N
3588022,24.77,\N
3588023,20.59,\N
3588062,27.15,\N
3588063,27.40,\N
3588064,22.50,\N
3588065,22.79,\N
3588388,23.20,\N
3588389,23.50,\N
3588534,21.73,\N
3588783,20.13,\N
3588784,25.20,\N
3588787,19.74,\N
3588846,20.48,\N
3588847,22.40,\N
3588898,23.50,\N
3588899,22.90,\N
3588900,19.35,\N
3589133,24.20,\N
3589134,22.72,\N
3589135,25.12,\N
3589136,20.50,\N
3589137,20.53,\N
3589138,25.30,\N
3589139,23.00,\N
3589296,20.80,\N
3589298,21.09,\N
3589299,24.90,\N
3589300,19.93,\N
3589301,24.04,\N
3589302,20.00,\N
3589303,23.90,\N
3589543,19.40,\N
3589544,26.20,\N
3589545,23.03,\N
3589546,24.70,\N
3589591,23.90,\N
3589592,26.30,\N
3589593,27.60,\N
3589714,24.90,\N
3589716,24.40,\N
3589717,23.20,\N
3589718,20.27,\N
3589719,23.40,\N
3590076,24.00,\N
3590078,22.60,\N
3590183,23.90,\N
3590304,22.20,\N
3590911,23.20,\N
3591267,18.20,\N
3591407,20.46,\N
3591409,24.60,\N
3591447,25.60,\N
3591465,19.75,\N
3591595,20.89,\N
3591611,21.09,\N
3591612,21.79,\N
3591613,23.90,\N
3591614,23.40,\N
3591615,21.33,\N
3591616,23.94,\N
3591617,19.09,\N
3591641,24.64,\N
3591643,24.30,\N
3591688,24.70,\N
3591689,25.50,\N
3591720,21.40,\N
3591721,20.55,\N
3591722,21.32,\N
3591723,23.60,\N
3591724,25.00,\N
3591749,21.30,\N
3591750,22.47,\N
3591751,24.99,\N
3591752,23.72,\N
3591753,22.32,\N
3591754,26.30,\N
3591755,24.60,\N
3591756,19.17,0.424
3591757,29.64,\N
3591758,21.00,\N
3591759,25.20,\N
3591760,22.90,\N
3591884,22.29,\N
3591886,21.30,\N
3591887,23.40,\N
3591888,22.98,\N
3591889,22.90,\N
3591890,25.70,\N
3591891,24.60,\N
3591892,29.80,\N
3591893,29.00,\N
3592014,20.91,\N
3592015,22.10,\N
3596097,22.85,\N
3591894,30.70,\N
3592016,22.02,\N
3592017,23.80,\N
3592018,22.41,\N
3592019,25.80,\N
3592118,22.40,\N
3592119,24.10,\N
3592120,22.97,\N
3592226,20.26,\N
3592227,24.64,\N
54029194,19.29,\N
3592305,22.81,\N
3592306,22.63,\N
3592307,24.60,\N
3592308,26.50,\N
3595636,26.70,\N
3595643,20.06,\N
3595645,25.70,\N
3595774,20.14,\N
3595776,21.94,\N
3595880,19.82,\N
3595889,19.92,\N
3597505,20.31,\N
3595919,25.52,\N
3595920,24.82,\N
3595921,24.27,\N
3595922,26.43,\N
3595923,28.40,\N
3595924,27.40,\N
3595925,27.70,\N
3595926,31.00,\N
3595927,24.80,\N
3595928,25.79,\N
3595929,23.92,\N
3595981,22.29,\N
3595982,22.60,\N
3595983,21.92,\N
3595984,22.70,\N
3595985,25.80,\N
3595986,23.24,\N
3595988,26.00,\N
3596090,20.17,\N
3596030,22.29,\N
3596031,27.20,\N
3596032,20.04,\N
3596033,25.90,\N
3596034,24.90,\N
3596035,24.99,\N
3596036,24.70,\N
3596037,26.50,\N
3596038,22.77,\N
3596039,23.70,\N
3596040,25.00,\N
3596041,24.30,\N
3596042,24.60,\N
3596043,27.55,\N
3596044,28.20,\N
3596142,21.34,\N
3596143,21.50,\N
3596145,22.11,\N
3596257,20.49,\N
3596211,19.80,\N
3596212,23.30,\N
3596213,26.10,\N
3596262,27.60,\N
3596263,22.40,\N
3596264,23.75,\N
3596490,19.60,\N
3596491,21.48,\N
3596492,25.20,\N
3596493,25.30,\N
3596494,26.40,\N
3596495,26.00,\N
3596496,26.65,\N
3596497,26.00,\N
3596498,26.60,\N
3596673,25.50,\N
3596674,18.81,\N
3596675,25.80,\N
3596677,25.10,\N
3596678,21.40,\N
3596680,25.00,\N
3596681,22.40,\N
3596682,23.30,\N
3596683,23.90,\N
3596684,19.14,\N
3596685,22.30,\N
3596841,19.70,\N
3596842,22.69,\N
3596843,21.50,\N
3596844,24.40,\N
3596845,21.40,\N
3596846,21.90,\N
3596847,24.00,\N
3596848,21.88,\N
3596962,26.60,\N
3596963,24.00,\N
3596964,24.10,\N
3597091,23.32,\N
3597092,24.80,\N
3597093,27.10,\N
3597094,24.70,\N
3597095,21.10,\N
3597096,19.95,\N
3597098,19.35,\N
3597099,23.50,\N
3597226,24.20,\N
3597331,21.80,\N
3597332,23.10,\N
3597333,21.50,\N
3597334,26.09,\N
3597506,18.93,\N
3597508,24.80,\N
3597509,25.40,\N
3597510,20.54,\N
3597511,20.50,0.231
3598900,25.70,\N
3598975,24.30,\N
3599062,19.08,\N
3599109,22.30,\N
3599111,23.10,\N
3599112,22.13,\N
3599252,25.60,\N
3599253,21.60,\N
3599302,21.70,\N
3599303,22.83,\N
3599304,25.50,\N
3599385,24.70,\N
3599389,25.80,\N
3599390,27.20,\N
3599391,26.40,\N
3599392,27.70,\N
3599478,25.70,\N
3599930,21.84,\N
3838790,20.50,\N
3599388,20.34,\N
3599393,25.40,\N
3599403,27.10,\N
3599404,26.60,\N
3599405,26.27,\N
3599477,25.90,\N
3599479,18.04,\N
3599480,20.70,\N
3599482,23.60,\N
3599483,24.90,\N
3599484,24.20,\N
3599541,22.34,\N
3599543,21.28,\N
3599599,24.00,\N
3599600,27.80,\N
3599601,24.10,\N
3599682,25.80,\N
3599683,23.90,\N
3599684,24.00,\N
3599685,24.40,\N
3599686,24.70,\N
3599768,23.40,\N
3599860,26.00,\N
3599861,22.67,\N
3599862,21.70,\N
3599863,24.59,\N
3599865,24.60,\N
3599866,22.00,\N
3599867,22.71,\N
3599868,24.00,\N
3599869,26.20,\N
3599870,24.38,\N
3599871,23.70,\N
3599872,24.80,\N
3599873,26.30,\N
3599929,21.21,\N
3599932,25.30,\N
3599933,21.30,\N
3599934,22.69,\N
3599935,21.80,\N
3599936,23.07,\N
3600003,26.30,\N
3600004,26.40,\N
3600005,23.73,\N
3600006,23.00,\N
3600104,20.29,\N
3600105,27.50,\N
3600106,28.50,\N
3600234,22.58,\N
3600235,25.40,\N
3600236,26.50,\N
3600238,19.50,\N
3600241,19.18,\N
3600475,20.34,\N
3600237,26.90,\N
3600243,23.80,\N
3600356,23.27,\N
3600476,25.05,\N
3600477,24.30,\N
3600479,26.50,\N
3600559,28.80,\N
3600481,24.70,\N
3600562,24.00,\N
3600563,22.98,\N
3600564,25.50,\N
3600600,22.54,\N
3600601,24.50,\N
3600602,25.20,\N
3601274,21.42,\N
3601275,24.30,\N
3601276,24.50,\N
3601277,27.70,\N
3601278,25.54,\N
3601279,20.00,\N
3601281,25.30,\N
3601282,27.30,\N
3601280,23.40,\N
3601283,21.69,\N
3601297,24.00,\N
3601298,23.80,\N
3601299,28.30,\N
3601300,24.69,\N
3601301,24.30,\N
3601335,26.10,\N
3601336,24.50,\N
3601337,29.10,\N
3601338,25.90,\N
3601339,25.50,\N
3601340,23.80,\N
3601342,21.54,\N
3601343,24.90,\N
3601398,20.50,\N
3601400,20.08,\N
3601406,23.00,\N
3601407,22.20,\N
3601401,27.00,\N
3601402,24.00,\N
3601403,26.20,\N
3601408,18.88,\N
3601409,26.10,\N
3601410,29.20,\N
3601455,24.10,\N
3601456,24.60,\N
3601457,22.70,\N
3601471,19.10,\N
3601472,19.12,\N
3601526,21.47,\N
3601554,25.20,\N
3601555,24.50,\N
3601556,24.10,\N
3601557,23.10,\N
3601558,27.00,\N
3601573,22.80,\N
3601574,26.50,\N
3601575,20.00,\N
3601611,20.80,\N
3601612,24.20,\N
3601613,27.52,\N
3601614,25.40,\N
3601615,24.50,\N
3601616,26.20,\N
3601617,20.06,\N
3601665,19.79,\N
3601666,27.30,\N
3601667,24.90,\N
3601668,23.70,\N
3601669,27.90,\N
3601670,23.60,\N
3601671,21.70,\N
3601672,30.20,\N
3601673,29.20,\N
3601674,23.87,\N
3601676,25.10,\N
3601675,26.40,\N
3601677,25.82,\N
3601702,21.70,\N
3601797,20.76,\N
3601987,18.56,\N
3601924,22.63,\N
3601925,24.60,\N
3601926,25.00,\N
3601927,23.20,\N
3601928,24.90,\N
3601929,26.00,\N
3602021,21.59,\N
3602022,20.82,\N
3602023,22.00,\N
3602024,27.17,\N
3602025,24.94,\N
3602062,17.80,\N
3602063,20.20,\N
3602064,20.74,\N
3602065,25.90,\N
3602081,24.80,\N
3602082,22.40,\N
3602155,25.40,\N
3602156,24.24,\N
3602157,25.20,\N
3602158,24.40,\N
3602159,26.90,\N
3602160,26.80,\N
3602203,22.42,\N
3602249,23.47,\N
3602500,26.20,\N
3602504,23.10,\N
3602505,22.80,\N
3602525,24.19,\N
3602526,23.60,\N
3602527,25.20,\N
3602528,22.61,\N
3602529,26.10,\N
3602530,18.63,\N
3602531,21.00,\N
3602572,22.11,\N
3602573,26.40,\N
3602574,21.15,\N
3602575,26.60,\N
3602576,22.80,\N
3602625,21.11,\N
3602654,20.70,\N
3602577,25.70,\N
3602620,23.50,\N
3602621,22.58,\N
3602622,24.11,\N
3602623,24.00,\N
3602624,22.70,\N
3602626,25.00,\N
3602687,27.00,\N
3602689,20.03,\N
3602701,19.84,\N
3602702,21.30,\N
3602703,25.80,\N
3602704,26.00,\N
3602705,24.72,\N
3602706,27.00,\N
3602739,19.70,\N
3602742,24.10,\N
3602743,23.00,\N
3602783,19.71,\N
3602784,21.00,\N
3602785,21.00,\N
3602786,23.50,\N
3602787,23.70,\N
3602788,24.00,\N
3602789,20.86,\N
3602790,24.20,\N
3602836,28.20,\N
3602837,22.96,\N
3602838,23.20,\N
3602839,24.20,\N
3602847,19.46,\N
3602848,21.94,\N
3602910,20.55,\N
3602932,21.47,\N
3602933,22.20,\N
3602934,24.40,\N
3602980,24.80,\N
3602981,25.80,\N
3602982,23.64,\N
3603122,26.40,\N
3603125,23.79,\N
3603126,24.53,\N
3603127,25.40,\N
3603128,22.43,\N
3603170,20.41,\N
3603171,25.30,\N
3603225,19.60,\N
3603608,20.49,\N
3605728,20.00,\N
3603227,24.96,\N
3603600,23.20,\N
3603609,28.30,\N
3603626,21.28,\N
3603627,23.50,\N
3603628,24.90,\N
3603629,25.00,\N
3603630,21.90,\N
3603631,24.00,\N
3603632,20.96,\N
3603657,22.20,\N
3604216,20.30,\N
3604180,25.00,\N
3604181,24.00,\N
3604182,21.91,\N
3604183,23.29,\N
3604184,19.72,\N
3604179,28.55,\N
3604234,26.80,\N
3604235,23.50,\N
3604261,23.80,\N
3604303,24.76,\N
3604304,21.16,\N
3604305,25.40,\N
3604306,25.00,\N
3604307,21.64,\N
3604308,23.50,\N
3604480,25.30,\N
3604481,21.00,\N
3604482,24.50,\N
3604483,21.90,\N
3604484,24.54,\N
3604617,26.80,\N
3604618,21.60,\N
3604838,19.41,\N
3604839,18.41,\N
3604841,23.48,\N
3604842,24.50,\N
3604843,22.13,\N
3604990,26.45,\N
3605005,18.83,\N
3605006,25.30,\N
3605162,24.80,\N
3605164,25.20,\N
3605165,27.30,\N
3605257,29.00,\N
3605306,29.40,\N
3605319,18.77,\N
3605334,27.60,\N
3605539,25.60,\N
3605558,25.80,\N
3605559,25.20,\N
3605565,21.91,\N
3605566,23.40,\N
3605577,19.91,1.252
3605578,21.70,\N
3605596,24.50,\N
3605597,23.60,\N
3605663,24.10,\N
3605664,19.03,\N
3605665,18.96,\N
3605727,23.30,\N
3605730,18.72,\N
3605745,26.10,\N
3605759,18.13,\N
3605761,19.28,\N
3605762,22.20,\N
3605763,22.70,\N
3605764,20.28,\N
3605791,21.77,\N
3605792,22.00,\N
3605793,21.07,\N
3605794,23.10,\N
3605840,20.66,\N
3605841,20.66,\N
3605858,23.38,\N
3605859,26.40,\N
3605885,20.89,\N
3605886,22.30,\N
3605889,17.63,\N
3605890,18.68,\N
3605891,20.20,\N
3605900,21.07,\N
3605937,18.24,\N
3605940,21.50,\N
3605941,20.55,\N
3605942,22.20,\N
3605943,20.20,\N
3605944,24.10,\N
3605945,21.30,\N
3605946,26.90,\N
3605947,21.07,\N
3606220,20.90,\N
3606221,20.13,\N
3606223,20.26,\N
3606252,20.64,\N
3606264,21.30,\N
3606265,20.70,\N
3606269,20.24,\N
3606270,24.50,\N
3607079,21.60,\N
3606312,20.33,\N
3607086,24.70,\N
3607372,23.20,\N
3607382,21.29,\N
3607400,18.78,\N
3607412,21.10,\N
3607413,21.40,\N
3607466,22.24,\N
3607479,22.90,\N
3607480,21.60,\N
3607481,20.01,\N
3607504,26.73,\N
3607527,27.50,\N
3607528,24.55,\N
3607529,22.20,\N
3607530,24.79,\N
3607532,25.40,\N
3607626,23.64,\N
3607627,22.20,\N
3607665,22.80,\N
3607683,22.14,\N
3607669,20.42,\N
3607717,23.96,\N
3607728,18.04,\N
3607729,22.98,\N
3607742,21.45,\N
3607784,20.94,\N
3607819,27.30,\N
3607820,23.20,\N
3607821,22.40,\N
3607823,24.48,\N
3607822,25.70,\N
3607833,20.01,\N
3607874,25.50,\N
3607924,18.62,\N
3607957,25.00,\N
3607958,23.60,\N
3607959,21.90,\N
3607960,25.60,\N
3607961,25.30,\N
3607962,23.70,\N
3607963,24.00,\N
3607964,23.95,\N
3607965,26.00,\N
3608091,21.64,\N
3608092,20.90,\N
3608218,20.95,\N
3608219,25.90,\N
3608323,22.62,\N
3608324,20.80,\N
3608326,19.04,\N
3608404,19.82,\N
3608405,19.61,\N
3608427,19.76,\N
3608473,23.70,\N
3608474,22.80,\N
3608475,20.50,\N
3608483,21.30,\N
3608519,21.10,\N
3608565,22.11,\N
3608566,25.40,\N
3608618,19.76,\N
3608619,24.80,\N
3608620,23.60,\N
3608621,23.35,\N
3608622,24.30,\N
3608623,24.30,\N
3608624,24.50,\N
3608625,23.80,\N
3608626,23.00,\N
3608664,20.87,\N
3608665,24.42,\N
3608667,26.90,\N
3608668,25.50,\N
3608669,19.63,\N
3608670,25.10,\N
3608671,21.04,\N
54115828,20.94,\N
3608726,27.50,\N
3608727,25.20,\N
3608728,22.10,\N
3608729,25.30,\N
3608730,22.18,\N
3608731,27.70,\N
3608784,20.57,\N
3608785,20.84,\N
3608786,26.30,\N
3608822,19.86,\N
3608823,27.20,\N
3608824,23.90,\N
3608929,19.99,\N
3608931,22.10,\N
3608932,22.60,\N
3609117,21.79,\N
3609118,22.20,\N
3609119,25.10,\N
3609162,22.24,\N
3609163,26.20,\N
3609164,25.83,\N
3609165,22.90,\N
3609221,24.80,\N
3609222,26.45,\N
3609223,24.50,\N
3609383,24.30,\N
3609384,22.00,\N
3609485,25.90,\N
3609486,23.10,\N
3609487,27.00,\N
3609488,26.10,\N
3609504,19.12,\N
3609661,25.23,\N
3609693,26.71,\N
3609751,25.20,\N
3609752,25.50,\N
3609753,21.90,\N
3609754,21.90,\N
3609839,24.50,\N
3609840,22.60,\N
3609841,22.39,\N
3609842,22.50,\N
3609843,27.80,\N
3609844,27.20,\N
3609845,24.30,\N
3610167,22.20,\N
3610023,22.07,\N
3610024,21.30,\N
3610025,20.82,\N
3610026,23.10,\N
3610027,22.10,\N
3610028,26.50,\N
3610029,21.19,\N
3610030,23.20,\N
3610031,25.10,\N
3610032,26.30,\N
3610170,20.14,\N
3610339,21.59,\N
3610340,19.45,\N
3610173,24.20,\N
3610174,26.60,\N
3610175,27.38,\N
3610176,26.70,\N
3610177,21.60,\N
3610178,23.40,\N
3610179,23.50,\N
3610180,25.50,\N
3610181,26.60,\N
3610182,20.09,\N
3610183,22.40,\N
3610358,18.97,\N
3610525,23.73,\N
3610526,19.87,\N
3610527,20.24,\N
3610528,21.52,\N
3610529,20.96,\N
3610759,20.56,\N
3610760,20.24,\N
3610761,24.80,\N
3610762,25.60,\N
3610763,24.10,\N
3610764,23.80,\N
3610765,20.66,\N
3611396,26.40,\N
3611397,23.70,\N
3617331,17.94,\N
3611398,19.51,\N
3611399,24.93,\N
3611401,27.60,\N
3611402,23.90,\N
3611403,21.00,\N
3611404,23.30,\N
3611405,26.20,\N
3611406,23.10,\N
3611415,21.56,\N
3611416,19.49,\N
3612164,20.36,\N
3612165,21.40,\N
3612173,20.00,\N
3612838,20.84,\N
3611400,25.00,\N
3611407,23.60,\N
3611408,28.40,\N
3611409,26.30,\N
3611410,25.20,\N
3611411,26.60,\N
3611412,25.30,\N
3611413,24.60,\N
3611414,25.90,\N
3612166,21.85,\N
3612167,23.70,\N
3612168,23.90,\N
3612169,23.12,\N
3612170,25.75,\N
3612171,26.29,\N
3612172,24.54,\N
3612644,24.00,\N
3612645,26.00,\N
3612646,28.60,\N
3612647,24.30,\N
3612841,21.00,\N
3612842,19.33,\N
3612844,20.20,\N
3612845,23.18,\N
3612846,19.61,\N
3612847,23.30,\N
3612848,24.80,\N
3613388,18.33,\N
3613389,23.07,\N
3613391,24.80,\N
3613392,24.18,\N
3613393,25.00,\N
3613394,24.70,\N
3613396,22.00,\N
3613397,22.90,\N
3614396,21.20,\N
3614397,21.45,\N
3614399,22.90,\N
3614400,25.60,\N
3614401,26.60,\N
3614637,17.98,\N
3614638,23.40,\N
3614639,21.25,\N
3615792,19.39,\N
3614980,20.67,0.629
3614981,26.91,\N
3614982,24.40,\N
3614983,23.80,\N
3615337,20.91,\N
3615338,20.80,\N
3615339,25.60,\N
3615463,24.46,\N
3615464,27.00,\N
3615557,22.90,\N
3615558,24.89,\N
3616339,22.30,\N
3616340,20.10,\N
3616341,21.90,\N
3616342,26.20,\N
3616343,23.80,\N
3616344,26.40,\N
3616346,18.88,\N
3616347,24.80,\N
3616348,22.49,\N
3616349,25.60,\N
3616350,24.72,\N
3616351,28.30,\N
3616687,24.80,\N
3616688,25.60,\N
3616689,23.50,\N
3616690,21.36,\N
3616691,22.40,\N
3616692,21.20,\N
3616693,18.84,\N
3616694,20.10,\N
3616695,20.66,\N
3616696,25.31,\N
3616697,21.38,\N
3616698,21.44,\N
3616699,24.32,\N
3616700,27.00,\N
3616701,23.80,\N
3616702,23.10,\N
3616816,19.40,\N
3616817,21.90,\N
3616818,25.60,\N
3616819,22.82,\N
3616820,24.30,\N
3617074,26.60,\N
3617075,25.50,\N
3617076,28.70,\N
3617077,26.70,\N
3617078,28.40,\N
3617079,23.60,\N
3617080,22.40,\N
3617153,18.06,\N
3617154,25.50,\N
3617155,24.40,\N
3617156,25.70,\N
3617157,20.70,\N
3617158,21.00,\N
3617339,28.50,\N
3617387,20.20,\N
3617388,23.60,\N
3617389,23.30,\N
3617390,24.90,\N
3617391,24.20,\N
3617706,21.42,\N
3617707,22.50,\N
3617708,27.80,\N
3617710,23.60,\N
3617711,23.00,\N
3617712,27.60,\N
3617713,27.00,\N
3617714,26.82,\N
3617715,25.70,\N
3617716,25.60,\N
3617954,22.80,\N
3617955,26.30,\N
3617956,26.20,\N
3617957,25.40,\N
3617958,27.30,\N
3617959,23.00,\N
3617960,25.68,\N
3618023,19.95,\N
3618027,21.22,\N
3618062,18.86,\N
3618063,24.60,\N
3618064,26.10,\N
3618065,25.20,\N
3618066,25.50,\N
3618296,24.21,\N
3618403,25.40,\N
3618404,25.50,\N
3618405,26.00,\N
3618443,19.95,\N
3618492,22.68,\N
3618493,28.70,\N
3618494,24.93,\N
3618643,18.94,\N
3618644,22.60,\N
3618806,25.30,\N
3619156,24.10,\N
3619157,24.80,\N
3619158,26.00,\N
3619159,25.40,\N
3619273,23.90,\N
3619274,26.20,\N
3619321,21.40,\N
3619322,24.20,\N
3619323,26.20,\N
3619324,23.20,\N
3619342,19.14,\N
3619343,19.80,\N
3619457,21.68,\N
3619458,22.30,\N
3619459,23.70,\N
3619460,22.52,\N
3619461,25.50,\N
3619462,25.90,\N
3619481,21.10,\N
3619633,25.40,\N
3619724,19.37,\N
3619725,19.80,\N
3619726,22.82,\N
3619727,23.40,\N
3619728,19.02,\N
3619736,21.70,\N
3619729,23.90,\N
3619730,27.00,\N
3619731,27.90,\N
3619732,23.87,\N
3619733,25.00,\N
3619734,23.90,\N
3619735,23.00,\N
3620467,21.70,\N
3620468,21.80,\N
3620470,21.80,\N
3620666,21.16,\N
3620667,23.61,\N
3620668,24.05,\N
3620669,24.90,\N
3620670,22.12,\N
3620671,25.90,\N
3620672,29.90,0.0025
3620673,19.30,\N
3620675,20.60,\N
3620676,20.00,\N
3620677,26.90,\N
3620678,26.90,\N
3620679,24.20,\N
3620862,24.70,\N
3620863,20.97,\N
3620864,25.10,\N
3620865,22.30,\N
3620866,22.48,\N
3620867,23.30,\N
3620868,22.17,\N
3620869,24.00,\N
3620870,24.60,\N
3621018,21.50,\N
3621019,26.40,\N
3621020,27.80,\N
3621021,22.70,\N
3621022,27.70,\N
3621023,24.00,\N
3621024,27.50,\N
3621027,18.91,\N
3621568,20.40,\N
3621604,23.00,\N
3621619,23.20,\N
3621620,21.30,\N
3621642,26.60,\N
3621643,25.00,\N
3621700,21.20,\N
3621701,25.70,\N
3621702,22.10,\N
3621703,26.30,\N
3621772,22.20,\N
3621773,21.45,\N
3621805,21.30,\N
3621808,24.30,\N
3621811,19.30,\N
3621812,22.43,\N
3621813,21.57,\N
3621814,22.74,\N
3623672,22.25,\N
3623477,20.60,\N
3621815,25.20,\N
3623478,27.30,\N
3623479,26.00,\N
3623480,24.00,\N
3623481,20.90,\N
3623506,22.70,\N
3623482,19.20,\N
3623483,23.40,\N
3623484,23.50,\N
3623485,23.23,\N
3623521,23.19,\N
3623522,25.01,\N
3623523,23.50,\N
3623524,21.82,\N
3623525,21.50,\N
3623526,27.60,\N
3623576,19.90,\N
3623578,24.30,\N
3623579,21.80,\N
3623580,21.38,\N
3623581,25.90,\N
3623609,19.40,\N
3623610,22.90,\N
3623611,23.90,\N
3623612,25.10,\N
3623675,19.89,\N
3623678,26.20,\N
3623679,23.40,\N
3623680,25.90,\N
3623682,26.50,\N
3623683,24.90,\N
3623684,25.70,\N
3623946,18.38,\N
3623947,21.90,\N
3623948,21.33,\N
3623951,24.50,\N
3623954,20.82,\N
3623996,27.60,\N
3623997,21.35,\N
3623998,22.48,\N
3623999,27.30,\N
3624055,26.60,\N
3624056,22.20,\N
3624058,25.18,\N
3624057,24.00,\N
3624059,24.20,\N
3624075,20.46,\N
3624076,22.88,\N
3624132,23.40,\N
3624133,20.20,\N
3624134,18.23,\N
3624232,19.41,\N
54423942,21.42,\N
3624233,22.70,\N
3624234,25.40,\N
3624235,23.41,\N
3624236,23.32,\N
3624237,27.25,\N
3624591,24.30,\N
3624592,24.10,\N
3624593,25.12,\N
3624594,24.90,\N
3624595,27.24,\N
3624596,23.30,\N
3624597,24.33,\N
3624598,25.40,\N
3624741,18.82,\N
3624742,21.20,\N
3624744,19.40,\N
3624745,20.06,\N
3624746,20.60,\N
3624748,25.90,\N
3624749,27.00,\N
3624751,24.60,\N
3624752,23.40,\N
3624757,22.80,\N
3624753,25.30,\N
3624754,26.04,\N
3624755,22.40,\N
3624756,23.40,\N
3624900,20.77,\N
3624901,21.57,\N
3624903,26.60,\N
3624904,23.40,\N
3625068,24.11,\N
3625069,25.30,\N
3625070,24.10,\N
3625071,27.80,\N
3625125,20.60,\N
3625126,20.20,\N
3625128,20.18,\N
3625129,25.90,\N
3625130,23.00,\N
3625334,23.91,\N
3625335,24.10,\N
3625336,22.40,\N
3625596,20.00,\N
3625704,25.40,\N
3625708,26.30,\N
3625705,23.30,\N
3625706,24.20,\N
3625707,23.90,\N
3625729,20.24,\N
3626394,20.48,\N
54566453,20.55,\N
3625730,28.19,\N
3625731,23.40,\N
3625862,23.97,\N
3625863,23.97,\N
3625940,24.73,\N
3626028,20.80,\N
3626029,22.09,\N
3626030,24.60,\N
3626031,28.10,\N
3626081,23.40,\N
3626082,20.86,\N
3626083,25.30,\N
3626085,22.40,\N
3626087,21.00,\N
3626240,19.33,\N
3626395,24.60,\N
3626397,21.00,\N
3626611,22.26,\N
3626612,21.10,\N
3626614,23.95,\N
3626615,22.71,\N
3626687,25.87,\N
3626688,26.00,\N
3626689,24.87,\N
3626690,23.00,\N
3626732,19.39,\N
3626730,18.13,\N
3626734,25.30,\N
3626735,25.47,\N
3627033,19.87,\N
3627004,22.24,\N
3627005,26.10,\N
3627006,24.60,\N
3627007,24.00,\N
3627008,24.70,\N
3627009,22.10,\N
3627010,28.40,\N
3627011,19.28,\N
3627012,21.35,\N
3627055,24.60,\N
3627056,27.90,\N
3627058,24.30,\N
3627103,23.70,\N
3629112,18.80,\N
54458193,20.88,\N
3627013,23.90,\N
3627014,25.60,\N
3627059,24.60,\N
3627060,24.40,\N
3627104,23.60,\N
3627105,23.89,\N
3627106,24.60,\N
3627107,25.60,\N
3627108,22.94,\N
3627109,27.30,\N
3627110,26.07,\N
3627111,24.30,\N
3627112,26.20,\N
3627115,21.24,\N
3627116,19.78,\N
3627117,28.10,\N
3627425,19.50,\N
3627426,18.27,\N
3627427,26.30,\N
3628123,20.48,\N
3629083,21.90,\N
3629084,27.20,\N
3629085,27.80,\N
3629113,25.00,\N
3629114,23.90,\N
3629115,25.60,\N
3629116,25.50,\N
3630270,22.91,\N
3630273,25.41,\N
3630271,23.20,\N
3630272,25.00,\N
3630636,21.93,\N
3630815,23.70,\N
3630816,25.40,\N
3630817,29.00,\N
3631789,29.10,\N
3631790,24.55,\N
3631820,27.00,\N
3631822,21.06,\N
3631823,20.70,\N
3631824,21.50,\N
3631850,23.40,\N
3631851,22.40,\N
3631865,26.50,\N
3631970,24.30,\N
3631971,24.70,\N
3631991,25.50,\N
3631992,23.30,\N
3631993,26.60,\N
3632076,24.10,\N
3632077,28.00,\N
3632078,24.10,\N
3632079,25.80,\N
3632080,24.90,\N
3632081,22.80,\N
3632237,24.30,\N
3632238,21.60,\N
3632239,26.10,\N
3632240,26.00,\N
3632241,26.70,\N
3632242,25.50,\N
3632243,22.67,\N
3632244,20.21,\N
3632245,19.12,\N
3632547,19.40,\N
3632548,25.50,\N
3632550,24.80,\N
3632549,25.40,\N
3632675,20.84,\N
3632676,19.90,\N
3632677,22.80,\N
3632678,22.00,\N
3633046,24.60,\N
3633047,20.02,\N
3644173,20.43,\N
3632679,25.60,\N
3632682,23.38,\N
3633048,21.63,\N
3633049,22.51,\N
3633050,22.90,\N
3633051,21.05,\N
3633052,24.90,\N
3633053,22.72,\N
3633054,25.70,\N
3633126,23.10,\N
3633127,23.80,\N
3633139,22.52,\N
3633148,20.41,\N
3633149,19.76,\N
3633184,24.50,\N
3633185,27.40,\N
3633190,21.19,\N
3633189,20.56,\N
3634119,26.30,\N
3634127,21.39,\N
3634128,22.30,\N
3634129,23.50,\N
3634130,23.10,\N
3634154,26.30,\N
3634155,23.60,\N
3634156,23.00,\N
3634185,20.40,\N
3634186,24.00,\N
3634225,18.80,\N
3634226,20.32,\N
3634275,23.70,\N
3634276,25.70,\N
3634347,20.84,\N
3634348,22.10,\N
3634387,23.40,\N
3634388,21.96,\N
3634390,18.65,\N
3634392,25.40,\N
3634393,28.40,\N
3634440,27.60,\N
3634441,25.80,\N
3634442,24.50,\N
3634443,23.30,\N
3634444,22.80,\N
3634612,28.00,\N
3634613,21.20,\N
3634615,21.00,\N
3634614,25.20,\N
3634616,24.60,\N
3634618,19.02,\N
3634619,21.80,\N
3634620,23.00,\N
3634621,20.74,\N
3634712,23.10,\N
3634713,26.50,\N
3634714,23.80,\N
3634781,19.08,\N
3634782,24.00,\N
3634783,21.50,\N
3634784,23.40,\N
3634785,23.00,\N
3634786,20.83,\N
3634848,19.90,\N
3634847,21.50,\N
3634888,19.53,\N
3634889,25.01,\N
3634904,20.59,\N
3634943,21.68,\N
3634905,25.90,\N
3634907,22.15,\N
3634906,23.70,\N
3635071,20.70,\N
3635072,23.30,\N
3635073,23.21,\N
3635074,22.00,\N
3635077,23.06,\N
3635075,25.40,\N
3635078,19.71,\N
3635076,22.70,\N
3635121,26.30,\N
3635122,24.24,\N
3635123,21.13,\N
3636250,25.40,\N
3636251,24.80,\N
3636252,21.50,\N
3636713,21.00,\N
3638201,28.86,\N
3646076,24.40,\N
3646078,21.53,\N
3838792,24.53,\N
54410340,22.59,\N
54539577,27.77,\N
3636714,26.10,\N
3636862,24.90,\N
3637425,20.70,\N
3637424,22.50,\N
3637724,20.40,\N
3637725,24.60,\N
3638239,20.72,\N
3638237,21.00,\N
3638238,26.00,\N
3638240,26.80,\N
3638241,23.40,\N
3638285,22.20,\N
3638286,25.18,\N
3638287,24.50,\N
3638288,21.63,\N
3638343,19.96,\N
3638336,25.50,\N
3638334,23.00,\N
3638338,24.10,\N
3638337,26.00,\N
3638335,27.80,\N
3638339,24.50,\N
3638376,24.80,\N
3638378,21.95,\N
3638379,20.30,\N
3638380,21.16,\N
3638381,23.30,\N
3638434,19.28,\N
3638433,20.25,\N
3638430,20.87,\N
3638435,20.34,\N
3638432,25.10,\N
3638466,21.70,\N
3638467,26.70,\N
3638504,24.80,\N
3638505,20.10,\N
3638500,19.93,\N
3638502,23.59,\N
3638501,20.63,\N
3638506,25.00,\N
3638507,23.10,\N
3638571,19.90,\N
3638572,21.20,\N
3638578,20.50,\N
3638509,28.60,\N
3638508,27.20,\N
3638575,25.00,\N
3638574,26.90,\N
3638573,21.16,\N
3638576,26.82,\N
3638577,26.60,\N
3638629,21.50,\N
3638630,21.09,\N
3638628,24.10,\N
3639232,19.54,\N
3639420,21.30,\N
3639419,25.46,\N
3639421,23.51,\N
3639436,19.77,\N
3639435,23.42,\N
3639437,24.20,\N
3639438,21.97,\N
3639440,24.60,\N
3639439,22.80,\N
3639467,23.90,\N
3639465,22.30,\N
3639466,22.56,\N
3639464,22.20,\N
3639500,22.70,\N
3639502,22.20,\N
3639501,24.80,\N
3639530,24.80,\N
3639547,27.80,\N
3639550,19.36,\N
3639548,25.30,\N
3639549,27.50,\N
3640696,22.00,\N
3640706,20.49,\N
3640745,18.53,\N
3640744,21.90,\N
3640747,19.36,\N
3640993,17.16,\N
3640990,21.53,\N
3640991,22.70,\N
3641081,22.50,\N
3643996,21.88,\N
3643995,24.50,\N
3643997,22.68,\N
3644018,24.60,\N
3644045,19.21,\N
3644047,20.31,\N
3644046,20.00,\N
3644086,23.93,\N
3644087,21.62,\N
3644150,22.40,\N
3644175,21.79,\N
3644180,19.15,\N
3644231,19.87,\N
3644651,19.50,\N
3644707,24.50,\N
3644729,22.02,\N
3644731,21.88,\N
3644768,22.10,\N
3644789,21.06,\N
3644684,22.01,\N
3644685,21.46,\N
3644703,21.30,\N
3644702,20.15,\N
3644700,22.30,\N
3644728,25.80,\N
3644727,27.40,\N
3644733,22.25,\N
3644732,23.30,\N
3644770,22.60,\N
3644790,21.70,\N
3644791,22.00,\N
3644814,22.70,\N
3644815,23.10,\N
3644816,22.80,\N
3644833,23.06,\N
3644834,21.36,\N
3645001,19.49,\N
3645034,25.70,\N
3645035,25.50,\N
3645043,22.50,\N
3645039,26.70,\N
3645041,22.14,\N
3645042,24.10,\N
3645040,22.10,\N
3645045,22.70,\N
3645086,23.18,\N
3645089,21.64,\N
3645123,18.66,\N
3645182,21.77,\N
3645191,25.30,\N
3645192,21.20,\N
3645194,27.40,\N
3645085,23.60,\N
3645087,20.61,\N
3645088,21.16,\N
3645124,20.20,\N
3645122,24.70,\N
3645125,23.20,\N
3645127,21.80,\N
3645126,21.27,\N
3645189,22.11,\N
3645187,23.14,\N
3645185,23.60,\N
3645190,22.60,\N
3645193,24.78,\N
3645200,21.04,\N
3645216,20.90,\N
3645329,18.30,\N
3645261,23.70,\N
3645262,18.97,\N
3645265,19.33,\N
3645268,27.80,\N
3645267,22.67,\N
3645266,25.30,\N
3645269,22.40,\N
3645307,27.80,\N
3645309,23.45,\N
3645308,24.60,\N
3645382,27.20,\N
3645383,21.44,\N
3645384,20.73,\N
3645446,23.30,\N
3645463,23.96,\N
3645498,24.60,\N
3645500,22.70,\N
3645541,23.10,\N
3645543,23.80,\N
3645544,21.80,\N
3645621,17.97,\N
3645622,22.80,\N
3645649,24.70,\N
3645650,24.00,\N
3645651,26.00,\N
3645652,21.30,\N
3645653,24.20,\N
3645726,24.10,\N
3645791,20.70,\N
3645793,21.50,\N
3645792,23.40,\N
54502913,24.93,\N
3646050,20.18,\N
54506469,24.37,\N
3647994,22.30,\N
3645993,21.60,\N
3646046,21.16,\N
3646047,22.00,\N
3646795,20.01,\N
3646157,22.80,\N
3646598,18.44,\N
3646650,22.74,\N
3646649,24.49,\N
3646648,22.20,\N
3646733,24.50,\N
3646734,21.58,\N
3646732,25.70,\N
3646735,26.40,\N
3646736,24.60,\N
3646737,26.20,\N
3646738,19.68,\N
3646758,22.94,\N
3646797,26.50,\N
3646854,20.36,\N
3646853,23.40,\N
3646855,24.10,\N
3646914,22.60,\N
3647008,21.91,\N
3647009,27.40,\N
3647011,22.10,\N
3647022,26.50,\N
3647013,27.80,\N
3647270,24.74,\N
3646913,24.00,\N
3646912,23.00,\N
3646915,29.40,\N
3647016,24.80,\N
3647014,26.00,\N
3647012,22.10,\N
3647015,24.60,\N
3647019,20.49,\N
3647017,22.80,\N
3647018,22.40,\N
3647020,23.20,\N
3647021,28.40,\N
3647026,25.00,\N
3647024,21.83,\N
3647025,25.50,\N
3647023,24.80,\N
3647189,23.90,\N
3647196,23.50,\N
3647190,24.90,\N
3647192,23.50,\N
3647191,26.50,\N
3647193,23.90,\N
3647194,23.57,\N
3647195,21.60,\N
3647197,18.84,\N
3647272,21.10,\N
3647273,20.07,\N
3647274,18.36,\N
3647271,19.70,\N
3647275,20.51,\N
3647280,20.70,\N
3647281,24.50,\N
3647277,23.70,\N
3647278,23.60,\N
3647279,21.70,\N
3647276,25.10,\N
3647569,26.20,\N
3647570,23.90,\N
3647647,22.00,\N
3647671,28.40,\N
3647695,22.10,\N
3647698,24.60,\N
3647697,28.70,\N
3647735,24.20,\N
3647845,19.93,\N
3647848,21.49,\N
3647847,22.10,\N
3647962,20.46,\N
3647996,22.30,\N
3647999,21.80,\N
3647995,23.30,\N
3647997,20.05,\N
3648004,24.50,\N
3648000,24.03,\N
3648001,25.54,\N
3648002,27.02,\N
3648003,24.30,\N
3648046,31.10,\N
3648090,26.80,\N
3648093,27.30,\N
3648091,24.70,\N
3648092,24.60,\N
3648094,25.40,\N
3648201,20.60,\N
3648202,25.00,\N
3648204,22.14,\N
3648208,24.26,\N
3648209,21.18,\N
3648207,26.10,\N
3648206,23.35,\N
3648205,20.90,\N
3648317,19.10,\N
3648367,25.80,\N
3648412,19.28,\N
3648467,24.10,\N
3648468,24.20,\N
3648469,24.70,\N
3648533,22.50,\N
3648534,21.90,\N
3648532,29.20,\N
3648536,25.54,\N
3648535,26.30,\N
3648537,22.64,\N
3648538,24.90,\N
3648541,22.00,\N
3648539,27.00,\N
3648540,23.10,\N
3648542,24.83,\N
3648630,21.11,\N
3648631,24.80,\N
3648629,22.44,\N
3648632,23.89,\N
3648644,27.40,\N
3648643,24.62,\N
3648642,25.10,\N
3648645,23.10,\N
3648641,21.74,\N
3648676,27.00,\N
3648677,25.00,\N
3648679,25.30,\N
3648678,23.90,\N
3648710,25.70,\N
3648711,25.00,\N
3648712,23.40,\N
3648713,20.62,\N
3648714,24.65,\N
3648715,21.22,\N
3648716,21.00,\N
3648729,23.50,\N
3648738,23.90,\N
3648737,21.52,\N
3648736,23.40,\N
3648735,26.60,\N
3648742,20.80,\N
3648741,22.30,\N
3648740,24.80,\N
3648743,23.80,\N
3648744,25.70,\N
3648739,24.20,\N
3648745,22.20,\N
3648764,22.60,\N
3648763,25.10,\N
3648765,24.70,\N
3648766,21.98,\N
3648767,23.15,\N
3648768,22.40,\N
3648769,23.98,\N
3648839,24.37,\N
3648840,25.20,\N
3648842,25.30,\N
3648841,27.30,\N
3648843,27.40,\N
3648844,23.24,\N
3648846,20.90,\N
3648950,19.80,\N
3648862,19.87,\N
3648865,19.22,\N
3648863,19.36,\N
3648864,26.30,\N
3648869,23.00,\N
3648871,24.00,\N
3648868,23.40,\N
3648870,24.70,\N
3648873,22.60,\N
3648874,23.41,\N
3648872,22.00,\N
3648877,21.80,\N
3648875,21.68,\N
3648878,26.58,\N
3648876,25.80,\N
3648879,25.20,\N
3648980,23.89,\N
3648981,28.60,\N
3648982,21.30,\N
3648983,25.24,\N
3648984,28.09,\N
3649826,20.80,\N
3649827,24.20,\N
3649824,22.11,\N
3649823,23.33,\N
3649825,21.30,\N
3650044,26.40,\N
3650046,23.30,\N
3650045,25.80,\N
3650849,26.70,\N
3650848,26.60,\N
3650847,26.20,\N
3651153,20.09,\N
3651154,20.03,\N
3651155,24.50,\N
3651157,26.60,\N
3651158,19.98,\N
3651159,25.40,\N
3651161,25.20,\N
3651160,20.82,\N
3651162,20.70,\N
3651163,21.50,\N
3651165,26.10,\N
3651168,24.90,\N
3651167,23.20,\N
3651166,21.70,\N
3651169,21.90,\N
3651170,24.00,\N
3651198,19.50,\N
3651199,20.56,\N
3651224,19.57,\N
3653212,20.70,\N
3651205,26.60,\N
3651206,21.86,\N
3651225,23.28,\N
3652856,22.00,\N
3652857,20.78,\N
3652858,22.40,\N
3652981,20.84,\N
3652982,24.70,\N
3652983,24.70,\N
3652984,24.40,\N
3652985,22.59,\N
3653044,23.71,\N
3653045,25.40,\N
3653046,27.90,\N
3653047,25.60,\N
3653048,24.25,\N
3653065,29.20,\N
3653066,25.80,\N
3653067,23.80,\N
3653069,22.20,\N
3653190,21.32,\N
3653191,27.10,\N
3653193,26.80,\N
3653214,24.86,\N
3653215,26.25,\N
3653213,26.05,\N
3653216,24.00,\N
3653248,24.50,\N
3653250,24.10,\N
3653251,28.02,\N
3653252,24.30,\N
3653253,23.39,\N
3653254,23.90,\N
3653255,23.24,\N
3653256,23.20,\N
3653257,23.60,\N
3653258,25.63,\N
3653259,23.06,\N
3653305,25.60,\N
3653304,22.60,\N
3653306,25.00,\N
3653320,18.48,\N
3653321,18.61,\N
3653324,26.50,\N
3653323,26.20,\N
3653319,24.30,\N
3653322,24.57,\N
3653343,22.70,\N
3653344,25.30,\N
3653389,24.60,\N
3653390,27.70,\N
3653410,26.40,\N
3653411,27.40,\N
3653413,21.60,\N
3653412,19.82,\N
3653414,22.25,\N
3653415,24.20,\N
3653469,20.50,\N
3653470,21.70,\N
3653468,27.10,\N
3653471,24.37,\N
3653472,21.88,\N
3653521,19.74,\N
3653522,25.80,\N
3653519,23.82,\N
3653520,22.90,\N
3653535,26.30,\N
3653534,25.70,\N
3653555,27.40,\N
3653537,21.36,\N
3653599,23.70,\N
3653600,19.97,\N
3653602,22.31,\N
3653601,22.70,\N
3653603,24.80,\N
3653605,27.90,\N
3653646,26.90,\N
3653647,28.30,\N
3653648,25.60,\N
3653649,25.80,\N
3653650,25.90,\N
3653652,20.60,\N
3653651,22.73,\N
3653680,24.40,\N
3653682,24.80,\N
3653684,17.64,\N
3653689,21.05,\N
3653686,21.36,\N
3653685,25.10,\N
3653688,23.77,\N
3653690,26.00,\N
3653691,24.70,\N
3653692,24.21,\N
3653693,24.24,\N
3653694,22.73,\N
3653695,26.10,\N
3653696,24.40,\N
3653700,24.10,\N
3653698,26.20,\N
3653697,22.22,\N
3653699,21.20,\N
3653701,20.23,\N
3653702,21.30,\N
3653760,27.40,\N
54283566,22.23,\N
3653806,21.30,\N
3653811,24.20,\N
3653812,23.95,\N
3653813,22.20,\N
3653827,26.30,\N
3653834,29.60,\N
3653902,21.79,\N
3653903,22.74,\N
3653905,22.50,\N
3653906,21.90,\N
3653904,26.80,\N
3653909,22.60,\N
3653907,26.70,\N
3653908,24.40,\N
3653910,23.37,\N
3653911,22.70,\N
3653913,22.20,\N
3653912,25.70,\N
3653914,24.95,\N
3653916,19.30,0.653
3653917,21.05,0.286
3653918,22.89,\N
3653921,25.80,\N
3653919,25.90,\N
3653920,25.80,\N
3653969,25.70,\N
3653970,20.36,0.185
3653973,20.36,\N
3653971,24.90,\N
3653972,25.50,\N
3654055,18.27,\N
3654054,24.70,\N
3654057,22.00,\N
3654058,23.30,\N
3654239,20.12,\N
3654337,27.40,\N
3654378,20.38,\N
3654336,20.39,\N
3654335,21.00,\N
3654338,21.12,\N
3654339,21.50,\N
3654342,26.00,\N
3654341,20.52,\N
3654340,19.71,\N
3654379,21.93,\N
3654380,25.31,\N
3654381,24.40,\N
3654382,25.00,\N
3654408,23.50,\N
3654407,22.50,\N
3654413,19.86,\N
3654412,25.40,\N
3654411,23.40,\N
3654457,22.80,\N
3654458,25.30,\N
3654467,23.30,\N
3654483,25.64,\N
3654482,23.00,\N
3654481,21.50,\N
3654484,29.40,\N
3654486,27.30,\N
3654485,26.17,\N
3654518,18.99,\N
3654519,20.53,\N
3654520,22.89,\N
3654525,20.87,\N
3654526,19.24,\N
3654529,20.38,\N
3654528,26.20,\N
3654527,21.32,\N
3654644,26.30,\N
3654645,24.56,\N
3654646,23.30,\N
3654982,19.28,\N
54511966,30.74,\N
3654983,31.44,\N
3655362,21.27,\N
3655366,23.60,\N
3655364,22.40,\N
3655363,23.10,\N
3655365,25.40,\N
3655393,23.33,\N
3655395,25.70,\N
3655397,24.80,\N
3655394,23.40,\N
3655396,23.70,\N
3655398,24.20,\N
3655400,23.70,\N
3655399,23.32,\N
3655448,19.32,\N
3655450,23.80,\N
3655451,22.80,\N
3655452,24.60,\N
3655547,19.89,\N
3655548,21.02,\N
3655550,22.60,\N
3655552,22.80,\N
3655556,21.87,\N
3655555,22.60,\N
3655554,23.70,\N
3655558,23.66,\N
3655561,26.20,\N
3655562,23.45,\N
3655559,23.90,\N
3655563,25.70,\N
3655565,21.24,\N
3655564,20.85,\N
3655566,20.54,\N
3655732,25.00,\N
3655731,26.50,\N
3655733,25.50,\N
3655738,23.60,\N
3655737,25.40,\N
3655735,23.50,\N
3655739,22.50,\N
3655743,20.13,\N
3655751,21.17,0.402
3655759,18.80,\N
3655730,30.95,\N
3655734,21.12,\N
3655736,21.00,0.343
3655740,25.50,\N
3655741,28.80,\N
3655742,22.69,\N
3655744,25.50,\N
3655750,20.20,\N
3655745,27.40,\N
3655746,24.20,\N
3655748,25.11,\N
3655749,22.77,0.200
3655753,23.50,\N
3655754,24.10,\N
3655755,20.20,\N
3655756,23.00,\N
3655762,20.70,\N
3655761,27.40,\N
3655763,20.30,\N
3655764,25.20,\N
3655869,27.50,\N
3655870,26.60,\N
3655872,26.00,\N
3655871,19.28,0.787
3655874,24.70,\N
3655873,25.50,\N
3655876,22.00,\N
3655875,22.50,\N
3655878,19.73,0.585
3655970,25.50,\N
3655973,29.90,\N
3655972,24.10,\N
3655974,26.60,\N
3655976,24.90,\N
3655971,20.46,0.222
3655977,22.28,\N
3655978,19.50,\N
3656409,19.40,0.698
3656413,25.10,\N
3656414,24.50,\N
3656415,25.70,\N
3656411,26.30,\N
3656412,24.20,\N
3656788,19.89,\N
3656789,21.89,0.110
3656793,21.10,\N
3656790,25.50,\N
3656792,28.32,\N
3656791,23.80,\N
3656917,23.90,\N
3656918,21.18,\N
3656919,21.17,\N
3656921,20.15,\N
3656920,22.40,\N
3656922,24.50,\N
3656923,27.30,\N
3656924,21.41,\N
3656925,21.70,0.141
3656926,25.00,\N
3656927,25.40,\N
3656929,25.30,\N
3656928,21.60,0.257
3656931,24.40,\N
3656930,27.40,\N
3656932,23.80,\N
3656933,28.10,\N
3656994,25.00,\N
3656996,25.60,\N
3659801,26.60,\N
3659802,21.65,\N
3659804,21.84,\N
3659805,23.70,\N
3660057,23.00,\N
3660059,26.50,\N
3660058,23.10,\N
3660060,21.70,\N
3660064,21.30,\N
3660061,25.70,\N
3660062,26.60,\N
3660063,23.70,\N
3660066,25.90,\N
3660065,25.20,\N
3660308,23.90,\N
3660309,25.40,\N
3660312,24.20,\N
3660311,22.10,\N
3660310,26.50,\N
3660313,23.80,\N
3660314,19.42,0.675
3660381,22.90,\N
3660382,25.30,\N
3661266,23.20,0.360
3660383,26.90,\N
3661270,22.90,\N
3661269,22.78,0.116
3661267,19.89,\N
3661319,20.70,\N
3661317,24.20,\N
3661318,26.10,\N
3661368,20.34,0.574
3661458,25.50,\N
3661459,26.40,\N
3661493,21.33,0.398
3661494,24.09,\N
3661495,25.00,\N
3661498,22.40,\N
3661496,24.68,\N
3661499,23.08,\N
3661500,22.00,\N
3661503,24.10,\N
3661504,23.10,\N
3661505,22.80,\N
3661506,25.70,\N
3661508,24.00,\N
3661507,24.40,\N
3661509,21.90,\N
3661516,19.10,\N
3661517,19.62,\N
3661548,20.37,\N
54162297,22.86,\N
3661546,22.70,\N
3661549,23.50,\N
3661547,26.70,\N
3662167,23.50,\N
3662198,22.39,\N
3662199,24.50,\N
3662200,26.60,\N
3662228,24.70,\N
3662229,20.54,\N
3662250,19.52,\N
3662251,23.40,\N
3662252,25.80,\N
3662283,20.73,\N
3662284,23.70,\N
3662285,20.30,\N
3662289,19.98,0.889
3662291,18.80,\N
3662287,18.75,\N
3662286,25.40,\N
3662288,23.20,\N
3662290,25.80,\N
3662292,23.19,\N
3662293,27.70,\N
3662341,21.20,\N
3662442,21.85,\N
3662443,25.40,\N
3662482,25.80,\N
3662483,21.05,\N
3662484,25.60,\N
3662585,22.70,\N
3662587,25.10,\N
3662586,20.60,\N
3662632,21.66,\N
3662633,24.70,\N
3662634,24.69,\N
3662637,25.10,\N
3662636,21.32,\N
3662638,22.40,\N
3662635,27.23,\N
3662640,24.30,\N
3662639,24.60,\N
3662643,19.00,\N
3662641,25.70,\N
3662645,24.90,\N
3662646,21.02,\N
3662644,26.30,\N
3662877,23.07,\N
3662879,24.90,\N
3662875,25.10,\N
3662876,25.70,\N
3662915,25.60,\N
3662960,23.99,\N
3662961,22.75,\N
3662957,21.90,\N
3663021,21.21,\N
3662962,23.20,\N
3663066,19.53,\N
54459571,23.52,\N
3663062,28.20,\N
3663064,20.61,\N
3663067,28.90,\N
3663258,27.00,\N
3663259,25.40,\N
3663464,27.70,\N
3663465,26.09,\N
3663467,19.82,\N
3663466,25.90,\N
3663540,21.00,\N
3663541,24.70,\N
3663543,19.68,\N
3663544,25.40,\N
3663743,25.30,\N
3663742,25.70,\N
3663744,25.80,\N
3663745,21.17,\N
3663821,22.90,\N
3663822,23.90,\N
3663828,28.60,\N
3663829,24.19,\N
3663827,24.10,\N
3663830,25.20,\N
3663826,27.10,\N
3663955,21.90,\N
3663954,22.84,\N
3663957,19.90,\N
3664062,20.94,0.372
3664083,19.86,\N
3664085,20.60,\N
3664086,23.50,\N
3666208,18.57,\N
3666411,21.70,0.379
3666473,18.55,0.461
54077804,19.80,\N
54440656,22.87,\N
3666234,25.50,0.022
3666235,27.30,\N
3666233,24.20,\N
3666232,25.20,\N
3666236,23.40,\N
3666412,22.41,\N
3666424,20.20,\N
3666426,19.63,\N
3666427,19.89,\N
3666428,27.00,\N
3666429,24.80,\N
3666433,23.20,\N
3666431,24.70,\N
3666430,26.70,\N
3666432,27.50,\N
3666471,21.48,\N
3666472,24.73,\N
3666539,26.51,\N
3666541,25.40,\N
3666543,22.60,\N
3666542,26.98,\N
3666540,25.00,\N
3666625,23.30,\N
3666626,25.10,\N
3666627,19.39,\N
3666628,20.27,\N
3666632,26.40,\N
3666630,21.06,\N
3666678,21.84,\N
3666677,23.01,\N
3666676,24.40,\N
3666679,27.60,\N
3666681,25.20,\N
3666683,23.80,\N
3666682,25.09,\N
3666680,26.80,\N
3666685,26.35,\N
3666684,24.70,\N
3666686,25.10,\N
3666724,20.60,\N
3666732,21.40,\N
3666730,22.64,\N
3666733,24.80,\N
3666731,25.50,\N
3666784,20.57,\N
3666783,20.21,\N
3666884,23.90,\N
3666886,24.50,\N
3666928,22.17,\N
3667125,21.45,\N
3666885,26.40,\N
3666916,25.88,\N
3666915,26.30,\N
3666926,22.10,\N
3666925,24.21,\N
3666929,19.81,\N
3666924,24.78,\N
3666927,24.60,\N
3666973,21.70,\N
3666972,24.00,\N
3666974,26.70,\N
3666975,23.10,\N
3666977,21.90,\N
3666978,23.10,\N
3667041,25.21,\N
3667048,27.10,\N
3667089,22.46,\N
3667090,25.60,\N
3667092,24.25,\N
3667093,21.65,\N
3667091,25.69,\N
3667121,22.40,\N
3667122,21.80,\N
3667127,20.09,\N
3667126,22.29,\N
3667124,22.01,\N
3667123,21.51,\N
3667130,20.20,0.377
3667129,24.40,\N
3667131,20.60,\N
3667128,26.80,\N
3667132,25.40,\N
3667133,22.70,\N
3667136,23.30,\N
3667137,24.80,\N
3667135,24.90,\N
3667139,23.63,\N
3667138,26.10,\N
3667432,25.50,\N
3667429,23.90,\N
3667430,24.40,\N
3667431,23.70,\N
3667474,25.80,\N
3667476,25.79,\N
3667477,28.60,\N
3667484,25.80,\N
3667490,20.46,\N
3667491,20.09,\N
3668932,28.40,\N
3668954,20.30,\N
3668955,26.20,\N
3668967,21.80,\N
3668968,26.34,\N
3668969,26.00,\N
3668971,27.30,\N
3668975,26.50,\N
3668976,25.90,\N
3668977,22.20,\N
3668978,27.20,\N
3669016,20.40,\N
3669049,20.01,0.561
3669017,19.95,0.975
3669018,24.10,\N
3669019,23.40,\N
3669020,23.63,\N
3669052,26.90,\N
3669060,25.90,\N
3669061,22.31,\N
3669064,25.65,\N
3669065,26.10,\N
3669066,23.70,\N
3669068,25.40,\N
3669069,25.30,\N
3669146,23.01,\N
3669145,26.60,\N
3669147,27.80,\N
3669148,23.20,\N
3669149,24.40,\N
3669221,22.53,\N
3669222,21.48,\N
3669223,19.50,\N
3669224,20.60,\N
3669245,23.70,\N
3669246,26.50,\N
3669249,23.02,\N
3669247,23.60,\N
3669248,22.00,\N
3669251,21.42,\N
3669252,24.30,\N
3669253,18.95,0.325
3669254,22.76,\N
3669255,23.16,\N
3669356,20.58,0.597
3669359,21.10,\N
3669357,28.30,\N
3669358,20.30,\N
3669886,25.00,\N
3669883,25.60,\N
3669885,25.70,\N
3669884,22.15,\N
3669887,20.70,\N
3669888,27.20,\N
3670036,23.80,\N
3670037,23.10,\N
3670038,24.50,\N
3670094,22.30,\N
3670097,20.58,\N
3670096,28.10,\N
3670095,25.10,\N
3670098,22.89,\N
3670099,25.80,\N
3670100,19.79,0.253
3670102,21.00,\N
3670103,23.24,\N
3670140,23.50,\N
3670143,21.70,\N
3670144,22.60,\N
3670141,20.15,\N
3670145,20.14,\N
3670146,26.50,\N
3670147,22.90,\N
3670148,23.94,\N
3670149,26.90,\N
3670290,21.65,\N
3670294,20.97,\N
3670291,24.31,\N
3670293,23.30,\N
3670296,22.44,\N
3670396,21.40,\N
3670700,24.23,\N
3670702,24.60,\N
3670725,26.20,\N
3670726,23.60,\N
3670728,26.00,\N
3671000,26.10,\N
54181493,25.19,\N
54506166,23.47,\N
54181360,25.54,\N
54181367,26.20,\N
3687156,26.80,\N
54181373,27.72,\N
54181380,25.89,\N
54181385,24.84,\N
3672195,19.17,\N
3687179,23.25,\N
54181412,21.61,\N
54181386,21.09,\N
3698585,24.11,\N
3698480,24.13,\N
3698484,25.29,\N
3698481,24.47,\N
3698482,25.73,\N
3698479,27.00,\N
3698483,25.70,\N
3698488,28.20,\N
3698477,29.20,\N
3698489,26.40,\N
3698490,28.30,\N
3698478,25.90,\N
3698485,25.80,\N
3698492,25.06,\N
3698497,27.10,\N
3698494,27.50,\N
3698496,21.97,\N
3698493,27.00,\N
3698495,26.70,\N
3698498,25.60,\N
3698501,24.20,\N
3698504,21.18,\N
3698499,25.10,\N
3698503,24.36,\N
3698500,27.80,\N
3698502,23.20,\N
3698505,26.27,\N
3698506,25.93,\N
3698507,25.83,\N
3698510,26.91,\N
3698509,30.30,\N
3698511,26.40,\N
3698508,26.60,\N
3698513,27.23,\N
3698512,19.89,\N
3698517,26.04,\N
3698514,26.20,\N
3698515,25.60,\N
3698519,26.86,\N
3698518,29.40,\N
3698520,28.70,\N
3698522,26.58,\N
3698525,25.24,\N
3698524,24.70,\N
3698523,28.38,\N
3698531,22.16,\N
3698526,28.70,\N
3698528,27.60,\N
3698530,24.65,\N
3698529,29.65,\N
3698527,22.93,\N
3698532,27.38,\N
3698534,26.93,\N
3698533,28.49,\N
3698535,26.60,\N
3698538,27.30,\N
3698540,27.48,\N
3698549,24.60,\N
3698537,26.50,\N
3698539,26.95,\N
3698541,25.80,\N
3698548,28.50,\N
3698543,25.50,\N
3698542,23.58,\N
3698546,26.55,\N
3698547,26.51,\N
3698545,25.11,\N
3698544,27.00,\N
3698550,29.70,\N
3698555,22.70,\N
3698552,27.90,\N
3698553,24.63,\N
3698551,22.40,\N
3698558,22.30,\N
3698554,25.20,\N
3698556,25.57,\N
3698559,21.70,\N
3698560,26.84,\N
3698562,26.17,\N
3698561,26.95,\N
3698564,26.83,\N
3698563,24.06,\N
3710163,26.90,\N
3710162,26.05,\N
54508747,24.52,\N
54508748,22.12,\N
54509617,24.68,\N
54510162,23.12,\N
54510163,21.95,\N
3670142,26.30,\N
3670150,24.27,\N
3670295,22.30,\N
3670297,21.74,\N
3670298,24.80,\N
3670394,20.60,\N
3670393,25.10,\N
3670392,25.37,\N
3670395,25.70,\N
3670397,24.50,\N
3670398,21.06,\N
3670630,24.80,\N
3670631,24.50,\N
3670632,21.80,\N
3670633,29.30,\N
3670701,24.20,\N
3670703,23.90,\N
3670704,26.90,\N
3670716,18.71,\N
3670717,22.65,0.228
3670720,26.60,\N
3670719,21.26,\N
3670729,23.30,\N
3670727,26.50,\N
3670999,25.40,\N
3671001,23.39,\N
3671119,21.21,\N
3671118,24.10,\N
3671121,25.90,\N
3671123,18.65,\N
3671122,24.38,\N
3671124,27.10,\N
3671125,29.20,\N
3671126,25.30,\N
3671127,19.61,\N
3671129,20.10,0.321
3671128,26.40,\N
54181508,25.50,\N
54181509,26.59,\N
54181510,25.78,\N
54181511,23.97,\N
54181513,23.40,\N
3671131,20.68,0.273
3671133,18.94,\N
3671134,22.37,\N
3698557,26.10,\N
3698565,24.25,\N
3698566,22.90,\N
3698567,25.48,\N
3698571,22.70,\N
3698570,25.38,\N
3698568,26.60,\N
3698569,28.50,\N
3698572,18.02,\N
3836316,24.00,\N
3838920,22.60,\N
3671874,24.40,\N
3672037,28.20,\N
3672038,26.70,\N
3672190,21.21,\N
3672191,24.30,\N
3672192,27.30,\N
3672193,19.07,\N
3672293,25.52,\N
3672357,25.30,\N
3672358,26.40,\N
3672359,24.60,\N
3672360,26.50,\N
3672462,25.10,\N
3672457,23.30,\N
3672458,23.50,\N
3672461,23.33,\N
3672460,25.30,\N
3672459,25.00,\N
3672463,26.20,\N
3672464,24.40,\N
3672465,23.40,\N
3672561,22.11,\N
3672563,29.30,\N
3672564,27.80,\N
3672565,20.20,\N
3672669,20.32,\N
3672668,24.40,\N
3672670,24.82,\N
3672672,22.80,\N
3672671,23.80,\N
3672673,21.02,\N
3672674,26.50,\N
3672730,20.50,\N
3672731,26.20,\N
3672732,25.30,\N
3672900,20.14,\N
3672902,20.57,\N
3672903,23.90,0.166
3672901,23.20,\N
3672908,20.83,\N
3672909,26.62,\N
3672906,21.29,\N
3672904,20.49,\N
3672907,21.06,\N
3672905,27.90,\N
3672910,24.30,\N
3672962,23.50,\N
3672960,20.89,\N
3672961,26.70,\N
3672963,20.30,\N
3672964,20.17,\N
3673133,20.55,0.644
3673134,23.70,\N
3673137,26.50,\N
3673138,23.60,\N
3673167,25.50,\N
3673168,20.25,\N
3673620,18.01,1.724
3673267,28.52,\N
3673384,25.00,\N
3673385,21.00,\N
3673470,23.70,\N
3673469,24.20,\N
3673471,19.54,\N
3673472,20.70,\N
3673544,24.00,\N
3673545,21.38,\N
3673546,21.83,\N
3673597,27.00,\N
3673598,24.46,\N
3673636,25.90,\N
3673679,23.40,\N
3673680,29.10,\N
3673724,24.10,\N
54495706,19.85,\N
3673736,20.17,0.938
3673787,25.30,\N
3673794,18.47,\N
3673792,18.65,2.082
3673793,21.05,\N
3673806,18.11,\N
3673825,26.00,\N
3673837,24.10,\N
3673836,24.70,\N
3673857,19.91,\N
3673867,20.36,\N
3673865,21.80,\N
3673868,21.80,\N
3673866,24.30,\N
3673869,22.69,0.113
3673870,21.60,\N
3673913,24.00,\N
3673918,24.39,\N
3673917,26.22,\N
3673919,21.50,\N
3673920,25.60,\N
3673914,20.70,\N
3673916,26.20,\N
3673915,27.10,\N
3673921,21.77,\N
3673922,21.10,\N
3673978,20.50,\N
3673979,22.20,\N
3673976,24.10,\N
3673977,25.50,\N
3673980,21.82,\N
3673981,24.60,\N
3673983,23.08,\N
3673982,26.11,0.069
3674010,23.83,\N
3674025,22.70,\N
3674024,20.75,\N
3674023,23.80,\N
3674022,18.94,\N
3674026,24.80,\N
3674069,18.15,\N
3674072,22.84,\N
3674070,22.00,\N
3674104,23.10,\N
3674105,22.70,\N
3674106,23.50,\N
3674175,23.30,\N
3674174,18.38,\N
3674177,22.80,\N
3674178,26.50,\N
3674179,24.10,\N
3674216,24.50,\N
3674249,24.70,\N
3674330,18.60,\N
3674331,18.58,\N
3674332,24.10,\N
3674333,23.60,\N
3674335,21.71,\N
3674337,23.30,\N
3674426,19.67,\N
3674499,21.50,\N
3674500,19.41,\N
3674501,22.40,\N
3674503,24.05,\N
3674749,24.10,\N
3674757,20.70,\N
3674825,22.80,\N
3674830,21.20,\N
3675170,24.06,\N
3675179,24.57,\N
3675191,23.87,\N
3675093,25.93,\N
3675110,23.61,\N
3675116,22.98,\N
3675146,23.37,\N
3674248,23.20,\N
3674336,24.30,\N
3674341,24.20,\N
3674427,24.10,\N
3674498,21.83,\N
3674502,20.78,\N
3674578,21.96,\N
3674617,23.70,\N
3674619,21.22,0.502
3674659,23.60,\N
3674684,21.80,\N
3674745,23.23,\N
3674755,19.80,\N
3674756,19.99,0.501
3674789,18.89,\N
3674865,21.60,0.330
3675259,20.70,\N
3675262,24.12,\N
3675275,24.20,\N
3675285,21.77,\N
3675298,23.56,\N
3675307,22.90,\N
3675229,21.68,\N
3674864,21.72,\N
3674874,19.10,0.598
3674886,21.00,0.732
3674887,29.10,\N
3674937,23.20,\N
3674947,22.47,\N
3674948,27.80,\N
3674962,25.50,\N
3674961,24.40,\N
3674963,21.00,\N
3674964,23.10,\N
3675019,21.74,\N
3675020,22.88,\N
3675021,22.50,\N
3676114,26.50,\N
3676117,29.10,\N
3676115,23.20,\N
3676118,24.50,\N
3678015,26.20,\N
3678016,19.55,\N
3678250,20.77,\N
3678251,26.30,\N
3678248,24.30,\N
3678563,20.92,\N
3678561,22.50,\N
3678560,21.97,\N
3678562,21.02,\N
3678564,22.31,\N
3678608,24.20,\N
3678609,27.00,\N
3678610,21.42,\N
3678611,24.44,\N
3678630,22.78,\N
3678629,21.45,\N
3678631,22.60,\N
3679434,20.69,\N
3679436,22.85,\N
3680268,22.76,\N
3680281,26.00,\N
3680275,19.91,\N
3680895,25.50,\N
3680936,21.74,\N
3681005,24.66,\N
3681036,22.67,\N
3681053,25.80,\N
54499772,25.59,\N
3679871,22.30,\N
3679870,24.03,\N
3680249,20.84,\N
3680251,21.62,\N
3680250,17.72,\N
3680252,24.03,\N
3680266,22.10,\N
3680269,23.49,\N
3680284,20.80,\N
3690060,20.60,\N
3681964,20.59,0.206
3681965,20.23,\N
3681972,20.90,0.412
3681973,20.60,\N
3682228,20.28,0.562
3682429,18.05,3.330
3683246,20.00,\N
3682230,20.52,\N
3682231,25.00,\N
3682232,23.50,\N
3682428,24.40,\N
3682430,22.80,\N
3682463,18.86,\N
3682462,25.60,\N
3682464,24.90,\N
3682465,23.70,\N
3682466,24.44,\N
3682467,23.70,\N
3682495,21.60,\N
3682496,24.30,\N
3682497,22.12,\N
3682529,23.40,\N
3682527,26.20,\N
3682530,23.20,\N
3682531,23.00,\N
3682926,22.20,\N
3682925,23.60,\N
3682927,25.30,\N
3683390,19.45,\N
3683391,21.90,\N
3683392,24.54,\N
3683393,26.30,\N
3683394,22.30,\N
3683395,19.59,\N
3683396,20.71,\N
3683467,26.80,\N
3683469,22.05,\N
3683470,25.90,0.041
3683471,24.90,\N
3683472,24.80,\N
3683805,26.00,\N
3683808,22.40,\N
3683807,21.61,\N
3683809,25.20,\N
3684008,21.21,\N
3684007,24.40,\N
3684006,23.77,\N
3684343,22.80,\N
3684344,21.66,\N
3684345,22.70,\N
3684342,23.10,\N
3684348,26.50,\N
3684350,22.30,\N
3684347,24.40,\N
3684349,24.14,\N
3684346,20.00,\N
3684351,24.50,\N
3684352,20.70,\N
3684353,24.55,\N
3684354,23.40,\N
3684355,22.83,\N
3684635,21.19,\N
3684633,20.92,\N
3684632,23.70,\N
3684631,24.80,\N
3684634,25.90,\N
3684636,20.40,\N
3684718,19.23,\N
3684637,21.81,\N
3684638,27.20,\N
3684728,24.10,\N
3684730,21.19,\N
3684729,22.70,\N
3684733,19.06,\N
3684732,27.50,\N
3684734,23.20,\N
3684735,27.00,\N
3684736,22.70,\N
3685268,22.90,\N
3685270,22.54,\N
3685271,23.60,\N
3685272,21.71,\N
3685631,20.14,\N
3685633,27.40,\N
3685634,21.50,\N
3685635,22.90,\N
3685807,21.36,\N
3685809,21.11,\N
3685811,19.61,\N
3685812,21.80,\N
3685810,22.40,\N
3685817,19.22,2.009
3685818,18.66,\N
3685820,22.90,\N
3686081,18.42,1.784
3686080,23.00,\N
3686085,22.40,\N
3686086,23.70,\N
3686149,24.10,\N
3686154,22.13,\N
3686159,20.76,\N
3686272,25.00,\N
3686281,20.50,\N
3686283,27.80,\N
3686284,20.49,\N
3687132,21.80,\N
3687134,23.80,\N
3687789,20.47,\N
54354286,22.33,\N
3684737,28.90,\N
3685273,26.85,\N
3685632,25.40,\N
3685815,22.80,\N
3685816,22.70,\N
3685814,23.80,\N
3685819,27.35,\N
3686148,20.68,\N
3686150,20.37,\N
3686151,24.38,\N
3686152,23.01,\N
3686187,23.33,0.088
3686191,17.96,0.694
3686282,19.11,\N
3687133,22.40,\N
3687145,24.20,\N
3687910,23.72,\N
54510126,22.94,\N
3687147,22.30,\N
3687148,22.30,\N
3687149,23.20,\N
3687150,24.50,\N
3689016,25.90,\N
3689017,24.10,\N
3689018,26.00,\N
3689178,21.10,\N
3689342,25.50,\N
3689179,26.40,\N
3689180,25.27,\N
3689237,23.80,\N
3689239,29.10,\N
3689267,26.00,\N
3689268,25.60,\N
3689269,24.60,\N
3689270,23.70,\N
3689271,21.70,\N
3689272,26.00,\N
3689273,24.96,\N
3689340,22.80,\N
3689341,24.20,\N
3689343,21.40,\N
3689346,21.60,0.172
3689345,22.64,\N
3689344,22.60,\N
3689348,22.80,\N
3689350,22.37,\N
3689349,23.10,\N
3689347,22.70,\N
3689351,22.40,\N
3689354,28.20,\N
3689355,24.40,\N
3689353,21.84,\N
3689356,25.30,\N
3689358,19.05,\N
3689357,22.14,\N
3690050,21.00,\N
3690052,24.10,\N
3690053,21.60,\N
3690054,24.20,\N
3690057,27.00,\N
3690055,23.80,\N
3690058,25.30,\N
3690056,26.90,\N
3690061,25.21,\N
3690383,25.30,\N
3690382,24.60,\N
3690381,25.90,\N
3690385,25.70,\N
3690386,26.90,\N
3690384,27.20,\N
3690387,22.64,\N
3690388,20.80,\N
3690389,26.70,\N
3690390,26.10,\N
3690391,27.60,\N
3690392,27.00,\N
3690683,23.60,\N
3690684,26.30,\N
3690686,26.10,\N
3691089,19.61,\N
3691088,24.50,\N
3691095,21.00,\N
3691092,24.50,\N
3691091,25.00,\N
3691090,23.40,\N
3691093,24.02,\N
3691094,23.20,\N
3691096,26.60,\N
3691097,21.80,0.174
3691589,21.09,\N
3691154,26.70,\N
3691155,26.30,\N
3691157,22.90,\N
3691158,23.50,\N
3691159,22.50,\N
3691160,21.15,\N
3691354,25.50,\N
3691377,20.25,\N
3691711,23.20,\N
3691712,25.08,\N
3691849,27.30,\N
3692283,21.73,\N
3692282,24.39,\N
3692285,20.10,\N
3692284,21.90,\N
3692286,28.20,\N
3692287,26.20,\N
3692288,24.20,\N
3692289,27.80,\N
3692290,26.20,\N
3692291,24.50,\N
3692558,27.20,\N
3692562,25.50,\N
3692559,25.28,\N
3692560,25.09,\N
3692561,24.40,\N
3692563,26.06,\N
3692564,22.60,\N
3692565,22.26,\N
3692744,20.80,\N
3692745,22.45,\N
3692746,26.70,\N
3692748,24.90,\N
3692750,20.70,\N
3692751,21.50,\N
3692863,22.70,\N
3693014,22.30,\N
3693057,20.36,\N
3693058,20.32,\N
3693145,23.12,\N
3693163,21.83,\N
3693197,25.00,\N
54181745,25.81,\N
54506472,22.63,\N
3693237,23.70,\N
3693238,24.50,\N
3693239,26.00,\N
3693266,20.69,0.554
3693265,25.30,\N
3693267,25.00,\N
3693268,26.20,\N
3693269,25.20,\N
3693270,21.54,\N
3693271,21.80,\N
3693426,19.55,0.469
3693427,21.33,\N
3693517,23.30,\N
3693519,20.62,0.519
3693554,23.30,\N
3693428,26.60,\N
3693516,19.18,0.556
3693549,23.30,\N
3693553,25.30,\N
3693607,23.90,\N
3693719,25.10,\N
3693720,26.10,\N
3693721,26.60,\N
3693773,25.60,\N
3693774,24.80,\N
3693826,25.10,\N
3693845,25.30,\N
3694011,26.80,\N
3693846,23.33,\N
3693847,21.90,\N
3694045,22.19,\N
3694044,23.80,\N
3694046,25.10,\N
3694048,23.40,\N
3694047,25.10,\N
3694050,22.81,\N
3694051,24.80,\N
3694125,24.90,\N
3694124,25.20,\N
3694128,24.70,\N
3694126,23.18,\N
3694127,25.03,\N
3694130,22.46,\N
3694131,27.40,\N
3694132,25.23,\N
3694133,20.50,\N
3694451,19.21,\N
3694452,25.20,\N
3694453,26.20,\N
3694454,26.30,\N
3694455,28.60,\N
3694456,23.80,\N
3694460,28.20,\N
3694457,24.80,\N
3694458,26.30,\N
3694459,25.50,\N
3694461,25.90,\N
3694462,25.80,\N
3694463,22.00,\N
3694464,22.79,\N
3694465,27.60,\N
3694466,23.80,\N
3694520,25.60,\N
3694519,26.40,\N
3694521,26.40,\N
3694526,27.20,\N
3694523,24.90,\N
3694522,26.60,\N
3694525,24.20,\N
3694524,23.05,\N
3694527,24.80,\N
3694528,25.57,\N
3694529,24.50,\N
3694530,22.40,\N
3694531,18.82,\N
3694776,23.70,\N
3694777,24.30,\N
3694778,22.40,\N
3694781,20.50,\N
3694779,26.60,\N
3694780,24.20,\N
3694783,26.50,\N
3694782,24.70,\N
3694784,24.20,\N
3694785,24.00,\N
3694787,24.60,\N
3694786,22.72,\N
3694985,21.30,\N
3694986,26.20,\N
3694988,23.56,\N
3694989,24.80,\N
3694990,20.80,\N
3695293,20.53,\N
3695292,24.30,\N
3695294,27.10,\N
3695295,26.50,\N
3695296,23.60,\N
3695412,22.20,\N
3695410,27.90,\N
3695413,26.70,\N
3695414,21.70,\N
3695415,22.30,\N
3695411,24.80,\N
3695417,23.40,\N
3695416,20.30,\N
3695418,21.50,0.421
3695419,24.40,\N
3695420,23.20,\N
3695647,21.55,\N
3695652,19.30,\N
3695648,22.88,\N
3695653,23.60,\N
3695649,25.90,\N
3695650,24.10,\N
3695654,24.54,\N
3695651,23.40,\N
3695735,21.93,\N
3695734,25.50,\N
3695736,25.80,\N
3695745,21.15,\N
3695816,19.62,\N
3695824,19.11,\N
3695838,18.60,1.387
3695933,20.61,0.404
3699902,26.90,\N
3695738,24.51,\N
3695837,22.89,\N
3695919,22.72,0.085
3695920,21.60,\N
3695932,19.05,\N
3696014,20.56,\N
3696013,23.50,\N
3696015,24.56,\N
3696140,19.41,\N
3696154,26.20,\N
3696459,22.82,0.122
3696153,28.20,\N
3696193,23.30,\N
3696194,24.40,\N
3696195,24.30,\N
3696301,25.30,\N
3696302,26.40,\N
3696300,24.00,\N
3696303,23.50,\N
3696304,23.44,\N
3696305,24.70,\N
3696400,22.20,\N
3696401,30.40,\N
3696402,24.41,\N
3696404,25.20,\N
3696405,24.80,\N
3696403,27.10,\N
3696406,20.08,0.198
3696407,25.30,\N
3696440,19.06,\N
3696441,21.73,\N
3696443,22.90,\N
3696442,22.78,\N
3696445,22.81,\N
3696455,22.40,\N
3696447,25.60,\N
3696448,23.70,\N
3696450,20.49,\N
3696451,26.60,\N
3696452,26.00,\N
3696454,26.20,\N
3696453,27.30,\N
3696456,28.00,\N
3696457,23.67,\N
3696460,21.40,\N
3696461,25.00,\N
3697175,22.90,\N
3697177,25.60,\N
3697178,17.75,2.923
3697563,24.00,\N
3697564,26.30,\N
3697566,24.20,\N
3697567,24.10,\N
3697797,19.49,\N
3697796,22.32,\N
3697798,20.50,0.297
3697799,23.60,\N
3697800,21.61,\N
3697801,27.40,\N
3697802,24.77,\N
3697803,29.10,\N
3698468,21.80,\N
3698469,22.00,\N
3698470,23.56,\N
3698471,26.81,\N
3698473,24.00,\N
3698474,26.20,\N
3698475,25.59,\N
3698476,24.80,\N
3698578,24.00,\N
3698573,25.90,\N
3698574,20.45,\N
3698575,22.52,\N
3698577,25.05,\N
3698576,25.20,\N
3698840,22.20,\N
3698841,21.90,\N
3698850,19.06,\N
3698842,23.82,\N
3698843,25.70,\N
3698844,23.00,\N
3698847,21.10,\N
3698845,26.80,\N
3698846,23.77,\N
3698848,24.40,\N
3698849,29.60,\N
3699442,23.20,\N
3699443,24.90,\N
3699446,27.30,\N
3699445,22.30,\N
3699444,24.51,\N
3699447,20.98,\N
3699449,25.62,\N
3699451,21.43,\N
3699477,20.80,\N
3699476,22.50,\N
3699479,24.20,\N
3699480,19.25,\N
3699481,24.95,\N
3699482,25.70,\N
3699483,23.90,\N
3699497,19.96,\N
3699505,19.88,\N
3699506,21.16,\N
3699509,23.30,\N
3699510,25.40,\N
3699511,24.80,\N
3699512,25.60,\N
3699513,25.00,\N
3699882,26.10,\N
3699883,20.24,\N
3699885,23.27,\N
3699886,22.43,\N
3699887,20.78,\N
3699888,20.80,\N
3699890,18.91,\N
3699891,25.70,\N
3699892,26.00,\N
3699893,26.90,\N
3699894,24.80,\N
3699895,25.50,\N
3699896,27.40,\N
54510127,27.98,\N
3699903,22.10,\N
54510128,27.82,\N
54502927,22.09,\N
54506473,23.53,\N
3699901,21.31,0.486
3699898,23.74,\N
3699899,23.20,\N
3699905,22.40,\N
3699906,18.16,\N
54211782,20.26,\N
3699951,22.45,\N
3699952,21.86,\N
3701707,25.30,\N
3701708,22.50,\N
3701710,20.34,\N
54506474,24.24,\N
54181792,25.05,\N
54506167,29.48,\N
54506168,24.61,\N
54181771,25.73,\N
54181773,25.04,\N
3701881,20.92,\N
3699954,20.09,\N
3700064,19.42,\N
3701679,19.58,\N
3701712,26.46,\N
3701837,19.27,\N
3701838,25.30,\N
3701847,21.30,\N
3701849,22.40,\N
3701857,24.00,\N
3701866,20.90,\N
3701883,21.00,\N
3701879,22.91,\N
3701882,23.50,\N
3701880,26.80,\N
3701884,24.04,\N
3701885,20.18,0.651
3701886,26.00,\N
3702256,19.23,1.198
3702310,26.30,\N
3702311,18.92,\N
3702316,20.18,\N
3702320,19.39,\N
3702670,17.24,1.349
3702677,23.40,\N
3702676,21.40,\N
3702685,26.40,\N
3702708,21.70,\N
3702718,25.30,\N
3703890,21.90,\N
3702318,22.27,\N
3702319,24.29,\N
3702321,22.39,\N
3702322,22.10,\N
3702671,25.70,\N
3702672,19.47,\N
3702707,20.72,\N
3702705,20.71,\N
3702706,24.50,\N
3702719,25.60,\N
3702717,23.40,\N
3702720,23.50,\N
3702914,19.12,\N
3702915,23.70,\N
3702916,24.50,\N
3702917,27.50,\N
3702918,24.06,\N
3702939,19.30,\N
3702938,20.80,\N
3702940,21.08,\N
3702963,23.30,\N
3702941,25.50,\N
3702966,20.59,\N
3702967,24.80,\N
3702968,26.60,\N
3702969,24.33,\N
3702970,27.20,\N
3702999,22.97,\N
3703000,20.81,\N
3703002,18.38,2.443
3703001,22.75,\N
3703003,20.60,0.355
3703011,26.10,\N
3703048,21.10,0.299
3703012,18.59,1.757
3703013,27.60,\N
3703056,24.20,\N
3703058,26.80,\N
3703059,28.30,\N
3703070,19.99,\N
3703073,21.39,\N
3703072,23.50,\N
3703074,27.20,\N
3703075,26.10,\N
3703076,24.16,\N
3703166,20.85,0.129
3703077,24.70,\N
3703078,24.30,\N
3703079,19.59,\N
3703080,21.78,\N
3703193,20.20,\N
3703192,21.12,\N
3703194,20.30,\N
3703195,23.80,\N
3703243,23.60,\N
3703244,21.50,\N
3703245,25.40,\N
3703246,24.80,\N
3703247,22.20,\N
3703248,23.40,\N
3703253,20.47,\N
3703254,24.80,\N
3703255,24.85,\N
3703261,22.90,\N
3703262,19.63,0.370
3703263,20.20,\N
3703309,19.58,\N
3703311,21.01,\N
3704051,20.20,\N
3704075,26.10,\N
3704079,23.97,\N
3777606,21.41,\N
3703303,20.32,\N
3703314,21.58,\N
3703319,24.27,\N
3703372,21.56,\N
3703435,19.63,0.986
3703436,26.50,\N
3703437,19.99,\N
3703438,28.00,\N
3703537,23.50,\N
3703538,23.90,\N
3703539,22.60,\N
3703540,24.40,\N
3703541,23.50,\N
3703542,24.60,\N
3703543,25.40,\N
3703544,24.40,\N
3703545,22.40,\N
3703546,22.90,\N
3703547,25.20,\N
3703548,26.20,\N
3703775,20.06,\N
3703778,21.28,\N
3703779,24.20,\N
3703784,24.00,\N
3703780,21.48,\N
3703781,23.80,\N
3703782,25.30,\N
3703783,25.12,\N
3703787,23.30,\N
3703788,26.40,\N
3703790,22.00,\N
3703793,22.02,\N
3703884,21.16,\N
3704141,20.99,0.374
3704143,19.53,\N
3704145,22.74,\N
3704144,23.40,\N
3707696,21.59,0.358
3703785,25.00,\N
3703786,24.00,\N
3703789,24.00,\N
3703791,24.90,\N
3703792,26.60,\N
3703887,21.30,\N
3703886,23.43,\N
3703889,25.70,\N
3703888,23.70,\N
3703894,28.10,\N
3703892,23.80,\N
3704146,20.40,\N
3704147,20.39,\N
3704148,27.50,\N
3704154,27.60,\N
3704150,25.20,\N
3704149,23.82,\N
3704151,24.70,\N
3704152,25.10,\N
3704153,23.70,\N
3704156,26.40,\N
3704157,24.90,\N
3704158,23.60,\N
3704262,23.40,\N
3704264,19.08,\N
3704263,20.29,\N
3704265,21.63,\N
3704268,21.48,\N
3704267,25.60,\N
3704266,23.80,\N
3704764,22.50,\N
3704765,21.86,\N
3704766,19.24,\N
3704767,28.10,\N
3704768,24.00,\N
3704769,25.10,\N
3704770,25.00,\N
3704771,20.87,\N
3705038,18.81,\N
3705039,21.00,\N
3705040,21.07,\N
3705042,22.00,0.146
3705043,20.23,\N
3705045,21.32,\N
3705046,23.40,\N
3705047,23.40,\N
3707692,24.50,\N
3707693,24.40,\N
3707694,21.10,\N
3707698,20.75,\N
3707697,22.38,\N
3707699,23.30,\N
3708359,22.36,\N
3708360,20.24,\N
3708361,23.80,\N
3708363,19.35,\N
3708364,27.80,\N
3708365,23.60,\N
3708366,20.29,\N
3708650,22.89,\N
3708651,22.10,\N
3708943,23.48,\N
3708944,25.70,\N
3708945,25.04,\N
3709076,20.09,\N
3709077,20.40,\N
3709078,19.82,\N
3709079,20.35,\N
3709080,20.50,\N
3709081,20.85,\N
3709130,24.60,\N
3709133,18.80,\N
3709134,19.74,\N
3709132,26.60,\N
3709136,28.60,\N
3709135,25.06,\N
3709137,25.50,\N
3709247,20.50,\N
3709248,25.20,\N
3709250,21.49,\N
3709251,25.78,\N
3709252,22.00,\N
3709285,26.70,\N
3709397,23.20,\N
3709398,17.82,\N
3709400,24.60,\N
3709401,23.10,\N
3709449,19.23,\N
3709549,23.90,\N
3709550,20.60,\N
3709602,20.86,\N
3709601,21.28,\N
3709603,20.25,\N
3709604,22.87,\N
3709710,24.20,\N
3709711,21.13,\N
3709714,23.70,\N
3709774,22.30,\N
3709956,20.13,\N
3709957,20.47,\N
3709958,21.00,\N
3715407,18.98,\N
3715408,23.90,\N
3715411,27.60,\N
3715412,20.43,\N
3715413,20.02,0.349
3753570,26.80,\N
3764850,18.10,\N
3709453,23.25,\N
3709712,23.50,\N
3709713,25.60,\N
3709715,25.52,\N
3709716,26.10,\N
3709773,26.20,\N
3709775,26.30,\N
3709924,23.30,\N
3709926,26.40,\N
3709959,22.30,\N
3709960,20.60,\N
3709961,25.50,\N
3709962,23.80,\N
3709963,28.20,\N
3709966,24.60,\N
3709967,23.80,\N
3709968,25.25,\N
3710019,21.42,\N
3710018,21.40,\N
3710020,22.60,\N
3710159,23.00,\N
3710160,20.00,0.184
3710161,22.20,\N
3710164,25.40,\N
3710215,24.10,\N
3710219,28.60,\N
3710217,24.05,\N
3710216,27.20,\N
3710218,25.66,\N
3710223,23.50,\N
3710222,23.30,\N
3710237,24.00,\N
3710225,19.80,0.384
3710224,25.70,\N
3710226,26.00,\N
3710227,23.60,\N
3710228,20.43,0.437
3710229,22.90,\N
3710230,21.70,\N
3710245,19.00,\N
3710246,22.82,\N
3710247,20.34,\N
3710557,23.00,\N
3710558,24.60,\N
3710911,20.98,\N
3710912,19.53,\N
54084705,19.13,\N
3710559,27.70,\N
3710713,25.10,\N
3710716,23.90,\N
3710712,24.90,\N
3710714,23.00,\N
3710715,26.60,\N
3710913,21.93,\N
3710914,24.80,\N
3710916,30.40,\N
3710915,23.30,\N
3710917,24.80,\N
3710918,20.70,\N
3710919,24.40,\N
3710920,24.20,\N
3710921,25.50,\N
3711166,21.45,\N
3711167,20.94,\N
3711168,20.88,0.468
3711170,26.10,\N
3711171,25.44,\N
3711172,24.40,\N
3711173,25.40,\N
3711174,22.02,\N
3711779,20.90,\N
3711778,23.99,\N
3711780,23.80,\N
3711781,24.35,\N
3711782,25.72,\N
3711783,23.90,\N
3711784,21.64,\N
3711785,21.62,\N
3712031,24.40,\N
3712032,22.20,\N
3712033,24.87,\N
3712034,19.72,0.679
3712420,20.93,0.435
3712419,19.70,\N
3712421,21.46,\N
3712422,23.70,\N
3712423,23.60,\N
3712424,25.60,\N
3712425,24.90,\N
3712426,18.82,\N
3712468,21.19,\N
3712469,23.10,\N
3712471,24.30,\N
3712470,25.39,\N
3712472,21.05,\N
3712527,23.50,\N
3712528,23.80,\N
3712529,25.60,\N
3712530,20.26,\N
3712531,21.93,0.349
3712532,26.60,\N
3712533,24.60,\N
3712535,24.90,\N
3712536,25.70,\N
3712537,26.00,\N
3712619,23.50,\N
3712620,23.80,\N
3712621,24.50,\N
3712625,20.66,\N
3712622,23.09,\N
3712624,26.09,\N
3712626,22.29,\N
3712627,25.61,\N
3712665,24.13,\N
3712668,24.60,\N
3712669,24.20,\N
3712670,19.80,0.535
3712671,26.60,\N
3712675,20.51,\N
3712886,22.60,\N
3713068,23.40,\N
3714487,22.70,\N
3715405,24.60,\N
3717073,22.80,\N
3717069,29.30,\N
54499773,23.32,\N
3712903,26.80,\N
3712904,25.61,\N
3712905,25.54,\N
3712906,26.43,\N
3712945,26.30,\N
3712944,26.81,\N
3712946,26.00,\N
3712947,26.10,\N
3712982,21.20,\N
3712984,26.70,\N
3713006,25.80,\N
3713005,22.32,\N
3713007,24.10,\N
3713008,26.01,\N
3713004,23.00,\N
3836965,19.98,\N
3713069,20.36,\N
3713070,30.20,\N
3713071,28.60,\N
3713267,21.60,\N
3713268,21.50,\N
3713269,22.44,\N
3713270,20.77,0.313
3713271,20.28,0.294
3713272,24.38,\N
3713273,27.40,\N
3713283,21.99,\N
3713284,22.70,\N
3713303,20.10,\N
3713306,25.60,\N
3713307,22.30,\N
3713318,23.60,\N
3713941,21.41,\N
54506171,22.68,\N
3713285,26.20,\N
3713286,26.60,\N
3713287,26.60,\N
3713288,24.40,\N
3713289,26.60,\N
3713304,20.79,\N
3713305,25.40,\N
3713308,20.80,0.232
3713309,26.16,\N
3713319,25.20,\N
3713320,22.28,\N
3713321,24.03,\N
3713903,19.78,\N
3713931,24.60,\N
3713932,25.80,\N
3713940,24.10,\N
3713942,24.80,\N
3713933,26.70,\N
3713934,23.60,\N
3713935,22.56,0.066
3713936,24.30,\N
3713937,23.30,\N
3713938,26.30,\N
3713939,25.80,\N
3713943,25.70,\N
3713944,21.50,\N
3713945,22.90,\N
3713946,23.30,\N
3713947,23.90,\N
3713948,23.00,\N
3713974,26.70,\N
3713975,27.60,\N
3713976,24.70,\N
3713999,25.70,\N
3713993,19.90,\N
3713989,22.15,\N
3713998,20.71,\N
3713990,19.54,\N
3713991,19.94,\N
3713992,25.30,\N
3713994,22.90,\N
3713995,24.10,\N
3713997,24.80,\N
3713996,24.30,\N
3714000,24.60,\N
3714001,23.73,\N
3714003,24.30,\N
3714002,25.60,\N
3714113,18.98,\N
3714115,27.70,\N
3714114,23.02,\N
3714116,19.48,0.636
3714117,22.40,\N
3714118,21.20,\N
3714119,18.79,\N
3714120,26.20,\N
3714121,23.04,\N
3714122,26.60,\N
3714123,23.82,\N
3714125,20.69,\N
3714126,23.95,\N
3714127,23.70,\N
3714175,19.99,\N
3714177,21.70,\N
3714178,24.70,\N
3714179,24.90,\N
3714181,23.60,\N
3714182,25.50,\N
3714453,20.96,\N
3714454,21.99,\N
3714455,28.40,\N
3714456,24.43,\N
3714457,22.10,\N
3714458,22.83,\N
3714459,23.90,\N
3714460,20.12,0.544
3714461,19.56,\N
3714462,23.70,\N
3714464,20.80,\N
3714465,28.70,\N
3714488,20.40,\N
3714538,20.65,\N
3714555,20.30,\N
3714579,21.01,\N
3714581,23.03,\N
3714583,26.10,\N
3714584,27.20,\N
3714585,23.60,\N
3714586,26.20,\N
3714587,23.50,0.064
3714588,21.34,\N
3714589,22.25,\N
3719132,20.40,\N
3714590,28.30,\N
3715094,20.90,\N
3715092,24.90,\N
3715093,24.40,\N
3715095,21.70,\N
3715096,23.60,\N
3715097,26.40,\N
3715299,21.34,\N
3715300,22.20,\N
3715369,25.20,\N
3715384,17.23,0.944
3715435,24.30,\N
3715464,22.20,\N
3715909,20.12,0.753
3717068,31.00,\N
3717072,25.40,\N
3717078,20.56,\N
3717071,24.10,\N
3717074,23.64,\N
3717077,27.76,\N
3717075,22.95,\N
3837528,20.75,\N
54510129,30.40,\N
54510130,34.37,\N
54054508,20.52,\N
54519879,27.57,\N
54520929,27.25,\N
54529111,28.58,\N
54530170,26.38,\N
3715421,20.48,\N
3715465,17.73,\N
3715466,26.00,\N
3715467,25.00,\N
3715497,22.80,\N
3715498,20.53,0.262
3715468,28.40,\N
3715500,24.98,\N
3715501,25.40,\N
3715507,21.68,0.143
3715508,26.10,\N
3715509,26.60,\N
3715511,26.61,\N
3715510,25.70,\N
3715512,22.63,\N
3715513,21.16,\N
3715533,20.61,\N
3715534,24.40,\N
3715535,25.30,\N
3715537,25.40,\N
3715536,26.50,\N
3715693,23.97,\N
3715694,25.20,\N
3715702,25.60,\N
3715703,22.26,\N
3715739,22.50,\N
3715740,25.00,\N
3715741,28.80,\N
3715771,20.39,\N
3715897,21.04,\N
3715906,19.83,\N
3715907,25.22,\N
3715908,25.40,\N
3715910,24.80,\N
3718764,19.92,0.660
3715911,22.90,\N
3715995,21.00,\N
3715997,26.10,\N
3715996,27.00,\N
3715994,25.50,\N
3715998,25.70,\N
3716430,20.90,\N
3716432,24.50,\N
3716433,21.18,\N
3716435,23.90,\N
3716434,27.10,\N
3716436,27.40,\N
3716437,26.50,\N
3716438,22.70,0.108
3716439,23.60,\N
3716455,21.80,\N
3716461,25.20,\N
3716456,27.10,\N
3716462,23.70,\N
3716460,24.30,\N
3716459,25.00,\N
3716457,24.30,\N
3716458,24.70,\N
3716472,24.80,\N
3716630,20.20,\N
3716628,24.10,\N
3716629,25.90,\N
3716627,25.40,\N
3716631,22.16,\N
3716632,27.18,\N
3716633,25.60,\N
3716635,26.00,\N
3716636,23.36,\N
3716637,23.50,\N
3717039,20.61,\N
3717037,26.50,\N
3717041,26.10,\N
3717046,21.41,\N
3717049,25.16,\N
3717044,26.11,\N
3717060,23.21,\N
3717042,23.59,\N
3717043,25.90,\N
3717047,24.30,\N
3717045,25.64,\N
3717050,23.40,\N
3717052,25.50,\N
3717051,27.10,\N
3717053,26.80,\N
3717054,25.70,\N
3717100,19.28,1.115
3717066,25.20,\N
3717067,25.60,\N
3717079,27.10,\N
3717082,20.91,\N
3717081,27.10,\N
3717107,24.22,\N
3717108,23.30,\N
3717359,21.06,\N
3717358,23.71,\N
3717360,26.30,\N
3718277,25.50,\N
3718315,21.70,\N
3718320,19.68,\N
3718321,24.40,\N
3718319,27.20,\N
3718318,23.60,\N
3718323,19.83,\N
3718388,22.90,\N
3718390,23.40,\N
3718389,23.66,\N
3718391,21.22,\N
3718432,24.20,\N
3718763,20.09,\N
3718762,26.80,\N
3718780,23.70,0.108
3718781,18.23,\N
3718828,18.98,\N
3719015,21.72,\N
3719075,23.70,\N
3719076,27.70,\N
3719081,24.62,\N
3719125,23.90,0.078
3719379,26.30,\N
3720849,24.67,\N
3720856,28.70,\N
3720857,27.32,\N
3720859,24.50,\N
3720858,22.81,\N
3720861,29.00,\N
3720865,22.23,\N
3720866,26.20,\N
3720862,26.97,\N
3720863,24.77,\N
3720868,21.29,\N
3720867,24.52,\N
3720860,24.68,\N
3720864,26.60,\N
3720869,21.45,\N
3720872,24.95,\N
3720877,22.31,\N
3720875,22.00,\N
3720873,27.40,\N
3720871,24.57,\N
3720870,25.90,\N
3720874,22.55,\N
3720878,28.20,\N
54432840,25.97,\N
54508749,24.14,\N
54508750,24.48,\N
3719082,25.50,\N
3719126,26.23,\N
3719131,22.10,\N
3719152,22.78,\N
3719151,21.35,\N
3719150,26.30,\N
3719175,21.40,\N
3719176,25.80,\N
3719181,24.30,\N
3719182,27.10,\N
3719183,20.61,\N
3719184,28.10,\N
3719186,23.10,\N
3719192,21.15,\N
3719193,23.20,\N
3719194,22.70,\N
3719195,20.27,\N
3719196,26.10,\N
3719203,20.85,\N
3719204,23.50,\N
3719206,20.83,0.382
3719207,21.87,\N
3719213,23.30,\N
3719212,22.30,\N
3719214,21.80,\N
3719226,25.50,\N
3720876,21.90,\N
3719227,26.20,\N
3719243,26.20,\N
3719245,25.10,\N
3719240,26.90,\N
3719241,24.50,\N
3719242,23.60,\N
3719244,25.10,\N
3719319,24.40,\N
3719320,23.50,\N
3719377,23.10,\N
3719376,25.38,\N
3719378,19.75,\N
3719380,26.00,\N
3719381,23.80,\N
3719473,21.87,\N
3719471,18.56,\N
3719468,24.60,\N
3719474,22.34,\N
3719472,23.39,\N
3719470,23.50,\N
3719475,22.51,\N
3719476,25.50,\N
3719477,24.80,\N
3719478,26.10,\N
3719726,26.80,\N
3719724,24.46,\N
3719727,25.80,\N
3719725,26.50,\N
3719728,24.10,\N
3719729,23.90,\N
3719730,22.30,\N
3719731,26.80,\N
3719732,28.20,\N
3719733,22.90,\N
3719859,27.62,\N
3719858,21.50,\N
3719862,25.40,\N
3719860,25.70,\N
3719863,22.97,\N
3719864,24.90,\N
3719865,22.17,\N
3719866,22.40,\N
3719867,26.30,\N
3719868,24.30,\N
3719993,28.10,\N
3719995,23.30,\N
3719996,24.70,\N
3720005,22.12,\N
3719994,24.30,\N
3719997,26.70,\N
3719999,22.97,\N
3720004,25.40,\N
3720000,25.10,\N
3720001,22.90,\N
3720003,25.20,\N
3720002,26.00,\N
3720355,22.50,\N
3720354,22.40,\N
3720357,22.80,\N
3720358,25.90,\N
3720359,22.90,\N
3720356,22.60,\N
3720360,26.10,\N
3720361,21.38,\N
3720362,25.36,\N
3720363,23.20,\N
3720440,22.00,\N
3720442,22.40,\N
3720443,22.30,\N
3720441,23.79,\N
3720439,20.39,0.342
3720444,27.04,\N
3720438,26.50,\N
3720445,21.56,\N
3720545,21.70,\N
3720546,22.00,\N
3720549,24.80,\N
3720547,25.00,\N
3720747,21.60,\N
3720767,18.67,\N
3720769,19.89,0.582
3720846,18.68,1.288
3720882,20.25,\N
3720883,26.08,\N
3720888,21.48,\N
3720886,23.36,\N
3720887,22.50,\N
3720885,25.05,\N
3720884,25.96,\N
3720891,25.83,\N
3720895,20.79,\N
3720890,22.08,\N
3720889,24.65,\N
3720892,26.10,\N
3720893,23.73,\N
3720894,26.11,\N
3720896,26.50,\N
3720899,26.50,\N
3720897,27.23,\N
3720898,28.30,\N
3720900,26.09,\N
3721993,26.41,\N
3721994,22.09,\N
54157822,21.55,\N
54292840,26.62,\N
54298758,24.65,\N
54446352,24.53,\N
3720916,26.60,\N
3720915,24.60,\N
3720917,27.20,\N
3720918,24.70,\N
3720919,25.32,\N
3720924,23.01,\N
3720979,26.20,\N
3721073,24.10,\N
3721120,20.75,\N
3721118,23.20,\N
3721119,20.17,\N
3721139,23.00,\N
3721137,24.75,\N
3721140,25.70,\N
3721141,20.70,\N
3721160,17.76,\N
3721158,19.90,0.374
3721159,22.10,0.066
3721161,23.00,\N
3721157,23.40,\N
3721162,24.50,\N
3721163,24.49,\N
3721164,26.60,\N
3721218,22.70,\N
3721221,19.94,\N
3721220,21.52,0.306
3721219,22.80,\N
3721222,23.50,\N
3721236,19.97,\N
3721238,22.40,\N
3721239,20.43,\N
3721237,23.50,\N
3721288,21.70,\N
3721410,22.40,\N
3721879,19.90,\N
3837523,20.20,\N
3721223,26.40,\N
3721289,24.11,\N
3721344,20.06,\N
3721409,24.60,\N
3721411,20.19,\N
3721412,22.40,\N
3721906,21.40,\N
3721907,21.68,\N
3721904,23.58,\N
3721905,25.40,\N
3721909,27.50,\N
3721912,25.30,\N
3721908,23.99,\N
3721910,26.80,\N
3721990,21.00,\N
3721991,19.56,\N
3721995,19.70,\N
3722210,23.00,\N
3722517,23.60,\N
3722518,20.40,\N
3723701,19.84,\N
3723763,19.61,\N
3723740,24.40,\N
3723766,22.30,\N
3723767,21.99,\N
3723815,22.11,\N
3723816,19.75,0.394
3723817,24.00,\N
3723829,23.50,\N
3723860,22.60,\N
3723940,21.70,\N
3724101,20.90,0.360
3724222,24.90,\N
3724218,21.70,\N
3724216,24.60,\N
3724223,19.37,\N
3724221,19.69,\N
54298759,22.81,\N
3723853,19.48,\N
3723886,26.30,\N
3723887,23.90,\N
3723888,20.91,\N
3723922,26.00,\N
3723949,21.70,\N
3723950,20.80,\N
3723951,20.40,\N
3723955,21.27,\N
3723957,21.30,\N
3723958,20.73,\N
3724053,23.40,\N
3724056,24.90,\N
3724058,20.92,\N
3724100,21.25,\N
3724106,19.46,\N
3724107,23.70,\N
3724110,21.22,\N
3724112,20.60,0.258
3724111,22.00,0.091
3724113,20.70,\N
3724114,22.55,\N
3724198,21.39,\N
3893741,17.98,\N
3724206,19.87,\N
3724212,20.60,\N
3724214,22.15,\N
3724213,22.20,\N
3724242,23.60,\N
3724243,22.54,\N
3724245,27.90,\N
3724244,23.50,\N
3724391,19.82,1.184
3724394,21.63,\N
3724392,19.89,\N
3724393,21.21,\N
3724395,22.11,\N
3724396,20.65,\N
3724397,22.58,\N
3724398,26.82,\N
3724516,24.20,\N
3724515,24.00,\N
3724517,21.71,\N
3724583,24.10,\N
3724644,18.17,\N
3724645,22.02,\N
3724646,24.50,\N
54105115,20.50,\N
3725122,21.98,\N
3725151,21.12,\N
3725154,22.32,\N
3725657,22.20,\N
3725978,19.70,\N
3726016,21.90,\N
3726331,21.90,\N
3726333,23.74,\N
3726336,25.60,\N
3726337,22.79,\N
54538384,23.59,\N
3724947,19.40,1.266
3724986,28.12,\N
3724987,20.48,\N
3725034,22.70,\N
3725035,20.29,\N
3725036,20.80,\N
3725152,23.70,\N
3725153,27.10,\N
3725155,24.50,\N
3725156,22.60,\N
3725654,22.80,\N
3725652,24.00,\N
3725653,23.00,\N
3725655,23.20,\N
3725656,23.20,\N
3725658,25.00,\N
3725659,24.50,\N
3725760,24.40,0.075
3725757,25.70,\N
3725759,18.66,0.585
3725758,22.28,\N
3725761,20.11,\N
3725762,21.40,\N
3725971,24.10,\N
3725970,21.50,\N
3725969,24.39,\N
3725972,23.90,\N
3725974,26.70,\N
3725975,23.60,\N
3725976,25.60,\N
3725977,19.64,\N
3725979,22.70,\N
3725980,22.00,\N
3726014,19.92,\N
3726012,28.80,\N
3726015,20.30,0.328
3726020,20.50,\N
3726021,18.12,\N
3726022,21.50,\N
3726023,20.20,\N
3726042,22.00,\N
3726044,26.80,\N
3726386,18.29,0.439
3726447,25.70,\N
3726510,21.72,\N
3726594,19.39,\N
54500909,22.03,\N
3732687,23.10,\N
3726316,22.90,\N
3726318,24.20,\N
3726424,23.20,\N
3726425,23.80,0.132
3726443,21.00,\N
3726444,23.80,\N
3726445,26.30,\N
3726446,27.00,\N
3726448,20.80,\N
3726511,20.38,0.267
3726512,19.63,\N
3726513,19.42,\N
3726514,24.06,\N
3726595,21.30,\N
3726596,25.70,\N
3726597,24.00,\N
3726598,27.00,\N
3726599,23.72,\N
3726654,24.20,\N
3726655,20.20,\N
3726656,23.30,\N
3726652,24.40,\N
3726653,27.80,\N
3726657,25.20,\N
3726658,24.00,\N
3726663,22.50,\N
3726665,21.32,\N
3726669,25.02,\N
3726684,20.51,\N
54499085,22.16,\N
3726710,24.30,\N
3726709,25.90,\N
3726711,20.60,\N
3726712,25.41,\N
3726713,24.40,\N
3726784,20.10,\N
3726783,22.70,\N
3726787,22.90,\N
3726785,19.26,\N
3726789,22.64,\N
3726788,26.70,\N
3726801,23.60,\N
3726809,24.40,\N
3726808,23.90,\N
3726810,22.63,\N
3726815,24.20,\N
3726816,27.40,\N
3726817,21.70,\N
3726818,22.20,\N
3727038,23.10,\N
3727040,23.90,\N
3727036,26.30,\N
3727039,23.24,\N
3727035,25.70,\N
3727041,24.30,\N
3727043,22.70,\N
3727044,24.00,\N
3727045,29.20,\N
3727063,26.60,\N
3727065,24.70,\N
3727066,18.93,\N
3727174,19.82,\N
3727175,25.10,\N
3727173,25.20,\N
3727177,22.55,\N
3727176,23.40,\N
3727179,23.60,\N
3727181,22.93,\N
3727187,24.50,\N
3727232,25.50,\N
3727233,23.10,\N
3727234,24.40,\N
3727265,26.10,\N
3727273,23.20,\N
3727275,24.70,\N
3727274,20.06,\N
3727277,24.00,\N
3727276,19.92,\N
3727339,20.64,\N
3727340,22.80,\N
3727343,23.70,\N
3727344,23.59,\N
3727338,19.59,\N
3727341,22.20,\N
3727345,21.03,\N
3727342,23.30,\N
3727346,25.70,\N
3727347,23.30,\N
3727350,23.10,\N
3727348,26.60,\N
3727349,20.40,\N
3727630,22.40,\N
3727632,24.90,\N
3727634,25.10,\N
3727633,24.80,\N
3727635,20.73,\N
3727631,25.28,\N
3727638,23.00,\N
3727637,22.30,\N
3727639,21.77,\N
3727636,25.00,\N
3727641,20.81,\N
3727642,21.47,\N
3727643,19.30,0.474
3727661,21.60,\N
3727660,24.10,\N
3727662,22.90,\N
3727663,24.20,\N
3728228,23.60,\N
3728368,19.15,\N
3728373,19.63,0.343
3728374,27.80,\N
54518376,16.45,\N
54506173,24.66,\N
3727640,25.30,\N
3727664,26.60,\N
3727665,23.40,\N
3727666,24.30,\N
3727667,26.40,\N
3728230,22.90,\N
3728229,26.40,\N
3728231,28.10,\N
3728233,28.40,\N
3728372,24.50,\N
3728371,20.15,\N
3728370,26.20,\N
3728375,25.40,\N
3728523,23.42,\N
3728524,23.50,\N
3728565,23.90,\N
3728566,24.90,\N
3728567,25.80,\N
3728572,20.87,\N
3728574,25.40,\N
3728643,23.80,\N
3728644,24.40,\N
3728645,27.70,\N
3728646,24.45,\N
3728732,25.50,\N
3728733,28.90,\N
3728853,25.00,\N
3728857,21.58,\N
3728859,22.91,\N
3728860,22.95,\N
3728905,27.50,\N
3729134,19.59,0.398
54506175,25.59,\N
3738935,22.12,0.256
3728901,21.57,\N
3728897,27.40,\N
3728899,23.90,\N
3728896,24.75,\N
3728902,22.50,0.156
3728898,22.14,\N
3728900,22.55,\N
3728904,25.40,\N
3728906,22.90,\N
3728903,22.07,\N
3728907,25.40,\N
3728919,20.36,\N
3728909,26.40,\N
3728931,23.30,\N
3728932,22.67,\N
3728933,22.18,\N
3728934,23.90,\N
3729098,19.84,\N
3729135,24.13,\N
3729139,26.40,\N
3729138,26.50,\N
3729137,26.10,\N
3729136,27.20,\N
3729140,26.70,\N
3729141,27.40,\N
3729198,19.40,\N
3729229,20.53,\N
3729230,24.60,\N
3729231,25.10,\N
3729233,26.68,\N
3729234,23.26,\N
3729275,21.58,0.252
3729278,22.20,\N
3729276,24.10,\N
3729277,20.07,\N
3729280,24.41,\N
3729281,29.34,\N
3729283,21.10,\N
3729282,23.30,\N
3729284,23.54,\N
3729537,18.62,\N
3729538,23.50,\N
3729539,26.30,\N
3729540,24.40,\N
3729541,22.60,\N
3729542,25.60,\N
3729543,24.60,\N
3729841,19.59,\N
3729836,20.74,\N
3729834,27.70,\N
3729839,21.30,\N
3729837,23.30,\N
3729840,21.67,\N
3729835,20.04,\N
3729838,23.40,\N
3729843,22.20,\N
3729842,24.20,\N
3729844,22.22,\N
3729845,24.40,\N
3729846,20.36,\N
3729847,19.30,\N
3729848,24.70,\N
3729849,24.62,\N
3730336,19.39,\N
3730322,21.26,\N
3730323,21.40,\N
3730320,24.53,\N
3730338,23.60,\N
3730321,21.60,\N
3730325,22.40,\N
3730326,20.95,\N
3730329,23.40,\N
3730328,21.12,\N
3730330,24.00,\N
3730331,21.80,\N
3730332,21.00,\N
3730334,23.06,\N
3730337,20.50,\N
3730333,26.00,\N
3730339,24.60,\N
3730623,19.12,\N
3730340,23.60,\N
3730572,22.42,0.233
3730573,19.99,\N
3730574,18.13,\N
3730581,20.09,\N
3730571,23.30,\N
3730570,20.58,\N
3730578,22.60,\N
3730692,21.00,\N
3730576,24.40,\N
3730579,24.40,\N
3730575,23.20,\N
3730577,23.30,\N
3730580,21.89,\N
3730582,24.20,\N
3730583,26.20,\N
3730728,22.80,\N
3730726,21.89,\N
3730730,22.97,\N
3730731,21.90,0.076
3730729,24.90,\N
3730727,23.60,\N
3730800,25.20,\N
3730801,25.40,\N
3730802,24.62,\N
3731242,19.93,0.332
3731245,21.04,\N
3731246,19.54,\N
3731585,27.30,\N
3731679,21.00,\N
54510131,26.11,\N
54506479,26.66,\N
54182373,23.76,\N
3777764,20.70,\N
3731243,24.70,\N
3731584,19.93,\N
3731587,22.81,\N
3731588,25.40,\N
3731680,26.40,\N
3732114,25.80,\N
3732115,19.40,\N
3732116,21.40,\N
3732117,24.10,\N
3732123,20.34,\N
3732124,22.40,\N
3732125,22.90,\N
3732504,22.50,\N
3732669,26.02,\N
3732675,20.14,0.213
3732676,24.89,\N
3732677,27.80,\N
3732686,20.93,\N
3732887,20.50,\N
3732894,19.62,\N
3732893,21.40,\N
3732896,20.90,\N
3732906,26.30,\N
3732907,22.65,\N
3733141,18.80,\N
3732909,25.80,\N
3733145,24.40,\N
3733133,20.94,\N
3733132,23.69,\N
3733134,26.20,\N
3733131,23.10,\N
3733129,25.00,\N
3733130,23.60,\N
3733135,27.20,\N
3733139,25.10,\N
3733140,21.06,0.139
3733144,23.77,0.072
3733136,23.20,\N
3733142,27.40,\N
3733137,24.00,\N
3733138,26.60,\N
3733262,21.69,\N
3733258,20.27,\N
3733260,20.70,\N
3733259,23.20,\N
3733261,24.20,\N
3733263,25.20,\N
3733264,27.40,\N
3733265,24.60,\N
3733271,27.40,\N
3733272,19.46,\N
3733295,21.80,\N
3733296,22.60,\N
3733297,24.90,\N
3733298,24.30,\N
3733299,23.50,\N
3733300,22.60,\N
3733301,24.40,\N
3733302,24.10,\N
3733852,21.76,\N
3733854,21.60,\N
3733850,25.10,\N
3733851,27.40,\N
3733849,28.30,\N
3733853,26.10,\N
3733855,27.50,\N
3733857,26.30,\N
3733856,28.30,\N
3733858,21.49,\N
3733859,27.40,\N
3733860,23.00,\N
3733861,26.00,\N
3733862,30.60,\N
3733936,20.80,\N
3733937,22.93,0.049
3733938,23.30,\N
3733941,20.77,\N
3733939,23.60,\N
3733940,26.10,\N
3733935,26.10,\N
3733933,27.70,\N
3733942,21.94,\N
3734098,24.60,\N
3734099,24.00,\N
3734100,22.92,\N
3734102,26.40,0.047
3734101,24.60,\N
3734181,20.19,\N
3734182,20.01,\N
3734183,24.10,\N
3734184,25.50,\N
3734185,23.10,\N
3734186,20.03,\N
3734187,23.30,\N
3734188,22.47,\N
3734190,22.30,\N
3734469,23.20,\N
3734467,25.20,\N
3734470,24.70,\N
3734468,24.70,\N
3734471,24.00,\N
3734557,22.70,\N
3734559,23.70,\N
3734558,26.60,\N
3734561,27.60,\N
3734562,24.10,\N
3734563,25.60,\N
3734564,24.50,\N
3734613,28.30,\N
3734612,23.40,\N
3734614,23.70,\N
3734615,29.00,\N
3734643,22.70,\N
3734644,24.20,\N
3734645,26.30,\N
3734646,26.80,\N
3734647,24.30,\N
3734648,27.60,\N
3735180,24.50,\N
3735181,28.90,\N
3735182,23.10,\N
3735196,26.30,\N
3735197,19.57,\N
3735195,26.90,\N
3735198,23.63,0.157
3735271,21.90,\N
3735390,25.50,\N
3735389,25.70,\N
3735454,20.62,\N
54017616,21.50,\N
3735272,25.90,\N
3735273,24.00,\N
3735391,25.00,\N
3735394,23.50,\N
3735395,25.20,\N
3735453,26.30,\N
3735451,22.68,\N
3735452,23.70,\N
3735455,22.40,\N
3735465,19.59,\N
3735464,22.33,\N
3735466,24.90,\N
3735467,23.45,\N
3735468,22.06,\N
3735469,29.60,\N
3735470,21.09,\N
3735485,19.10,\N
3735487,22.38,\N
3735486,23.50,\N
3735489,20.53,\N
3735491,26.00,\N
3735496,23.20,\N
3735495,20.08,\N
3735497,30.10,\N
3735498,24.50,\N
3735537,18.81,\N
3735539,20.39,0.480
3735538,18.59,\N
3735549,26.90,\N
3735598,26.30,\N
3735599,26.10,\N
3735600,21.80,\N
3735601,19.61,0.882
3735609,24.80,\N
3735607,23.20,\N
3735608,22.60,\N
3736385,21.48,0.392
3735610,24.00,\N
3735611,24.10,\N
3735612,25.20,\N
3735613,24.70,0.048
3735615,24.40,\N
3735629,20.29,\N
3735628,24.10,\N
3735630,26.10,\N
3735631,25.80,\N
3735632,22.66,\N
3735652,19.02,\N
3735653,20.14,0.201
3735651,25.70,\N
3735649,23.42,\N
3735650,25.26,\N
3735655,23.52,\N
3735654,23.49,\N
3735657,20.00,0.350
3735656,22.70,\N
3735684,23.40,\N
3735680,23.21,\N
3735685,23.10,\N
3735678,23.38,\N
3735677,23.80,\N
3735679,26.90,\N
3735681,22.70,\N
3735682,25.00,\N
3735683,24.60,\N
3735686,24.00,\N
3735991,26.00,\N
3735993,25.00,\N
3736000,27.70,\N
3735992,29.20,\N
3735994,24.90,\N
3735996,24.50,\N
3735999,24.20,\N
3736001,23.90,\N
3735995,27.20,\N
3736002,23.61,\N
3735997,21.60,\N
3735998,21.78,\N
3736003,20.37,\N
3736004,25.40,\N
3736201,23.80,\N
3736198,24.68,\N
3736199,24.70,\N
3736200,23.00,\N
3736203,21.70,\N
3736204,19.13,0.470
3736205,22.10,\N
3736206,20.10,\N
3736207,26.05,\N
3736237,22.50,\N
3736235,27.90,\N
3736238,25.20,0.060
3736234,19.01,\N
3736236,24.40,\N
3736242,25.60,\N
3736240,21.98,\N
3736239,24.70,\N
3736243,26.90,\N
3736244,22.00,\N
3736245,26.60,\N
3736246,21.51,0.335
3736247,20.70,\N
3736386,23.10,\N
3736387,21.09,\N
3736389,20.34,\N
3736388,27.50,\N
3736391,23.90,\N
3736390,25.45,\N
3736392,24.70,\N
3736393,27.40,\N
3736394,24.50,\N
3736395,26.90,\N
3736403,25.70,\N
3736406,22.28,\N
3736405,23.20,\N
3736407,26.10,\N
3736409,28.70,\N
3736410,27.00,\N
3736411,21.00,\N
3736412,27.40,\N
3736413,25.61,\N
3736498,22.45,\N
3736496,24.70,\N
3736497,25.25,\N
3736501,23.05,\N
3736500,24.71,\N
3736502,21.46,\N
3736503,25.50,\N
3736504,26.20,\N
3736505,21.53,\N
3736506,22.05,\N
3736515,25.40,\N
3736516,21.39,\N
3736517,27.20,\N
3736657,19.76,\N
3736658,22.42,\N
3736660,26.50,\N
3736674,19.44,\N
3736673,26.00,\N
3736675,24.60,\N
3736676,26.80,\N
3736677,21.98,\N
3736678,25.82,\N
3736682,25.50,\N
3736776,21.80,\N
3736777,23.66,\N
3736778,25.90,\N
3736779,21.90,\N
3736801,18.78,\N
3736803,24.08,\N
3736802,25.10,\N
3736804,24.74,\N
3736805,27.90,\N
3736806,21.40,\N
3736813,24.74,\N
3736815,27.20,\N
3736816,25.45,\N
3738543,19.10,\N
3738553,24.90,\N
3738970,20.70,\N
3740830,26.40,\N
3740831,26.11,\N
3736807,27.40,\N
3736818,24.10,\N
3736819,23.44,\N
3738542,24.90,\N
3738544,23.28,\N
3738545,27.90,\N
3738548,28.20,\N
3738546,25.86,0.046
3738547,25.60,\N
3738549,24.20,\N
3738550,24.60,\N
3738551,25.80,\N
3738552,25.84,\N
3738910,23.01,\N
3738911,24.50,\N
3738912,21.40,0.186
3738913,26.00,\N
3738914,24.20,\N
3738915,27.40,\N
3738916,23.20,\N
3738917,25.20,\N
3738918,27.60,\N
3738930,28.40,\N
3738929,21.15,\N
3738931,22.94,\N
3738928,22.97,\N
3738932,28.00,\N
3738934,19.13,\N
3738933,20.80,\N
3738936,27.00,\N
3738937,24.84,\N
3738938,23.50,\N
3738968,23.30,\N
3738969,22.63,\N
3738971,25.22,\N
3739009,21.40,\N
3739012,21.82,0.110
3739055,26.00,\N
3739056,20.73,\N
3739060,25.80,\N
3739061,22.00,\N
3739064,21.39,\N
3739065,24.90,\N
3739066,23.80,\N
3739079,19.55,\N
3739078,19.83,\N
3739080,20.50,\N
3739077,26.60,\N
3739081,27.00,\N
3739082,20.00,0.359
3739151,24.99,0.086
3739152,20.96,\N
3740833,22.37,\N
3739155,26.40,\N
3739154,27.90,\N
3739156,23.70,\N
3739167,19.59,\N
3739169,21.88,\N
3739166,22.90,\N
3739170,26.90,\N
3739168,24.10,\N
3739214,20.30,\N
3739215,21.90,\N
3739216,21.14,0.543
3739217,20.73,0.422
3739218,24.00,\N
3739219,24.35,\N
3739220,22.53,\N
3739221,25.50,\N
3739222,24.02,\N
3739242,24.45,\N
3739246,21.07,0.215
3739247,24.70,\N
3739248,23.50,\N
3739256,22.20,\N
3739257,23.41,\N
3739258,25.00,\N
3739259,24.18,\N
3739260,24.60,\N
3739261,21.48,\N
3739263,26.80,\N
3739262,22.30,\N
3739264,25.40,\N
3739265,25.20,\N
3739315,20.80,\N
3739316,20.29,0.271
3739378,27.18,\N
3739379,22.93,\N
3739381,25.50,\N
3739380,26.30,\N
3739382,22.40,\N
3739393,21.80,\N
3739387,27.00,\N
3739389,24.70,\N
3739388,22.10,\N
3739390,23.40,\N
3739391,25.80,\N
3739392,23.00,\N
3739394,21.60,\N
3739413,22.80,\N
3739412,25.00,\N
3739414,24.43,\N
3739415,23.40,\N
3739416,24.50,\N
3739417,21.98,\N
3739616,25.90,\N
3739614,25.30,\N
3739617,25.00,\N
3739619,19.97,\N
3739620,27.30,\N
3739618,20.17,0.338
3739621,20.44,\N
3739672,18.64,\N
3739696,23.00,\N
3739697,20.50,\N
3739698,22.20,\N
3739700,19.79,\N
3739699,24.10,\N
3739703,27.00,\N
3739702,27.40,\N
3739705,29.70,\N
3739962,30.40,\N
3739963,22.15,\N
3739964,21.72,\N
3739965,29.80,\N
3740012,24.40,\N
3740021,24.90,\N
3740024,23.50,\N
3740028,26.20,\N
3740031,23.90,\N
3740039,22.90,\N
3740038,21.73,\N
3740041,20.31,\N
3740043,20.92,\N
3740042,21.96,\N
3740044,25.40,\N
3740045,23.80,\N
3740046,24.90,\N
3740047,24.70,\N
3740049,27.70,\N
3740048,19.94,0.374
3740040,22.80,\N
3740096,23.13,\N
3740097,21.00,\N
3740098,25.10,\N
3740101,24.40,\N
3740099,23.30,\N
3740100,23.58,0.077
3740102,21.43,\N
3740103,25.40,\N
3740104,24.00,\N
3740342,21.90,\N
3740343,25.70,\N
3740344,25.30,\N
3740493,22.20,\N
3740495,18.79,\N
3740500,20.70,\N
3740494,22.03,\N
3740496,23.50,\N
3740497,20.81,\N
3740499,22.08,\N
3740663,20.80,\N
3740845,26.53,\N
3740846,25.30,\N
3740847,24.47,\N
3740848,25.00,\N
3740851,20.90,\N
3740852,26.58,\N
3740835,22.92,\N
54182412,24.88,\N
3740501,23.55,\N
3740664,26.54,\N
3740665,25.60,\N
3740666,24.10,\N
3740668,21.11,\N
3740667,26.70,\N
3740669,26.00,\N
3740670,26.10,\N
3740671,26.20,\N
3740806,21.30,\N
3740808,20.35,\N
3740809,25.71,\N
3740807,22.30,\N
3740811,20.31,0.432
3740812,24.80,\N
3740823,22.07,\N
3740824,20.50,\N
3740825,20.65,\N
3740859,20.91,\N
3740861,19.29,1.008
3740860,20.14,\N
3740897,20.98,0.196
3740914,26.30,\N
3740915,20.95,0.285
3740926,21.70,\N
3740929,25.80,\N
3740927,23.90,\N
3740928,18.44,1.214
3740931,26.80,\N
3740932,24.40,\N
3740933,25.00,\N
3740934,21.20,\N
3740939,27.00,\N
3740938,25.10,\N
3740940,23.30,0.080
3740953,20.92,\N
3740954,25.14,\N
3740955,23.08,\N
3740956,21.29,\N
3741114,20.32,\N
3741144,26.20,\N
3741148,26.80,\N
3741145,21.80,\N
3741146,21.61,\N
3741149,19.60,\N
3741150,18.65,\N
3741441,26.20,\N
3741556,21.30,0.208
3741972,26.22,\N
54510132,28.61,\N
3741151,28.50,\N
3741152,28.50,\N
3741439,23.88,\N
3741440,23.93,\N
3741442,28.70,\N
3741554,23.40,\N
3741555,24.90,\N
3741557,21.30,\N
3741560,26.20,\N
3741558,24.00,\N
3741559,25.80,\N
3741561,24.60,\N
3741562,24.30,\N
3741563,25.00,\N
3741564,25.00,\N
3741565,21.80,\N
3741566,19.05,\N
3741567,24.70,\N
3741568,26.70,\N
3741971,27.50,\N
3741973,23.50,\N
3741975,20.04,\N
3741974,27.80,\N
3741976,21.73,\N
3741978,27.88,\N
3741977,24.00,\N
3742047,22.90,\N
3742048,19.48,\N
3742049,21.58,0.459
3742053,20.96,\N
3742052,26.70,\N
3742050,24.81,\N
3742051,24.60,\N
3742054,25.70,\N
3742055,24.96,0.070
3742056,26.90,\N
3742057,27.60,\N
3742059,21.73,\N
3742060,27.60,\N
3742061,27.10,\N
3742062,27.20,\N
3742124,21.50,\N
3742123,22.60,\N
3742125,24.27,\N
3742128,22.07,\N
3742127,19.77,\N
3742135,20.90,\N
3742129,23.20,\N
3742130,23.90,\N
3742131,23.70,\N
3742132,23.90,\N
3742134,23.70,\N
3742333,24.50,\N
3742335,20.61,\N
3742337,18.75,\N
3742338,28.80,\N
3742339,26.00,\N
3742340,21.77,\N
3742341,23.26,\N
3742342,21.30,0.123
3742873,22.71,\N
3742880,24.50,\N
3742875,26.10,\N
3742877,21.70,\N
3742876,25.79,\N
3742874,24.13,\N
3742878,25.80,\N
3742879,25.10,\N
3742881,27.30,\N
3742882,25.80,\N
3742883,25.80,\N
3743124,27.20,\N
3743119,19.50,\N
3743120,19.75,\N
3743122,26.50,\N
3743121,24.90,\N
3743123,23.31,\N
3743125,23.63,\N
3743126,24.00,\N
3743127,24.60,\N
3743128,24.87,\N
3743129,21.70,\N
3743605,20.04,\N
3743607,22.57,\N
3743606,21.70,\N
3743603,24.60,\N
3743602,23.47,\N
3743604,27.20,\N
3743608,23.30,\N
3743611,23.80,\N
3743609,26.10,\N
3743610,24.18,\N
3743612,24.10,\N
3743615,27.70,\N
3743616,27.00,\N
3743739,19.22,\N
3743740,23.29,\N
3743746,23.83,\N
3743744,23.53,\N
3743743,25.60,\N
3743741,26.30,\N
3743745,26.50,\N
3743742,18.20,0.606
3743747,21.70,\N
3743895,21.75,0.094
3743894,19.62,\N
3743896,20.55,\N
3743893,21.10,\N
3743897,25.80,\N
3743898,26.10,\N
3743899,25.30,\N
3743900,20.17,\N
3743901,22.95,\N
3743903,26.50,\N
3743902,25.55,\N
3743904,25.82,\N
3743905,25.50,\N
3744156,22.44,\N
3744153,20.61,\N
3744157,23.60,\N
3744154,21.87,\N
3744155,21.82,\N
3744158,25.66,\N
3744319,22.44,\N
3744322,22.60,\N
3744318,23.90,\N
3744320,26.91,\N
3744321,27.70,\N
3744323,26.60,\N
3744324,22.20,\N
3744325,23.31,\N
3744556,19.40,\N
3744558,26.80,\N
3744557,23.30,\N
3744559,23.20,\N
3744561,27.30,\N
3744562,27.50,\N
3744785,19.29,\N
3745515,29.80,\N
54510133,30.13,\N
54510134,27.23,\N
54512552,30.48,\N
54512553,31.45,\N
54512554,29.77,\N
3744560,28.50,\N
3744693,27.10,\N
3744692,27.70,\N
3744694,27.50,\N
3744695,25.66,\N
3744696,22.40,\N
3744790,21.40,0.228
3744801,22.20,\N
3744802,26.50,\N
3744813,25.30,\N
3744814,24.36,\N
3744819,27.50,\N
3744820,26.80,\N
3744821,26.20,\N
3744831,21.70,\N
3744832,26.30,\N
3744833,24.77,\N
3744834,25.90,\N
3744854,28.90,\N
3744850,25.10,\N
3744849,25.50,\N
3744851,26.90,\N
3744855,23.70,0.034
3744853,25.90,\N
3744856,22.59,\N
3744852,25.60,\N
3744989,21.50,\N
3744988,22.14,\N
3744987,21.30,\N
3744990,24.30,\N
3744993,25.80,\N
3744991,25.40,\N
3745584,26.50,\N
3745588,30.50,\N
3748229,29.90,\N
3744994,23.70,\N
3744992,25.50,\N
3745027,24.10,\N
3745026,25.30,\N
3745028,23.00,\N
3745033,25.80,\N
3745030,24.50,0.066
3745031,24.30,\N
3745029,29.10,\N
3745032,22.66,\N
3745034,29.10,\N
3745052,27.80,\N
3745057,23.60,\N
3745058,22.26,\N
3745059,26.30,\N
3745061,23.50,\N
3745062,24.20,\N
3745060,28.90,\N
3745063,23.90,0.106
3745064,25.20,\N
3745107,22.60,0.268
3745106,20.70,\N
3745105,22.84,\N
3745109,22.45,\N
3745104,23.90,\N
3745108,23.90,\N
3745110,23.30,\N
3745111,25.30,\N
3745112,22.20,\N
3745113,26.10,\N
3745114,23.23,\N
3745505,23.40,\N
3745509,22.20,\N
3745501,20.04,\N
3745498,20.50,\N
3745502,19.49,\N
3745499,20.45,\N
3745503,24.90,\N
3745500,22.80,\N
3745508,26.93,\N
3745504,21.70,\N
3745507,27.90,\N
3745510,20.80,\N
3745511,29.20,\N
3745638,25.00,\N
3745639,22.50,\N
3745640,21.80,\N
3745641,25.96,\N
3745642,28.46,\N
3745829,23.30,\N
3745830,24.60,\N
3745831,24.60,\N
3745832,25.10,\N
3745833,24.70,\N
3745898,22.79,\N
3745900,21.68,\N
3745897,22.90,\N
3745899,21.10,\N
3745901,23.00,\N
3745902,24.11,\N
3745996,21.53,\N
3745992,19.90,\N
3745993,23.50,\N
3745998,20.15,\N
3745995,22.34,\N
3745994,27.40,\N
3745997,24.10,\N
3745999,20.31,\N
3746000,29.00,\N
3746001,26.70,\N
3746212,21.91,\N
3746213,18.45,\N
3746217,22.80,\N
3746214,25.00,\N
3746216,26.80,\N
3746218,27.20,\N
3746219,25.80,\N
3746220,25.90,\N
3746448,19.12,\N
3746446,22.06,\N
3746449,27.60,\N
3746447,27.44,\N
3746451,29.70,\N
3746450,25.60,\N
3746452,19.42,\N
3746453,27.60,\N
3746489,21.49,\N
3746490,25.30,\N
3746491,22.20,\N
3746492,25.20,\N
3746493,24.50,\N
3746494,20.70,\N
3746495,22.00,\N
3746496,24.30,\N
3746497,24.01,\N
3746619,21.18,\N
3746620,23.56,\N
3746623,24.70,\N
3746624,21.60,\N
3746625,25.80,\N
3746626,24.75,\N
3746627,23.20,\N
3746628,27.90,\N
3746629,27.80,\N
3746630,28.90,\N
3747307,23.60,\N
3747306,20.88,\N
3747310,25.00,\N
3747314,21.10,0.231
3747311,23.80,\N
3747308,23.20,\N
3747312,27.10,\N
3747315,26.90,\N
3747316,28.00,\N
3747350,21.01,\N
3747351,20.53,\N
3747346,21.70,\N
3747347,22.90,\N
3747353,24.08,\N
3747352,25.10,\N
3747348,27.10,\N
3747354,21.42,\N
3747355,25.80,\N
3747356,20.49,\N
3747357,20.52,\N
3747358,21.56,\N
3747493,21.46,\N
3747494,18.84,\N
3747495,26.70,\N
3747497,25.50,\N
3750679,25.60,\N
54512555,27.27,\N
54460731,23.85,\N
54469531,23.88,\N
3747496,25.30,\N
3747498,23.67,\N
3747499,26.60,\N
3747982,20.48,\N
3747990,29.10,\N
3747987,23.10,\N
3747989,20.48,\N
3747988,23.80,\N
3747991,23.64,\N
3747992,25.50,\N
3747993,24.60,\N
3748182,22.51,\N
3748183,27.20,\N
3748227,20.00,\N
3748228,22.60,\N
3748231,25.50,\N
3748270,21.20,0.205
3748280,22.00,\N
3748332,20.00,\N
3748335,28.90,\N
3748336,24.20,\N
3748337,23.00,\N
3748338,26.80,\N
3748361,26.00,\N
3748362,24.72,\N
3748363,25.40,\N
3748364,20.60,0.202
3748365,26.20,\N
3748406,26.70,\N
3748418,26.30,\N
3748466,22.35,0.183
3748467,25.60,\N
3748468,25.40,\N
3748469,24.60,\N
3748470,24.10,\N
3748471,25.90,\N
3748472,26.90,\N
3748473,25.40,\N
3748476,26.00,\N
3748477,26.80,\N
3748455,22.28,\N
3748456,26.60,\N
3748457,22.07,0.186
3748459,25.70,\N
3748460,23.36,\N
3748478,25.40,\N
3748482,24.00,\N
3748484,27.20,\N
3748480,22.90,\N
3748479,26.20,\N
3748483,23.30,\N
3748485,25.10,\N
3748481,26.00,\N
3748486,26.50,\N
3748497,22.30,\N
3748487,25.92,\N
3748492,29.50,\N
3748489,26.20,\N
3748496,24.18,\N
3748491,28.30,\N
3748493,27.38,\N
3748490,25.50,\N
3748488,25.40,\N
3748494,27.10,\N
3748495,26.20,\N
3748505,25.79,\N
3748506,20.90,\N
3748508,20.70,\N
3748498,25.90,\N
3748515,25.20,\N
3748517,24.69,\N
3748518,23.65,\N
3748519,20.71,0.366
3748544,19.06,\N
3748549,22.90,\N
3748548,26.70,\N
3748546,21.20,\N
3748545,21.53,\N
3748551,28.80,\N
3748559,19.02,\N
3748659,23.70,\N
3749027,26.90,\N
3749023,24.26,\N
3749029,22.20,\N
3749063,23.60,\N
3749073,23.10,\N
3749347,24.16,\N
3752785,21.43,\N
54247545,23.14,\N
54182456,25.23,\N
54247854,23.92,\N
54506178,27.18,\N
54512556,26.03,\N
54182460,26.20,\N
54182461,29.30,\N
54512557,28.25,\N
54298756,22.98,\N
54379677,24.43,\N
54433785,24.87,\N
54513035,26.30,\N
3748516,26.50,\N
3748520,26.40,\N
3748550,26.00,\N
3748553,25.70,\N
3748555,24.80,\N
3748557,24.80,\N
3748556,25.52,\N
3748554,26.40,\N
3748552,24.40,\N
3748565,25.50,\N
3748562,21.56,\N
3748558,26.63,\N
3748564,22.90,\N
3748560,26.70,\N
3748563,26.10,\N
3748561,26.60,\N
3748566,27.54,\N
3748568,24.30,\N
3749024,26.21,\N
3749022,23.30,\N
3749028,26.50,\N
3749025,21.60,\N
3749026,26.70,\N
3749030,22.00,\N
3749031,27.70,\N
3749032,23.67,\N
3749033,25.10,\N
3749034,25.00,\N
3749062,20.40,\N
3749064,25.00,\N
3749066,22.99,\N
3749065,25.60,\N
3749070,24.00,\N
3749068,24.20,\N
3749067,25.00,\N
3749069,25.10,\N
3749071,26.10,\N
3749072,24.80,\N
3749075,27.20,\N
3749074,23.40,\N
54182523,17.58,\N
3749345,26.20,\N
3749346,23.63,\N
3749348,25.10,\N
3749349,24.70,\N
3749350,25.50,\N
3749351,22.61,\N
3750660,23.51,\N
3750659,27.30,\N
3750658,24.40,\N
3750661,26.11,\N
3750663,30.32,\N
3750662,27.60,\N
3750664,22.05,\N
3750665,21.50,\N
3750666,27.70,\N
3750669,23.57,\N
3750673,21.20,\N
3750672,23.02,\N
3750670,26.20,\N
3750671,20.78,\N
3750674,22.10,\N
3750675,25.00,\N
3750676,28.10,\N
3750677,20.75,\N
3750678,22.32,\N
3751198,21.40,\N
3751195,24.50,\N
3751197,20.00,\N
3751199,26.30,\N
3751200,25.10,\N
3751525,23.60,\N
3751526,26.70,\N
3751527,25.80,\N
3751528,25.40,\N
3751530,24.90,\N
3751531,23.15,\N
3751725,18.46,1.317
3751726,23.30,\N
3751817,19.09,\N
3751818,17.31,\N
3751820,22.02,0.422
3751813,23.30,\N
3751821,24.20,\N
3751815,22.78,\N
3751814,20.30,\N
3751823,21.50,\N
3751822,26.80,\N
3751819,28.80,\N
3751825,24.60,\N
3751824,26.20,\N
3751826,22.70,\N
3751827,21.89,\N
3751828,24.80,\N
3751949,20.50,\N
3751950,25.90,\N
3752009,23.30,\N
3752011,25.02,\N
3752012,24.75,\N
3752013,21.60,\N
3752014,24.50,\N
3752015,21.78,\N
3752016,19.96,\N
3752017,26.80,\N
3752018,25.70,\N
3752019,25.90,\N
3752034,21.00,\N
3752035,25.80,\N
3752078,23.50,\N
3752085,19.14,1.177
3752099,21.48,\N
3752100,23.30,\N
54502954,24.46,\N
54182470,29.21,\N
54433786,22.97,\N
3752079,26.20,\N
3752080,24.40,\N
3752097,22.23,\N
3752098,25.00,\N
3752105,24.80,\N
3752155,20.07,\N
3752156,22.57,\N
3752157,25.70,\N
3752409,26.10,\N
3752417,23.50,\N
3752418,26.00,\N
3752431,20.02,\N
3752430,27.83,\N
3752432,24.30,\N
3752433,24.60,\N
3752441,24.70,\N
3752442,25.48,\N
3752443,21.38,0.371
3752446,23.70,\N
3752456,25.40,\N
3752457,25.40,\N
3752515,24.40,\N
3752517,20.90,\N
3752516,25.90,\N
3752566,26.30,\N
3752569,26.50,\N
3752568,23.10,\N
3752570,26.60,\N
3752571,20.68,\N
3752573,21.70,\N
3752702,20.51,\N
3752700,19.59,\N
3752701,23.80,\N
3752724,20.80,\N
3752720,23.00,\N
3753495,26.95,\N
3753576,26.91,\N
3752572,27.60,\N
3752574,27.10,\N
3752704,24.40,\N
3752705,27.10,\N
3752722,26.50,\N
3752723,23.40,\N
3752721,23.40,\N
3752725,22.50,\N
3752726,21.80,\N
3752727,24.20,\N
3752730,24.90,\N
3752731,24.19,\N
3752769,23.79,\N
3752772,23.40,\N
3752773,22.70,\N
3752771,28.10,\N
3752770,25.00,\N
3752783,30.70,\N
3752774,24.90,\N
3752776,26.10,\N
3752777,23.30,\N
3752780,22.01,\N
3752775,26.90,\N
3752778,27.10,\N
3752779,27.00,\N
3752782,26.30,\N
3752781,20.65,\N
3752784,21.37,0.192
3752787,24.28,\N
3752788,24.10,\N
3752799,24.80,\N
3752800,23.50,\N
3752801,21.90,\N
3752802,25.90,\N
3752803,25.00,\N
3752902,22.55,\N
3752903,22.30,\N
3752900,25.60,\N
3752901,25.10,\N
3752904,21.16,\N
3753021,24.00,\N
3753019,25.36,\N
3753023,20.32,\N
3753024,22.90,\N
3753022,20.98,\N
3753020,24.60,\N
3753026,19.60,0.661
3753025,20.56,\N
3753027,23.10,\N
3753073,27.60,\N
3753074,22.80,\N
3753075,24.60,\N
3753076,26.30,\N
3753077,23.80,\N
3753079,26.10,\N
3753093,20.64,\N
3753092,20.24,\N
3753094,22.50,\N
3753095,23.00,\N
3753096,19.00,\N
3753133,18.85,\N
3753134,23.96,\N
3753135,25.40,\N
3753288,20.62,\N
3753290,23.70,\N
3753287,27.70,\N
3753289,24.40,\N
3753291,25.50,0.031
3753292,24.60,\N
3753296,22.90,\N
3753293,21.90,\N
3753294,24.60,\N
3753295,24.70,\N
3753297,22.46,\N
3753305,22.71,\N
3753306,25.40,\N
3753307,24.90,\N
3753308,23.60,\N
3753370,23.60,\N
3753372,21.80,\N
3753373,23.40,\N
3753446,21.60,\N
3753447,20.80,\N
3753454,20.53,\N
3753457,23.50,\N
3753473,20.48,\N
3753565,20.98,\N
3753577,27.93,\N
3753578,24.02,\N
3753579,25.31,\N
3753580,27.20,\N
3753582,25.70,\N
3753583,24.75,\N
3753584,29.07,\N
3753585,24.40,\N
3753586,24.20,\N
3753587,25.58,\N
3753588,24.16,\N
3753590,20.38,\N
3753574,19.58,0.910
3753474,22.90,\N
3753564,22.35,0.160
3753568,20.30,\N
3753572,24.30,\N
3753573,24.80,\N
3753591,25.80,\N
3753595,26.50,\N
3753599,25.40,\N
3753605,23.80,\N
3753607,20.36,\N
3753609,19.03,\N
3753621,21.09,0.328
3753622,23.80,\N
3753640,20.97,\N
3753641,19.09,\N
3753642,22.70,\N
3753661,22.60,\N
3753721,20.25,0.517
3753836,21.70,\N
54512558,24.72,\N
54512559,32.61,\N
3753623,22.80,0.060
3753643,23.10,\N
3753644,25.30,\N
3753659,25.40,\N
3753657,25.10,\N
3753660,22.40,\N
3753658,25.10,\N
3753656,26.40,\N
3753662,21.53,\N
3753663,24.10,\N
3753664,23.10,\N
3753696,21.48,\N
3753697,19.98,\N
3753695,19.88,\N
3753692,25.30,\N
3753698,24.30,\N
3753694,25.50,\N
3753693,23.60,\N
3753699,26.30,\N
3753700,29.00,\N
3753717,21.70,\N
3753713,22.71,\N
3753714,21.79,\N
3753711,22.90,\N
3753715,20.89,\N
3753716,22.42,0.204
3753712,21.52,\N
3753718,25.20,\N
3753719,18.86,0.430
3753790,19.81,0.845
3753787,24.10,\N
3753786,23.86,\N
3753791,23.03,\N
3753788,24.80,\N
3753789,20.45,\N
3753796,21.41,\N
3753797,27.00,\N
3753798,22.40,0.085
3753831,24.98,\N
3753833,19.16,\N
3753834,25.10,\N
3753835,22.15,\N
3753854,27.10,\N
3753858,25.60,\N
3753856,25.21,\N
3753855,23.70,\N
3753857,24.65,\N
3753859,29.30,\N
3753871,26.90,\N
3753869,20.76,\N
3753870,23.05,\N
3753868,24.00,\N
3753872,28.50,\N
3753873,20.02,\N
3753874,19.53,\N
3753883,22.50,\N
3753882,21.80,\N
3753884,19.20,\N
3753885,19.00,\N
3753920,23.20,\N
3753919,20.02,0.237
3753918,22.50,\N
3753921,22.50,\N
3753922,19.82,\N
3753923,19.95,\N
3754253,20.34,\N
3754252,20.63,\N
3754256,21.90,\N
3754255,25.40,\N
3754254,24.30,\N
3754266,21.76,\N
3754263,21.64,\N
3754268,20.80,\N
3754264,19.34,0.864
3754267,22.88,\N
3754270,23.80,\N
3754269,27.50,\N
3754280,22.40,\N
3754281,18.75,\N
3754282,22.20,\N
3754283,26.00,\N
3754285,21.62,\N
54500918,22.03,\N
3755194,27.40,\N
54123434,18.95,\N
54182567,24.06,\N
3754317,25.30,\N
3838921,22.20,\N
3754319,27.50,\N
3754320,19.51,\N
3754328,22.14,\N
3754329,21.60,\N
3754330,23.19,\N
3754335,24.80,\N
3754336,23.90,\N
3754341,19.86,\N
3754342,23.26,\N
3754353,20.84,\N
3754364,18.88,\N
3759676,26.96,\N
54512560,30.46,\N
3754343,26.90,\N
3754369,23.90,\N
3754379,23.80,\N
3754380,25.40,\N
3754386,19.86,\N
3754390,19.44,\N
3754385,20.60,\N
3754392,22.00,\N
3754388,23.90,\N
3754389,25.46,\N
3754384,25.30,\N
3754438,20.62,\N
3754433,23.40,\N
3754436,22.20,\N
3754437,20.38,\N
3754434,27.50,\N
3754439,26.70,\N
3754548,19.97,\N
3754549,25.10,\N
3754550,22.10,\N
3754551,19.92,\N
3755112,19.61,\N
3755114,19.47,\N
3755111,23.10,\N
3755115,24.40,\N
3755113,23.27,\N
3755190,22.50,\N
3755186,22.40,\N
3755187,28.40,\N
3755191,29.00,\N
3755192,24.70,\N
3755193,23.70,\N
3755203,19.51,\N
3755201,20.75,\N
3755202,24.90,\N
3755205,23.90,\N
3755206,24.20,\N
3755219,22.92,\N
3755218,21.20,\N
3755311,21.20,\N
3755316,23.40,\N
3755314,23.40,\N
3755315,23.20,\N
3755312,23.40,\N
3755313,23.19,\N
3755317,22.00,\N
3755318,19.71,\N
3755342,22.30,\N
3755344,21.65,\N
3755343,21.17,\N
3755345,21.50,\N
3755346,22.10,\N
3755347,25.53,\N
3755348,25.90,\N
3755349,25.10,\N
3755398,24.60,\N
3755397,20.29,\N
3755396,23.20,\N
3755395,18.64,\N
3755499,23.73,\N
3755502,24.20,\N
3755501,25.20,\N
3755500,23.50,\N
3755504,21.99,\N
3755542,25.10,\N
3755677,23.86,\N
3755678,27.60,\N
3755776,22.70,\N
3755777,19.36,\N
3755936,19.61,\N
3755937,23.70,\N
3756040,22.66,\N
3756043,21.35,\N
3756748,24.30,\N
3757051,27.30,\N
3757426,23.50,\N
3757428,24.90,\N
3757570,24.40,\N
3759677,25.70,\N
3759678,26.22,\N
54512561,31.42,\N
54512562,29.98,\N
54512563,31.79,\N
54367469,23.82,\N
3755754,25.40,\N
3755939,23.14,\N
3756042,21.59,\N
3756059,20.72,\N
3756107,24.60,\N
3756108,23.70,\N
3756749,21.60,\N
3756758,20.00,\N
3756756,21.13,\N
3756760,22.80,\N
3756797,18.98,0.468
3756796,20.91,\N
3756759,25.70,\N
3756757,24.60,\N
3756785,23.46,\N
3756786,20.50,\N
3756789,25.10,\N
3756790,24.50,\N
3756787,26.00,\N
3756791,23.00,\N
3756792,24.09,\N
3756793,20.49,0.647
3756794,21.60,\N
3756795,23.27,\N
3756910,22.60,\N
3756911,23.83,\N
3756918,22.60,\N
3756912,23.60,\N
3756915,23.50,\N
3756919,24.40,\N
3756917,24.90,\N
3756913,18.76,\N
3756914,20.16,\N
3756920,22.10,\N
3756932,22.33,\N
3756933,22.90,\N
3756934,23.00,\N
3756935,24.60,\N
3756947,21.90,\N
3756945,22.50,\N
3756946,24.70,\N
3756948,26.60,\N
3756949,21.43,\N
3756997,21.17,\N
3756998,20.77,\N
3756999,20.03,0.479
3757000,22.10,\N
3757001,18.90,1.349
3757046,23.90,\N
3757048,26.10,\N
3757049,27.00,\N
3757198,21.86,\N
3757196,24.00,\N
3757199,23.65,\N
3757197,25.40,\N
3757201,23.20,\N
3757200,24.20,\N
3757202,23.59,\N
3757291,20.60,\N
3757285,21.13,\N
3757287,24.40,\N
3757293,20.53,\N
3757292,26.00,\N
3757288,21.21,0.196
3757289,22.10,\N
3757290,26.74,\N
3757286,23.80,\N
3757294,21.96,\N
3757295,23.40,\N
3757296,21.60,\N
3757297,22.40,\N
3757298,22.78,\N
3757399,25.50,\N
3757396,19.52,\N
3757397,22.70,\N
3757398,21.10,\N
3757400,24.00,\N
3757407,23.40,\N
3757411,19.42,\N
3757410,24.49,\N
3757409,24.60,\N
3757412,23.80,\N
3757413,23.60,\N
3757423,22.30,\N
3757424,22.10,\N
3757425,21.35,\N
3757427,21.58,\N
3757575,20.05,\N
3757577,23.00,\N
3757564,21.57,\N
3757566,19.34,\N
3757594,22.17,0.310
3757692,21.90,\N
3759679,24.16,\N
3757595,18.96,\N
3757693,19.20,0.661
3757726,23.28,\N
3757727,22.80,\N
3757728,25.10,\N
3757729,24.10,\N
3757743,24.50,\N
3757744,21.80,\N
3757746,25.00,\N
3757747,25.80,\N
3757748,22.70,\N
3757873,23.70,\N
3757876,23.44,\N
3757874,23.10,\N
3757875,24.70,\N
3757878,25.80,\N
3757895,21.16,\N
3757898,22.10,\N
3757901,25.80,\N
3758259,18.90,\N
3758247,21.56,\N
3758249,21.33,\N
3758248,22.43,\N
3758255,22.33,\N
3758252,22.60,\N
3758250,25.10,\N
3758254,23.70,\N
3758256,22.35,\N
3758253,23.90,\N
3758261,23.20,\N
3758251,25.50,\N
3758258,23.20,\N
3758260,24.40,\N
3758272,22.90,\N
3758268,23.90,\N
3758274,21.81,\N
3758269,23.90,\N
3758275,20.98,\N
3758835,20.96,\N
3758834,20.90,\N
3758839,22.53,\N
3758840,21.40,\N
3758841,20.13,0.250
3758845,25.10,\N
3758836,20.15,\N
3758843,23.34,\N
3759681,29.60,\N
3758837,23.16,\N
3758838,24.40,\N
3758842,19.64,\N
3758848,22.50,\N
3758846,23.25,0.066
3758850,25.90,\N
3758844,25.56,\N
3758847,26.70,\N
3758849,24.90,\N
3758923,28.30,\N
3758927,21.01,\N
3758924,20.81,\N
3758928,24.80,\N
3758929,28.00,\N
3758933,29.20,\N
3758926,21.90,\N
3758931,27.60,\N
3758932,25.00,\N
3758930,27.00,\N
3759002,23.57,\N
3759000,23.00,\N
3759006,23.50,\N
3758998,23.50,\N
3758999,25.30,\N
3759008,26.58,\N
3759001,27.60,\N
3759004,23.20,\N
3759005,26.51,\N
3759003,24.50,\N
3759007,23.90,\N
3759245,23.53,\N
3759246,23.30,\N
3759249,24.80,\N
3759248,23.20,\N
3759247,25.36,\N
3759244,25.50,\N
3759250,23.10,\N
3759254,22.00,\N
3759257,26.10,\N
3759253,26.50,\N
3759252,23.70,\N
3759258,23.26,\N
3759255,21.62,\N
3759251,23.50,\N
3759275,23.90,\N
3759292,28.60,\N
3759279,21.83,\N
3759277,23.40,\N
3759278,25.30,\N
3759280,20.97,\N
3759296,20.20,\N
3759276,25.10,\N
3759282,24.41,\N
3759281,23.00,\N
3759283,24.30,\N
3759290,20.50,\N
3759286,24.80,\N
3759284,23.20,\N
3759294,23.90,\N
3759285,23.60,\N
3759287,23.40,\N
3759293,23.65,\N
3759291,24.60,\N
3759289,23.57,\N
3759288,26.23,\N
3759295,28.20,\N
3759297,27.20,\N
3759315,25.50,\N
3759316,21.30,\N
3759319,18.06,\N
3759317,23.84,\N
3759318,24.40,\N
3759348,19.48,\N
3759349,19.29,\N
3759346,19.70,\N
3759354,21.90,\N
3759347,23.90,\N
3759353,27.50,\N
3759351,26.60,\N
3759352,19.28,\N
3759357,20.00,\N
3759350,21.60,\N
3759360,24.50,\N
3759359,25.00,\N
3759356,26.42,\N
3759358,27.70,\N
3759362,28.30,\N
3759361,24.50,\N
3759637,21.67,\N
3759638,18.86,\N
3759642,24.30,\N
3759636,25.20,\N
3759640,27.70,\N
3759641,25.60,\N
3759643,24.67,0.081
3759639,20.08,\N
3759644,24.50,\N
3759645,24.81,\N
3759658,22.50,\N
3759663,19.22,\N
3759666,22.50,\N
3759660,21.80,\N
3759661,24.10,\N
3759662,23.30,\N
3759690,31.02,\N
3759692,22.51,\N
3759664,20.70,\N
3759674,23.10,\N
3759669,27.60,\N
3759667,18.88,1.246
3759670,25.80,\N
3759673,24.30,\N
3759668,26.60,\N
3759671,24.20,\N
3759675,29.00,\N
3759672,25.30,\N
3759714,22.70,\N
3759715,24.70,\N
3759717,22.74,\N
3759716,22.00,\N
3759720,21.78,\N
3759723,28.50,\N
3759721,28.60,\N
3759719,26.80,\N
3759722,26.30,\N
3759724,28.12,\N
3759747,24.40,\N
3759744,24.70,\N
3759751,20.60,0.278
3759759,27.20,\N
3759749,26.50,\N
3759750,25.30,\N
3759746,25.40,\N
3759748,23.60,\N
3759745,21.03,\N
3759752,24.75,\N
3759755,24.10,\N
3759754,23.50,\N
3759756,26.20,\N
3759753,25.20,\N
3759757,24.90,\N
3759758,27.60,\N
3759775,25.00,\N
3759771,18.28,\N
3759769,23.30,\N
3759770,22.30,\N
3759768,27.90,\N
3759767,25.30,\N
3759772,22.80,\N
3759773,24.00,\N
3759777,25.30,\N
3759774,23.50,\N
3759778,28.30,\N
3759983,25.40,\N
3759985,19.89,\N
3759987,21.80,\N
3759984,24.10,\N
3759986,21.70,\N
3760056,20.60,\N
3760058,23.14,\N
3760057,23.00,\N
3760059,24.90,\N
3760060,24.60,\N
3760083,22.50,\N
3760488,19.21,1.391
3760496,19.20,0.820
3760061,26.30,\N
3760081,25.93,\N
3760082,28.10,\N
3760084,25.70,\N
3760085,25.40,\N
3760086,29.40,\N
3760090,24.80,\N
3760087,23.30,\N
3760089,24.00,\N
3760088,27.50,\N
3760215,23.00,\N
3760216,23.50,\N
3760217,23.60,\N
3760219,25.40,\N
3760218,26.00,\N
3760220,27.20,\N
3760230,20.80,\N
3760232,22.22,\N
3760338,22.10,\N
3760339,26.60,\N
3760341,26.40,\N
3760340,26.30,\N
3760342,26.50,\N
3760433,21.60,\N
3760438,21.30,\N
3760435,25.80,\N
3760436,25.50,\N
3760437,24.82,\N
3760434,25.20,\N
3760439,26.30,\N
3760440,27.30,\N
3760441,26.30,\N
3760486,24.20,\N
3760487,24.07,\N
3760494,23.40,\N
3760492,25.70,\N
3760490,24.00,\N
3760489,23.90,\N
3760491,27.10,\N
3760493,25.23,0.018
3760495,23.60,\N
3760497,26.32,\N
3760527,22.70,\N
3760525,24.00,\N
3760524,23.50,\N
3760526,27.30,\N
3760530,24.30,\N
3760528,25.70,\N
3760529,22.13,\N
3760533,25.30,\N
3760531,23.30,\N
3760532,24.00,\N
3760534,23.50,\N
3760541,22.56,\N
3760535,23.50,0.063
3760538,22.70,\N
3760537,21.27,\N
3760539,23.80,\N
3760536,24.80,\N
3760542,23.61,\N
3760540,23.56,\N
3760585,20.56,0.188
3760584,27.40,\N
3760586,21.61,\N
3760583,21.18,\N
3760587,24.43,\N
3760589,25.70,\N
3760588,24.78,\N
3760590,26.30,\N
3760647,22.60,\N
3760648,25.40,\N
3760649,23.80,\N
3760650,25.00,\N
3760627,29.10,\N
3760676,21.10,\N
3760679,24.40,\N
3760675,25.90,\N
3760678,25.30,\N
3760677,23.80,\N
3760680,23.15,0.050
3760681,24.30,\N
3760682,27.20,\N
3760684,22.07,\N
3760683,27.80,\N
3760883,21.90,\N
3760880,26.10,\N
3760881,22.00,\N
3760879,26.00,\N
3760884,20.91,\N
3760882,23.90,\N
3760885,22.99,\N
3760886,23.08,\N
3760887,25.90,\N
3760890,19.91,\N
3760891,26.90,\N
3760888,27.00,\N
3760956,20.14,\N
3760955,23.40,\N
3760954,23.50,\N
3760958,22.20,\N
3760957,24.27,\N
3760959,26.90,0.008
3761029,24.60,\N
3761030,23.95,\N
3761034,20.79,0.281
3761035,26.10,\N
3761036,27.20,\N
3761124,20.18,\N
3761126,26.40,\N
3761127,19.77,\N
3761145,22.40,\N
3761144,22.81,\N
3761267,22.60,\N
3761270,21.70,\N
3761393,20.64,\N
3761476,22.40,\N
3761483,26.30,\N
3761484,24.50,\N
3761646,24.14,\N
3762460,29.66,\N
3762462,24.58,\N
3762466,24.03,\N
54115831,21.30,\N
3761125,20.83,\N
3761146,26.60,\N
3761197,25.10,\N
3761199,25.30,\N
3761200,23.30,\N
3761271,24.41,\N
3761268,22.30,\N
3761269,21.44,\N
3761348,18.80,\N
3761349,21.75,\N
3761350,25.10,\N
3761353,25.80,\N
3761351,24.40,\N
3761352,25.00,\N
3761354,26.70,\N
3761398,22.00,\N
3761397,26.50,\N
3761395,27.10,\N
3761396,25.60,\N
3761394,25.80,\N
3761478,21.42,\N
3761480,21.74,0.143
3761477,23.85,\N
3761481,24.93,\N
3761513,22.59,\N
3761482,24.30,\N
3761485,24.72,\N
3761644,24.70,\N
3761645,25.20,\N
3761649,24.60,\N
3761648,23.32,\N
3761647,24.70,\N
3761733,23.40,\N
3761736,24.30,\N
3761734,24.20,\N
3761730,23.50,\N
3761732,26.10,\N
3761731,27.60,\N
3761735,27.50,\N
3761740,21.82,\N
3761737,26.00,\N
3761742,21.80,\N
3761739,23.40,\N
3761738,24.40,\N
3761744,27.10,\N
3761741,23.90,\N
3761743,22.70,0.049
3761749,22.78,\N
3761748,19.80,\N
3761747,24.40,\N
3761750,21.78,\N
3761751,25.30,\N
3761752,28.00,\N
3762122,23.91,\N
3762123,21.00,\N
3762130,20.10,\N
3762124,23.90,\N
3762127,20.32,\N
3762126,21.20,\N
3762128,20.96,\N
3762125,24.90,\N
3762129,25.70,\N
3762171,23.94,\N
3762164,23.90,\N
3762172,25.10,\N
3762169,22.82,\N
3762168,23.90,\N
3762166,26.40,\N
3762165,23.90,\N
3762173,27.70,\N
3762170,26.06,\N
3762438,21.12,\N
3762436,22.90,\N
3762440,23.91,\N
3762437,24.44,\N
3762885,21.06,\N
3762886,21.79,\N
3762882,24.30,\N
3762883,22.61,0.128
3763097,20.80,0.525
3763102,25.20,\N
3763100,25.60,\N
3763269,22.18,\N
54512566,33.07,\N
54512567,31.83,\N
54512568,31.17,\N
54512569,29.71,\N
54512570,29.55,\N
54512571,30.93,\N
54512564,29.96,\N
54512565,29.85,\N
3762435,27.60,\N
3763099,26.43,\N
3763098,26.70,\N
3763101,26.70,\N
3763232,22.50,\N
3763329,20.06,\N
3763270,26.00,\N
3763268,26.30,\N
3763271,27.40,\N
3763272,22.35,\N
3763275,25.90,\N
3763273,23.50,\N
3763274,28.57,\N
3763276,21.71,\N
3763279,25.78,\N
3763284,23.14,\N
3763282,27.20,\N
3763280,20.23,\N
3763278,23.10,\N
3763286,25.87,\N
3763281,23.90,\N
3763283,24.60,\N
3763285,23.70,\N
3763337,25.00,\N
3763338,24.82,\N
3763339,26.10,\N
3763414,19.52,\N
3763424,19.55,\N
3763421,25.13,\N
3763419,24.90,\N
3763423,25.00,\N
3763417,27.00,\N
3763422,23.50,\N
3763420,23.80,\N
3763418,26.70,\N
3763416,23.70,\N
3763425,23.50,\N
3763428,18.45,\N
3763429,22.01,\N
3763427,24.80,\N
3763426,26.31,\N
3763430,25.70,\N
3763483,21.50,\N
3763476,20.79,\N
3763480,18.73,\N
3763481,24.60,\N
3763478,24.70,\N
3763475,24.42,\N
3763479,24.80,\N
3763477,26.20,\N
3763482,26.10,\N
3763544,20.60,\N
3763548,19.55,\N
3763553,20.60,\N
3763554,20.11,\N
3763551,21.83,\N
3763546,22.30,\N
3763550,23.80,\N
3763545,20.80,\N
3763547,27.60,\N
3763552,26.40,\N
3763595,20.63,\N
3763598,24.80,\N
3763594,24.20,\N
3763596,25.50,\N
3763597,28.90,\N
3763620,20.10,\N
3763625,18.81,\N
3763621,19.80,\N
3763622,24.60,\N
3763628,27.40,\N
3763627,22.29,\N
3763623,24.20,\N
3763626,21.81,\N
3763624,20.17,\N
3763925,26.20,\N
3763975,22.45,0.194
3764253,20.09,0.917
3765030,27.52,\N
3765024,28.55,\N
3765025,26.57,\N
3765027,25.60,\N
3765029,29.88,\N
54512572,31.57,\N
54512573,31.62,\N
3763929,27.70,\N
3763927,24.90,\N
3763928,26.60,\N
3763926,27.00,\N
3763930,23.20,\N
3763937,27.07,\N
3763938,25.60,\N
3763941,21.93,\N
3763942,25.50,\N
3763940,26.59,\N
3763943,24.60,\N
3763939,29.79,\N
3763945,27.30,\N
3763946,24.20,\N
3763948,25.30,\N
3763947,25.50,\N
3763944,29.20,\N
3763950,27.70,\N
3763949,23.10,\N
3763953,25.10,\N
3763958,25.80,\N
3763956,24.80,\N
3763957,25.40,\N
3763955,19.98,\N
3763954,23.77,\N
3763959,27.80,\N
3763973,25.80,\N
3763972,23.85,\N
3763974,23.60,\N
3764251,19.31,\N
3764252,23.07,\N
3764254,19.43,\N
3764255,27.20,\N
3764703,27.40,\N
3764704,26.31,\N
3764705,29.04,\N
3764706,24.30,\N
3764720,25.50,\N
3764719,28.80,\N
3764722,21.89,\N
3764721,21.83,\N
3764724,28.60,\N
3764723,20.48,\N
3764725,21.30,\N
3764729,27.30,\N
3764728,20.20,\N
3764727,28.80,\N
3764726,26.00,\N
3764797,21.71,\N
3764800,24.30,\N
3764799,26.04,\N
3764798,27.90,\N
3764801,23.60,\N
3764803,24.60,\N
3764802,24.80,\N
3764807,25.90,\N
3764806,25.20,\N
3764805,27.20,\N
3764804,26.80,\N
3764822,22.77,\N
3764826,24.70,\N
3764824,25.90,\N
3764825,24.10,\N
3764837,19.09,\N
3764833,18.27,\N
3764832,22.50,\N
3764831,21.13,\N
3764835,24.20,\N
3764830,23.80,\N
3764834,24.20,\N
3764829,23.90,\N
3764836,24.60,\N
3764838,27.40,\N
3764843,22.40,\N
3764845,28.40,\N
3764842,21.70,\N
3764846,24.60,\N
3764848,20.08,1.082
3764847,21.39,\N
3764859,19.98,\N
3764861,25.04,\N
3764860,23.20,\N
3764863,18.91,\N
3764862,20.31,\N
3764887,20.86,\N
3764889,27.10,\N
3764888,21.50,\N
3764886,21.29,\N
3764885,22.80,\N
3764891,20.95,\N
3764890,26.00,\N
3765003,24.90,\N
3765005,24.78,0.144
3765002,25.61,\N
3765007,23.25,\N
3765018,18.22,\N
3765015,21.10,\N
3765990,24.43,\N
3765991,22.50,\N
3766079,28.34,\N
54512577,29.79,\N
54512578,28.96,\N
54512579,28.70,\N
54512580,32.49,\N
54512581,30.70,\N
54512582,30.00,\N
54512583,31.03,\N
54512574,30.03,\N
54512575,28.67,\N
54512576,30.54,\N
3765004,26.00,\N
3765006,26.68,\N
3765016,28.20,\N
3765014,25.30,\N
3765017,28.40,\N
3765019,26.05,\N
3765021,27.40,\N
3765020,23.20,\N
3765022,20.05,\N
3765532,21.84,\N
3765533,20.39,\N
3765609,26.80,\N
3765608,26.00,\N
3765610,24.22,\N
3765611,22.80,\N
3765612,19.64,\N
3765638,20.71,\N
3765642,21.62,\N
3765641,21.54,\N
3765639,23.60,\N
3765640,24.04,\N
3765643,23.89,\N
3765646,21.18,\N
3765645,24.20,\N
3765647,24.07,\N
3765644,23.90,\N
3765657,24.70,\N
3765661,20.39,\N
3765660,23.72,\N
3765704,23.10,0.065
3765700,22.00,\N
3765705,21.96,\N
3765699,24.40,\N
3765702,25.29,\N
3765707,24.10,\N
3765703,19.50,\N
3765701,23.47,\N
3765706,22.10,\N
3765708,24.50,\N
3765709,26.00,\N
3765710,24.20,\N
3765936,26.70,\N
3765942,23.83,\N
3765944,25.80,\N
3765943,22.60,\N
3766012,29.27,\N
3766015,21.88,\N
3766032,19.70,\N
3766034,18.43,\N
3766036,25.40,\N
3766039,20.49,0.734
3766040,20.15,\N
3766048,22.48,\N
3766081,18.35,\N
54512584,27.42,\N
3766049,25.90,\N
3766052,25.40,\N
3766053,26.00,\N
3766054,25.73,\N
3766050,27.10,\N
3766051,23.66,\N
3766065,22.12,\N
3766070,18.33,\N
3766066,24.67,\N
3766067,22.92,\N
3766068,24.80,\N
3766069,27.20,\N
3766071,25.00,\N
3766076,25.40,\N
3766075,21.40,\N
3766077,23.75,\N
3766090,22.17,\N
3766091,23.60,\N
3766092,20.98,\N
3766117,24.50,\N
3766118,23.20,\N
3766121,25.30,\N
3766122,26.89,\N
3766123,23.00,\N
3766124,20.08,\N
3766127,23.30,\N
3766128,26.10,\N
3766130,20.14,\N
3766129,22.38,\N
3766131,19.70,\N
3766132,27.00,\N
3766160,20.69,\N
3766161,21.30,\N
3766162,20.70,\N
3766163,24.50,\N
3766164,24.60,\N
3766165,22.90,\N
3766177,22.45,\N
3766174,21.90,\N
3766175,22.05,\N
3766176,23.80,\N
3766180,22.90,\N
3766182,18.96,\N
3766183,21.40,\N
3766185,20.48,\N
3766181,20.28,\N
3766184,19.73,\N
3766193,19.06,\N
3766236,25.90,\N
3766237,20.90,\N
3766238,21.60,\N
3766247,19.82,\N
3766248,20.77,\N
3766344,26.66,\N
3766653,20.70,\N
54512585,30.61,\N
3766292,23.40,\N
3766294,21.90,\N
3766293,25.30,\N
3766295,25.40,\N
3766296,23.30,\N
3766298,24.54,\N
3766297,24.60,\N
3766323,20.97,\N
3766325,22.80,\N
3766324,20.65,\N
3766326,30.00,\N
3766339,21.32,\N
3766334,23.05,\N
3766338,19.20,\N
3766335,23.10,\N
3766336,24.90,\N
3766337,27.00,\N
3766340,25.10,\N
3766341,24.80,\N
3766343,26.80,\N
3766342,26.60,\N
3766362,20.09,\N
3766359,24.10,\N
3766361,22.40,\N
3766363,24.30,\N
3766431,24.10,\N
3766432,26.50,\N
3766433,26.10,\N
3766434,21.41,\N
3766438,24.10,\N
3766437,23.60,\N
3766436,25.60,\N
3766435,25.09,\N
3766440,23.19,\N
3766439,23.27,\N
3766463,21.61,\N
3766462,21.97,\N
3766464,24.80,\N
3766465,23.80,\N
3766489,22.50,\N
3766499,19.79,\N
3766500,23.60,\N
3766497,20.86,\N
3766543,19.82,\N
3766569,22.90,\N
3766587,17.93,\N
3766595,17.67,\N
3766665,27.16,\N
3766670,21.04,\N
3766654,26.18,\N
3766655,20.01,\N
3766657,27.04,\N
3766658,24.81,\N
3766659,24.70,\N
3766660,20.93,\N
3766575,24.00,\N
3766588,24.50,\N
3766592,22.30,\N
3766591,25.21,\N
3766589,26.00,\N
3766590,23.49,\N
3766593,28.00,\N
3766594,25.50,\N
3766607,20.00,\N
3766608,20.92,\N
3766632,24.20,\N
3766633,20.20,\N
3766634,23.00,\N
3766675,24.86,\N
3766676,21.20,\N
3766677,23.50,\N
3766964,20.53,\N
3766963,22.80,\N
3766965,27.60,\N
3766966,24.24,\N
3766995,25.50,\N
3766994,25.80,\N
3766998,22.27,\N
3766997,26.30,\N
3766993,27.10,\N
3766996,26.70,\N
3766999,28.40,\N
3767000,27.40,\N
3767010,26.10,\N
3767011,25.40,\N
3767007,21.40,\N
3767008,27.90,\N
3767009,23.10,\N
3767005,24.80,\N
3767006,22.33,\N
3767004,22.60,\N
3767003,25.30,\N
3767012,24.20,\N
3767013,26.00,\N
3767015,26.10,\N
3767016,28.10,\N
3767014,28.10,\N
3767037,21.69,\N
3767036,21.30,\N
3767035,25.59,\N
3767038,24.20,\N
3767040,25.60,\N
3767039,25.20,\N
3767155,20.37,\N
3767151,25.20,\N
3767153,21.70,\N
3767157,26.10,\N
3767152,24.20,\N
3767154,29.40,\N
3767158,28.80,\N
3767159,26.70,\N
3767160,27.30,\N
3767162,23.26,\N
3767161,26.50,\N
3767165,25.70,\N
3767164,23.90,\N
3767163,26.00,\N
3767166,25.40,\N
3767167,23.80,\N
3767244,19.00,\N
3767243,20.76,\N
3767242,25.20,\N
3767248,19.84,\N
3767247,20.70,\N
3767249,21.40,\N
3767250,21.94,\N
3767246,23.90,\N
3767254,19.50,\N
3767251,24.10,\N
3767253,18.60,\N
3767252,22.20,\N
3767257,25.10,\N
3767260,26.10,\N
3767262,20.50,\N
3767263,24.40,\N
3767261,24.80,\N
3767255,24.30,\N
3767259,23.37,\N
3767258,26.80,\N
3767256,26.70,\N
3767264,27.58,\N
3767312,23.70,\N
3767310,26.50,\N
3767313,22.80,\N
3767314,23.90,\N
3767315,26.46,\N
3769388,19.05,\N
3767316,24.66,\N
3767318,24.90,\N
3767319,23.30,\N
3767317,21.40,\N
3767323,20.07,\N
3767320,26.60,\N
3767322,28.77,\N
3767324,22.36,\N
3767321,22.10,\N
3767325,20.75,\N
3767326,20.88,\N
3767609,23.80,\N
3767871,25.73,\N
3767927,22.95,\N
3767929,26.50,\N
3767925,25.40,\N
3767928,20.90,\N
3767930,24.07,\N
3767936,20.60,\N
3767926,19.70,\N
3767935,22.50,\N
3767931,23.30,\N
3767933,23.17,\N
3767934,24.90,\N
3767937,25.20,\N
3768016,23.10,\N
3768017,24.90,\N
3768018,20.31,\N
3768606,20.40,\N
3768607,25.10,\N
3768609,23.81,\N
3768613,22.60,\N
3769436,26.13,\N
3769438,25.98,\N
54512586,31.62,\N
54166170,21.13,\N
54429048,27.53,\N
54467535,25.65,\N
3767932,23.20,\N
3768022,26.10,\N
3768021,27.20,\N
3768024,20.98,\N
3768023,26.61,\N
3768019,19.87,\N
3768025,26.80,\N
3768612,23.07,\N
3768608,18.07,\N
3768610,19.04,\N
3768611,23.30,\N
3768614,22.40,\N
3768615,25.80,\N
3768619,19.85,\N
3768616,23.52,\N
3768617,24.60,\N
3768618,24.30,\N
3768620,27.80,\N
3768653,21.38,\N
3768654,28.20,\N
3768819,20.14,\N
3768820,24.80,\N
3768843,26.90,\N
3769379,25.12,\N
3769378,19.11,\N
3769392,23.60,\N
3769393,26.20,\N
3769396,25.30,\N
3769398,20.02,\N
3769399,20.71,\N
3769397,19.27,\N
3769400,24.01,\N
3769401,24.20,\N
3769402,22.20,\N
3769468,28.51,\N
3769459,23.30,\N
54512593,30.45,\N
54512594,29.14,\N
54512595,30.20,\N
54512596,30.84,\N
54512588,31.44,\N
54512589,33.74,\N
54512590,32.38,\N
54512591,30.75,\N
54512592,28.85,\N
3838791,21.60,\N
3769412,27.00,\N
3769408,23.00,\N
3769410,23.20,\N
3769411,23.30,\N
3769409,26.60,\N
3769703,19.40,\N
3769704,20.90,\N
3769709,25.70,\N
3769706,25.20,\N
3769708,20.91,\N
3769707,25.20,\N
3769710,22.52,\N
3769751,29.30,\N
3769749,27.10,\N
3769750,25.80,\N
54502970,26.00,\N
3769804,21.20,\N
3769806,26.80,\N
3769805,25.90,\N
3769807,24.00,\N
3769808,24.20,\N
3769812,23.64,\N
3769811,24.20,\N
3769818,26.00,\N
3769809,29.20,\N
3769810,25.70,\N
3769813,27.80,\N
3769817,26.80,\N
3769816,23.21,\N
3769814,25.20,\N
3769873,19.50,\N
3769875,22.30,\N
3769874,22.70,\N
3769877,26.30,\N
3769878,20.87,\N
3769879,20.83,\N
3769881,27.20,\N
3769883,22.21,\N
3769884,27.10,\N
3769880,24.80,\N
3769885,26.30,\N
3769886,25.10,\N
3769887,22.44,\N
3769888,22.14,\N
3769882,26.70,\N
3769913,28.30,\N
3769914,19.30,\N
3769918,19.86,\N
3769915,20.87,\N
3769916,23.70,\N
3769917,24.90,\N
3769919,27.90,\N
3770143,19.07,\N
3770141,21.92,\N
3770142,27.30,\N
3770139,25.30,\N
3770144,20.23,\N
3770145,23.50,\N
3770146,22.10,\N
3770147,25.20,\N
3770154,28.60,\N
3770148,25.00,\N
3770151,24.00,\N
3770153,24.66,\N
3770149,24.50,\N
3770150,22.60,\N
3770152,26.00,\N
3770155,22.56,\N
3770277,22.47,\N
3770275,26.20,\N
3770276,23.70,\N
3770278,20.51,\N
3770279,23.00,\N
3770284,21.91,\N
3770285,23.48,\N
3770283,23.50,\N
3770288,21.82,\N
3770286,24.80,\N
3770290,26.90,\N
3770320,27.60,\N
3770322,26.17,\N
3771595,26.77,\N
3771596,28.51,\N
3771597,26.08,\N
3771592,19.61,\N
3771593,22.87,\N
54510136,31.56,\N
54510137,31.00,\N
54510138,31.06,\N
54510139,29.88,\N
54510140,31.81,\N
3770280,30.80,\N
3770287,21.16,\N
3770289,26.30,\N
3770321,27.20,\N
3770324,24.00,\N
3770323,20.46,\N
3770326,25.40,\N
3770325,24.24,\N
3770328,25.10,\N
3770329,25.80,\N
3770330,20.62,\N
3770327,23.50,\N
3770348,25.20,\N
3770349,20.30,\N
3770351,26.73,\N
3770350,27.00,\N
3770986,27.65,\N
3770988,23.29,\N
3770987,27.70,\N
3771012,24.90,\N
3771013,19.35,\N
3771011,25.90,\N
3771014,25.30,\N
3771010,23.29,\N
3771016,21.20,\N
3771015,21.70,\N
3771018,25.10,\N
3771020,23.20,\N
3771022,25.00,\N
3771023,22.50,\N
3771019,24.12,\N
3771021,26.00,\N
3771024,24.30,\N
3771026,26.40,\N
3771027,25.80,\N
3771028,23.23,\N
3771025,26.30,\N
3771064,19.54,\N
3771065,25.00,\N
3771061,26.26,\N
3771062,21.88,\N
3771063,24.06,\N
3771066,25.40,\N
3771067,26.40,\N
3771068,25.40,\N
3771069,20.35,\N
3771451,20.90,\N
3771450,19.90,\N
3771452,21.60,\N
3771475,22.10,\N
3771479,22.49,\N
3771477,19.90,\N
3771478,22.13,\N
3771599,26.11,\N
3771600,25.10,\N
3771602,24.57,\N
3771605,21.86,\N
54510141,29.48,\N
54510143,31.28,\N
3771565,22.20,\N
3771564,28.20,\N
3771566,27.41,\N
3771582,22.50,\N
3771584,26.40,\N
3771583,25.50,\N
3771585,21.28,\N
3771590,25.20,\N
3771591,28.90,\N
3771587,23.80,\N
3771589,25.70,\N
3771588,24.60,\N
3771586,26.60,\N
3771606,22.97,\N
3771617,24.80,\N
3771608,23.33,\N
3771612,23.80,\N
3771610,23.38,\N
3771611,26.00,\N
3771614,21.41,\N
3771619,20.10,\N
3771613,26.00,\N
3771609,25.70,\N
3771607,23.80,\N
3771615,23.30,\N
3771618,23.30,\N
3771616,24.50,\N
3771620,29.50,\N
3771621,30.60,\N
3771622,25.60,\N
3771623,21.80,\N
3771630,20.68,\N
3771625,25.10,\N
3771629,23.00,\N
3771631,23.00,\N
3771627,20.86,\N
3771626,27.80,\N
3771637,23.20,\N
3771628,25.60,\N
3771632,26.00,\N
3771634,23.40,\N
3771633,26.60,\N
3771640,28.00,\N
3771641,25.90,\N
3771639,23.60,\N
3771635,27.70,\N
3771636,23.30,\N
3771644,27.00,\N
3771638,23.10,\N
3771645,22.71,\N
3771642,29.90,\N
3771643,26.20,\N
3771798,23.40,\N
3771788,22.70,\N
3771797,25.10,\N
3771792,24.30,\N
3771794,24.80,\N
3771793,26.00,\N
3771790,24.30,\N
3771795,23.00,\N
3771791,23.44,\N
3771796,23.90,\N
3771800,25.10,\N
3771799,26.10,\N
3772381,28.50,\N
3772386,22.00,\N
3772383,25.90,\N
3772384,18.49,\N
3772382,20.94,\N
3772387,23.20,\N
3772397,23.40,\N
3772395,24.40,\N
3772392,23.80,\N
3772391,25.02,\N
3772393,20.50,\N
3772390,20.18,\N
3772400,22.60,\N
3772388,24.20,\N
3772394,23.85,\N
3772399,25.41,\N
3772389,25.70,\N
3772398,22.60,\N
3772396,20.65,\N
3772401,21.00,\N
54523016,21.27,\N
3772692,19.72,\N
3772699,25.50,\N
3772698,20.70,\N
3772696,19.24,\N
3772694,22.60,\N
3772695,20.52,\N
3772700,21.40,\N
3772697,22.30,\N
3772701,21.20,\N
3772758,17.28,\N
3772757,26.26,\N
3772755,26.20,\N
3772756,25.27,\N
3772760,25.33,\N
3772759,28.14,\N
3772761,26.33,\N
3772762,24.30,\N
3772839,20.94,\N
3772838,21.09,\N
3772841,22.97,\N
3772845,25.40,\N
3772842,25.10,\N
3772840,25.50,\N
3772843,25.20,\N
3772844,26.90,\N
3772846,26.30,\N
3772977,26.10,\N
3772979,20.87,\N
3772976,24.01,\N
3772994,26.20,\N
3772980,22.50,\N
3772974,28.30,\N
3772975,22.80,\N
3772981,25.63,\N
3772983,26.60,\N
3772985,24.70,\N
3772984,25.20,\N
3772982,24.70,\N
3772987,25.00,\N
3772986,24.88,\N
3772992,24.00,\N
3772996,25.70,\N
3772990,27.84,\N
3772991,25.10,\N
3772988,25.00,\N
3772995,25.38,\N
3772993,27.20,\N
3772989,22.90,\N
3772997,25.49,\N
3772998,26.84,\N
3773050,20.63,\N
3773055,21.23,\N
3773053,21.78,\N
3773054,23.78,\N
3773048,25.90,\N
3773049,24.00,\N
3773052,23.30,\N
3773051,24.72,\N
3773056,26.90,\N
3773057,29.50,\N
3773058,28.70,\N
3773595,22.80,\N
3773593,25.60,\N
3773594,25.60,\N
3773596,26.80,\N
3773598,28.40,\N
3773597,26.30,\N
3773648,22.22,\N
3773651,25.61,\N
3773647,22.11,\N
3773650,21.70,\N
3773652,22.70,\N
3773649,23.00,\N
3773653,22.21,\N
3773654,22.30,\N
3773658,19.08,\N
3773657,22.52,\N
3773660,23.90,\N
3773659,21.60,\N
3773656,25.60,\N
3773655,24.16,\N
3773661,24.16,\N
3773663,23.50,\N
3773662,24.30,\N
3773664,27.38,\N
54509590,22.25,\N
3773744,27.70,\N
3773746,23.00,\N
3773749,22.38,\N
3773751,23.75,\N
3773927,18.87,\N
3774033,28.37,\N
3774034,28.98,\N
3774032,28.22,\N
54137507,18.79,\N
54426227,24.74,\N
54534492,25.63,\N
54574420,21.75,\N
3773672,29.90,\N
3773747,19.94,\N
3773750,25.30,\N
3773748,25.90,\N
3773752,21.79,\N
3773753,25.90,\N
3773760,22.00,\N
3773754,20.80,\N
3773755,25.00,\N
3773757,26.10,\N
3773756,23.66,\N
3773761,19.72,\N
3773758,26.70,\N
3773762,22.90,\N
3773763,27.80,\N
3773830,24.85,\N
3773831,25.80,\N
3773832,24.70,\N
3773839,25.60,\N
3773833,24.00,\N
3773834,20.49,\N
3773835,24.80,\N
3773836,24.00,\N
3773837,21.30,\N
3773838,23.43,\N
3773925,25.70,\N
3773912,23.06,\N
3773913,26.00,\N
3773924,27.90,\N
3773914,19.40,\N
3773915,21.20,\N
3773916,19.08,\N
3773917,26.40,\N
3773918,24.80,\N
3773919,22.79,\N
3773920,20.61,\N
3773921,22.90,\N
3773922,21.17,\N
3773923,27.40,\N
3773928,23.80,\N
3773929,22.76,\N
3773930,18.94,\N
3773931,19.74,\N
3773983,24.30,\N
3773991,19.98,\N
3774039,26.10,\N
3773987,26.70,\N
3773985,26.70,\N
3773988,26.70,\N
3773990,26.13,\N
3773989,19.57,\N
3773986,27.53,\N
3774003,21.28,\N
3774002,21.64,\N
3774001,21.64,\N
3774005,22.82,\N
3774004,27.30,\N
3774006,24.20,\N
3774008,27.50,\N
3774007,27.00,\N
3774009,23.29,\N
3774010,26.30,\N
3774011,20.86,\N
3774018,22.69,\N
3774014,27.50,\N
3774019,25.60,\N
3774017,21.60,\N
3774012,25.10,\N
3774015,26.80,\N
3774051,21.90,\N
3774052,23.30,\N
3774054,25.10,\N
3774053,25.00,\N
3774065,18.36,\N
3774066,25.93,\N
3774067,28.90,\N
3774064,26.55,\N
3774092,21.70,\N
3774090,25.80,\N
3774091,21.51,\N
3774095,25.71,\N
3774098,23.90,\N
3774096,25.60,\N
3774097,22.33,\N
3774094,25.20,\N
3774093,23.75,\N
3774099,21.86,\N
3774101,25.60,\N
3774113,21.20,\N
3774112,23.80,\N
3774114,27.70,\N
3774135,22.40,\N
3774131,24.10,\N
3774137,22.03,\N
3774136,26.20,\N
3774132,25.50,\N
3774134,25.80,\N
3774133,27.50,\N
3774368,20.01,\N
3774370,21.00,\N
3774360,25.20,\N
3774364,21.90,\N
3774362,22.41,\N
3774366,21.10,\N
3774363,23.70,\N
3774365,26.20,\N
3774367,27.50,\N
3774372,22.50,\N
3774371,23.07,\N
3774369,23.10,\N
3774373,23.30,\N
3774380,25.10,\N
3774378,21.59,\N
3774379,24.40,\N
3774377,22.90,\N
3774376,23.10,\N
3774383,18.96,\N
3774381,23.06,\N
3774382,26.00,\N
3774384,26.50,\N
3774434,25.30,\N
3774435,22.59,\N
3774436,25.50,\N
3774557,20.19,\N
3775117,28.86,\N
3775118,26.00,\N
3774375,29.10,\N
3774433,23.68,\N
3774560,29.30,\N
3774558,24.70,\N
3774564,25.50,\N
3774565,22.42,\N
3774559,24.90,\N
3774561,26.20,\N
3774563,21.60,\N
3774567,26.00,\N
3774562,25.30,\N
3774568,24.20,\N
3774566,24.70,\N
3774578,29.20,\N
3774574,25.10,\N
3774573,20.00,\N
3774571,21.63,\N
3774576,24.30,\N
3774575,24.30,\N
3774577,24.35,\N
3774572,23.60,\N
3774603,18.84,\N
3774602,18.59,\N
3774604,22.59,\N
3774605,20.80,\N
3774610,21.50,\N
3774613,21.73,\N
3774614,22.02,\N
3774612,21.74,\N
3774611,25.60,\N
3774615,24.60,\N
3774621,23.00,\N
3775120,27.25,\N
54509591,22.05,\N
3774691,25.00,\N
3774681,21.04,\N
3774688,25.10,\N
3774685,23.00,\N
3774686,22.30,\N
3774684,19.00,\N
3774687,24.60,\N
3774689,24.70,\N
3774683,23.80,\N
3774692,24.40,\N
3774682,23.50,\N
3774690,23.20,\N
3774722,20.70,\N
3774719,18.30,\N
3774723,21.10,\N
3774724,25.71,\N
3774726,21.50,\N
3774731,24.30,\N
3774725,23.80,\N
3774720,22.20,\N
3774732,25.50,\N
3774721,24.40,\N
3774727,24.74,\N
3774728,20.71,\N
3774730,25.60,\N
3774733,19.98,\N
3774736,21.30,\N
3774734,22.40,\N
3774735,24.70,\N
3774738,27.60,\N
3774737,26.60,\N
3775046,25.40,\N
3775040,25.40,\N
3775039,23.60,\N
3775042,22.80,\N
3775041,25.40,\N
3775043,22.90,\N
3775044,25.80,\N
3775038,25.70,\N
3775045,23.50,\N
3775094,23.30,\N
3775091,20.45,\N
3775093,24.10,\N
3775092,21.72,\N
3775096,24.00,\N
3775098,20.70,\N
3775097,23.50,\N
3775095,26.50,\N
3775115,28.90,\N
3775116,26.80,\N
3775114,24.00,\N
3775155,19.69,\N
3775159,21.12,\N
3775161,19.55,\N
3775158,18.84,\N
3775152,20.13,\N
3775157,25.56,\N
3775154,22.50,\N
3775153,23.60,\N
3775160,21.32,\N
3775178,21.77,\N
3775199,19.35,\N
3775708,27.27,\N
3775156,20.09,\N
3775177,22.70,\N
3775176,27.50,\N
3775175,26.40,\N
3775182,24.80,\N
3775183,24.90,\N
3775198,21.70,\N
3775205,18.55,\N
3775204,26.10,\N
3775203,25.40,\N
3775206,26.30,\N
3775208,25.70,\N
3775209,24.80,\N
3775210,24.30,\N
3775247,21.88,\N
3775207,21.77,\N
3775249,23.00,\N
3775248,21.10,\N
3775251,24.40,\N
3775253,26.60,\N
3775265,21.20,\N
3775264,22.20,\N
3775267,25.30,\N
3775266,25.30,\N
3775268,21.95,\N
3775710,22.60,\N
3775709,21.70,\N
3775714,24.40,\N
3775715,24.60,\N
3775713,24.50,\N
3775712,23.70,\N
3776010,20.91,\N
3776009,20.54,\N
3776008,22.60,\N
3776012,21.11,\N
3776011,25.62,\N
3776015,26.73,\N
3776017,25.36,\N
3776013,24.10,\N
3776016,20.80,\N
3776014,24.50,\N
3776032,26.00,\N
3776033,21.59,\N
3776069,22.43,\N
3776071,18.60,\N
3776070,22.73,\N
3776074,22.01,\N
3776072,21.09,\N
3776076,26.20,\N
3776073,23.60,\N
3776075,21.70,\N
3776078,21.50,\N
3776079,20.05,\N
3776080,23.60,\N
3776085,25.70,\N
3776084,22.70,\N
3776083,21.30,\N
3776111,23.00,\N
3776112,20.57,\N
3776113,20.45,\N
3776108,25.90,\N
3776114,22.40,\N
3776109,21.59,\N
3776110,22.00,\N
3776115,21.70,\N
3776116,22.50,\N
3776128,21.11,\N
3776117,21.53,\N
3776126,21.00,\N
3776120,25.40,\N
3776122,23.20,\N
3776119,22.14,\N
3776121,22.37,\N
3776118,24.30,\N
3776125,20.50,\N
3776124,20.28,\N
3776268,20.75,\N
3776270,16.78,\N
3776271,23.30,\N
3776269,22.58,\N
3776272,19.52,\N
3776276,26.00,\N
3776273,22.64,\N
3776274,20.83,\N
3776277,25.00,\N
3776275,23.40,\N
3776279,23.20,\N
3776278,21.47,\N
3776281,22.21,\N
3776282,21.50,\N
3776291,22.54,\N
3776285,21.63,\N
3776286,22.90,\N
3776645,19.95,\N
3776280,24.90,\N
3776283,25.70,\N
3776294,24.70,\N
3776295,21.60,\N
3776300,21.20,\N
3776418,26.60,\N
3776419,22.96,\N
3776549,20.77,\N
3776550,22.93,\N
3776647,20.20,\N
3776646,20.90,\N
3776648,24.20,\N
3776847,18.90,\N
3776849,18.82,\N
3776848,20.01,\N
3776850,23.90,\N
3776854,22.18,\N
3776855,21.90,\N
3776856,24.20,\N
3776857,19.65,\N
3778541,23.50,\N
3838922,21.78,\N
3776858,20.31,\N
3777454,20.50,\N
3777455,22.10,\N
3778066,20.40,\N
3778064,24.50,\N
3778068,24.80,\N
3778065,23.20,\N
3778067,27.10,\N
3778075,21.73,\N
3778076,23.40,\N
3778084,24.50,\N
3778083,25.90,\N
3778542,26.20,\N
3778544,23.30,\N
3778539,24.00,\N
3778543,22.70,\N
3778540,23.50,\N
3778557,23.40,\N
3778620,20.26,\N
3778622,19.23,\N
3778624,23.98,\N
3778621,23.40,\N
3778623,24.70,\N
3778625,21.70,\N
3778653,23.20,\N
3778654,21.14,\N
3778655,23.60,\N
3778656,23.70,\N
3778657,24.44,\N
3778658,23.41,\N
3778659,19.61,\N
3778660,22.10,\N
3778661,23.91,\N
3779044,27.50,\N
3779049,22.10,\N
3779047,26.00,\N
3779045,24.00,\N
3779046,25.30,\N
3779439,22.90,\N
3779437,23.80,\N
3779441,21.75,\N
3779440,23.50,\N
3779438,22.90,\N
3779444,27.00,\N
3779443,22.50,\N
3779446,23.40,\N
3779470,21.96,\N
3779469,20.10,\N
3779468,21.70,\N
3779523,20.90,\N
3780638,21.00,\N
3780639,21.80,\N
3780641,21.83,\N
3780667,22.40,\N
3780665,20.90,\N
3780808,21.61,\N
3781351,22.10,\N
3781353,21.98,\N
3838905,22.01,\N
3779442,24.40,\N
3779447,22.90,\N
3779445,24.00,\N
3779471,23.30,\N
3779473,25.00,\N
3779522,22.20,\N
3779524,21.41,\N
3780632,25.20,\N
3780633,25.30,\N
3780640,21.08,\N
3780642,21.41,\N
3780643,19.23,\N
3780645,23.40,\N
3780644,24.70,\N
3780666,21.50,\N
3780669,22.20,\N
3780672,21.28,\N
3780671,22.40,\N
3780670,23.20,\N
3780696,21.20,\N
3780695,24.80,\N
3780690,24.40,\N
3780705,22.47,\N
3780693,26.90,\N
3780691,21.40,\N
3780694,20.70,\N
3780692,21.33,\N
3780731,19.49,\N
3780674,23.80,\N
3780673,23.20,\N
3780699,23.86,\N
3780704,23.80,\N
3780706,23.50,\N
3780700,25.20,\N
3780702,25.70,\N
3780701,23.60,\N
3780703,26.10,\N
3780698,23.10,\N
3780734,26.40,\N
3780732,27.00,\N
3780742,24.27,\N
3780733,24.80,\N
3780736,20.06,\N
3780737,26.40,\N
3780735,26.70,\N
3780741,25.00,\N
3780738,26.90,\N
3780740,26.20,\N
3780739,24.80,\N
3780765,24.40,\N
3780767,22.50,\N
3780768,26.50,\N
3780769,24.90,\N
3780766,24.90,\N
3780770,27.60,\N
3780777,25.70,\N
3780778,26.28,\N
3780771,25.50,\N
3780774,24.30,\N
3780775,28.30,\N
3780773,23.90,\N
3780776,25.30,\N
3780786,21.26,\N
3780787,23.80,\N
3780784,25.00,\N
3780785,23.80,\N
3780792,21.70,\N
3780791,22.23,\N
3780790,26.20,\N
3780793,27.90,\N
3780789,22.60,\N
3780788,26.40,\N
3780805,21.75,\N
3780804,25.00,\N
3780806,26.60,\N
3780803,26.90,\N
3780807,22.82,\N
3780809,25.20,\N
3781006,19.72,\N
3781000,26.50,\N
3780999,23.80,\N
3781001,24.80,\N
3781002,22.41,\N
3781005,22.43,\N
3781034,22.02,\N
3781021,22.89,\N
3781020,22.70,\N
3781029,28.00,\N
3781026,20.80,\N
3781027,19.80,\N
3781025,24.00,\N
3781022,26.10,\N
3781024,24.30,\N
3781023,21.62,\N
3781041,19.50,\N
3781042,23.60,\N
3781047,27.00,\N
3781048,19.82,\N
3781049,19.91,\N
3781043,24.65,\N
3781046,19.80,\N
3781044,20.36,\N
3781228,24.00,\N
3781235,25.80,\N
3781233,19.95,\N
3781229,26.60,\N
3781231,24.50,\N
3781230,26.10,\N
3781232,26.60,\N
3781234,26.10,\N
3781236,24.20,\N
3781246,23.50,\N
3781245,24.20,\N
3781247,20.17,\N
3781249,24.50,\N
3781250,21.34,\N
3781248,27.80,\N
3781251,24.30,\N
3781253,24.20,\N
3781270,27.80,\N
3781269,28.37,\N
3781268,20.41,\N
3781299,20.68,\N
3781300,21.71,\N
3781301,20.92,\N
3781302,25.60,\N
3781303,23.40,\N
3781304,29.30,\N
3781308,20.40,\N
3781307,24.40,\N
3781315,25.80,\N
3781313,23.40,\N
3781310,23.70,\N
3781311,21.94,\N
3781312,25.30,\N
3781316,20.97,\N
3781314,20.91,\N
3781309,24.10,\N
3781317,23.80,\N
3781330,22.27,\N
3781359,20.70,\N
3781318,28.10,\N
3781319,27.91,\N
3781329,25.00,\N
3781338,25.50,\N
3781339,18.62,\N
3781341,22.40,\N
3781344,21.96,\N
3781372,20.44,\N
3781370,19.78,\N
3781371,22.70,\N
3781387,21.10,\N
3781389,22.40,\N
3781388,20.08,\N
3781386,23.70,\N
3781390,23.70,\N
3781403,24.40,\N
3781416,27.60,\N
3781415,27.90,\N
3781402,26.12,\N
3781405,25.10,\N
3781409,26.30,\N
3781410,22.25,\N
3781408,23.62,\N
3781404,20.20,\N
3781406,26.40,\N
3781407,24.50,\N
3781412,25.60,\N
3781417,26.23,\N
3781411,25.30,\N
3781414,26.55,\N
3781419,22.45,\N
3781442,27.60,\N
3781445,22.90,\N
3781444,24.00,\N
3781449,22.20,\N
3781447,23.70,\N
3781446,22.74,\N
3781448,21.85,\N
3781451,25.68,\N
3781450,22.30,\N
3781452,20.16,\N
3781458,25.10,\N
3781460,25.40,\N
3781453,26.50,\N
3781456,25.80,\N
3781457,20.70,\N
3781454,22.60,\N
3781459,23.10,\N
3781455,22.77,\N
3781463,22.06,\N
3781465,22.60,\N
3781467,22.72,\N
3781461,27.10,\N
3781466,25.60,\N
3781576,20.55,\N
3781574,26.14,\N
3781575,24.20,\N
3781573,25.00,\N
3781577,27.50,\N
3781579,28.90,\N
3781595,27.80,\N
3781596,27.20,\N
3781580,20.44,\N
3781586,21.70,\N
3781588,18.00,\N
3781649,21.70,\N
3781708,26.10,\N
3781713,23.50,\N
3781825,27.73,\N
3781826,23.65,\N
3781829,21.31,\N
3781830,22.89,\N
3781831,29.50,\N
3781832,26.20,\N
3781820,27.20,\N
3781833,20.45,\N
3838941,22.46,\N
54054525,23.88,\N
3781413,22.08,\N
3781593,23.60,\N
3781581,20.64,\N
3781584,24.20,\N
3781587,23.77,\N
3781589,23.80,\N
3781585,23.20,\N
3781582,22.90,\N
3781591,27.30,\N
3781594,21.10,\N
3781592,21.13,\N
3781597,25.20,\N
3781598,25.80,\N
3781612,28.60,\N
3781640,22.80,\N
3781641,20.60,\N
3781645,22.90,\N
3781647,21.56,\N
3781639,24.20,\N
3781643,22.30,\N
3781644,25.70,\N
3781642,24.60,\N
3781648,26.10,\N
3781646,26.20,\N
3781650,26.20,\N
3781651,25.20,\N
3781697,28.40,\N
3781711,20.70,\N
3781709,23.90,\N
3781710,23.90,\N
3781714,23.70,\N
3781722,24.00,\N
3781718,21.04,\N
3781720,22.61,\N
3781719,24.71,\N
3781721,22.10,\N
3781715,26.00,\N
3781716,23.60,\N
3781729,25.18,\N
3781725,27.16,\N
3781728,24.60,\N
3781723,23.50,\N
3781726,23.80,\N
3781727,22.70,\N
3781724,23.70,\N
3781736,22.20,\N
3781732,23.20,\N
3781730,25.00,\N
3781731,23.50,\N
3781735,20.57,\N
3781734,25.40,\N
3781733,21.06,\N
3781737,27.10,\N
3781865,25.30,\N
3781866,23.48,\N
3781868,21.05,\N
3781869,24.40,\N
3781870,22.90,\N
3781867,24.46,\N
3781871,20.36,\N
3781872,24.40,\N
3781873,24.20,\N
3781874,25.70,\N
3781875,23.11,\N
3781881,24.00,\N
3781880,25.50,\N
3781879,26.70,\N
3781878,24.00,\N
3781877,26.70,\N
3781882,23.50,\N
3781884,26.00,\N
3781886,23.26,\N
3781885,19.24,\N
3781893,26.50,\N
3781890,25.20,\N
3781888,26.00,\N
3781889,22.92,\N
3781897,25.92,\N
3781898,21.60,\N
3781896,23.34,\N
3781894,20.69,\N
3781895,25.00,\N
3781900,24.40,\N
3781899,26.30,\N
3781891,24.20,\N
3781901,26.70,\N
3781905,21.30,\N
3781911,22.00,\N
3781909,23.60,\N
3781908,22.77,\N
3781907,18.77,\N
3781906,23.90,\N
3781910,18.80,\N
3781912,24.00,\N
3781913,24.82,\N
3781916,28.00,\N
3781917,25.70,\N
3781915,24.50,\N
3781947,28.30,\N
3781962,20.45,\N
3781964,23.40,\N
3781971,27.10,\N
3781973,25.30,\N
3781970,22.60,\N
3781972,22.23,\N
3781969,19.38,\N
3781967,24.50,\N
3781991,23.07,\N
3781968,24.60,\N
3781966,19.34,\N
3781979,19.24,\N
3781974,22.70,\N
3781978,22.90,\N
3781977,25.00,\N
3781975,26.88,\N
3781976,27.00,\N
3781989,24.60,\N
3781985,27.60,\N
3781983,28.36,\N
3781981,25.00,\N
3781984,23.80,\N
3781986,25.97,\N
3781990,27.90,\N
3781980,28.43,\N
3781982,25.30,\N
3781987,23.90,\N
3781988,22.34,\N
3781992,26.10,\N
3782011,22.63,\N
3782010,21.49,\N
3782013,19.39,\N
3782014,24.14,\N
3782016,24.34,\N
3782015,24.50,\N
3782017,28.20,\N
3782018,24.50,\N
3782064,22.30,\N
3782055,26.33,\N
3782058,26.00,\N
3782057,25.30,\N
3782060,27.80,\N
3782056,20.25,\N
3785704,19.48,\N
3785705,22.80,\N
3785706,21.11,\N
3785724,29.25,\N
3785707,23.58,\N
3785708,23.24,\N
3785709,22.14,\N
3785711,27.70,\N
3785714,18.63,\N
3785716,23.05,\N
3785717,19.85,\N
3782020,24.80,\N
3782019,29.10,\N
3782054,24.80,\N
3782059,20.84,\N
3782053,23.90,\N
3782062,25.20,\N
3782061,26.70,\N
3782063,22.90,\N
3782066,25.45,\N
3782065,20.71,\N
3782067,21.14,\N
3785679,20.70,\N
3785682,24.70,\N
3785680,27.20,\N
3785681,26.20,\N
3785691,23.27,\N
3785689,20.30,\N
3785686,21.67,\N
3785685,28.80,\N
3785687,24.95,\N
3785688,25.80,\N
3785692,27.10,\N
3785690,23.00,\N
3785694,22.23,\N
3785695,23.56,\N
3785693,24.50,\N
3785725,29.37,\N
3785755,20.44,\N
3785753,20.76,\N
3785751,22.17,\N
3785754,25.60,\N
3785752,24.80,\N
3785756,26.10,\N
3785758,21.60,\N
3785759,25.40,\N
3785760,24.70,\N
3785761,19.33,\N
3785762,21.80,\N
3785764,20.74,\N
3785766,20.11,\N
3785763,27.30,\N
3785767,23.30,\N
3785765,24.20,\N
3785768,24.50,\N
3785769,25.20,\N
3785770,27.90,\N
3785774,24.37,\N
3785779,27.70,\N
3785772,25.20,\N
3785775,18.37,\N
3785773,26.30,\N
3785777,25.00,\N
3785771,25.90,\N
3785776,24.00,\N
3785778,27.10,\N
3785785,25.01,\N
3785789,26.50,\N
3785782,21.00,\N
3785784,22.90,\N
3785783,27.20,\N
3785781,26.00,\N
3785787,26.20,\N
3785786,25.70,\N
3785788,26.00,\N
3785791,25.52,\N
3785790,25.10,\N
3785792,28.40,\N
3785920,25.30,\N
3785921,24.80,\N
3785922,27.60,\N
3785928,25.20,\N
3785930,25.40,\N
3785924,25.00,\N
3785923,27.50,\N
3785927,26.80,\N
3785926,27.20,\N
3785929,26.16,\N
3785925,26.30,\N
3785932,26.81,\N
3785931,27.10,\N
3786445,27.20,\N
3786448,23.50,\N
3786446,25.80,\N
3786444,22.06,\N
3786447,21.54,\N
3786449,27.60,\N
3786454,24.63,\N
3786450,25.90,\N
3786452,23.30,\N
3786451,21.16,\N
3787066,21.90,\N
3787061,28.20,\N
3787062,24.20,\N
3787064,20.89,\N
54183407,23.80,\N
3785933,28.50,\N
3786453,26.40,\N
3786457,25.60,\N
3786459,26.90,\N
3786460,27.90,\N
3786458,27.50,\N
3786455,26.20,\N
3786456,25.60,\N
3787063,20.34,\N
3787078,26.10,\N
3787067,22.15,\N
3787070,25.10,\N
3787068,26.20,\N
3787069,23.00,\N
3787071,26.40,\N
3787079,25.30,\N
3787080,26.30,\N
3787081,25.90,\N
3787082,22.40,\N
3787083,25.40,\N
3787084,22.30,\N
3787087,24.79,\N
3787085,26.20,\N
3787100,26.60,\N
3787086,27.80,\N
3787088,26.10,\N
3787095,25.30,\N
3787090,27.10,\N
3787091,24.70,\N
3787098,25.90,\N
3787093,24.75,\N
3787089,24.90,\N
3787092,26.80,\N
3787094,25.90,\N
3787096,25.40,\N
3787099,23.30,\N
3787097,27.50,\N
3787101,26.90,\N
3787600,30.90,\N
3787622,22.40,\N
3787618,22.10,\N
3787619,26.20,\N
3787620,28.20,\N
3787617,26.02,\N
3787623,20.13,\N
3787621,25.70,\N
3787625,27.70,\N
3787624,26.10,\N
3787626,24.60,\N
3787627,26.40,\N
3787632,22.59,\N
3787634,23.60,\N
3787629,25.54,\N
3787630,26.20,\N
3787628,27.20,\N
3787633,22.35,\N
3787631,23.80,\N
3787635,26.90,\N
3788007,23.85,\N
3788009,20.60,\N
3788008,21.51,\N
3788010,25.50,\N
3788011,23.20,\N
3788012,19.70,\N
3788013,22.50,\N
3788015,22.28,\N
3788016,25.20,\N
3788014,19.69,\N
3788017,18.83,\N
3788021,21.80,\N
3788020,21.60,\N
3788019,25.90,\N
3788018,22.90,\N
3788022,20.22,\N
3788026,26.30,\N
3788025,26.60,\N
3788023,24.75,\N
3788024,25.90,\N
3788027,26.40,\N
3788029,25.60,\N
3788028,27.60,\N
3788030,26.90,\N
3788035,27.60,\N
3788036,27.00,\N
3788032,28.70,\N
3788034,26.50,\N
3788033,27.10,\N
3788031,26.93,\N
3788039,21.40,\N
3788042,28.70,\N
3788048,19.78,\N
3788038,26.60,\N
3788052,25.70,\N
3788049,27.20,\N
3788051,24.60,\N
3788041,24.90,\N
3788047,22.57,\N
3788045,23.40,\N
3788043,25.30,\N
3788044,26.20,\N
3788046,26.60,\N
3788050,24.00,\N
3788072,32.00,\N
3788076,22.00,\N
3788077,20.05,\N
3788075,26.10,\N
3788073,27.20,\N
3788082,25.40,\N
3788078,24.50,\N
3788081,24.42,\N
3788079,24.60,\N
3788080,25.70,\N
3788090,26.80,\N
3788089,25.90,\N
3788088,25.25,\N
3788091,19.75,\N
3788084,27.00,\N
3788092,24.83,\N
3788087,24.00,\N
3788086,26.50,\N
3788083,27.60,\N
3788085,25.60,\N
3788118,21.60,\N
3788117,21.40,\N
3788120,22.80,\N
3788124,24.05,\N
3788121,24.10,\N
3788119,24.82,\N
3788126,24.40,\N
3788123,24.20,\N
3788125,25.20,\N
3788128,28.20,\N
3788127,28.10,\N
54502974,22.84,\N
3788135,21.30,\N
3788136,17.90,\N
3788133,28.50,\N
3788138,18.86,\N
3788139,24.84,\N
3788140,24.00,\N
3788141,23.90,\N
3788142,28.40,\N
3788143,24.00,\N
3788144,23.45,\N
3788145,24.50,\N
3788148,23.50,\N
3788146,27.70,\N
3788147,23.10,\N
3788149,26.30,\N
3788151,24.20,\N
3788152,26.00,\N
3788153,27.90,\N
3788150,26.40,\N
3788163,19.14,\N
3788162,25.50,\N
3788160,25.10,\N
3788165,23.80,\N
3788161,24.30,\N
3788164,24.90,\N
3788159,25.00,\N
3788166,23.50,\N
3788889,19.74,\N
3788890,20.16,\N
3788893,22.07,\N
3788891,26.10,\N
3788898,22.10,\N
3788900,19.73,\N
3788899,18.80,\N
3789077,20.07,\N
3789078,23.40,\N
3789083,20.68,\N
3789079,22.50,\N
3789117,22.60,\N
3789138,22.40,\N
3789433,28.51,\N
3789435,24.35,\N
3789437,22.89,\N
3789438,21.25,\N
3791305,27.12,\N
3791306,28.29,\N
3791307,29.53,\N
3799259,21.20,\N
3788892,24.20,\N
3788902,23.35,\N
3788903,20.87,\N
3788901,26.60,\N
3789071,24.55,\N
3789081,20.68,\N
3789082,22.46,\N
3789080,20.47,\N
3789100,24.20,\N
3789101,23.90,\N
3789098,21.60,\N
3789097,20.60,\N
3789099,26.50,\N
3789115,20.05,\N
3789118,20.16,\N
3789120,25.00,\N
3789123,26.00,\N
3789119,23.30,\N
3789116,23.00,\N
3789122,20.74,\N
3789124,21.49,\N
3789125,25.10,\N
3789144,17.69,\N
3789140,21.68,\N
3789141,26.10,\N
3789139,23.30,\N
3789142,27.40,\N
3789222,23.00,\N
3789223,27.10,\N
3789226,28.00,\N
3789372,23.30,\N
3789379,25.50,\N
3789370,25.30,\N
3789371,25.00,\N
3789376,25.24,\N
3789373,23.80,\N
3789375,26.93,\N
3789374,27.20,\N
3789377,24.68,\N
3789382,23.39,\N
3789380,24.70,\N
3789378,24.10,\N
3789381,27.90,\N
3789387,20.60,\N
3789388,24.60,\N
3789389,24.20,\N
3789390,20.89,\N
3789392,23.90,\N
3789399,20.63,\N
3789397,23.70,\N
3789398,26.40,\N
3789395,27.90,\N
3789394,25.60,\N
3789393,24.60,\N
3789396,28.20,\N
3789400,26.10,\N
3789401,27.90,\N
3789391,28.50,\N
3789413,26.20,\N
3789411,23.70,\N
3789412,25.80,\N
3789414,25.70,\N
3789421,26.80,\N
3789417,23.10,\N
3789416,18.63,\N
3789418,25.30,\N
3789419,23.50,\N
3789425,24.90,\N
3789423,25.10,\N
3789426,25.10,\N
3789424,25.70,\N
3789422,26.30,\N
3789427,25.69,\N
3789428,24.80,\N
3789430,26.40,\N
3789431,24.79,\N
3789442,21.21,\N
3789444,21.70,\N
3789454,20.90,\N
3789446,19.58,\N
3789620,26.10,\N
3789409,25.30,\N
3789429,25.80,\N
3789415,28.00,\N
3789432,26.70,\N
3789456,23.10,\N
3789443,22.10,\N
3789455,24.84,\N
3789448,25.20,\N
3789447,25.80,\N
3789451,23.90,\N
3789457,23.19,\N
3789458,21.10,\N
3789449,24.00,\N
3789450,22.90,\N
3789452,23.83,\N
3789453,24.60,\N
3789459,27.70,\N
3789469,23.20,\N
3789473,22.30,\N
3789476,19.60,\N
3789471,23.90,\N
3789472,27.01,\N
3789470,20.98,\N
3789474,23.33,\N
3789475,24.00,\N
3789480,24.25,\N
3789478,24.50,\N
3789479,24.98,\N
3789477,26.20,\N
3789482,20.20,\N
3789483,24.90,\N
3789481,26.90,\N
3789485,28.40,\N
3789484,29.70,\N
3789539,17.87,\N
3789548,23.70,\N
3789542,20.20,\N
3789541,24.30,\N
3789540,22.40,\N
3789546,23.90,\N
3789544,24.00,\N
3789545,23.20,\N
3789543,24.10,\N
3789547,26.68,\N
3789658,18.82,\N
3789600,24.40,\N
3789601,25.32,\N
3789604,22.10,\N
3789602,23.20,\N
3789603,27.10,\N
3789607,22.41,\N
3789610,25.40,\N
3789605,20.40,\N
3789609,22.12,\N
3789608,21.51,\N
3789618,26.90,\N
3789614,25.10,\N
3789613,24.40,\N
3789619,23.40,\N
3789617,24.52,\N
3789615,25.50,\N
3789611,18.07,\N
3789616,23.80,\N
3789606,26.70,\N
3789612,22.60,\N
3789624,24.20,\N
3789622,27.60,\N
3789623,22.91,\N
3789629,26.80,\N
3789626,24.00,\N
3789627,26.20,\N
3789628,19.69,\N
3789630,24.60,\N
3789625,23.30,\N
3789638,20.89,\N
3789631,21.20,\N
3789633,24.90,\N
3789632,24.40,\N
3789635,21.40,\N
3789634,26.40,\N
3789637,27.40,\N
3789636,25.00,\N
3789639,25.60,\N
3789664,24.50,\N
3789662,24.51,\N
3789665,21.80,\N
3789663,25.20,\N
3789670,24.90,\N
3789671,18.10,\N
3789672,22.24,\N
3789673,25.10,\N
3789676,18.85,\N
3789679,19.19,\N
3789674,24.40,\N
3789675,24.50,\N
3789678,26.50,\N
3789680,21.80,\N
3789681,23.27,\N
3789683,22.50,\N
3789686,26.70,\N
3789684,25.85,\N
3789682,23.50,\N
3789687,24.80,\N
3789685,26.50,\N
3789688,24.70,\N
3789693,24.80,\N
3789694,24.60,\N
3789689,19.01,\N
3789691,21.50,\N
3789690,22.93,\N
3789692,28.83,\N
3789721,22.82,\N
3789716,25.70,\N
3789720,24.45,\N
3789719,26.00,\N
3789718,24.20,\N
3789717,26.78,\N
3789724,21.55,\N
3789722,25.04,\N
3789723,27.50,\N
3789748,23.93,\N
3789742,24.10,\N
3789741,27.90,\N
3789743,27.50,\N
3789740,26.40,\N
3789739,26.20,\N
3789746,24.50,\N
3789747,25.70,\N
3789744,26.70,\N
3789745,26.30,\N
3789972,23.21,\N
3789973,24.50,\N
3790055,26.10,\N
3790056,21.54,\N
3790057,27.60,\N
3790058,19.80,\N
3790059,22.75,\N
3790060,20.92,\N
3790063,22.30,\N
3790064,25.30,\N
3790065,28.10,\N
3790123,21.50,\N
3790125,21.50,\N
3790124,20.95,\N
3791315,24.96,\N
3791316,26.18,\N
3791317,26.18,\N
3796296,31.81,\N
3796297,26.46,\N
3790126,20.04,\N
3790131,26.30,\N
3790132,23.70,\N
3791014,23.80,\N
3791015,22.70,\N
3791243,21.30,\N
3791242,22.03,\N
3791245,20.69,\N
3791241,25.42,\N
3791244,25.80,\N
3791251,23.20,\N
3791246,24.88,\N
3791248,24.19,\N
3791247,23.71,\N
3791249,25.20,\N
3791250,23.66,\N
3791252,24.60,\N
3791278,24.90,\N
3791283,19.89,\N
3791280,19.90,\N
3791287,23.50,\N
3791286,25.28,\N
3791288,23.68,\N
3791285,22.14,\N
3791279,23.60,\N
3791282,24.40,\N
3791290,25.80,\N
3791289,21.30,\N
3791294,24.20,\N
3791292,25.00,\N
3791291,22.49,\N
3791297,19.43,\N
3791295,24.50,\N
3791296,26.00,\N
3791298,25.30,\N
3791302,21.65,\N
3791299,24.90,\N
3791300,24.40,\N
3791303,27.20,\N
3791304,27.30,\N
3791336,23.10,\N
3791334,21.10,\N
3791337,22.40,\N
3791335,23.10,\N
3791338,25.60,\N
3791340,23.14,\N
3791342,24.50,\N
3791339,24.60,\N
3791346,26.20,\N
3791341,27.40,\N
3791344,27.10,\N
3791345,25.80,\N
3791347,27.90,\N
3792421,19.60,\N
3792428,18.65,\N
3792429,23.00,\N
3792424,25.60,\N
3792425,22.20,\N
3792430,23.22,\N
3792437,23.10,\N
3792436,23.09,\N
3792431,23.20,\N
3792433,26.30,\N
3792439,25.30,\N
3792434,25.50,\N
3792432,26.60,\N
3792438,26.20,\N
3792435,24.90,\N
3792463,26.40,\N
3792455,20.03,\N
3792460,22.64,\N
3792464,20.00,\N
3792456,23.60,\N
3792459,20.18,\N
3792458,21.10,\N
3792467,18.85,\N
3792462,25.50,\N
3792461,28.60,\N
3794973,26.70,\N
3794960,21.50,\N
3794972,25.60,\N
3794958,23.90,\N
3794961,25.30,\N
3794962,26.90,\N
3794964,23.49,\N
3794969,30.00,\N
3794970,24.90,\N
3794963,21.96,\N
3794966,22.50,\N
3794976,21.24,\N
3794974,27.40,\N
3794968,24.90,\N
3794977,24.81,\N
3794978,25.20,\N
3794967,26.10,\N
3794965,23.20,\N
3794971,25.70,\N
3794975,24.57,\N
3794979,19.98,\N
3794982,28.90,\N
3794981,24.80,\N
3794980,26.20,\N
3794984,21.50,\N
3794986,24.90,\N
3794985,23.50,\N
3794987,28.70,\N
3795030,19.11,\N
3795027,28.20,\N
3795032,21.29,\N
3795035,20.59,\N
3795029,25.30,\N
3795034,22.94,\N
3795031,23.70,\N
3795026,23.90,\N
3795028,25.00,\N
3795036,26.50,\N
3795033,24.80,\N
3795057,20.60,\N
3795054,19.20,\N
3795055,24.40,\N
3795056,23.00,\N
3795051,23.60,\N
3795052,25.80,\N
3795059,24.80,\N
3795060,24.00,\N
3795062,23.66,\N
3795058,24.90,\N
3795061,28.10,\N
3795078,19.30,\N
3795079,19.66,\N
3795080,21.80,\N
3795082,22.22,\N
3795087,24.04,\N
3795081,23.80,\N
3795084,24.70,\N
3795085,23.60,\N
3795088,26.10,\N
3795089,23.10,\N
3795086,24.70,\N
3795096,24.10,\N
3795099,23.05,\N
3795103,23.00,\N
3795097,25.00,\N
3795098,22.84,\N
3795101,24.40,\N
3795102,23.20,\N
3795104,27.60,\N
3795100,25.90,\N
3795107,22.69,\N
3795111,23.30,\N
3795109,19.91,\N
3795110,22.38,\N
3795108,25.07,\N
3795112,28.00,\N
3795120,20.81,\N
3795127,22.80,\N
3795126,20.15,\N
3795125,27.30,\N
3795128,28.50,\N
3795124,23.65,\N
3795122,24.70,\N
3795121,24.80,\N
3795129,26.30,\N
3795123,24.56,\N
3795140,18.80,\N
3795141,20.90,\N
3795139,22.10,\N
3795150,22.33,\N
3795153,21.10,\N
3795154,21.87,\N
3795151,25.50,\N
3795155,25.80,\N
3796283,22.90,\N
3796291,20.27,\N
3796290,24.60,\N
3796289,23.97,\N
3796292,19.67,\N
3796303,25.66,\N
3796304,27.30,\N
3796306,19.01,\N
3797759,28.36,\N
3797760,28.14,\N
3797761,27.74,\N
54509594,18.77,\N
3796294,20.20,\N
3796295,22.68,\N
3796293,24.54,\N
3797404,20.59,\N
3797408,22.80,\N
3797409,23.53,\N
3797405,19.61,\N
3797410,20.95,\N
3797407,23.20,\N
3797406,21.20,\N
3797421,23.01,\N
3797422,22.09,\N
3797448,19.95,\N
3797457,20.98,\N
3797449,23.60,\N
3797450,23.70,\N
3797452,24.10,\N
3797455,25.80,\N
3797456,24.80,\N
3797453,24.30,\N
3797454,24.70,\N
3797459,22.10,\N
3797458,25.50,\N
3797461,28.60,\N
3797460,27.70,\N
3797462,27.40,\N
3797475,21.27,\N
3797474,22.89,\N
3797471,26.00,\N
3797473,24.60,\N
3797472,27.70,\N
3797476,25.70,\N
3797478,24.37,\N
3797477,25.10,\N
3797479,24.60,\N
3797496,24.00,\N
3797488,23.30,\N
3797492,27.00,\N
3797493,25.00,\N
3797497,25.90,\N
3797489,25.60,\N
3797490,25.40,\N
3797491,22.72,\N
3797494,24.70,\N
3797495,24.31,\N
3797498,26.10,\N
3797668,25.00,\N
3797676,25.30,\N
3797673,25.10,\N
3797669,25.90,\N
3797671,25.20,\N
3797670,25.70,\N
3797675,24.86,\N
3797674,24.40,\N
3797677,25.40,\N
3797678,25.10,\N
3797688,22.36,\N
3797690,21.79,\N
3797689,23.70,\N
3797687,26.90,\N
3797696,18.98,\N
3797691,25.18,\N
3797697,24.91,\N
3797698,21.16,\N
3797694,24.90,\N
3797693,25.40,\N
3797692,20.90,\N
3797717,22.20,\N
3797702,24.50,\N
3797703,21.50,\N
3797705,19.30,\N
3797709,24.18,\N
3797762,24.87,\N
3797739,20.20,\N
3797746,20.86,\N
3797745,22.13,\N
3797846,21.90,\N
3797845,25.20,\N
3797892,19.77,\N
3797896,21.31,\N
3797893,17.74,\N
3799653,27.56,\N
3799707,27.50,\N
3799729,24.52,\N
54282978,22.85,\N
54361567,21.57,\N
3797695,25.00,\N
3797699,25.00,\N
3797700,29.40,\N
3797701,30.10,\N
3797706,25.70,\N
3797708,22.90,\N
3797704,24.50,\N
3797707,25.90,\N
3797714,23.68,\N
3797713,28.10,\N
3797715,29.10,\N
3797744,25.63,\N
3797754,25.05,\N
3797741,25.20,\N
3797743,23.30,\N
3797740,24.50,\N
3797747,23.86,\N
3797749,20.66,\N
3797750,24.60,\N
3797758,22.60,\N
3797755,29.50,\N
3797748,23.40,\N
3797751,23.06,\N
3797752,24.60,\N
3797753,24.30,\N
3797757,27.10,\N
3797756,23.73,\N
3797847,23.30,\N
3797851,20.39,\N
3797848,26.40,\N
3797852,25.70,\N
3797850,25.48,\N
3797854,22.46,\N
3797853,24.90,\N
3797857,26.00,\N
3797856,23.90,\N
3797858,25.40,\N
3797855,23.17,\N
3797864,20.50,\N
3797860,20.09,\N
3797861,21.99,\N
3797862,21.20,\N
3797865,28.79,\N
3797894,20.91,\N
3797897,21.78,\N
3797895,24.20,\N
3797899,24.40,\N
3797898,23.80,\N
3797903,26.00,\N
3797910,24.50,\N
3797902,24.20,\N
3797901,24.08,\N
3797912,25.20,\N
3797900,21.73,\N
3797908,23.10,\N
3797906,24.30,\N
3797905,27.42,\N
3797907,25.91,\N
3797909,26.30,\N
3797904,22.50,\N
3797911,27.34,\N
3798020,22.07,\N
3798018,28.90,\N
3798017,26.10,\N
3798019,26.00,\N
3798966,24.60,\N
3798967,20.80,\N
3798969,24.50,\N
3798968,25.60,\N
3798974,18.38,\N
3798975,28.50,\N
3798971,24.80,\N
3798972,24.37,\N
3798970,26.60,\N
3798973,26.80,\N
3798984,25.40,\N
3798982,24.62,\N
3798981,27.50,\N
3798979,26.30,\N
3798980,24.90,\N
3798985,21.32,\N
3798983,24.80,\N
3798987,23.45,\N
3798988,22.00,\N
3798993,18.79,\N
3798990,20.97,\N
3799239,22.80,\N
3799261,24.10,\N
3799260,23.40,\N
3799654,25.58,\N
3799655,26.50,\N
3799656,27.35,\N
3799660,28.20,\N
54452961,22.55,\N
3798989,23.50,\N
3798991,25.90,\N
3798992,26.60,\N
3798998,26.40,\N
3798997,23.64,\N
3798999,26.50,\N
3799001,25.50,\N
3799002,27.80,\N
3799000,26.40,\N
3799243,25.80,\N
3799244,24.30,\N
3799242,21.39,\N
3799241,25.20,\N
3799245,23.50,\N
3799246,25.10,\N
3799253,25.20,\N
3799249,25.50,\N
3799247,23.50,\N
3799248,23.83,\N
3799250,21.06,\N
3799264,21.00,\N
3799262,20.36,\N
3799263,28.20,\N
3799265,21.93,\N
3799266,21.05,\N
3799268,23.80,\N
3799267,21.60,\N
3799269,20.16,\N
3799270,25.70,\N
3799272,24.60,\N
3799271,26.10,\N
3799273,25.00,\N
3799277,24.50,\N
3799278,24.92,\N
3799279,20.49,\N
3799280,28.00,\N
3799275,19.20,\N
3799274,28.00,\N
3799276,25.00,\N
3799284,25.00,\N
3799285,25.80,\N
3799281,24.40,\N
3799286,27.80,\N
3799282,19.43,\N
3799283,24.30,\N
3799298,24.20,\N
3799299,25.50,\N
3799305,21.46,\N
3799302,27.90,\N
3799300,25.56,\N
3799312,25.66,\N
3799301,25.50,\N
3799303,22.45,\N
3799304,21.40,\N
3799307,23.69,\N
3799306,23.03,\N
3799310,26.70,\N
3799311,28.60,\N
3799313,27.50,\N
3799309,26.60,\N
3799314,25.80,\N
3799308,20.84,\N
3799422,22.40,\N
3799423,25.20,\N
3799425,25.63,\N
3799424,24.70,\N
3799426,22.88,\N
3799639,26.20,\N
3799636,21.29,\N
3799637,19.94,\N
3799641,24.20,\N
3799643,23.75,\N
3799645,24.40,\N
3799644,21.30,\N
3799640,24.00,\N
3799646,25.70,\N
3799647,24.60,\N
3799648,24.10,\N
3799650,25.30,\N
3799651,22.90,\N
3799649,19.43,\N
3799667,25.64,\N
3799676,24.16,\N
3799677,22.75,\N
3799682,27.60,\N
3799702,22.20,\N
3799730,26.02,\N
3799722,20.83,\N
3799681,24.09,\N
3799680,27.61,\N
3799683,24.70,\N
3799684,23.90,\N
3799696,21.41,\N
3799703,25.68,\N
3799705,24.00,\N
3799706,26.90,\N
3799710,29.10,\N
3799709,27.30,\N
3799711,25.13,\N
3799712,27.10,\N
3799713,28.30,\N
3799719,26.00,\N
3799716,23.10,\N
3799717,25.50,\N
3799726,25.30,\N
3799721,22.90,\N
3799723,23.60,\N
3799727,24.50,\N
3799724,24.40,\N
3799725,25.00,\N
3799728,24.20,\N
3799742,25.40,\N
3799746,24.90,\N
3799743,21.07,\N
3799744,27.70,\N
3799747,28.40,\N
3799745,26.80,\N
3799751,24.20,\N
3799749,23.45,\N
3799750,24.80,\N
3799748,23.28,\N
3799752,22.11,\N
3799755,26.82,\N
3799753,27.40,\N
3799754,21.86,\N
3799756,20.83,\N
3799757,20.66,\N
3799770,24.90,\N
3799771,27.53,\N
3799772,27.02,\N
3799773,29.22,\N
3799774,28.35,\N
3799775,24.42,\N
3799758,18.57,\N
3799760,19.94,0.289
3799759,25.70,\N
3799762,26.40,\N
3799764,20.63,\N
3799761,24.50,\N
3799765,27.30,\N
3799763,20.33,\N
3799786,21.60,\N
3799793,23.97,\N
3799864,28.54,\N
54177365,18.49,\N
3799787,21.88,\N
3799790,21.77,\N
3799788,24.97,\N
3799789,24.60,\N
3799791,24.40,\N
3799801,27.00,\N
3799798,23.80,\N
3799799,23.90,\N
3799797,20.83,\N
3799800,24.80,\N
3799802,26.20,\N
3799804,25.80,\N
3799803,24.90,\N
3799805,24.20,\N
3799828,18.74,\N
3799829,21.20,\N
3799826,25.72,\N
3799830,26.80,\N
3799835,26.40,\N
3799832,26.70,\N
3799831,25.40,\N
3799834,26.30,\N
3799833,26.00,\N
3799837,22.10,\N
3799838,25.80,\N
3799841,24.60,\N
3799839,20.66,\N
3799840,22.00,\N
3799856,24.30,\N
3799854,22.22,\N
3799852,19.18,\N
3799853,26.40,\N
3799855,25.02,\N
3799861,26.20,\N
3799874,25.60,\N
3799876,24.64,\N
3799883,26.60,\N
3799879,23.90,\N
3799882,27.20,\N
3799880,23.70,\N
3799875,19.19,\N
3799878,23.60,\N
3799877,23.84,\N
3799884,23.30,\N
3799881,25.52,\N
3799902,19.65,\N
3799904,26.30,\N
3801933,24.50,\N
3801935,25.35,\N
3801932,25.30,\N
3801939,23.48,\N
3801941,19.57,\N
3801942,22.20,\N
3801997,24.10,\N
3802012,27.10,\N
3802042,26.32,\N
3802554,27.07,\N
3802553,27.40,\N
54244525,19.55,\N
3801943,24.10,\N
3801945,24.27,\N
3801944,28.20,\N
3801946,19.98,\N
3801961,25.50,\N
3801963,22.20,\N
3801962,24.68,\N
3801964,25.00,\N
3801965,23.30,\N
3801988,23.15,\N
3801989,19.79,\N
3801990,21.90,\N
3801991,25.90,\N
3801992,23.60,\N
3801993,27.30,\N
3801994,26.60,\N
3802000,26.93,\N
3802001,26.60,\N
3801999,20.80,\N
3801998,23.00,\N
3802002,26.80,\N
3802003,23.90,\N
3802004,25.00,\N
3802010,22.00,\N
3802007,19.25,\N
3802008,21.12,\N
3802005,26.90,\N
3802006,25.60,\N
3802009,24.70,\N
3802011,26.80,\N
3802014,22.80,\N
3802018,21.62,\N
3802015,24.79,\N
3802017,23.80,\N
3802016,24.50,\N
3802013,23.90,\N
3802019,25.50,\N
3802020,26.60,\N
3802030,26.84,\N
3802034,24.80,\N
3802035,24.90,\N
3802031,20.38,\N
3802032,25.77,\N
3802033,24.30,\N
3802037,22.80,\N
3802036,25.20,\N
3802038,27.50,\N
3802039,22.30,\N
3802041,27.20,\N
3802040,26.63,\N
3802050,22.10,\N
3802051,20.43,\N
3802052,27.20,\N
3802053,25.72,\N
3802057,25.70,\N
3802054,21.22,\N
3802056,28.60,\N
3802055,27.30,\N
3802060,26.80,\N
3802059,26.20,\N
3802063,25.50,\N
3802061,26.30,\N
3802065,24.60,\N
3802058,26.20,\N
3802066,27.58,\N
3802064,25.40,\N
3802067,27.50,\N
3802068,24.70,\N
3802077,21.21,\N
3802079,24.50,\N
3802078,23.90,\N
3802080,21.70,\N
3802081,19.70,\N
3802083,27.50,\N
3802082,25.30,\N
3802084,27.08,\N
3802090,25.50,\N
3802093,23.80,\N
3802092,25.10,\N
3802094,25.60,\N
3802091,23.60,\N
3802099,20.60,\N
3802098,28.00,\N
3802100,24.50,\N
3802102,20.13,\N
3802103,28.30,\N
3802120,20.53,\N
3802121,25.70,\N
3802122,18.62,\N
3802386,22.70,\N
3802389,19.58,\N
3802555,30.09,\N
3802387,20.22,\N
3802388,24.96,\N
3802392,20.80,\N
3802391,24.60,\N
3802390,27.50,\N
3802394,24.73,\N
3802395,23.01,\N
3802396,23.42,\N
3802397,20.43,\N
3802398,21.60,\N
3802400,26.21,\N
3802402,27.30,\N
3802401,23.46,\N
3802407,19.92,\N
3802408,25.30,\N
3802405,23.90,\N
3802409,24.83,\N
3802406,27.80,\N
3802419,22.50,\N
3802422,21.60,\N
3802421,20.80,\N
3802420,20.22,\N
3802423,23.72,\N
3802424,24.69,\N
3802425,27.40,\N
3802431,24.30,\N
3802433,24.12,\N
3802428,22.59,\N
3802432,22.30,\N
3802429,24.30,\N
3802430,27.30,\N
3802434,26.40,\N
3802435,24.20,\N
3802438,22.09,\N
3802436,24.71,\N
3802440,23.44,\N
3802439,22.90,\N
3802437,26.80,\N
3802441,29.50,\N
3802442,27.04,\N
3802446,25.30,\N
3802447,19.26,\N
3802450,26.00,\N
3802451,20.80,\N
3802449,24.05,\N
3802452,24.30,\N
3802453,25.10,\N
3802457,27.20,\N
3802448,25.00,\N
3802455,25.40,\N
3802456,21.80,\N
3802458,22.51,\N
3802454,24.90,\N
3802567,24.30,\N
3802568,23.80,\N
3802569,25.90,\N
3802572,22.16,\N
3802570,23.80,\N
3802571,23.51,\N
3802574,24.63,\N
3802573,25.10,\N
3802577,27.60,\N
3802576,21.30,\N
3802575,23.20,\N
3802582,20.50,\N
3802578,26.00,\N
3802579,22.16,\N
3802580,25.20,\N
3802585,26.20,\N
3802583,23.50,\N
3802586,21.70,\N
3802584,26.10,\N
3802591,22.00,\N
3802592,21.30,\N
3802587,22.59,\N
3802589,24.50,\N
3802588,26.50,\N
3802590,24.29,\N
3802593,27.11,\N
3802594,24.90,\N
3802595,24.30,\N
3803758,22.07,\N
3803764,20.40,\N
3803763,18.50,\N
3803761,25.00,\N
3803760,26.10,\N
3803766,27.80,\N
3803765,23.50,\N
3803884,19.83,\N
3803883,25.20,\N
3803882,24.60,\N
3803887,21.40,\N
3803890,22.71,\N
3803888,22.80,\N
3803889,20.29,\N
3803891,25.53,\N
3803903,20.05,\N
3803906,20.74,\N
54497652,17.66,\N
3819668,28.50,\N
3819669,27.64,\N
3819670,27.51,\N
3819671,28.42,\N
3803895,22.15,\N
3803892,22.91,\N
3803894,27.30,\N
3803893,23.70,\N
3803905,19.51,\N
3803902,20.37,\N
3803904,21.45,\N
3803908,23.20,\N
3803912,27.30,\N
3803909,24.96,\N
3803907,26.77,\N
3803910,26.27,\N
3805267,21.53,\N
3805265,25.50,\N
3805268,25.10,\N
3805269,26.95,\N
3805266,25.70,\N
3805270,28.90,\N
3805271,22.10,\N
3805273,24.90,\N
3805274,26.70,\N
3805272,27.47,\N
3819554,23.90,\N
3819556,25.31,\N
3819555,24.40,\N
3819561,24.26,\N
3819558,22.41,\N
3819562,24.40,\N
3819559,22.10,\N
3819563,23.10,\N
3819564,25.80,\N
3819565,24.50,\N
3819560,25.38,\N
3819568,24.50,\N
3819572,27.90,\N
3819569,26.22,\N
3819574,24.26,\N
3819573,23.12,\N
3819571,24.66,\N
3819570,25.00,\N
3819665,21.30,\N
3819666,23.70,\N
3819672,20.58,\N
3819681,19.04,\N
3819678,20.70,\N
3825057,28.12,\N
3819677,26.00,\N
3819680,23.40,\N
3819682,26.70,\N
3819705,20.96,\N
3819704,21.44,\N
3819743,24.20,\N
3819741,23.20,\N
3819744,20.70,\N
3819742,23.80,\N
3819745,25.10,\N
3819746,22.70,\N
3819747,27.40,\N
3823893,25.90,\N
3823894,23.40,\N
3823895,24.20,\N
3823897,27.10,\N
3823896,25.82,\N
3824057,19.90,\N
3824063,22.70,\N
3824064,24.50,\N
3824060,25.30,\N
3824061,23.30,\N
3824062,24.40,\N
3824059,26.70,\N
3824067,22.87,\N
3824065,22.30,\N
3824058,25.00,\N
3824066,20.85,\N
3824068,21.40,\N
3824069,25.60,\N
3824070,20.30,\N
3824077,22.40,\N
3824079,26.50,\N
3824078,23.54,\N
3824080,23.70,\N
3824081,23.90,\N
3824082,24.50,\N
3824083,22.80,\N
3824084,19.02,\N
3824085,25.10,\N
3824091,24.10,\N
3824090,23.90,\N
3824086,23.29,\N
3824087,23.90,\N
3824089,25.80,\N
3824088,24.80,\N
3824092,25.55,\N
3824094,22.40,\N
3824095,24.40,\N
3824096,28.60,\N
3824097,23.70,\N
3824103,24.80,\N
3824106,21.70,\N
3824105,21.40,\N
3824107,17.67,\N
3824111,26.00,\N
3824113,24.90,\N
3824116,24.00,\N
3824115,21.69,\N
3824968,22.69,\N
3824969,20.57,\N
3824114,27.50,\N
3824970,24.50,\N
3824973,27.00,\N
3824971,25.20,\N
3824972,21.85,\N
3824974,26.59,\N
3824982,25.60,\N
3824976,26.10,\N
3824975,22.24,\N
3824977,27.50,\N
3824981,26.39,\N
3824978,27.90,\N
3824979,20.97,\N
3824980,26.40,\N
3824988,20.60,\N
3824989,25.60,\N
3824991,24.50,\N
3824992,25.10,\N
3824993,25.80,\N
3825005,19.21,\N
3824998,21.90,\N
3824999,20.81,\N
3825007,23.55,\N
3825000,22.45,\N
3825004,20.84,\N
3825002,23.30,\N
3825003,24.99,\N
3825001,25.00,\N
3825006,23.50,\N
3825008,20.95,\N
3825009,24.50,\N
3825010,29.70,\N
3825011,22.98,\N
3825017,22.89,\N
3825018,25.73,\N
3825016,25.80,\N
3825022,21.70,\N
3825025,25.50,\N
3825023,23.50,\N
3825021,24.40,\N
3825034,19.36,\N
3825031,22.57,\N
3825033,26.90,\N
3825032,26.80,\N
3825035,25.10,\N
3825036,24.57,\N
3825037,25.70,\N
3825038,27.20,\N
3825040,19.73,\N
3825041,23.23,\N
3825039,20.79,\N
3825044,19.38,\N
3825045,20.02,\N
3825125,21.20,\N
3825181,26.27,\N
54265622,22.23,\N
3825058,30.57,\N
3825059,26.00,\N
3825060,25.51,\N
3825062,22.60,\N
3825061,24.10,\N
3825063,21.16,\N
3825086,21.75,\N
3825087,24.60,\N
3825088,25.28,\N
3825089,20.27,\N
3825097,20.11,\N
3825100,24.90,\N
3825101,26.20,\N
3825098,27.50,\N
3825099,24.40,\N
3825102,23.26,\N
3825103,19.82,\N
3825104,26.50,\N
3825121,19.75,\N
3825122,19.92,\N
3825124,24.57,\N
3825123,23.29,\N
3825130,20.78,\N
3825132,25.00,\N
3825131,26.00,\N
3825133,22.52,\N
3825136,23.60,\N
3825134,26.80,\N
3825135,25.30,\N
3825139,23.59,\N
3825140,21.40,\N
3825141,25.60,\N
3825155,25.51,\N
3825161,25.70,\N
3825160,22.40,\N
3825158,26.31,\N
3825159,25.51,\N
3825162,24.80,\N
3825157,23.34,\N
3825156,26.50,\N
3825163,26.00,\N
3825165,25.00,\N
3825166,23.92,\N
3825167,24.20,\N
3825168,27.00,\N
3825179,23.45,\N
3825271,21.25,\N
3825227,20.20,\N
3825228,22.11,\N
3825226,20.90,\N
3825229,25.80,\N
3825231,22.90,\N
3825233,19.46,\N
3825232,24.50,\N
3825236,20.90,\N
3825239,20.80,\N
3825235,24.90,\N
3825234,24.20,\N
3825237,26.60,\N
3825238,25.03,\N
3825240,23.60,\N
3825241,21.80,\N
3825247,20.66,\N
3825245,25.20,\N
3825246,23.84,\N
3825243,20.10,\N
3825244,26.70,\N
3825279,20.46,\N
3825278,20.54,\N
3825280,20.46,\N
3825283,22.30,\N
3825285,22.18,\N
3825286,20.57,\N
3825287,25.50,\N
3825419,20.90,\N
3825417,20.80,\N
3825418,22.70,\N
3825420,23.57,\N
3825427,20.50,\N
3825450,19.35,\N
3825451,22.80,\N
3825477,21.80,\N
3825478,21.83,\N
3825520,20.04,\N
3825242,24.30,\N
3825281,23.92,\N
3825282,26.10,\N
3825284,24.30,\N
3825421,22.50,\N
3825425,20.87,\N
3825423,20.65,\N
3825422,26.70,\N
3825426,22.70,\N
3825438,28.80,\N
3825428,26.30,\N
3825429,24.30,\N
3825431,25.33,\N
3825432,22.95,\N
3825433,23.20,\N
3825434,24.90,\N
3825437,24.30,\N
3825436,26.80,\N
3825435,21.60,\N
3825446,21.30,\N
3825449,24.50,\N
3825447,24.10,\N
3825448,21.08,\N
3825453,21.19,\N
3825452,21.20,\N
3825455,26.18,\N
3825456,22.40,\N
3825476,22.70,\N
3825479,19.45,\N
3825480,24.80,\N
3825481,21.38,\N
3825483,23.80,\N
3825482,26.20,\N
3825486,22.70,\N
3825487,22.50,\N
3825489,21.35,\N
3825490,26.10,\N
3825491,23.16,\N
3825493,20.10,\N
3825504,21.90,\N
3825505,19.16,\N
3825507,22.88,\N
3825514,20.40,\N
3825523,20.25,\N
3825510,23.15,\N
3825513,19.37,\N
3825515,20.51,\N
3825516,20.48,\N
3825517,23.50,\N
3825524,24.70,\N
3825525,28.02,\N
3825551,25.44,\N
3825549,26.40,\N
3825550,20.33,\N
3825558,22.20,\N
3825557,21.89,\N
3825556,22.23,\N
3825561,25.70,\N
3825562,22.82,\N
3825565,27.80,\N
3825566,27.70,\N
3825564,26.50,\N
3825568,17.45,\N
3825571,23.40,\N
3825569,24.60,\N
3825570,22.30,\N
3825572,23.10,\N
3825583,22.50,\N
3825579,22.18,\N
3825582,25.10,\N
3825584,24.60,\N
3825581,22.10,\N
3825586,21.95,\N
3825585,21.40,\N
3825587,25.00,\N
3825588,25.30,\N
3825595,20.70,\N
3825598,22.80,\N
3825597,21.66,\N
3825596,23.10,\N
3825594,24.30,\N
3825607,23.80,\N
3825605,24.40,\N
3825606,24.70,\N
3825628,23.60,\N
3825629,23.80,\N
3825630,23.60,\N
3825622,22.10,\N
3825624,19.70,\N
3825623,26.00,\N
3825625,24.10,\N
3825631,21.80,\N
3825627,23.11,\N
3825632,20.77,\N
3825626,24.30,\N
3825647,19.52,\N
3825654,25.10,\N
3825651,20.13,\N
3825655,22.50,\N
3825650,22.10,\N
3825649,24.70,\N
3825646,21.95,\N
3825648,25.20,\N
3825652,24.20,\N
3825656,20.85,\N
3825657,18.30,\N
3825658,20.82,\N
3825662,20.16,\N
3825756,20.24,\N
3825766,21.79,\N
3825814,21.92,\N
3825815,23.54,\N
3825663,24.00,\N
3825664,24.30,\N
3825665,23.60,\N
3825755,22.50,\N
3825758,24.10,\N
3825757,23.80,\N
3825768,26.80,\N
3825772,22.70,\N
3825830,25.20,\N
3825828,24.90,\N
3825829,24.23,\N
3825831,20.80,\N
3827129,27.36,\N
3826546,23.90,\N
3826619,28.50,\N
3826621,20.98,\N
3826620,23.70,\N
3826622,23.40,\N
3826623,24.33,\N
3826624,24.39,\N
3826625,22.21,\N
3826626,26.80,\N
3826637,19.45,\N
3826632,23.90,\N
3826633,25.00,\N
3826636,25.10,\N
3826635,23.10,\N
3826634,22.70,\N
3826651,20.30,\N
3826653,23.70,\N
3826652,27.40,\N
3826650,24.10,\N
3826670,25.20,\N
3826665,22.20,\N
3826668,23.99,\N
3826666,22.52,\N
3826669,25.30,\N
3826671,19.30,\N
3826667,22.94,\N
3826672,24.70,\N
3826675,23.80,\N
3826674,25.80,\N
3826673,24.80,\N
3826676,24.51,\N
3826678,21.20,\N
3826679,23.18,\N
3826677,22.20,\N
3826680,27.00,\N
3826681,25.70,\N
3826683,23.20,\N
3826684,24.90,\N
3826685,24.30,\N
3826686,23.90,\N
3826688,21.42,\N
3826687,22.32,\N
3826689,23.10,\N
3826707,19.55,\N
3826712,22.80,\N
3826708,20.15,\N
3826709,22.59,\N
3826711,25.20,\N
3826710,27.40,\N
3826758,27.10,\N
3826760,25.90,\N
3826757,24.10,\N
3826759,26.30,\N
3826761,25.10,\N
3826762,26.50,\N
3826787,21.82,\N
3826767,20.74,\N
3826770,21.90,\N
3826768,19.44,\N
3826769,24.10,\N
3826772,24.80,\N
3826775,25.88,\N
3826774,23.40,\N
3826771,25.60,\N
3826773,23.80,\N
3826797,19.13,\N
3826796,22.43,\N
3826794,24.60,\N
3826800,24.90,\N
3826801,23.50,\N
3826799,23.30,\N
3826795,26.70,\N
3826798,25.70,\N
3826803,19.43,\N
3826802,24.60,\N
3826804,23.81,\N
3826805,21.13,\N
3826806,20.36,\N
3826811,21.29,\N
3826808,22.06,\N
3826813,20.00,\N
3826812,21.87,\N
3826810,24.60,\N
3826809,23.20,\N
3826807,27.50,\N
3826814,23.00,\N
3826835,22.01,\N
3826836,24.10,\N
3826838,22.90,\N
3826837,19.15,\N
3826839,25.40,\N
3826841,21.60,\N
3826840,24.50,\N
3826850,28.10,\N
3826851,20.96,\N
3826855,22.60,\N
3826853,21.00,\N
3826854,27.80,\N
3826852,25.20,\N
3826859,21.82,\N
3826887,25.80,\N
3826886,24.87,\N
3826889,22.90,\N
3827132,29.60,\N
3827134,22.61,\N
3827130,24.98,\N
3840126,25.80,\N
3842750,21.60,\N
3843279,22.75,\N
3826856,23.44,\N
3826858,27.96,\N
3826898,24.70,\N
3826884,22.40,\N
3826890,25.58,\N
3826885,24.70,\N
3826896,26.30,\N
3826894,20.92,\N
3826893,23.40,\N
3826892,23.20,\N
3826891,26.80,\N
3826899,22.66,\N
3826897,24.30,\N
3826900,23.30,\N
3827091,23.40,\N
3827097,25.40,\N
3827096,24.90,\N
3827100,21.45,\N
3827101,23.20,\N
3827102,21.20,\N
3827103,23.20,\N
3827140,27.23,\N
3827141,27.60,\N
3827143,22.10,\N
3827142,22.80,\N
3827148,20.03,\N
3827150,22.50,\N
54514033,24.89,\N
3827149,26.70,\N
3827151,21.86,\N
3827152,24.93,\N
3827153,24.60,\N
3827154,24.60,\N
3827156,19.86,\N
3827160,21.00,\N
3827159,24.10,\N
3827158,26.00,\N
3827161,26.20,\N
3827157,24.36,\N
3827162,27.60,\N
3827163,30.00,\N
3827168,30.60,\N
3827171,19.29,\N
3827170,23.30,\N
3827169,24.60,\N
3827173,26.40,\N
3827174,27.90,\N
3827172,26.45,\N
3827175,24.10,\N
3827176,24.60,\N
3827303,25.40,\N
3827306,27.30,\N
3827307,24.30,\N
3827305,24.20,\N
3827304,29.99,\N
3827309,23.80,\N
3827314,23.90,\N
3827312,22.09,\N
3827315,24.20,\N
3827310,23.41,\N
3827313,25.05,\N
3827311,24.60,\N
3827316,23.70,\N
3827317,25.50,\N
3827318,27.30,\N
3827319,23.11,\N
3827321,27.08,\N
3827320,28.50,\N
3827322,28.20,\N
3827335,21.60,\N
3827334,21.63,\N
3827333,24.51,\N
3827331,21.20,\N
3827330,24.60,\N
3827336,22.90,\N
3827337,22.20,\N
3827340,24.60,\N
3827339,24.60,\N
3827341,24.70,\N
3827356,27.30,\N
3827352,27.00,\N
3827353,26.27,\N
3827355,26.10,\N
3827354,27.80,\N
3827357,22.30,\N
3827424,20.36,\N
3827425,23.50,\N
3827422,22.06,\N
3827427,23.01,\N
3827426,23.03,\N
3827423,22.49,\N
3827428,23.64,\N
3827429,25.40,\N
3827432,23.93,\N
3827430,24.33,\N
3827431,26.90,\N
3827433,25.90,\N
3827435,28.50,\N
3827434,27.10,\N
3827572,22.74,\N
3827567,25.60,\N
3827565,22.70,\N
3827566,24.40,\N
3827570,26.90,\N
3827571,27.10,\N
3828425,24.90,\N
3828424,24.30,\N
3828422,25.90,\N
3828423,27.45,\N
3828428,27.40,\N
3828427,26.76,\N
3828426,26.60,\N
3829424,25.61,\N
3829427,26.40,\N
3829423,24.80,\N
3829425,26.37,\N
3829426,24.50,\N
3829430,26.10,\N
3829428,20.40,\N
3829432,18.85,\N
3829429,24.70,\N
3829431,23.86,\N
3829433,26.60,\N
3829434,29.71,\N
3829445,25.59,\N
3829436,25.86,\N
3829435,25.30,\N
3829437,27.80,\N
3829438,25.30,\N
3829440,25.00,\N
3829439,24.30,\N
3829441,27.50,\N
3829444,26.60,\N
3829443,28.10,\N
3829442,23.50,\N
3829452,21.01,\N
3829451,25.90,\N
3829454,22.86,\N
3829456,22.75,\N
3829453,18.70,\N
3829455,21.70,\N
3829457,24.60,\N
3829458,25.20,\N
3829459,24.10,\N
3829461,23.70,\N
3829460,25.50,\N
3829462,24.30,\N
3829463,21.43,\N
3829464,21.50,\N
3829468,24.42,\N
3829466,28.30,\N
3829465,27.70,\N
3829467,23.26,\N
3829479,20.83,\N
3829480,25.50,\N
3829483,22.97,\N
3829487,21.90,\N
3829491,26.40,\N
3829486,23.90,\N
3829484,24.40,\N
3829481,23.73,\N
3829485,24.20,\N
3829493,21.70,\N
3829492,20.56,\N
3829490,25.00,\N
3829494,27.10,\N
3829488,25.80,\N
3829482,26.80,\N
3830494,25.60,\N
3830507,19.20,\N
3830860,28.10,\N
3830874,19.98,\N
3831169,24.65,\N
3830495,23.70,\N
3830497,28.00,\N
3830506,25.80,\N
3830505,23.90,\N
3830508,29.40,\N
3830509,21.70,\N
3830848,22.12,\N
3830850,21.05,\N
3830849,23.20,\N
3830847,27.60,\N
3830851,24.60,\N
3830858,25.00,\N
3830856,22.45,\N
3830859,26.10,\N
3830857,22.90,\N
3830865,23.20,\N
3830866,26.60,\N
3830869,22.50,\N
3830870,23.80,\N
3830871,25.10,\N
3830872,22.70,\N
3830873,24.15,\N
3830882,28.60,\N
3830881,24.70,\N
3830883,24.70,\N
3830885,23.00,\N
3830886,24.40,\N
3830887,25.90,\N
3830890,24.80,\N
3830889,24.90,\N
3830888,23.80,\N
3831075,20.82,\N
3831076,20.80,\N
3831065,22.40,\N
3831069,18.12,\N
3831064,25.60,\N
3831068,26.10,\N
3831067,27.90,\N
3831074,23.45,\N
3831063,25.31,\N
3831071,27.00,\N
3831073,25.30,\N
3831070,27.30,\N
3831077,18.87,\N
3831072,24.50,\N
3831066,25.30,\N
3831170,27.40,\N
3831171,24.80,\N
3831164,22.48,\N
3831165,22.32,\N
3831166,25.50,\N
3831183,22.75,\N
3831206,20.60,\N
54095185,23.70,\N
3831062,24.80,\N
3831168,24.89,\N
3831167,26.60,\N
3831185,22.08,\N
3831181,21.60,\N
3831182,25.50,\N
3831184,22.58,\N
3831186,22.57,\N
3831187,27.56,\N
3831198,28.60,\N
3831197,21.20,\N
3831195,25.30,\N
3831194,22.44,\N
3831196,26.80,\N
3831200,22.90,\N
3831203,21.70,\N
3831201,24.66,\N
3831202,23.80,\N
3831204,23.20,\N
3831205,25.70,\N
3831208,18.59,\N
3831207,23.50,\N
3831209,24.70,\N
3831214,27.80,\N
3831210,24.34,\N
3831211,26.20,\N
3831212,25.00,\N
3831213,27.10,\N
3831215,26.90,\N
3831217,26.00,\N
3831218,26.50,\N
3831216,28.40,\N
3831219,26.60,\N
3831220,29.40,\N
3831458,21.48,\N
3831467,20.10,\N
3831459,25.10,\N
3831463,22.30,\N
3831464,22.73,\N
3831465,22.18,\N
3831461,22.96,\N
3831460,25.20,\N
3831462,22.80,\N
3831466,21.00,\N
3831469,20.86,\N
3831470,25.00,\N
3831473,25.50,\N
3831472,24.70,\N
3831478,21.38,\N
3831475,26.70,\N
3831474,19.99,\N
3831476,27.20,\N
3831477,23.84,\N
3831479,20.48,\N
3831609,26.90,\N
3831610,29.00,\N
3831612,24.80,\N
3831611,23.00,\N
3831613,24.38,\N
3831614,29.70,\N
3831615,28.20,\N
3831616,26.90,\N
3831619,26.60,\N
3831617,27.10,\N
3831618,27.80,\N
3831715,18.93,\N
3831716,26.30,\N
3831717,22.11,\N
3831718,22.90,\N
3831719,25.80,\N
3831726,25.05,\N
3831725,27.60,\N
3831727,24.80,\N
3831728,25.50,\N
3831731,22.60,\N
3831732,19.92,\N
3831730,18.79,\N
3831729,28.10,\N
3831734,23.71,\N
3831733,23.50,\N
3831738,26.50,\N
3831739,26.20,\N
3831736,24.40,\N
3831737,25.10,\N
3831735,25.40,\N
3831740,20.65,\N
3831842,20.73,\N
3831839,23.00,\N
3831841,25.90,\N
3831843,21.70,\N
3831840,24.10,\N
3831845,25.40,\N
3831851,29.50,\N
3831852,20.03,\N
3831853,20.81,\N
3831854,22.24,\N
3831856,24.40,\N
3831858,19.91,\N
3831859,24.90,\N
3831865,23.48,\N
3831864,26.30,\N
3831863,27.25,\N
3831862,24.50,\N
3831866,23.54,\N
3831867,25.04,\N
3831870,22.05,\N
3831872,22.14,\N
3831883,20.50,\N
3831885,23.80,\N
3835505,28.18,\N
3835506,30.40,\N
3831871,30.20,\N
3831873,24.20,\N
3831876,25.90,\N
3831875,24.50,\N
3831877,21.40,\N
3831874,25.90,\N
3831878,23.85,\N
3831882,23.20,\N
3831879,25.70,\N
3831881,29.20,\N
3831886,19.80,\N
3831888,19.91,\N
3831887,21.72,\N
3831889,22.70,\N
3831892,26.70,\N
3831893,25.70,\N
3831891,26.30,\N
3831894,25.10,\N
3831890,23.40,\N
3831895,26.40,\N
3831896,25.00,\N
3831897,23.64,\N
3831915,19.40,\N
3831914,27.50,\N
3831916,21.95,\N
3831917,23.50,\N
3831918,27.10,\N
3835501,24.40,\N
3835503,24.70,\N
3835500,24.08,\N
3835502,24.15,\N
3835509,22.02,\N
3835812,24.50,\N
3835813,23.10,\N
3835818,21.90,\N
3835819,20.22,\N
3835820,24.88,\N
3835821,23.60,\N
3835823,25.60,\N
3835822,25.60,\N
3835824,26.20,\N
3835870,22.90,\N
3835872,24.50,\N
54203000,22.47,\N
3835871,26.70,\N
3835876,26.00,\N
3835875,26.34,\N
3835874,27.10,\N
3835873,28.20,\N
3835877,26.20,\N
3835878,27.40,\N
3835896,24.94,\N
3835897,27.50,\N
3835954,24.76,\N
3835952,24.60,\N
3835959,26.90,\N
3835953,25.62,\N
3835955,22.70,\N
3835956,23.81,\N
3835961,21.15,\N
3835960,20.50,\N
3835958,25.00,\N
3835957,26.90,\N
3835962,23.69,\N
3835969,22.47,\N
3835968,18.56,\N
3835970,20.06,\N
3835972,24.16,\N
3835974,27.20,\N
3835973,22.10,\N
3835971,25.50,\N
3835976,26.20,\N
3835975,26.07,\N
3835977,30.90,\N
3836004,24.54,\N
3836003,26.50,\N
3836005,26.60,\N
3836048,19.50,\N
3836049,27.50,\N
3836047,24.70,\N
3836050,20.40,\N
3836051,27.08,\N
3836052,20.60,\N
3836070,19.50,\N
3836083,21.54,\N
3836084,20.89,\N
3836081,24.40,\N
3836082,20.10,\N
3836089,25.30,\N
3836087,24.70,\N
3836090,21.31,\N
3836091,21.34,\N
3836092,27.10,\N
3836086,19.91,\N
3836085,20.55,\N
3836088,26.90,\N
3836098,22.38,\N
3836097,19.68,\N
3836096,25.20,\N
3836102,26.20,\N
3836103,22.20,\N
3836094,25.40,\N
3836095,28.30,\N
3836104,20.50,\N
3836099,24.75,\N
3836101,25.20,\N
3836100,25.30,\N
3836105,22.59,\N
3836106,26.04,\N
3836107,26.50,\N
3836108,23.90,\N
3836114,26.60,\N
3836113,24.52,\N
3836111,25.90,\N
3836112,27.10,\N
3836109,26.90,\N
3836110,26.40,\N
3836118,26.60,\N
3836119,19.79,\N
3836115,28.00,\N
3836116,23.60,\N
3836117,27.60,\N
3836120,25.70,\N
3836125,27.40,\N
3836127,23.40,\N
3836126,23.47,\N
3836122,25.20,\N
3836132,27.20,\N
3836128,25.46,\N
3836129,26.70,\N
3836124,25.30,\N
3836121,27.00,\N
3836123,25.80,\N
3836130,23.80,\N
3836131,28.50,\N
3836133,26.32,\N
3836135,24.20,\N
3836136,25.78,\N
3836137,21.51,\N
3836138,24.80,\N
3836167,19.81,\N
3836156,26.50,\N
3836159,24.70,\N
3836157,21.00,\N
3836166,23.01,\N
3836169,23.02,\N
3836158,28.20,\N
3836163,24.32,\N
3836162,27.10,\N
3836164,26.18,\N
3836165,27.40,\N
3836168,26.98,\N
3836173,25.30,\N
3836171,24.90,\N
3836180,26.80,\N
3836172,22.06,\N
3836174,23.40,\N
3836176,25.32,\N
3836177,25.85,\N
3836175,23.30,\N
3836179,25.10,\N
3836178,27.40,\N
3836181,25.80,\N
3836201,20.86,\N
3836191,21.16,\N
3836200,25.31,\N
3836192,23.70,\N
3836198,26.80,\N
3836194,24.40,\N
3836196,26.80,\N
3836193,26.02,\N
3836195,27.90,\N
3836197,27.20,\N
3836199,26.20,\N
3836203,21.70,\N
3836204,25.30,\N
3836205,26.90,\N
3836206,21.40,\N
3836207,22.80,\N
3836209,20.70,\N
3836213,24.92,\N
3836208,25.60,\N
3836210,27.20,\N
3836211,24.10,\N
3836214,27.90,\N
3836226,22.49,\N
3836227,22.70,\N
3836228,22.50,\N
3836229,23.70,\N
3836230,19.36,\N
3836242,26.90,\N
3836243,19.65,\N
3836244,20.97,\N
3836246,22.70,\N
3836245,24.55,\N
3836248,18.28,\N
3836250,19.70,\N
3836251,25.80,\N
3836260,20.75,\N
3836259,25.12,\N
3836262,28.60,\N
3836273,19.52,\N
54512597,30.59,\N
3836249,26.90,\N
3836258,23.11,\N
3836261,23.10,\N
3836267,24.30,\N
3836270,28.40,\N
3836271,26.50,\N
3836272,29.30,\N
3836268,29.80,\N
3836269,27.90,\N
3836275,27.10,\N
3836276,25.90,\N
3836278,24.10,\N
3836277,26.70,\N
3836280,24.58,\N
3836279,20.65,\N
3836281,26.30,\N
3836282,26.20,\N
3836283,26.50,\N
3836286,24.70,\N
3836287,25.60,\N
3836285,23.20,\N
3836291,30.10,\N
3836293,21.50,\N
3836295,24.54,\N
3836294,26.10,\N
3836296,28.60,\N
3836297,19.77,\N
3836302,21.23,\N
3836301,25.50,\N
3836308,20.30,\N
3836305,23.30,\N
3836311,25.50,\N
3836306,24.10,\N
3836309,30.30,\N
3836310,25.00,\N
3836314,24.14,\N
3836312,28.30,\N
3836313,29.40,\N
3836410,22.59,\N
3836409,20.74,\N
3836411,25.13,\N
3836414,26.20,\N
3836413,25.85,\N
3836412,28.40,\N
3836416,30.10,\N
3836415,22.95,\N
3836659,22.50,\N
3836660,21.86,\N
3836658,24.43,\N
3836662,21.20,\N
3836661,22.30,\N
3836663,21.80,\N
3836704,20.18,\N
3836703,24.80,\N
3836702,25.42,\N
3836701,23.80,\N
3836705,27.80,\N
3836706,28.00,\N
3836707,23.63,\N
3836731,20.95,\N
54054744,20.71,\N
3836664,23.70,\N
3836713,28.46,\N
3836709,25.70,\N
3836712,23.11,\N
3836711,25.50,\N
3836710,25.70,\N
3836708,26.80,\N
3836719,27.90,\N
3836720,23.90,\N
3836721,24.40,\N
3836733,22.20,\N
3836734,25.90,\N
3836732,24.10,\N
3836736,19.88,\N
3836735,24.80,\N
3836737,22.90,\N
3836744,21.64,\N
3836747,25.80,\N
3836745,26.40,\N
3836746,24.30,\N
3836748,27.00,\N
3836752,26.80,\N
3836754,21.39,\N
3836757,21.51,\N
3836753,21.80,\N
3836759,24.90,\N
3836756,26.30,\N
3836758,25.17,\N
3836845,24.40,\N
3836846,23.31,\N
3836848,24.50,\N
3836847,24.30,\N
3836849,25.40,\N
3836851,24.90,\N
3836850,22.90,\N
3836852,28.10,\N
3836857,28.20,\N
3836853,27.50,\N
3836856,26.10,\N
3836854,22.10,\N
3836860,21.00,\N
3836855,25.80,\N
3836859,25.45,\N
3836858,26.08,\N
3836861,22.33,\N
3836862,21.60,\N
3836863,22.00,\N
3836864,26.30,\N
3836878,22.85,\N
3836885,22.70,\N
3836880,21.53,\N
3836879,25.20,\N
3836881,25.48,\N
3836882,24.70,\N
3836884,26.40,\N
3836883,29.70,\N
3836887,19.85,\N
3836886,29.00,\N
3836889,24.00,\N
3836892,26.30,\N
3836891,25.30,\N
3836890,26.40,\N
3836893,25.10,\N
3836894,27.60,\N
3836901,26.70,\N
3836902,25.40,\N
3836903,24.30,\N
3836904,20.15,\N
3836905,26.80,\N
3836906,25.20,\N
3836907,26.50,\N
3836910,24.10,\N
3836909,25.70,\N
3836908,25.80,\N
3836915,23.38,\N
3836911,23.80,\N
3836914,24.20,\N
3836912,24.33,\N
3836913,24.70,\N
3836923,18.83,\N
3836919,23.70,\N
3836920,20.29,\N
3836921,25.10,\N
3836922,20.46,\N
3836925,21.66,\N
3836927,24.40,\N
3836924,25.60,\N
3836937,19.18,\N
3836935,20.47,\N
3836938,25.59,\N
3836958,21.85,\N
3836961,21.82,\N
3837516,21.40,\N
3837517,20.86,\N
3837519,21.18,\N
3836939,24.30,\N
3836940,23.70,\N
3836941,24.30,\N
3836942,21.85,\N
3836947,22.60,\N
3836948,27.10,\N
3836944,23.23,\N
3836945,26.80,\N
3836959,20.79,\N
3836963,22.39,\N
3836964,19.69,\N
3836971,22.30,\N
3836970,21.60,\N
3836972,23.48,\N
3836975,20.13,\N
3837457,18.59,\N
3837511,22.70,\N
3837514,19.96,\N
3837515,20.85,\N
3837520,25.99,\N
3837521,23.10,\N
3837522,21.72,\N
3837525,22.79,\N
3837526,29.40,\N
3837524,24.70,\N
3837536,29.80,\N
3837533,25.40,\N
3837539,26.10,\N
3837535,26.60,\N
3837531,24.50,\N
3837534,25.20,\N
3837532,26.50,\N
3837538,24.20,\N
3837537,23.90,\N
3837545,25.90,\N
3837543,22.83,\N
3837540,22.20,\N
3837581,22.40,\N
3837939,27.06,\N
54509595,29.76,\N
3837546,26.42,\N
3837544,20.79,\N
3837541,27.40,\N
3837547,22.20,\N
3837556,23.00,\N
3837557,24.20,\N
3837559,25.30,\N
3837560,25.90,\N
3837562,23.20,\N
3837561,24.20,\N
3837564,26.60,\N
3837558,25.19,\N
3837563,26.70,\N
3837565,24.30,\N
3837566,26.99,\N
3837567,23.05,\N
3837568,23.20,\N
3837582,20.80,\N
3837583,24.20,\N
3837585,21.40,\N
3837584,21.80,\N
3837587,22.90,\N
3837586,21.36,\N
3837588,22.55,\N
3837589,24.20,\N
3837591,23.10,\N
3837593,25.60,\N
3837594,24.28,\N
3837590,24.30,\N
3837592,25.30,\N
3837595,24.00,\N
3837596,21.33,\N
3837609,25.37,\N
3837597,24.68,\N
3837598,24.70,\N
3837599,21.60,\N
3837600,25.30,\N
3837601,24.62,\N
3837602,27.30,\N
3837603,26.00,\N
3837605,27.40,\N
3837604,23.60,\N
3837606,23.37,\N
3837610,28.22,\N
3837608,24.30,\N
3837607,27.00,\N
3837634,19.40,\N
3837633,20.58,\N
3837635,21.05,\N
3837636,20.55,\N
3837637,17.48,\N
3837638,22.43,\N
3837669,28.10,\N
3837639,22.16,\N
3837641,23.20,\N
3837640,23.43,\N
3837642,24.50,\N
3837643,27.50,\N
3837644,23.82,\N
3837645,24.20,\N
3837646,21.28,\N
3837648,22.01,\N
3837651,22.10,\N
3837650,17.84,\N
3837652,21.27,\N
3837649,24.30,\N
3837653,22.50,\N
3837671,25.50,\N
3837672,23.70,\N
3837674,22.81,\N
3837680,20.76,\N
3837681,18.97,\N
3837683,25.40,\N
3837684,21.80,\N
3837685,32.30,\N
3837686,26.00,\N
3837711,26.00,\N
3837710,21.02,\N
3837713,22.90,\N
3837712,21.20,\N
3837719,20.98,\N
3837714,21.84,\N
3837716,21.50,\N
3837715,26.30,\N
3837717,27.77,\N
3837718,26.61,\N
3837720,22.60,\N
3837721,25.50,\N
3837748,23.40,\N
3837740,20.60,\N
3837751,21.30,\N
3837752,21.50,\N
3837739,24.99,\N
3837741,21.75,\N
3837744,22.80,\N
3837742,24.60,\N
3837743,24.30,\N
3837745,26.70,\N
3837749,25.90,\N
3837747,23.90,\N
3837750,25.30,\N
3837746,23.70,\N
3837753,22.21,\N
3837777,23.24,\N
3837778,24.29,\N
3837779,24.48,\N
3837783,27.00,\N
3837786,25.36,\N
3837782,25.67,\N
3837780,24.44,\N
3837781,23.90,\N
3837784,25.61,\N
3837785,27.30,\N
3837790,24.90,\N
3837788,21.30,\N
3837791,25.80,\N
3837792,20.11,\N
3837789,24.50,\N
3837793,25.73,\N
3837787,23.85,\N
3837799,27.20,\N
3837800,19.73,\N
3837803,22.30,\N
3837801,21.70,\N
3837804,21.06,\N
3837802,24.20,\N
3837805,26.70,\N
3837806,20.79,\N
3837817,21.23,\N
3837818,25.00,\N
3837819,25.60,\N
3837821,24.10,\N
3837822,22.60,\N
3837823,21.60,\N
3837820,20.78,\N
3837824,25.20,\N
3837826,25.20,\N
3837827,20.52,\N
3837846,20.14,\N
3837847,21.60,\N
3837848,21.40,\N
3837849,22.20,\N
3837851,24.00,\N
3837850,26.10,\N
3837853,19.08,\N
3837854,24.70,\N
3837852,19.59,\N
3837855,22.20,\N
3837857,24.30,\N
3837859,25.30,\N
3837856,25.40,\N
3837858,25.18,\N
3837860,21.90,\N
3837861,23.70,\N
3837864,26.80,\N
3837862,25.36,\N
3837863,24.84,\N
3837866,24.10,\N
3837865,22.68,\N
3837867,25.00,\N
3837876,23.80,\N
3837877,26.70,\N
3837875,25.60,\N
3837878,27.50,\N
3837879,23.90,\N
3837880,25.40,\N
3837882,25.40,\N
3837883,25.60,\N
3837901,22.50,\N
3837906,21.34,\N
3837904,19.45,\N
3837903,23.80,\N
3837902,21.90,\N
3837905,26.16,\N
3837907,28.10,\N
3837911,23.68,\N
3837909,25.90,\N
3837917,22.05,\N
3837908,20.71,\N
3837910,25.50,\N
3837912,21.52,\N
3837913,23.80,\N
3837918,24.10,\N
3837914,20.98,\N
3837919,26.90,\N
3837923,22.25,\N
3837924,19.40,\N
3837932,22.65,\N
3837931,19.55,\N
3837933,22.28,\N
3837947,24.11,\N
3837950,20.60,\N
3837951,22.60,\N
3837952,27.00,\N
3837957,22.60,\N
3838002,23.97,\N
3838004,24.50,\N
3838005,22.00,\N
3838006,26.71,\N
54509596,22.76,\N
54351347,23.64,\N
3837915,23.00,\N
3837916,21.22,\N
3837926,21.04,\N
3837925,25.20,\N
3837934,28.10,\N
3837949,27.64,\N
3837954,21.78,\N
3837961,24.68,\N
3837953,22.43,\N
3837959,22.90,\N
3837960,24.00,\N
3837962,24.90,\N
3837977,21.34,\N
3837975,19.80,\N
3837974,25.42,\N
3837979,26.30,\N
3837978,25.30,\N
3837980,26.27,\N
3837981,28.80,\N
3837982,24.80,\N
3838016,28.15,\N
3837991,20.43,\N
3837989,21.90,\N
3837986,23.33,\N
3837992,26.80,\N
3837984,27.00,\N
3837996,26.28,\N
3837985,26.53,\N
3837987,26.10,\N
3837990,26.60,\N
3837995,27.00,\N
3837993,28.30,\N
3837994,27.30,\N
3838020,20.50,\N
3838019,25.27,\N
3838021,25.50,\N
3838028,24.80,\N
3838027,27.20,\N
3838029,24.80,\N
3838030,25.60,\N
3838031,24.40,\N
3838033,25.16,\N
3838032,26.10,\N
3838034,25.70,\N
3838035,21.60,\N
3838037,27.90,\N
3838036,24.20,\N
3838038,23.20,\N
3838039,29.10,\N
3838041,25.10,\N
3838042,23.50,\N
3838043,26.00,\N
3838040,27.40,\N
3838044,28.78,\N
3838052,22.67,\N
3838056,25.80,\N
3838057,21.20,\N
3838053,27.20,\N
3838055,27.80,\N
3838066,19.31,\N
3838065,20.72,\N
3838064,22.93,\N
3838070,23.80,\N
3838073,24.10,\N
3838075,26.27,\N
3838077,25.20,\N
3838074,26.70,\N
3838079,25.40,\N
3838076,26.70,\N
3838078,25.10,\N
3838082,21.50,\N
3838084,25.16,\N
3838216,18.15,\N
3838083,20.93,\N
3838093,20.37,\N
3838085,25.33,\N
3838094,20.51,\N
3838095,22.90,\N
3838096,23.80,\N
3838097,24.20,\N
3838098,20.21,\N
3838099,23.85,\N
3838100,25.40,\N
3838101,25.80,\N
3838102,26.30,\N
3838104,21.22,\N
3838119,25.00,\N
3838120,25.10,\N
3838121,23.27,\N
3838123,20.90,\N
3838124,23.79,\N
3838125,25.00,\N
3838126,23.50,\N
3838127,23.80,\N
3838128,22.11,\N
3838130,21.96,\N
3838129,21.36,\N
3838131,25.57,\N
3838132,28.10,\N
3838133,24.20,\N
3838134,25.70,\N
3838135,24.20,\N
3838136,27.20,\N
3838137,26.00,\N
3838138,26.30,\N
3838139,20.02,\N
3838184,23.30,\N
3838185,21.10,\N
3838186,28.40,\N
3838190,23.34,\N
3838191,22.00,\N
3838192,21.51,\N
3838195,20.75,\N
3838194,18.90,\N
3838193,26.73,\N
3838208,24.60,\N
3838209,25.90,\N
3838210,26.50,\N
3838211,25.80,\N
3838212,24.50,\N
3838213,25.40,\N
3838214,25.30,\N
3838220,23.70,\N
3838217,26.23,\N
3838218,23.20,\N
3838219,23.70,\N
3838240,17.78,\N
3838241,27.00,\N
3838242,29.00,\N
3838243,25.30,\N
3838249,25.53,\N
3838244,23.40,\N
3838246,24.60,\N
3838247,23.00,\N
3838245,21.16,\N
3838248,18.81,\N
3838250,26.20,\N
3838253,23.08,\N
3838254,26.40,\N
3838252,23.50,\N
3838251,24.40,\N
3838257,25.30,\N
3838268,21.93,\N
3838255,28.30,\N
3838259,21.97,\N
3838263,22.08,\N
3838260,23.43,\N
3838261,24.14,\N
3838262,27.10,\N
3838264,24.30,\N
3838265,24.70,\N
3838269,26.30,\N
3838266,24.80,\N
3838267,27.85,\N
3838270,27.90,\N
3838780,21.28,\N
3838781,26.50,\N
3838779,27.50,\N
3838783,25.90,\N
3838784,22.88,\N
3838786,21.11,\N
3838785,22.48,\N
3838788,26.10,\N
3838787,23.17,\N
3838823,26.10,\N
3838825,26.20,\N
3838824,26.80,\N
3838826,25.90,\N
3838828,29.80,\N
3838832,24.69,\N
3838830,21.70,\N
3838833,22.46,\N
3838831,25.40,\N
3838834,24.50,\N
3838836,22.41,\N
3838835,25.50,\N
3838837,25.05,\N
3838839,26.80,\N
3838840,25.50,\N
3838841,24.90,\N
3838843,20.71,\N
3838842,27.20,\N
3838845,22.40,\N
3838844,27.00,\N
3838850,27.12,\N
3838847,27.70,\N
3838848,24.00,\N
3838849,25.96,\N
3838851,24.90,\N
3838846,23.00,\N
3838854,22.80,\N
3838852,26.60,\N
3838855,26.68,\N
3838853,26.20,\N
3838859,26.80,\N
3838856,26.30,\N
3838858,26.60,\N
3838857,28.00,\N
3838860,28.80,\N
3838862,24.10,\N
3838864,25.10,\N
3838863,25.30,\N
3838865,23.80,\N
3838868,25.60,\N
3838867,26.50,\N
3838866,25.50,\N
3838878,24.63,\N
3838869,24.30,\N
3838870,25.46,\N
3838873,24.60,\N
3838871,27.20,\N
3838874,25.70,\N
3838887,25.50,\N
3838912,21.16,\N
3838911,24.40,\N
3838938,20.90,\N
3838939,28.51,\N
3838879,26.90,\N
3838872,26.30,\N
3838875,26.71,\N
3838881,22.05,\N
3838876,24.92,\N
3838877,24.60,\N
3838880,26.40,\N
3838886,21.24,\N
3838888,23.18,\N
3838891,19.36,\N
3838892,27.10,\N
3838893,25.41,\N
3838894,24.50,\N
3838895,25.70,\N
3838901,27.30,\N
3838897,24.10,\N
3838898,25.60,\N
3838899,23.50,\N
3838904,27.63,\N
3838903,26.10,\N
3838900,26.23,\N
3838902,26.10,\N
3838906,30.12,\N
3838913,22.29,\N
3838914,22.78,\N
3838918,24.10,\N
3838916,25.60,\N
3838917,20.82,\N
3838915,23.39,\N
3838919,23.70,\N
3838926,24.90,\N
3838927,25.60,\N
3838929,27.10,\N
3838931,26.00,\N
3838930,25.80,\N
3838932,25.90,\N
3838936,21.25,\N
3838935,23.50,\N
3838940,25.77,\N
3839564,27.50,\N
3839565,26.40,\N
3840109,27.60,\N
3840111,23.36,\N
3840110,23.50,\N
3840116,20.60,\N
3840113,25.90,\N
3840114,25.90,\N
3840115,25.00,\N
3840119,21.01,\N
3840120,26.20,\N
54506483,28.62,\N
54506484,30.66,\N
54502996,27.48,\N
3840692,22.61,\N
3840117,28.75,\N
3840118,25.90,\N
3840122,24.10,\N
3840123,23.30,\N
3840125,24.24,\N
3840124,26.30,\N
3840128,20.19,\N
3840136,19.10,\N
3840135,19.73,\N
3840137,24.20,\N
3840676,20.90,\N
3840689,24.70,\N
3840688,26.20,\N
3840687,27.10,\N
3840690,24.00,\N
3840693,19.78,\N
3840694,22.92,\N
3840695,23.21,\N
3840696,23.98,\N
3840697,26.10,\N
3840698,25.80,\N
3840700,22.76,\N
3840701,21.36,\N
3840702,24.42,\N
3840703,27.76,\N
3840706,25.60,\N
3840728,23.50,\N
3840707,20.23,\N
3840719,25.50,\N
3840709,22.86,\N
3840710,25.29,\N
3840708,22.06,\N
3840711,25.25,\N
3840725,26.90,\N
3840712,23.50,\N
3840714,27.10,\N
3840715,25.40,\N
3840713,26.40,\N
3840727,27.20,\N
3840716,25.10,\N
3840724,25.80,\N
3840723,27.04,\N
3840717,27.40,\N
3840735,28.90,\N
3840720,26.50,\N
3840726,27.60,\N
3840718,28.20,\N
3840721,25.60,\N
3840722,26.10,\N
3840729,26.50,\N
3840745,20.61,\N
3840738,23.70,\N
3840737,26.00,\N
3840736,22.23,\N
3840740,27.20,\N
3840742,27.60,\N
3840739,27.30,\N
3840741,26.40,\N
3840743,25.90,\N
3840744,24.93,\N
3840751,25.50,\N
3840753,27.40,\N
3840750,24.80,\N
3840752,21.20,\N
3840755,24.51,\N
3840757,22.50,\N
54128962,24.53,\N
3840758,23.59,\N
3840760,26.90,\N
3840756,26.50,\N
3840754,23.20,\N
3840759,26.60,\N
3840765,24.33,\N
3840766,24.09,\N
3840767,23.30,\N
3840763,24.80,\N
3840764,27.10,\N
3840770,23.90,\N
3840768,25.10,\N
3840771,26.61,\N
3840769,25.67,\N
3840773,26.70,\N
3840772,26.60,\N
3840785,20.90,\N
3840802,20.17,\N
3840783,27.00,\N
3840784,27.50,\N
3840786,21.26,\N
3840787,24.80,\N
3840788,27.10,\N
3840789,26.40,\N
3840790,25.83,\N
3840791,27.25,\N
3840793,25.60,\N
3840792,25.40,\N
3840794,26.08,\N
3840795,24.80,\N
3840796,23.92,\N
3840800,24.46,\N
3840798,25.05,\N
3840797,27.40,\N
3840799,24.47,\N
3840801,26.10,\N
3840803,24.70,\N
3840807,20.82,\N
3840812,19.02,\N
3840809,20.41,\N
3840810,27.40,\N
3840811,17.70,\N
3840836,20.69,\N
3840840,27.00,\N
3840838,24.12,\N
3840839,24.20,\N
3840841,23.55,\N
3840844,28.00,\N
3840842,29.50,\N
3840843,26.60,\N
3840845,24.01,\N
3840868,22.92,\N
3840847,22.68,\N
3840846,20.72,\N
3840848,20.73,\N
3840851,20.90,\N
3840850,20.99,\N
3840849,23.70,\N
3840853,24.20,\N
3840852,24.89,\N
3840855,27.66,\N
3840854,23.10,\N
3840856,26.00,\N
3840857,24.10,\N
3840859,23.94,\N
3840861,24.96,\N
3840858,27.50,\N
3840860,24.60,\N
3840862,24.30,\N
3840864,25.00,\N
3840863,24.50,\N
3840866,26.02,\N
3840869,23.92,\N
3840865,23.10,\N
3840867,23.59,\N
3840871,24.70,\N
3840870,25.20,\N
3840873,19.04,\N
3840874,24.30,\N
3840878,19.93,\N
3840877,20.40,\N
3840879,20.77,\N
3840876,23.40,\N
3840875,22.38,\N
3840881,23.30,\N
3840880,24.70,\N
3840883,24.96,\N
3840882,27.00,\N
3840885,23.60,\N
3840884,26.12,\N
3840888,27.60,\N
3840886,29.40,\N
3840887,26.70,\N
3840889,25.50,\N
3840891,25.70,\N
3840890,26.10,\N
3840892,24.50,\N
3840894,24.70,\N
3840893,26.50,\N
3841161,20.23,\N
3841168,25.30,\N
3841175,23.50,\N
3841169,24.15,\N
3841170,25.60,\N
3841173,22.50,\N
3841174,24.80,\N
3841172,22.19,\N
3841171,21.20,\N
3841177,23.50,\N
3841178,26.60,\N
3841179,24.36,\N
3841180,23.10,\N
3841182,25.60,\N
3841181,27.50,\N
3841183,25.40,\N
3841184,22.20,\N
3841185,19.96,\N
3841187,20.30,\N
3841186,21.27,\N
3841190,22.26,\N
3841195,21.43,\N
3841191,24.70,\N
3841194,21.77,\N
3841193,20.14,\N
3841192,22.10,\N
3841196,21.16,\N
3841199,24.70,\N
3841198,24.10,\N
3841197,25.90,\N
3841200,26.50,\N
3841201,19.32,\N
3841202,24.50,\N
3841203,23.90,\N
3841204,26.60,\N
3841205,25.60,\N
3841208,25.40,\N
3841206,24.10,\N
3841209,27.50,\N
3841504,23.87,\N
3841505,25.70,\N
3841502,24.90,\N
3841503,23.20,\N
3841501,21.63,\N
3841506,22.20,\N
3841523,29.82,\N
3841524,25.56,\N
3841525,22.01,\N
3949007,27.50,\N
54293313,17.19,\N
54458499,24.76,\N
3841507,17.21,\N
3841508,20.82,\N
3841509,26.70,\N
3841527,24.20,\N
3841528,19.69,\N
3841532,25.90,\N
3841531,20.64,\N
3841529,23.98,\N
3841530,25.80,\N
3841534,26.25,\N
3841533,24.10,\N
3841535,27.20,\N
3841542,24.52,\N
3841541,24.70,\N
3841543,24.72,\N
3841547,29.00,\N
3841545,26.60,\N
3841546,25.80,\N
3841544,26.20,\N
3841616,19.95,\N
3841617,23.00,\N
3841619,25.50,\N
3841618,24.31,\N
3841615,24.70,\N
3841621,24.20,\N
3841620,27.00,\N
3841623,24.09,\N
3841624,23.60,\N
3841622,25.68,\N
3841625,25.40,\N
3841627,27.00,\N
3841626,21.80,\N
3841630,24.00,\N
3841634,25.00,\N
3841633,23.40,\N
3841631,25.70,\N
3841632,25.10,\N
3841635,25.96,\N
3841669,27.60,\N
3841671,22.30,\N
3841672,22.63,\N
3841677,21.30,\N
3841678,23.10,\N
3841675,26.46,\N
3841674,28.60,\N
3841673,26.21,\N
3841676,23.71,\N
3841683,24.20,\N
3841681,26.30,\N
3841680,28.00,\N
3841682,28.00,\N
3841679,26.10,\N
3841684,27.00,\N
3841698,23.20,\N
3841700,23.78,\N
3841701,20.93,\N
3841699,24.60,\N
3841702,25.07,\N
3841703,25.29,\N
3841705,23.80,\N
3841704,26.60,\N
3841707,19.34,\N
3841708,19.98,\N
3841710,22.56,\N
3841713,24.00,\N
3841709,24.17,\N
3841712,27.20,\N
3841711,27.43,\N
3841714,25.90,\N
3841717,24.43,\N
3841716,25.36,\N
3841715,24.94,\N
3841718,24.60,\N
3841721,22.97,\N
3841720,26.20,\N
3841719,29.10,\N
3841722,28.20,\N
3841743,25.70,\N
3841742,22.70,\N
3841745,24.80,\N
3841746,23.40,\N
3841756,25.65,\N
3841755,25.70,\N
3841757,19.54,\N
3841754,22.97,\N
3841753,27.10,\N
3841758,20.45,\N
3841765,25.60,\N
3841763,22.70,\N
3841764,23.00,\N
3841759,21.82,\N
3841760,24.57,\N
3841761,29.60,\N
3841762,26.85,\N
3841773,22.03,\N
3841772,25.40,\N
3841771,27.50,\N
3841776,26.70,\N
3841777,24.92,\N
3841778,25.00,\N
3841775,27.10,\N
3841774,24.50,\N
3841779,24.73,\N
3841826,23.90,\N
3841827,20.29,\N
3841829,20.66,\N
3841832,21.56,\N
3841828,24.26,\N
3841830,24.14,\N
3841831,25.60,\N
3841833,25.84,\N
3841839,24.50,\N
3841837,23.46,\N
3841834,25.51,\N
3841835,23.40,\N
3841838,21.32,\N
3841836,25.30,\N
3841842,22.51,\N
3841841,25.60,\N
3841840,23.70,\N
3841844,21.73,\N
3841843,22.52,\N
3841845,24.70,\N
3841847,21.44,\N
3841846,24.30,\N
3841850,24.02,\N
3841849,27.90,\N
3841848,27.40,\N
3841851,26.43,\N
3841884,24.88,\N
3841886,22.32,\N
3841887,22.99,\N
3841885,25.60,\N
3841888,25.40,\N
3841895,24.20,\N
3841894,22.41,\N
3841896,21.73,\N
3841897,21.22,\N
3841898,22.50,\N
3841899,22.00,\N
3841900,21.89,\N
3841901,24.17,\N
3841905,24.97,\N
3841907,29.60,\N
3841946,22.12,\N
3841945,23.39,\N
3841947,22.04,\N
3841948,25.70,\N
3841949,22.60,\N
3841952,22.01,\N
3841950,26.30,\N
3841951,25.40,\N
3841954,21.49,\N
3841953,27.70,\N
3841957,24.10,\N
3841958,22.21,\N
3841956,24.60,\N
3841959,22.80,\N
3841955,24.58,\N
3841963,23.60,\N
3841973,26.10,\N
54506181,24.55,\N
54440303,27.44,\N
3841960,22.36,\N
3841961,23.48,\N
3841964,23.70,\N
3841965,24.33,\N
3841967,23.69,\N
3841968,20.89,\N
3841966,26.40,\N
3841969,24.30,\N
3841970,26.10,\N
3841984,19.68,\N
3841978,23.93,\N
3841975,24.53,\N
3841979,26.60,\N
3841974,26.50,\N
3841976,26.32,\N
3841977,26.87,\N
3841980,26.00,\N
3841981,26.32,\N
3841987,20.45,\N
3841986,22.20,\N
3841988,22.61,\N
3841989,25.50,\N
3841990,23.89,\N
3842587,23.90,\N
3842588,24.90,\N
3842589,24.30,\N
3842590,25.22,\N
3842591,25.90,\N
3842593,27.13,\N
3842594,21.25,\N
3842595,27.50,\N
3842596,25.50,\N
3842597,27.10,\N
3842612,23.00,\N
3842613,21.40,\N
3842619,27.99,\N
3842617,23.60,\N
3842618,22.71,\N
3842614,23.21,\N
3842616,22.42,\N
3842615,21.88,\N
3842622,25.90,\N
3842621,20.66,\N
3842620,25.40,\N
3842623,27.10,\N
3842635,22.64,\N
3842637,21.86,\N
3842636,23.11,\N
3842638,26.60,\N
3842640,24.25,\N
3842639,26.00,\N
3842653,21.38,\N
3842655,28.00,\N
3842654,20.65,\N
3842658,22.30,\N
3842659,19.93,\N
3842657,27.40,\N
3842660,22.80,\N
3842679,21.14,\N
3842680,22.79,\N
3842684,21.80,\N
3842681,25.50,\N
3842682,27.20,\N
3842746,20.60,\N
3842751,22.44,\N
3842747,21.70,\N
3842748,22.30,\N
3842778,19.75,\N
3842781,19.49,\N
3842875,22.62,\N
54509597,25.65,\N
54509598,24.53,\N
54050955,21.70,\N
3843056,19.90,\N
3842661,23.60,\N
3842663,25.25,\N
3842662,25.87,\N
3842686,22.70,\N
3842683,27.60,\N
3842685,21.83,\N
3842688,24.00,\N
3842689,24.92,\N
3842690,23.97,\N
3842687,23.49,\N
3842691,25.09,\N
3842692,24.26,\N
3842693,23.18,\N
3842694,21.30,\N
3842744,24.00,\N
3842745,23.50,\N
3842752,27.00,\N
3842753,25.40,\N
3842756,21.27,\N
3842754,26.40,\N
3842755,22.03,\N
3842757,20.85,\N
3842761,25.00,\N
3842758,23.07,\N
3842760,24.10,\N
3842759,26.85,\N
3842762,25.82,\N
3842765,24.31,\N
3842764,22.20,\N
3842766,26.10,\N
3842767,24.45,\N
3842769,22.48,\N
3842771,26.40,\N
3842770,24.27,\N
3842768,25.43,\N
3842774,24.50,\N
3842773,23.10,\N
3842777,19.84,\N
3842775,26.68,\N
3842776,27.05,\N
3842782,20.60,\N
3842783,19.59,\N
3842868,24.80,\N
3842867,25.20,\N
3842865,24.20,\N
3842864,24.10,\N
3842869,26.55,\N
3842872,26.10,\N
3842873,27.30,\N
3842870,21.76,\N
3842871,27.80,\N
3842874,24.46,\N
3842876,25.40,\N
3842877,23.64,\N
3842878,24.50,\N
3842879,23.39,\N
3842880,20.26,\N
3842881,23.45,\N
3842882,20.30,\N
3842883,20.45,\N
3842884,24.40,\N
3842885,18.88,\N
3842887,18.56,\N
3842899,23.21,\N
3842902,22.80,\N
3842906,23.29,\N
3842888,24.10,\N
3842904,26.20,\N
3842909,24.40,\N
3842889,22.39,\N
3842907,24.35,\N
3842894,21.00,\N
3842895,25.40,\N
3842890,26.50,\N
3842893,21.30,\N
3842892,23.41,\N
3842891,23.31,\N
3842896,23.00,\N
3842905,23.70,\N
3842897,23.40,\N
3842900,21.62,\N
3842903,17.28,\N
3842901,21.80,\N
3842908,24.05,\N
3842898,24.03,\N
3842911,20.60,\N
54506182,25.44,\N
3843120,25.90,\N
3981008,20.48,\N
54170850,26.64,\N
54440304,28.66,\N
3842912,19.84,\N
3842913,21.39,\N
3842914,24.12,\N
3842916,21.56,\N
3842915,24.50,\N
3842925,29.12,\N
3842926,24.80,\N
3842932,22.16,\N
3842937,26.40,\N
3842938,21.73,\N
3842939,21.75,\N
3842942,23.60,\N
3842940,24.71,\N
3842947,27.05,\N
3842948,23.87,\N
3842952,20.58,\N
3842953,20.35,\N
3842954,24.60,\N
3842964,18.91,\N
3843049,20.86,\N
3843050,22.74,\N
3843051,22.14,\N
3843053,22.33,\N
3843052,25.30,\N
3843055,20.49,\N
3843054,23.60,\N
3843058,23.16,\N
3843062,24.20,\N
3843059,23.95,\N
3843060,25.16,\N
3843063,26.40,\N
3843065,25.00,\N
3843079,25.20,\N
3843080,24.20,\N
3843082,22.93,\N
3843083,23.30,\N
3843086,24.12,\N
3843089,22.70,\N
3843090,20.41,\N
3843098,22.93,\N
3843100,20.43,\N
3843101,21.95,\N
3843105,22.20,\N
3843111,25.02,\N
3843117,22.83,\N
3843172,26.00,\N
3843061,21.86,\N
3843081,24.28,\N
3843084,21.40,\N
3843085,24.30,\N
3843087,23.61,\N
3843088,21.38,\N
3843097,25.40,\N
3843099,26.60,\N
3843103,22.49,\N
3843102,22.89,\N
3843104,19.24,\N
3843106,23.02,\N
3843108,21.59,\N
3843110,24.10,\N
3843112,22.60,\N
3843113,29.90,\N
3843114,27.60,\N
3843115,21.13,\N
3843116,24.80,\N
3843118,21.61,\N
3843119,25.09,\N
3843121,26.80,\N
3843122,23.90,\N
3843123,23.80,\N
3843124,24.69,\N
3843125,27.70,\N
3843126,25.40,\N
3843127,24.70,\N
3843128,20.83,\N
3843129,21.09,\N
3843130,24.80,\N
3843131,21.09,\N
3843132,21.23,\N
3843136,24.09,\N
3843134,20.06,\N
3843135,24.96,\N
3843137,24.00,\N
3843133,24.80,\N
3843138,25.20,\N
3843139,25.40,\N
3843140,28.30,\N
3843141,26.60,\N
3843158,21.15,\N
3843155,21.20,\N
3843156,21.75,\N
3843157,24.70,\N
3843159,23.20,\N
3843164,20.09,\N
3843171,24.70,\N
3843174,19.48,\N
3843173,20.01,\N
3843176,22.00,\N
3843175,26.30,\N
3843177,23.10,\N
3843178,26.00,\N
3843179,23.90,\N
3843180,25.68,\N
3843182,22.00,\N
3843181,24.20,\N
3843183,22.10,\N
3843184,22.77,\N
3843209,21.10,\N
3843211,22.40,\N
3843207,21.15,\N
3843210,21.18,\N
3843208,20.48,\N
3843212,23.26,\N
3843213,22.76,\N
3843216,27.10,\N
3843223,21.86,\N
3843224,27.60,\N
3843225,25.10,\N
3843276,23.71,\N
3843278,29.10,\N
3843277,22.98,\N
3843280,20.26,\N
3843281,19.60,\N
3843282,24.63,\N
3843283,23.52,\N
3843294,22.90,\N
3843295,22.18,\N
3843302,23.40,\N
3843303,20.60,\N
3843306,20.65,\N
3843307,21.82,\N
3843316,20.45,\N
3843317,27.40,\N
3843318,22.12,\N
3843319,21.45,\N
3843322,28.10,\N
3843323,22.40,\N
3843459,19.27,\N
3843324,25.88,\N
3843328,23.40,\N
3843329,25.34,\N
3843332,22.36,\N
3843335,19.01,\N
3843336,23.30,\N
3843339,25.90,\N
3843340,22.56,\N
3843342,25.15,\N
3843341,21.23,\N
3843343,23.90,\N
3843348,20.59,\N
3843349,23.05,\N
3843350,23.27,\N
3843354,24.01,\N
3843353,24.00,\N
3843352,20.60,\N
3843355,24.25,\N
3843356,28.00,\N
3843360,21.52,\N
3843361,24.20,\N
3843362,21.82,\N
3843363,21.15,\N
3843368,24.90,\N
3843374,23.61,\N
3843373,23.20,\N
3843370,23.70,\N
3843371,21.07,\N
3843369,22.37,\N
3843372,23.70,\N
3843375,22.61,\N
3843391,21.97,\N
3843376,23.40,\N
3843377,23.40,\N
3843378,24.40,\N
3843379,24.00,\N
3843381,21.60,\N
3843380,25.38,\N
3843393,23.00,\N
3843392,21.10,\N
3843395,20.78,\N
3843394,20.25,\N
3843396,20.49,\N
3843399,22.49,\N
3843398,24.35,\N
3843397,24.70,\N
3843400,26.10,\N
3843403,21.87,\N
3843402,24.10,\N
3843401,26.10,\N
3843404,26.90,\N
3843407,23.90,\N
3843406,22.71,\N
3843405,24.40,\N
3843408,26.60,\N
3843409,27.83,\N
3843422,25.60,\N
3843423,23.50,\N
3843424,26.30,\N
3843425,22.70,\N
3843426,19.23,\N
3843427,24.26,\N
3843428,22.08,\N
3843429,27.80,\N
3843430,19.46,\N
3843432,26.72,\N
3843431,25.58,\N
3843438,26.40,\N
3843439,22.40,\N
3843440,27.20,\N
3843441,20.94,\N
3843442,22.66,\N
3843443,23.90,\N
3843456,25.16,\N
3843466,19.07,\N
3843474,18.16,\N
54314210,26.45,\N
54314211,23.38,\N
3843465,19.51,\N
3843475,25.63,\N
3843477,18.33,\N
3843476,23.78,\N
3843478,25.30,\N
3843479,24.60,\N
3843480,23.50,\N
3843484,21.80,\N
3843490,25.90,\N
3843489,25.80,\N
3843491,20.40,\N
3843492,24.89,\N
3843493,25.30,\N
3843494,21.80,\N
3843503,24.81,\N
3843506,26.00,\N
3843505,26.60,\N
3843504,24.50,\N
3843507,24.30,\N
3843508,20.62,\N
3843509,24.89,\N
3843510,20.00,\N
3843512,27.80,\N
3843513,22.17,\N
3843514,24.60,\N
3843515,23.25,\N
3843516,26.80,\N
3843517,23.90,\N
3843523,23.50,\N
3843524,22.90,\N
3843525,23.42,\N
3843526,25.50,\N
3843527,20.01,\N
3843533,20.48,\N
3843535,24.17,\N
3843536,21.79,\N
3843546,23.90,\N
3843547,18.68,\N
3843548,21.54,\N
3843549,24.84,\N
3843555,19.81,\N
3843554,21.01,\N
3843559,21.91,\N
3843556,21.14,\N
3843557,21.30,\N
3843558,21.00,\N
3843562,24.72,\N
3892771,19.40,\N
3843569,28.80,\N
3843571,26.90,\N
3843570,28.00,\N
3843572,21.38,\N
3843573,21.01,\N
3843574,19.39,\N
3843575,25.20,\N
3843576,26.40,\N
3843578,24.80,\N
3843577,20.83,\N
3843585,25.07,\N
3843586,22.55,\N
3843587,22.70,\N
3843589,19.76,\N
3843588,21.13,\N
3843591,26.00,\N
3843590,25.20,\N
3843592,27.50,\N
3843594,20.55,\N
3843596,26.60,\N
3843593,25.20,\N
3843595,21.20,\N
3843597,20.50,\N
3843598,26.90,\N
3843599,23.01,\N
3843600,23.70,\N
3843601,24.20,\N
3843602,26.51,\N
3843603,20.86,\N
3843605,24.50,\N
3843604,23.00,\N
3843611,23.79,\N
3843607,24.91,\N
3843610,22.42,\N
3843606,25.30,\N
3843612,20.77,\N
3843608,23.30,\N
3843840,18.17,\N
3843609,22.90,\N
3843613,23.00,\N
3843614,25.50,\N
3843615,21.59,\N
3843616,22.81,\N
3843617,30.40,\N
3843618,24.70,\N
3843621,20.48,\N
3843620,23.94,\N
3843622,22.21,\N
3843623,24.80,\N
3843625,22.57,\N
3843632,24.60,\N
3843633,29.30,\N
3843630,27.20,\N
3843628,21.20,\N
3843629,23.57,\N
3843627,28.70,\N
3843626,21.50,\N
3843631,21.51,\N
3843634,25.20,\N
3843635,24.50,\N
3843636,24.78,\N
3843638,23.48,\N
3843637,26.00,\N
3843639,24.30,\N
3843640,24.60,\N
3843642,25.20,\N
3843641,20.70,\N
3843643,23.20,\N
3843644,21.10,\N
3843645,24.80,\N
3843646,24.30,\N
3843647,24.60,\N
3843648,25.00,\N
3843671,27.60,\N
3843672,23.45,\N
3843674,26.00,\N
3843675,20.46,\N
3843676,21.60,\N
3843677,24.30,\N
3843679,23.74,\N
3843678,25.05,\N
3843680,23.10,\N
3843681,23.10,\N
3843682,23.90,\N
3843683,20.07,\N
3843684,23.62,\N
3843685,25.80,\N
3843700,23.75,\N
3843701,21.77,\N
3843703,20.10,\N
3843705,25.70,\N
3843707,26.90,\N
3843704,24.90,\N
3843706,23.26,\N
3843708,22.38,\N
3843715,25.37,\N
3843716,20.05,\N
3843713,26.10,\N
3843714,24.80,\N
3843717,24.50,\N
3843718,21.50,\N
3843719,25.70,\N
3843720,26.60,\N
3843721,21.90,\N
3843733,25.50,\N
3843735,26.65,\N
3843736,24.30,\N
3843752,21.97,\N
3843747,24.60,\N
3843748,18.55,\N
3843756,22.32,\N
3843862,27.90,\N
3843866,19.21,\N
54055123,20.97,\N
54055122,21.40,\N
54117568,21.30,\N
54315108,26.79,\N
54357402,28.88,\N
3843734,25.46,\N
3843758,21.90,\N
3843757,19.40,\N
3843759,23.75,\N
3843764,21.84,\N
3843765,26.00,\N
3843766,25.70,\N
3843767,25.26,\N
3843768,25.00,\N
3843769,27.10,\N
3843770,30.60,\N
3843771,24.30,\N
3843772,20.14,\N
3843773,23.60,\N
3843775,22.00,\N
3843774,24.35,\N
3843777,24.80,\N
3843776,25.50,\N
3843778,21.53,\N
3843779,23.30,\N
3843780,28.90,\N
3843782,26.92,\N
3843783,28.90,\N
3843784,28.80,\N
3843781,25.20,\N
3843785,24.80,\N
3843786,26.90,\N
3843793,27.80,\N
3843794,20.56,\N
3843795,26.80,\N
3843796,27.90,\N
3843797,24.10,\N
3843800,24.50,\N
3843801,25.50,\N
3843803,22.10,\N
3843802,23.80,\N
3843804,24.84,\N
3843806,25.50,\N
3843805,20.90,\N
3843807,23.60,\N
3843816,24.00,\N
3843821,27.70,\N
3843822,22.53,\N
3843819,23.60,\N
3843820,24.70,\N
3843818,26.60,\N
3843823,27.40,\N
3843824,25.39,\N
3843825,25.12,\N
3843826,28.90,\N
3843827,25.40,\N
3843828,26.60,\N
3843829,22.40,\N
3843830,24.38,\N
3843831,24.30,\N
3843832,23.87,\N
3843834,28.50,\N
3843835,24.31,\N
3843836,24.20,\N
3843839,22.69,\N
3843837,22.10,\N
3843838,22.85,\N
3843841,25.90,\N
3843842,21.64,\N
3843848,21.10,\N
3843850,25.22,\N
3843858,17.94,\N
3843857,19.94,\N
3843861,22.13,\N
3843863,25.60,\N
3843864,25.10,\N
3843867,19.90,\N
3856707,19.62,\N
3888746,22.13,\N
54150699,21.69,\N
54278078,20.37,\N
3843868,27.40,\N
3843869,25.40,\N
3843877,26.10,\N
3843879,21.91,\N
3843878,27.62,\N
3843880,22.12,\N
3843881,20.80,\N
3843884,25.54,\N
3843882,24.40,\N
3843883,24.60,\N
3843885,25.90,\N
3843886,24.50,\N
3843887,22.71,\N
3843896,24.03,\N
3843897,24.45,\N
3843898,29.60,\N
3843901,20.78,\N
3843900,26.30,\N
3843899,19.96,\N
3843902,22.90,\N
3843905,28.50,\N
3843903,26.00,\N
3843904,26.36,\N
3843906,27.80,\N
3843908,18.21,\N
3843909,24.39,\N
3843913,25.77,\N
3843911,26.50,\N
3843910,26.80,\N
3843912,24.08,\N
3843915,27.60,\N
3843917,24.40,\N
3843916,24.18,\N
3843918,24.05,\N
3843919,28.40,\N
3843920,23.50,\N
3843921,27.30,\N
3843922,25.80,\N
3843924,24.70,\N
3843926,27.70,\N
3843927,25.50,\N
3843925,24.12,\N
3843923,23.30,\N
3844003,22.10,\N
3844002,26.10,\N
3844004,24.02,\N
3844005,23.90,\N
3844006,25.49,\N
3844011,30.70,\N
3844009,23.40,\N
3844010,30.10,\N
3844012,21.56,\N
3844013,20.65,\N
3844016,26.60,\N
3844015,22.20,\N
3844017,25.45,\N
3844019,25.20,\N
3844020,23.96,\N
3844021,26.20,\N
3844022,25.60,\N
3844023,24.10,\N
3844024,27.10,\N
3844025,26.50,\N
3844027,26.20,\N
3844028,20.64,\N
3844029,26.20,\N
3856703,27.27,\N
3856702,23.10,\N
3856704,24.30,\N
3856706,25.40,\N
3856705,23.30,\N
3856708,25.71,\N
3856710,24.84,\N
3856709,22.90,\N
3856711,25.60,\N
3856713,24.20,\N
3856712,24.08,\N
3856714,23.47,\N
3856716,24.40,\N
3856715,27.38,\N
3856719,23.96,\N
3856717,21.45,\N
3856718,26.12,\N
3856728,23.40,\N
3856730,24.25,\N
3856734,24.70,\N
3856731,25.60,\N
3856733,25.80,\N
3856732,28.20,\N
3856735,24.60,\N
3869320,26.66,\N
3869322,25.20,\N
3869321,23.45,\N
3869323,23.40,\N
3869326,23.53,\N
3869325,22.82,\N
3869327,24.26,\N
3872619,21.50,\N
3869329,25.15,\N
3869330,23.14,\N
3869334,22.63,\N
3869333,25.10,\N
3869332,25.34,\N
3869331,26.78,\N
3869335,27.80,\N
3869336,26.28,\N
3869337,20.00,\N
3869338,25.60,\N
3869343,25.40,\N
3869341,22.35,\N
3869340,25.59,\N
3869342,24.50,\N
3869344,25.00,\N
3869345,26.40,\N
3869346,23.80,\N
3869348,25.70,\N
3869347,26.00,\N
3869349,25.07,\N
3869350,22.20,\N
3869351,24.39,\N
3872612,21.52,\N
3869353,23.70,\N
3869352,23.90,\N
3869354,24.88,\N
3872621,23.29,\N
3872620,22.50,\N
3872623,22.90,\N
3872622,25.82,\N
3872625,21.41,\N
3872624,25.53,\N
3872626,23.14,\N
3872628,22.20,\N
3872629,22.10,\N
3872631,23.50,\N
3872632,27.40,\N
3872630,26.94,\N
3872633,23.33,\N
3872634,23.50,\N
3872635,24.50,\N
3872638,26.10,\N
3872637,25.90,\N
3872636,29.20,\N
3872642,26.70,\N
3872643,25.40,\N
3872644,23.26,\N
3872645,25.50,\N
3872646,25.40,\N
3873139,25.39,\N
3873142,21.90,\N
3873140,20.53,\N
3873141,25.70,\N
3873143,28.90,\N
3873144,25.05,\N
3873147,26.20,\N
3873145,26.80,\N
3873146,28.10,\N
3873148,21.70,\N
3873149,25.16,\N
3873150,24.40,\N
3873151,25.01,\N
3873153,27.80,\N
3873152,27.10,\N
3873154,27.10,\N
3873155,20.61,\N
3873160,24.09,\N
3873161,25.40,\N
3873162,24.50,\N
3873163,25.10,\N
3873194,24.40,\N
3873195,22.50,\N
3873197,22.80,\N
3873199,24.60,\N
3873203,20.21,\N
3873314,25.10,\N
3873310,21.42,\N
3873311,21.62,\N
3873312,22.65,\N
3873313,25.30,\N
3873315,24.90,\N
3874051,27.20,\N
3873327,23.80,\N
3874054,23.38,\N
3878583,20.30,\N
3878560,23.20,\N
3878566,23.48,\N
3879108,25.74,\N
54315109,26.02,\N
3873156,29.40,\N
3873158,27.30,\N
3873157,26.40,\N
3873159,29.20,\N
3873164,28.00,\N
3873196,27.60,\N
3873198,24.70,\N
3873201,25.70,\N
3873202,23.50,\N
3873204,28.10,\N
3873205,24.24,\N
3873207,25.00,\N
3873206,22.04,\N
3873208,21.59,\N
3873209,20.64,\N
3873316,24.70,\N
3873317,25.60,\N
3873318,25.60,\N
3873320,24.80,\N
3873321,26.04,\N
3873322,28.10,\N
3873319,27.78,\N
3873323,28.70,\N
3873324,22.83,\N
3873326,26.60,\N
3873325,26.10,\N
3873328,27.29,\N
3874055,23.90,\N
3874056,27.40,\N
3874057,24.08,\N
3878565,24.20,\N
3878557,27.10,\N
3878558,25.40,\N
3878561,24.26,\N
3878562,26.10,\N
3878567,26.00,\N
3878568,27.92,\N
3878569,26.01,\N
3878570,24.00,\N
3878572,24.94,\N
3878571,20.70,\N
3878573,27.90,\N
3878574,25.50,\N
3878577,26.30,\N
3878576,24.00,\N
3878575,26.50,\N
3878578,24.40,\N
3878579,24.20,\N
3878580,23.12,\N
3878581,24.80,\N
3878582,23.40,\N
3878585,25.59,\N
3878584,26.80,\N
3878586,26.40,\N
3878587,23.15,\N
3878588,25.50,\N
3878589,28.00,\N
3878593,19.35,\N
3878592,24.90,\N
3878591,27.60,\N
3878595,24.57,\N
3878596,26.40,\N
3878597,25.90,\N
3878599,23.20,\N
3878598,22.60,\N
3878600,20.34,\N
3878601,24.12,\N
3878603,23.41,\N
3878602,20.70,\N
3878604,21.00,\N
3878605,19.10,\N
3878606,24.00,\N
3878607,23.20,\N
3878608,24.10,\N
3878609,26.40,\N
3878610,20.98,\N
3878612,26.91,\N
3878611,22.49,\N
3878613,19.44,\N
3878614,24.90,\N
3878615,20.84,\N
3878616,24.70,\N
3878617,26.70,\N
3878618,27.46,\N
3878619,28.30,\N
3878620,24.92,\N
3878621,25.20,\N
3878622,25.10,\N
3878623,24.60,\N
3878624,25.40,\N
3878625,22.00,\N
3878626,23.93,\N
3879134,21.39,\N
3879136,24.28,\N
3879137,22.64,\N
3879138,22.59,\N
3879139,20.50,\N
3879140,28.70,\N
3879142,22.73,\N
3879141,23.40,\N
3879143,25.30,\N
3879162,25.60,\N
3879164,26.60,\N
3879163,22.40,\N
3879165,25.04,\N
3879168,27.70,\N
3879167,26.30,\N
3879166,26.80,\N
3879169,17.92,\N
3879170,26.00,\N
3879171,20.70,\N
3879188,23.90,\N
3879189,21.00,\N
3879190,25.30,\N
3879191,22.50,\N
3879215,21.40,\N
3879288,24.50,\N
3986684,21.67,\N
3879219,23.20,\N
3879220,24.12,\N
3879225,26.94,\N
3879229,28.10,\N
3879250,25.70,\N
3879226,26.90,\N
3879227,21.64,\N
3879228,29.10,\N
3879230,24.90,\N
3879231,20.03,\N
3879232,26.09,\N
3879233,26.20,\N
3879234,26.61,\N
3879239,26.62,\N
3879243,28.00,\N
3879244,26.50,\N
3879241,26.10,\N
3879242,26.00,\N
3879237,26.07,\N
3879236,26.20,\N
3879238,27.80,\N
3879235,26.04,\N
3879240,26.05,\N
3879252,25.33,\N
3879253,25.90,\N
3879254,25.80,\N
3879255,26.14,\N
3879257,24.11,\N
3879256,27.70,\N
3879268,25.60,\N
3879276,25.94,\N
3879274,23.24,\N
3879271,25.21,\N
3879272,25.30,\N
3879270,25.80,\N
3879273,25.80,\N
3879267,24.10,\N
3879269,27.70,\N
3879275,30.40,\N
3879280,24.09,\N
3879278,23.95,\N
3879277,23.63,\N
3879279,26.90,\N
3879281,25.80,\N
3879283,26.80,\N
3879284,26.63,\N
3879285,24.30,\N
3879286,21.20,\N
3879287,19.42,\N
3879295,27.80,\N
3879290,24.84,\N
3879293,28.40,\N
3879292,25.08,\N
3879296,25.80,\N
3879289,23.80,\N
3879291,24.40,\N
3879298,22.13,\N
3879297,23.40,\N
3879294,24.60,\N
3879299,26.60,\N
3879300,23.50,\N
3879301,22.34,\N
3879302,25.32,\N
3879303,26.17,\N
3879304,23.55,\N
3879305,25.80,\N
3879306,23.95,\N
3879307,24.44,\N
3879308,29.20,\N
3879309,25.80,\N
3879311,25.95,\N
3879312,26.72,\N
3879313,28.30,\N
3879310,26.55,\N
3879314,24.39,\N
3879316,25.34,\N
3879318,25.50,\N
3879317,20.02,\N
3879319,24.40,\N
3879321,26.80,\N
3879320,23.93,\N
3879322,27.00,\N
3879383,29.20,\N
3879384,21.24,\N
3879527,23.17,\N
3879528,27.68,\N
3879530,27.07,\N
3879532,25.33,\N
3879531,26.20,\N
3879533,22.80,\N
3879534,24.70,\N
3879535,24.10,\N
3879536,28.00,\N
3879537,26.90,\N
3879538,24.70,\N
3879539,26.50,\N
3879540,23.70,\N
3879541,22.48,\N
3879543,25.60,\N
3879542,22.04,\N
3879544,27.30,\N
3879545,26.20,\N
3879546,27.66,\N
3879547,25.60,\N
3879548,22.41,\N
3879549,24.88,\N
3879550,21.75,\N
3879551,28.40,\N
3879552,25.30,\N
3879553,25.69,\N
3879712,19.32,\N
3879715,24.40,\N
3879713,20.86,\N
3879714,28.40,\N
3879716,25.20,\N
3879717,24.70,\N
3879720,26.10,\N
3879719,23.59,\N
3879721,25.00,\N
3879718,22.66,\N
3879723,25.72,\N
3879722,26.43,\N
3879724,20.60,\N
3879725,21.90,\N
3879726,23.60,\N
3879729,22.88,\N
3879728,26.60,\N
3879727,26.90,\N
3879731,26.60,\N
3879732,24.08,\N
3879730,23.52,\N
3883086,28.10,\N
3883087,22.40,\N
3883089,24.60,\N
3883088,21.61,\N
3883085,27.46,\N
3883084,24.60,\N
3883091,27.60,\N
3883092,25.60,\N
3883090,22.31,\N
3883093,23.70,\N
3883094,26.80,\N
3883096,26.03,\N
3883098,21.73,\N
3883099,27.30,\N
3883097,24.36,\N
3883100,27.40,\N
3883101,21.13,\N
3883102,22.53,\N
3883103,29.00,\N
3883104,26.17,\N
3883106,23.07,\N
3883105,25.70,\N
3883113,24.40,\N
3883112,24.80,\N
3883111,24.88,\N
3883108,26.34,\N
3883107,28.40,\N
3883110,29.70,\N
3883109,29.30,\N
3883114,27.10,\N
3883115,25.64,\N
3884008,22.80,\N
3884012,27.20,\N
3884010,24.40,\N
3884011,23.41,\N
3884013,25.30,\N
3884014,25.07,\N
3884015,24.96,\N
3884016,23.78,\N
3884017,28.10,\N
3884020,24.64,\N
3884019,25.15,\N
3884022,24.70,\N
3884021,22.76,\N
3884018,25.50,\N
3884023,27.30,\N
3884024,24.45,\N
3884025,19.78,\N
3884028,23.90,\N
3884027,18.55,\N
3884030,24.04,\N
3884029,25.70,\N
3884099,22.43,\N
3884100,20.43,\N
3884101,22.40,\N
3884102,28.20,\N
3884104,19.78,\N
3884105,24.80,\N
3884106,25.80,\N
3884107,24.90,\N
3884108,21.80,\N
3884238,20.68,\N
3884239,22.01,\N
3884240,23.90,\N
3884241,20.53,\N
3884242,20.64,\N
3884243,24.75,\N
3888721,24.33,\N
3888722,26.80,\N
3888729,20.38,\N
3888733,20.93,\N
3888744,23.30,\N
3888745,26.30,\N
3888747,24.71,\N
3888748,26.40,\N
3888753,22.48,\N
3888752,25.80,\N
3888750,25.90,\N
3888751,24.65,\N
3888754,21.86,\N
3888755,23.80,\N
3888756,24.14,\N
3888757,20.03,\N
3888758,22.30,\N
3892008,28.70,\N
3892009,23.50,\N
3892010,25.75,\N
3892162,24.71,\N
3892161,21.11,\N
3892163,26.73,\N
3892165,32.00,\N
3892164,23.82,\N
3892166,23.45,\N
3892187,19.21,\N
3892194,20.77,\N
3892192,25.80,\N
3892191,21.41,\N
3892185,23.46,\N
3892186,21.24,\N
3892195,18.80,\N
3892188,26.00,\N
3892189,23.33,\N
3892190,20.67,\N
3892197,21.80,\N
3892267,23.59,\N
3892278,20.80,\N
3892312,19.41,\N
3892311,20.59,\N
3892310,22.70,\N
3892307,22.10,\N
3892773,20.11,\N
3893329,19.50,\N
54286247,25.78,\N
54440306,25.80,\N
3892168,28.40,\N
3892184,28.80,\N
3892193,27.40,\N
3892196,27.70,\N
3892198,24.70,\N
3892199,24.63,\N
3892268,24.60,\N
3892269,24.90,\N
3892272,28.10,\N
3892270,24.20,\N
3892271,24.45,\N
3892275,27.30,\N
3892280,25.33,\N
3892277,26.75,\N
3892279,25.29,\N
3892273,26.10,\N
3892274,26.74,\N
3892276,27.50,\N
3892308,23.33,\N
3892314,19.00,\N
3892309,23.00,\N
3892315,26.40,\N
3892318,23.10,\N
3892319,27.00,\N
3892648,25.70,\N
3892649,22.00,\N
3892650,22.00,\N
3892651,23.40,\N
3892652,28.50,\N
3892653,21.31,\N
3892654,27.40,\N
3892655,19.80,\N
3892656,28.80,\N
3892657,26.10,\N
3892658,24.76,\N
3892659,26.90,\N
3892660,26.80,\N
3892678,24.37,\N
3892679,25.80,\N
3892680,24.90,\N
3892681,22.70,\N
3892682,28.80,\N
3892683,24.30,\N
3892684,25.86,\N
3892685,24.40,\N
3892686,28.40,\N
3892687,26.51,\N
3892689,25.90,\N
3892688,23.34,\N
3892690,25.80,\N
3892691,27.90,\N
3892692,23.86,\N
3892693,23.73,\N
3892694,25.50,\N
3892695,23.30,\N
3892696,25.00,\N
3892697,25.90,\N
3892698,28.10,\N
3892699,27.20,\N
3892700,26.46,\N
3892701,28.40,\N
3892702,28.20,\N
3892703,27.00,\N
3892704,27.19,\N
3892705,26.70,\N
3892706,26.70,\N
3892707,22.70,\N
3892708,25.05,\N
3892709,27.80,\N
3892710,26.00,\N
3892711,25.60,\N
3892740,27.90,\N
3892741,27.80,\N
3892742,25.60,\N
3892743,22.89,\N
3892744,26.70,\N
3892745,19.69,\N
3892746,26.70,\N
3892747,25.68,\N
3892748,24.63,\N
3892749,24.19,\N
3892767,27.30,\N
3892768,24.40,\N
3892769,20.04,\N
3892772,23.50,\N
3892775,31.70,\N
3892774,25.70,\N
3892776,27.50,\N
3892802,23.24,\N
3892803,25.00,\N
3892812,22.70,\N
3892813,25.86,\N
3893209,19.91,\N
3893212,23.00,\N
3893213,23.21,\N
3893214,22.80,\N
3893225,24.43,\N
3893226,26.70,\N
3893228,23.70,\N
3893227,23.56,\N
3893340,23.14,\N
3893637,21.16,\N
3893738,21.23,\N
54017328,18.55,\N
54315349,25.07,\N
54315348,25.05,\N
54315418,24.51,\N
54315744,29.68,\N
3893229,26.50,\N
3893230,26.30,\N
3893231,26.80,\N
3893232,27.00,\N
3893233,24.20,\N
3893265,26.20,\N
3893274,22.49,\N
3893275,23.10,\N
3893276,26.50,\N
3893328,25.24,\N
3893339,24.70,\N
3893379,23.72,\N
3893380,27.20,\N
3893381,24.97,\N
3893382,24.56,\N
3893383,22.06,\N
3893384,25.80,\N
3893385,21.59,\N
3893390,20.13,\N
3893391,24.80,\N
3893392,19.63,\N
3893393,21.11,\N
3893394,21.49,\N
3893395,26.53,\N
3893396,26.10,\N
3893404,24.95,\N
3893405,26.80,\N
3893447,26.40,\N
3893446,28.00,\N
3893448,22.01,\N
3893450,22.05,\N
3893451,24.60,\N
3893452,25.10,\N
3893453,24.40,\N
3893454,21.33,\N
3893455,25.80,\N
3893456,24.93,\N
3893457,26.80,\N
3893458,25.50,\N
3893459,24.27,\N
3893487,23.00,\N
3893486,27.60,\N
3893488,25.18,\N
3893489,22.97,\N
3893490,19.07,\N
3893491,22.40,\N
3893546,24.60,\N
3893548,25.30,\N
3893547,25.40,\N
3893549,25.20,\N
3893550,25.44,\N
3893551,21.06,\N
3893592,24.98,\N
3893593,25.40,\N
3893594,20.81,\N
3893595,19.95,\N
3893630,22.80,\N
3893629,22.65,\N
3893631,26.30,\N
3893632,24.56,\N
3893634,26.45,\N
3893633,26.50,\N
3893635,25.10,\N
3893636,24.60,\N
3893638,22.40,\N
3893639,20.48,\N
3893640,27.30,\N
3893641,28.40,\N
3893642,23.39,\N
3893643,21.61,\N
3893644,23.10,\N
3893719,23.66,\N
3893720,24.41,\N
3893721,23.04,\N
3893722,26.04,\N
3893723,24.50,\N
3893725,23.87,\N
3893724,21.38,\N
3893726,23.40,\N
3893727,19.59,\N
3893728,21.00,\N
3893729,24.20,\N
3893730,22.47,\N
3893736,21.90,\N
3893737,23.30,\N
3893739,21.30,\N
3893740,20.69,\N
3893742,23.30,\N
3893743,24.02,\N
3893745,23.64,\N
3893746,24.11,\N
3893747,25.00,\N
3893748,25.80,\N
3893749,20.61,\N
3893767,22.06,\N
3893768,18.96,\N
3893769,24.30,\N
3893854,23.20,\N
3893859,23.23,\N
3893864,25.79,\N
3893946,26.10,\N
3905988,21.51,\N
3910109,27.00,\N
3939968,24.75,\N
3963426,21.74,\N
54162241,20.79,\N
54316887,27.75,\N
54443039,26.02,\N
3893770,23.53,\N
3893771,24.80,\N
3893772,27.40,\N
3893851,23.34,\N
3893852,21.86,\N
3893853,22.20,\N
3893855,25.70,\N
3893856,26.60,\N
3893857,28.05,\N
3893858,27.70,\N
3893860,27.20,\N
3893861,26.60,\N
3893862,23.80,\N
3893863,28.00,\N
3893866,24.40,\N
3893945,29.20,\N
3893947,23.88,\N
3893948,23.58,\N
3893949,27.90,\N
3893950,24.20,\N
3893951,20.41,\N
3893952,22.41,\N
3905989,19.70,\N
3905995,22.36,\N
3905996,19.28,\N
3905990,25.50,\N
3905991,25.20,\N
3905993,26.00,\N
3905987,22.13,\N
3905992,25.00,\N
3905994,21.83,\N
3905997,24.35,\N
3905998,25.05,\N
3905999,25.34,\N
3906000,26.10,\N
3906626,26.40,\N
3906628,23.90,\N
3906629,25.70,\N
3906630,20.69,\N
3906631,19.11,\N
3906632,26.80,\N
3906633,27.10,\N
3907552,23.60,\N
3907553,28.90,\N
3907554,21.28,\N
3907555,26.60,\N
3907556,25.75,\N
3909261,21.09,\N
3909262,23.30,\N
3909263,24.99,\N
3909763,26.40,\N
3909764,23.56,\N
3909765,19.85,\N
3909766,21.00,\N
3910103,24.70,\N
3910104,18.96,\N
3910106,20.32,\N
3910107,20.08,\N
3910108,20.01,\N
3914006,22.70,\N
3922358,18.68,\N
3928733,19.99,\N
3928734,20.80,\N
3933018,27.00,\N
3933019,26.92,\N
3933020,26.00,\N
3933021,24.26,\N
3933022,20.66,\N
3933023,22.25,\N
3951325,20.78,\N
54278448,18.80,\N
3939969,21.74,\N
3942355,29.70,\N
3942353,22.85,\N
3942356,25.08,\N
3942357,26.70,\N
3942358,24.70,\N
3942359,24.70,\N
3942360,21.70,\N
3942361,23.90,\N
3942362,24.10,\N
3942363,25.55,\N
3942364,26.01,\N
3942365,25.80,\N
3942366,26.50,\N
3942367,25.10,\N
3943317,27.80,\N
3943318,25.60,\N
3943319,31.50,\N
3943320,23.20,\N
3943321,23.60,\N
3943322,23.47,\N
3943323,25.10,\N
3943324,25.90,\N
3943325,25.50,\N
3943326,25.53,\N
3943327,26.70,\N
3943330,25.07,\N
3943329,25.21,\N
3943331,24.10,\N
3943332,25.20,\N
3943333,26.06,\N
3943334,24.48,\N
3943335,24.80,\N
3943336,21.84,\N
3943337,23.43,\N
3943338,26.66,\N
3943339,25.00,\N
3943340,27.40,\N
3943341,22.10,\N
3943342,25.70,\N
3943343,25.70,\N
3943344,25.38,\N
3943345,24.20,\N
3943360,25.23,\N
3943361,23.70,\N
3943362,24.50,\N
3943363,22.90,\N
3943364,28.30,\N
3943365,26.80,\N
3943366,21.77,\N
3943367,24.67,\N
3943368,24.70,\N
3943369,25.27,\N
3943370,23.31,\N
3943371,23.90,\N
3943372,28.30,\N
3943373,24.70,\N
3943374,22.50,\N
3943376,21.60,\N
3943379,21.78,\N
3943380,23.20,\N
3944182,27.10,\N
3944183,24.77,\N
3946726,27.40,\N
3946725,21.95,\N
3946728,24.07,\N
3946727,26.30,\N
3949008,22.70,\N
3949009,26.42,\N
3949010,24.20,\N
3951324,25.90,\N
3951326,22.30,\N
3951328,22.88,\N
3952749,27.70,\N
3952748,23.30,\N
3956447,27.20,\N
3956448,25.70,\N
3956449,26.40,\N
3956450,24.46,\N
3956451,24.63,\N
3956452,25.80,\N
3959218,22.72,\N
3959219,21.00,\N
3959220,22.90,\N
3959221,21.25,\N
3959222,23.40,\N
3959223,26.80,\N
3959224,22.30,\N
3959225,22.64,\N
3959226,27.00,\N
3959227,21.95,\N
3959228,20.00,\N
3959229,19.60,\N
3959230,20.33,\N
3959231,24.40,\N
3959232,25.40,\N
3959233,22.80,\N
3959234,21.89,\N
3963425,22.50,\N
3963429,25.05,\N
3963430,24.80,\N
3963431,27.30,\N
3968752,25.10,\N
3968753,24.52,\N
3968754,26.00,\N
3968755,25.00,\N
3968756,22.03,\N
3968757,25.90,\N
3968758,24.70,\N
3968760,22.46,\N
3968761,25.09,\N
3968764,19.80,\N
3968766,24.00,\N
3968767,24.40,\N
3968768,23.50,\N
3971129,21.27,\N
3971131,20.11,\N
3971132,24.10,\N
3971136,21.90,\N
3971137,25.30,\N
3971139,22.09,\N
3971140,22.50,\N
3971141,22.28,\N
3972416,21.17,\N
3986635,21.88,\N
3989163,18.60,\N
3968759,26.03,\N
3968762,26.70,\N
3968763,27.20,\N
3968765,25.70,\N
3968769,26.20,\N
3971133,20.60,\N
3971134,19.01,\N
3971138,24.79,\N
3972413,24.70,\N
3972414,20.90,\N
3972415,24.30,\N
3972417,25.50,\N
3972418,21.45,\N
3972419,25.20,\N
3972420,25.96,\N
3972422,28.73,\N
3972421,26.30,\N
3973542,28.39,\N
3973543,26.25,\N
3973544,27.60,\N
3973545,24.80,\N
3973546,23.50,\N
3973547,24.50,\N
3973548,23.19,\N
3976530,24.70,\N
3976532,26.00,\N
3976531,23.70,\N
3976533,29.60,\N
3976534,22.11,\N
3976535,27.20,\N
3976537,26.70,\N
3976536,27.50,\N
3976538,26.50,\N
3976539,26.09,\N
3976540,25.40,\N
3976541,24.16,\N
3976542,25.30,\N
3976543,26.60,\N
3976544,27.05,\N
3976545,27.00,\N
3976578,22.90,\N
3976579,24.70,\N
3978223,25.60,\N
3978224,26.70,\N
3978225,26.50,\N
3978226,23.20,\N
3985565,24.80,\N
3985566,25.79,\N
3985567,21.82,\N
3985568,22.94,\N
3985570,25.10,\N
3985572,23.33,\N
3986628,25.50,\N
3986629,22.60,\N
3986630,21.22,\N
3986631,20.32,\N
3986632,20.79,\N
3986633,19.89,\N
3986637,23.25,\N
3986639,20.24,\N
3986677,24.30,\N
3986678,25.80,\N
3986679,26.13,\N
3986680,26.20,\N
3986681,25.00,\N
3986682,20.53,\N
3986683,24.61,\N
3986685,26.60,\N
3986686,23.60,\N
54293876,24.98,\N
3986698,28.60,\N
3986699,26.20,\N
3986700,26.20,\N
3986701,21.95,\N
3986725,28.26,\N
3986726,24.88,\N
3986727,26.70,\N
3986728,26.90,\N
3986729,26.40,\N
3986730,27.80,\N
3986731,25.40,\N
3986732,25.64,\N
3986733,24.70,\N
3986734,23.00,\N
3986735,27.90,\N
3986736,24.30,\N
3986737,25.98,\N
3986738,22.50,\N
3986739,24.30,\N
3986740,22.00,\N
3986741,24.50,\N
3986742,27.10,\N
3986747,24.40,\N
3986748,28.00,\N
3986744,26.00,\N
3986749,27.50,\N
3986743,21.56,\N
3986745,26.20,\N
3986746,22.08,\N
3986760,24.58,\N
3986761,24.24,\N
3986762,22.90,\N
3986763,25.90,\N
3986764,25.60,\N
3986765,27.60,\N
3986766,22.10,\N
3986767,27.20,\N
3986768,22.90,\N
3986769,22.20,\N
3986770,26.31,\N
3986771,26.04,\N
3986772,23.00,\N
3986773,22.40,\N
3986774,25.20,\N
3986776,26.40,\N
3986775,26.93,\N
3986805,22.10,\N
3986806,21.41,\N
3986807,20.11,\N
3986808,23.78,\N
3986809,21.30,\N
3986810,21.80,\N
3986811,21.12,\N
3986812,26.80,\N
3986814,21.80,\N
3986813,26.40,\N
3986815,20.31,\N
3986829,25.20,\N
3986830,26.12,\N
3986831,20.38,\N
3986832,23.67,\N
3986833,24.20,\N
3986834,27.70,\N
3986835,24.50,\N
3986836,25.32,\N
3986837,22.40,\N
3986838,19.16,\N
3986839,26.00,\N
3986840,24.70,\N
3986841,26.90,\N
3986842,25.20,\N
3986843,23.43,\N
3986844,18.98,\N
3986845,20.88,\N
3986846,26.30,\N
3986848,25.56,\N
3986847,23.30,\N
3989077,19.82,\N
3989079,20.15,\N
3989074,21.89,\N
3989075,22.50,\N
3989076,26.60,\N
3989080,23.40,\N
3989081,26.10,\N
3989083,27.60,\N
3989082,24.32,\N
3989084,29.70,\N
3989085,25.30,\N
3989086,26.90,\N
3989087,26.20,\N
3989088,25.00,\N
3989089,23.70,\N
3989090,23.50,\N
3989091,20.70,\N
3989092,22.97,\N
3989093,20.73,\N
3989095,20.90,\N
3989096,20.98,\N
3989097,25.50,\N
3989098,23.04,\N
3989099,21.30,\N
3989138,26.44,\N
3989139,26.41,\N
3989140,24.27,\N
3989141,26.53,\N
3989142,24.20,\N
3989144,20.85,\N
3989146,25.40,\N
3989145,24.57,\N
3989147,28.60,\N
3989148,26.00,\N
3989149,25.50,\N
3989150,25.00,\N
3989151,23.36,\N
3989152,25.30,\N
3989154,22.80,\N
3989156,26.80,\N
3989157,21.70,\N
3989158,24.16,\N
3989159,25.50,\N
3989160,24.70,\N
3989161,22.90,\N
3989162,25.10,\N
3989164,27.80,\N
3989165,28.00,\N
3989166,25.80,\N
3989167,25.00,\N
3989168,24.20,\N
3989169,23.80,\N
3989170,23.80,\N
3989171,24.36,\N
3989172,19.72,\N
3989174,18.10,\N
3989176,27.99,\N
3989175,26.80,\N
3989177,24.80,\N
3989178,23.60,\N
3989181,22.50,\N
3989180,21.00,\N
3989182,20.07,\N
3989183,20.95,\N
3989184,25.18,\N
3989185,28.30,\N
3989186,21.10,\N
3989187,25.30,\N
3989188,24.14,\N
3989189,28.50,\N
3989190,25.71,\N
3989191,24.40,\N
3989192,23.90,\N
3989193,23.70,\N
3989194,25.50,\N
3989195,23.77,\N
3989196,25.60,\N
3989197,20.88,\N
3989198,22.66,\N
3989200,22.40,\N
3989199,27.19,\N
3989201,25.97,\N
3989202,24.80,\N
3989203,23.31,\N
3989204,24.90,\N
3989205,23.11,\N
3989206,26.50,\N
3989207,26.60,\N
3989208,26.90,\N
3989209,24.90,\N
3989210,21.10,\N
3989211,22.81,\N
3989212,23.30,\N
3989213,23.76,\N
3989214,23.50,\N
3989215,26.90,\N
3989216,27.60,\N
3989217,26.30,\N
3989218,26.20,\N
3989219,22.60,\N
3989220,26.10,\N
3989232,26.30,\N
3989231,24.80,\N
3989233,25.48,\N
3989234,25.20,\N
3989235,27.20,\N
3989236,25.70,\N
3989237,27.20,\N
3989238,20.50,\N
3989239,26.10,\N
3989240,25.00,\N
3989241,22.80,\N
3989242,20.99,\N
3989243,20.20,\N
3989245,23.00,\N
3989244,22.80,\N
3989246,25.70,\N
3989247,25.50,\N
3989248,22.65,\N
3989249,27.70,\N
3989250,27.50,\N
3989251,21.70,\N
3989252,23.10,\N
3989253,24.29,\N
3989254,22.45,\N
3989255,25.00,\N
3989256,26.20,\N
3989257,21.40,\N
3989258,24.90,\N
3989259,27.80,\N
3989260,23.10,\N
3989261,22.30,\N
3989262,24.20,\N
3989263,26.80,\N
3989264,24.40,\N
3989265,28.20,\N
3989266,22.70,\N
3989268,28.00,\N
3989269,22.20,\N
3989270,24.40,\N
3989273,20.84,\N
3989274,24.60,\N
3989276,25.30,\N
3989277,25.90,\N
3989278,22.30,\N
3989279,25.64,\N
3989280,24.50,\N
3989282,19.02,\N
3989283,22.60,\N
3989284,26.10,\N
3989286,23.70,\N
3989287,18.12,\N
3989288,28.90,\N
3989289,22.70,\N
3989290,20.90,\N
3989291,23.30,\N
3989292,26.20,\N
3989293,27.80,\N
3989294,20.00,\N
3989295,26.90,\N
3989296,28.50,\N
3989297,26.65,\N
3989298,26.40,\N
3989299,26.10,\N
3989300,21.70,\N
3989303,21.00,\N
3989305,21.28,\N
3989306,21.50,\N
3989308,27.40,\N
3989307,23.10,\N
3989312,25.40,\N
3989315,29.90,\N
3989314,22.79,\N
3989316,20.90,\N
3989317,18.76,\N
3989331,18.90,\N
3989332,24.25,\N
3989333,22.30,\N
3989334,25.20,\N
3989335,23.50,\N
3989336,21.39,\N
3989337,18.51,\N
3989338,27.70,\N
3989339,24.10,\N
3989340,23.43,\N
3989341,18.30,\N
3989342,20.13,\N
3989343,24.56,\N
3989344,24.08,\N
3989345,27.40,\N
3989346,21.86,\N
3989347,21.60,\N
3989348,22.72,\N
3989351,24.80,\N
3989352,23.20,\N
3989353,27.00,\N
3989354,26.40,\N
3989358,24.60,\N
3989395,25.20,\N
3989398,26.60,\N
3989399,22.09,\N
3989403,26.00,\N
3989410,22.40,\N
3989677,21.21,\N
3989723,25.50,\N
3991582,20.37,\N
3991614,25.10,\N
54000002,24.80,\N
54005697,26.60,\N
54016279,24.64,\N
54016342,19.23,\N
3989349,29.60,\N
3989355,27.70,\N
3989356,28.00,\N
3989357,28.30,\N
3989396,25.00,\N
3989397,27.40,\N
3989400,25.16,\N
3989401,25.30,\N
3989404,26.90,\N
3989405,28.40,\N
3989406,27.40,\N
3989407,27.90,\N
3989408,27.40,\N
3989409,26.10,\N
3989412,27.00,\N
3989413,27.00,\N
3989414,27.50,\N
3989415,28.10,\N
3989416,28.20,\N
3989455,25.60,\N
3989454,25.16,\N
3989456,32.56,\N
3989457,23.20,\N
3989459,27.10,\N
3989458,29.40,\N
3989460,25.00,\N
3989506,25.10,\N
3989507,27.90,\N
3989648,26.10,\N
3989649,25.71,\N
3989650,23.80,\N
3989651,24.10,\N
3989652,25.50,\N
3989653,23.89,\N
3989654,26.60,\N
3989671,19.96,\N
3989672,22.90,\N
3989673,22.70,\N
3989674,24.20,\N
3989675,22.10,\N
3989676,28.86,\N
3989678,27.10,\N
3989721,24.19,\N
3989722,20.95,\N
3989724,22.70,\N
3989813,24.13,\N
3989814,23.69,\N
3991546,25.40,\N
3991547,24.30,\N
3991554,20.20,\N
3991555,25.09,\N
3991556,21.30,\N
3991576,27.60,\N
3991577,24.50,\N
3991578,24.60,\N
3991579,27.20,\N
3991580,29.28,\N
3991581,19.47,\N
3991583,24.70,\N
3991584,22.02,\N
3991585,26.80,\N
3991586,25.60,\N
3991588,28.60,\N
3991587,27.32,\N
3991593,24.40,\N
3991594,26.30,\N
3991595,27.30,\N
3991596,25.80,\N
3991605,26.30,\N
3991606,22.70,\N
3991607,27.50,\N
3991616,21.40,\N
3991642,25.20,\N
3991649,24.50,\N
54000953,31.74,\N
54006018,24.50,\N
54293318,28.00,\N
3991592,24.43,\N
3991597,26.77,\N
3991598,26.73,\N
3991608,23.56,\N
3991609,27.00,\N
3991610,26.18,\N
3991611,25.80,\N
3991612,26.20,\N
3991613,26.06,\N
3991615,25.40,\N
3991617,26.90,\N
3991618,23.90,\N
3991619,27.00,\N
3991644,21.43,\N
3991643,26.50,\N
3991645,24.80,\N
3991646,28.00,\N
3991647,28.70,\N
3991648,26.70,\N
3991650,30.40,\N
3991652,19.99,\N
3991651,25.40,\N
3991653,28.60,\N
3991654,29.80,\N
3991655,24.50,\N
3991656,25.30,\N
3991657,27.00,\N
3991658,27.80,\N
3991659,24.63,\N
3991660,24.55,\N
3991661,24.88,\N
3991662,26.80,\N
3991663,20.70,\N
3991664,23.75,\N
3991665,22.61,\N
3991666,25.48,\N
3991693,24.50,\N
3991694,26.09,\N
3991695,24.10,\N
3991696,26.72,\N
3991697,24.10,\N
3991698,27.40,\N
3991699,26.50,\N
3991701,21.85,\N
3991703,24.00,\N
3991727,22.80,\N
3991728,25.10,\N
3991729,18.99,\N
3991730,25.90,\N
3991731,27.50,\N
3991732,26.20,\N
3991733,19.66,\N
3991734,25.20,\N
3991735,26.30,\N
3991736,26.30,\N
3991738,26.50,\N
3991737,27.20,\N
3991752,26.84,\N
3994618,21.50,\N
3994619,18.80,\N
3994620,21.78,\N
3994621,27.60,\N
3994622,25.10,\N
54000000,23.50,\N
54000001,25.10,\N
54000003,24.00,\N
54000955,20.52,\N
54000956,21.95,\N
54000957,24.98,\N
54000958,23.90,\N
54000959,24.20,\N
54000960,27.53,\N
54005585,24.40,\N
54005657,26.20,\N
54005658,26.84,\N
54005659,27.50,\N
54005660,25.80,\N
54005661,24.90,\N
54005662,26.10,\N
54005663,25.90,\N
54005664,21.21,\N
54005665,24.90,\N
54005666,27.90,\N
54005667,28.40,\N
54005701,24.70,\N
54005702,25.50,\N
54005703,25.59,\N
54005704,25.40,\N
54005705,25.70,\N
54005706,28.30,\N
54005707,26.20,\N
54005708,28.15,\N
54006014,24.40,\N
54006013,22.90,\N
54006015,24.80,\N
54006016,24.20,\N
54006017,21.73,\N
54006019,27.90,\N
54006020,27.50,\N
54006021,25.18,\N
54006022,25.86,\N
54006023,29.75,\N
54006054,25.50,\N
54006055,23.59,\N
54006056,25.40,\N
54006057,25.00,\N
54006058,26.90,\N
54006081,25.00,\N
54013533,23.20,\N
54211503,30.31,\N
54293316,25.58,\N
54293315,27.81,\N
54293578,24.64,\N
54007826,24.60,\N
54013535,19.44,\N
54013538,26.92,\N
54013539,27.00,\N
54013540,26.20,\N
54013541,29.70,\N
54013542,21.00,\N
54013543,23.70,\N
54013544,24.90,\N
54013566,18.09,\N
54013568,25.90,\N
54016185,29.20,\N
54016186,27.00,\N
54016189,23.46,\N
54016190,25.80,\N
54016191,24.10,\N
54016197,22.40,\N
54016332,22.00,\N
54016187,25.50,\N
54016188,23.20,\N
54016198,27.67,\N
54016196,22.40,\N
54016199,26.80,\N
54016200,27.90,\N
54016201,26.10,\N
54016202,28.30,\N
54016203,24.81,\N
54016204,24.10,\N
54016205,27.60,\N
54016206,25.90,\N
54016207,25.99,\N
54016208,27.31,\N
54016209,26.10,\N
54016210,27.80,\N
54016211,24.30,\N
54016212,26.40,\N
54016213,24.90,\N
54016214,26.70,\N
54016215,24.61,\N
54016216,23.40,\N
54016217,25.30,\N
54016218,26.37,\N
54016219,25.60,\N
54016220,27.40,\N
54016221,26.00,\N
54016222,27.90,\N
54016223,25.10,\N
54016224,25.20,\N
54016225,25.40,\N
54016226,27.40,\N
54016227,26.75,\N
54016228,29.30,\N
54016229,22.80,\N
54016232,21.20,\N
54016233,23.45,\N
54016234,21.70,\N
54016235,21.23,\N
54016236,21.13,\N
54016237,22.40,\N
54016238,27.80,\N
54016239,26.90,\N
54016240,25.70,\N
54016241,26.60,\N
54016242,27.46,\N
54016247,26.20,\N
54016248,28.00,\N
54016249,25.70,\N
54016250,26.00,\N
54016280,21.16,\N
54016281,20.15,\N
54016283,23.10,\N
54016292,26.10,\N
54016293,26.30,\N
54016294,25.10,\N
54016295,22.40,\N
54016296,24.32,\N
54016297,23.10,\N
54016305,28.60,\N
54016306,22.16,\N
54016307,24.10,\N
54016308,23.60,\N
54016310,25.20,\N
54016309,25.10,\N
54016311,23.40,\N
54016312,25.07,\N
54016313,24.90,\N
54016314,23.40,\N
54016315,22.60,\N
54016317,25.10,\N
54016316,24.80,\N
54016319,26.30,\N
54016321,23.93,\N
54016318,25.30,\N
54016320,23.40,\N
54016324,24.49,\N
54016323,23.10,\N
54016322,23.80,\N
54016330,20.70,\N
54016331,23.70,\N
54016333,23.10,\N
54016334,27.70,\N
54016335,21.07,\N
54016336,24.11,\N
54016337,26.80,\N
54016338,23.06,\N
54016339,23.80,\N
54016340,24.00,\N
54016341,27.90,\N
54016352,26.90,\N
54016353,28.40,\N
54016354,29.50,\N
54016355,27.50,\N
54016356,26.96,\N
54016357,23.25,\N
54016358,24.50,\N
54016359,27.00,\N
54016361,25.39,\N
54016360,21.70,\N
54016362,21.73,\N
54016363,24.57,\N
54016364,23.48,\N
54016365,21.19,\N
54016366,24.80,\N
54016367,20.50,\N
54016368,24.60,\N
54016369,24.90,\N
54016370,25.20,\N
54016371,23.00,\N
54016372,26.00,\N
54016373,20.74,\N
54016374,23.21,\N
54016375,28.60,\N
54016376,25.90,\N
54016377,20.55,\N
54016378,29.70,\N
54016379,21.00,\N
54016380,25.00,\N
54016381,26.00,\N
54016393,23.50,\N
54016394,22.30,\N
54016396,25.72,\N
54016397,25.30,\N
54016400,20.80,\N
54016401,20.06,\N
54016402,20.67,\N
54016403,27.10,\N
54016404,20.14,\N
54016406,28.10,\N
54016411,25.30,\N
54016410,21.94,\N
54016413,25.07,\N
54016414,21.45,\N
54016421,22.00,\N
54016424,22.91,\N
54016425,23.22,\N
54016426,22.41,\N
54016427,25.10,\N
54016429,21.30,\N
54016435,22.30,\N
54016486,26.10,\N
54057195,23.65,\N
54440305,24.00,\N
54016430,25.70,\N
54016431,26.50,\N
54016432,22.09,\N
54016433,28.17,\N
54016434,26.00,\N
54016436,26.50,\N
54016437,29.00,\N
54016442,26.80,\N
54016443,23.10,\N
54016444,26.50,\N
54016445,27.40,\N
54016446,28.10,\N
54016447,24.50,\N
54016448,26.40,\N
54016449,25.60,\N
54016452,23.70,\N
54016453,25.70,\N
54016454,24.80,\N
54016455,26.30,\N
54016456,27.30,\N
54016457,24.10,\N
54016458,25.30,\N
54016459,27.00,\N
54016460,24.80,\N
54016461,26.90,\N
54016462,25.25,\N
54016463,23.20,\N
54016464,27.10,\N
54016465,26.30,\N
54016466,25.30,\N
54016467,25.62,\N
54016468,26.20,\N
54016469,25.19,\N
54016470,26.80,\N
54016471,23.70,\N
54016472,27.00,\N
54016473,27.60,\N
54016474,23.60,\N
54016475,26.80,\N
54016476,23.70,\N
54016477,22.20,\N
54016478,24.90,\N
54016479,27.00,\N
54016480,27.90,\N
54016481,25.80,\N
54016483,21.86,\N
54016485,26.60,\N
54016484,26.00,\N
54016489,21.14,\N
54016493,21.14,\N
54016492,21.52,\N
54016495,20.41,\N
54016494,20.80,\N
54016496,26.00,\N
54016498,24.30,\N
54016499,26.60,\N
54016500,24.80,\N
54016501,22.50,\N
54016506,23.60,\N
54016507,25.60,\N
54016508,26.30,\N
54016509,24.60,\N
54016510,18.36,\N
54016511,26.50,\N
54016515,22.97,\N
54016516,25.20,\N
54016517,21.40,\N
54016519,26.70,\N
54016520,26.50,\N
54016527,23.60,\N
54016528,27.90,\N
54016529,25.04,\N
54016530,26.50,\N
54016531,23.60,\N
54016532,27.30,\N
54016533,26.10,\N
54016540,19.80,\N
54016551,22.73,\N
54016541,25.70,\N
54016542,25.20,\N
54016543,24.50,\N
54016544,23.60,\N
54016545,25.20,\N
54016546,24.30,\N
54016547,19.99,\N
54016548,25.30,\N
54016549,25.06,\N
54016550,25.00,\N
54016558,24.30,\N
54016560,28.60,\N
54016559,28.60,\N
54016561,24.20,\N
54016562,21.18,\N
54016563,26.70,\N
54016564,24.90,\N
54016565,28.80,\N
54016566,26.20,\N
54016567,24.30,\N
54016576,22.91,\N
54016577,27.10,\N
54016578,23.20,\N
54016579,23.74,\N
54016580,27.40,\N
54016583,23.30,\N
54016584,24.30,\N
54016585,23.60,\N
54016586,25.30,\N
54016587,21.10,\N
54016588,25.40,\N
54016589,26.94,\N
54016590,28.60,\N
54016604,23.60,\N
54016605,24.50,\N
54016606,25.86,\N
54016607,25.85,\N
54016608,23.50,\N
54016609,22.56,\N
54016611,19.40,\N
54016612,24.00,\N
54016613,24.31,\N
54016614,20.64,\N
54016615,22.10,\N
54016616,23.00,\N
54016617,21.40,\N
54016618,23.98,\N
54016619,22.13,\N
54016620,23.32,\N
54016621,24.80,\N
54016632,25.70,\N
54016633,25.80,\N
54016634,24.30,\N
54016635,22.40,\N
54016637,22.40,\N
54016638,22.46,\N
54016639,26.59,\N
54016640,19.10,\N
54016641,24.89,\N
54016642,22.11,\N
54016643,24.96,\N
54016644,25.12,\N
54016665,23.00,\N
54016666,24.40,\N
54016660,26.08,\N
54016661,23.80,\N
54016664,22.60,\N
54016662,24.20,\N
54016663,24.10,\N
54016667,24.80,\N
54016668,29.40,\N
54016669,26.00,\N
54016670,22.30,\N
54016671,25.36,\N
54016672,24.04,\N
54016673,27.91,\N
54016674,25.30,\N
54016675,26.00,\N
54016676,22.10,\N
54016677,27.20,\N
54016678,23.10,\N
54016679,24.80,\N
54016680,23.75,\N
54016681,27.40,\N
54016682,26.20,\N
54016683,22.20,\N
54016684,20.14,\N
54016685,20.24,\N
54016687,24.60,\N
54016686,24.50,\N
54016689,25.50,\N
54016688,24.80,\N
54016690,26.60,\N
54016691,27.00,\N
54016709,23.00,\N
54016710,25.50,\N
54016712,22.11,\N
54016715,23.35,\N
54016714,23.10,\N
54016713,26.30,\N
54016716,24.20,\N
54016721,26.80,\N
54016722,24.00,\N
54016724,26.90,\N
54016723,21.79,\N
54016725,27.70,\N
54016727,26.70,\N
54016726,25.70,\N
54016728,19.21,\N
54016729,23.70,\N
54016730,25.20,\N
54016731,20.63,\N
54016732,23.60,\N
54016733,25.00,\N
54016734,28.50,\N
54016735,25.10,\N
54016736,20.24,\N
54016737,22.90,\N
54016739,24.70,\N
54016738,25.50,\N
54016740,19.90,\N
54016741,22.43,\N
54016742,25.50,\N
54016746,24.20,\N
54016747,25.42,\N
54016748,19.79,\N
54016749,25.60,\N
54016750,26.50,\N
54016754,22.90,\N
54016755,22.10,\N
54016756,26.70,\N
54016757,27.60,\N
54016758,27.80,\N
54016759,26.60,\N
54016760,22.67,\N
54016761,26.70,\N
54016762,28.00,\N
54016763,23.00,\N
54016764,26.10,\N
54016765,22.20,\N
54016766,24.70,\N
54016767,19.40,\N
54016768,21.74,\N
54016769,26.00,\N
54016771,26.90,\N
54016770,25.40,\N
54016772,22.84,\N
54016773,24.20,\N
54016777,25.30,\N
54016778,28.80,\N
54016779,26.10,\N
54016780,21.84,\N
54016781,22.91,\N
54016782,25.80,\N
54016783,24.48,\N
54016784,23.80,\N
54016785,24.00,\N
54016786,26.10,\N
54016787,25.40,\N
54016805,29.10,\N
54016806,26.90,\N
54016807,29.70,\N
54016808,27.10,\N
54016809,27.10,\N
54016810,25.40,\N
54016811,22.30,\N
54016812,24.90,\N
54016813,23.70,\N
54016814,21.45,\N
54016816,26.30,\N
54016817,26.90,\N
54016818,21.44,\N
54016819,28.60,\N
54016836,27.90,\N
54016837,22.77,\N
54016838,25.10,\N
54016839,24.40,\N
54016911,19.57,\N
54016912,24.00,\N
54016913,24.70,\N
54016914,23.38,\N
54016915,25.20,\N
54016916,23.50,\N
54016917,24.20,\N
54016918,25.30,\N
54016919,21.91,\N
54016920,24.80,\N
54016921,22.70,\N
54016933,23.38,\N
54016934,24.30,\N
54016936,18.53,\N
54016935,18.86,\N
54016937,20.57,\N
54016938,22.20,\N
54016939,27.30,\N
54016940,25.50,\N
54016950,23.70,\N
54016956,21.21,\N
54017051,21.57,\N
54017083,23.80,\N
54017093,21.30,\N
54017168,20.58,\N
54017279,22.40,\N
54286246,24.77,\N
54539808,21.08,\N
54016946,27.20,\N
54016947,23.47,\N
54016951,25.00,\N
54016952,19.91,\N
54016953,26.20,\N
54016954,26.10,\N
54016955,25.80,\N
54016957,21.80,\N
54016959,29.90,\N
54016960,24.07,\N
54016961,22.80,\N
54016964,26.20,\N
54016965,27.40,\N
54016966,25.90,\N
54016967,20.87,\N
54016969,25.10,\N
54016970,25.80,\N
54016974,22.32,\N
54016975,20.83,\N
54016979,21.40,\N
54016981,23.80,\N
54016986,24.50,\N
54016987,22.87,\N
54016988,26.70,\N
54016989,26.40,\N
54016990,25.90,\N
54016992,24.70,\N
54016991,27.10,\N
54016993,25.95,\N
54016994,24.90,\N
54016995,23.30,\N
54016996,27.50,\N
54016997,28.30,\N
54016998,26.00,\N
54016999,29.00,\N
54017000,23.80,\N
54017001,22.10,\N
54017003,26.10,\N
54017002,27.60,\N
54017014,24.20,\N
54017015,24.30,\N
54017030,26.50,\N
54017033,22.52,\N
54017031,23.81,\N
54017032,25.40,\N
54017034,25.70,\N
54017035,25.54,\N
54017037,27.71,\N
54017036,23.75,\N
54017038,23.23,\N
54017039,24.56,\N
54017040,24.20,\N
54017041,27.31,\N
54017042,23.50,\N
54017043,24.70,\N
54017045,23.80,\N
54017053,26.40,\N
54017054,25.60,\N
54017055,25.90,\N
54017061,23.30,\N
54017062,22.40,\N
54017064,25.50,\N
54017074,23.90,\N
54017075,19.71,\N
54017076,25.70,\N
54017110,23.10,\N
54017111,21.59,\N
54017115,22.24,\N
54017118,26.06,\N
54017128,22.50,\N
54017139,26.10,\N
54017142,21.68,\N
54017159,27.40,\N
54017201,24.60,\N
54017217,22.80,\N
54017226,24.00,\N
54017263,24.00,\N
54017561,19.40,\N
54046598,21.20,\N
54049901,20.56,\N
54148939,21.31,\N
54225503,27.55,\N
54017044,27.50,\N
54017052,24.80,\N
54017056,24.40,\N
54017057,25.30,\N
54017058,25.40,\N
54017059,24.00,\N
54017060,24.50,\N
54017063,24.65,\N
54017077,24.80,\N
54017078,23.80,\N
54017079,23.40,\N
54017080,23.80,\N
54017081,27.90,\N
54017082,23.27,\N
54017084,28.10,\N
54017085,25.80,\N
54017086,24.05,\N
54017087,28.53,\N
54017088,25.00,\N
54017090,28.50,\N
54017089,26.33,\N
54017091,26.20,\N
54017092,25.40,\N
54017094,26.70,\N
54017095,24.00,\N
54017096,21.99,\N
54017097,27.90,\N
54017098,24.50,\N
54017112,27.50,\N
54017113,26.40,\N
54017114,20.90,\N
54017116,22.50,\N
54017117,22.98,\N
54017119,24.90,\N
54017121,24.10,\N
54017122,24.60,\N
54017129,21.00,\N
54017130,24.50,\N
54017131,26.20,\N
54017132,28.80,\N
54017133,24.50,\N
54017134,23.50,\N
54017135,21.10,\N
54017136,22.70,\N
54017137,24.60,\N
54017138,23.45,\N
54017140,21.02,\N
54017141,23.30,\N
54017143,26.20,\N
54017144,22.20,\N
54017156,23.14,\N
54017157,23.50,\N
54017158,26.32,\N
54017160,24.40,\N
54017161,25.10,\N
54017162,26.60,\N
54017163,24.40,\N
54017164,21.70,\N
54017165,25.80,\N
54017166,25.90,\N
54017167,18.71,\N
54017178,23.59,\N
54017179,27.70,\N
54017180,24.80,\N
54017181,23.70,\N
54017182,26.40,\N
54017183,26.51,\N
54017184,26.90,\N
54017185,23.90,\N
54017186,26.00,\N
54017187,25.40,\N
54017188,24.40,\N
54017189,22.10,\N
54017195,19.69,\N
54017197,25.90,\N
54017198,23.50,\N
54017199,23.70,\N
54017200,19.58,\N
54017202,22.50,\N
54017203,25.80,\N
54017204,22.90,\N
54017205,26.18,\N
54017213,26.80,\N
54017214,26.30,\N
54017215,25.30,\N
54017216,24.40,\N
54017223,25.00,\N
54017225,29.90,\N
54017228,26.30,\N
54017227,24.00,\N
54017229,27.90,\N
54017231,21.34,\N
54017230,26.90,\N
54017232,26.50,\N
54017234,20.98,\N
54017233,23.24,\N
54017245,23.80,\N
54017246,26.40,\N
54017247,27.20,\N
54017248,26.60,\N
54017249,23.60,\N
54017250,24.80,\N
54017251,27.40,\N
54017252,23.60,\N
54017253,22.02,\N
54017254,29.40,\N
54017255,26.80,\N
54017256,27.20,\N
54017257,20.98,\N
54017258,21.93,\N
54017259,25.30,\N
54017260,22.21,\N
54017261,20.18,\N
54017262,22.30,\N
54017264,25.40,\N
54017268,19.40,\N
54017271,23.30,\N
54017272,24.20,\N
54017273,26.30,\N
54017274,21.50,\N
54017275,20.13,\N
54017276,26.70,\N
54017280,27.10,\N
54017282,23.80,\N
54017288,19.25,\N
54017289,24.40,\N
54017290,24.80,\N
54017291,22.70,\N
54017292,20.04,\N
54017294,22.70,\N
54017293,26.90,\N
54017302,25.84,\N
54017303,25.40,\N
54017304,27.40,\N
54017312,21.00,\N
54017313,20.09,\N
54017314,20.85,\N
54017316,24.99,\N
54017317,26.20,\N
54017323,21.90,\N
54017324,26.50,\N
54017343,21.27,\N
54017439,22.68,\N
54017558,22.43,\N
54049874,22.55,\N
54099943,18.94,\N
54017329,25.30,\N
54017344,24.90,\N
54017367,24.30,\N
54017368,22.38,\N
54017369,22.19,\N
54017376,25.50,\N
54017377,24.50,\N
54017378,22.21,\N
54017381,21.33,\N
54017399,23.50,\N
54017400,25.50,\N
54017401,24.70,\N
54017402,23.60,\N
54017403,26.80,\N
54017404,25.10,\N
54017405,24.10,\N
54017412,23.30,\N
54017411,24.48,\N
54017418,25.30,\N
54017419,24.85,\N
54017420,23.60,\N
54017435,25.30,\N
54017436,21.59,\N
54017437,23.30,\N
54017438,20.11,\N
54017440,21.39,\N
54017454,21.49,\N
54017475,23.00,\N
54017528,22.10,\N
54017536,22.10,\N
54017537,21.40,\N
54017538,22.10,\N
54017539,19.75,\N
54017540,20.94,\N
54017541,21.30,\N
54017542,22.35,\N
54017543,24.00,\N
54017545,21.80,\N
54017556,21.88,\N
54017557,22.36,\N
54017685,23.50,\N
54048829,19.64,\N
54017450,25.30,\N
54017451,24.50,\N
54017452,23.89,\N
54017453,22.50,\N
54017455,23.60,\N
54017456,23.54,\N
54017457,20.70,\N
54017472,21.35,\N
54017473,25.29,\N
54017474,22.50,\N
54017476,25.86,\N
54017477,25.10,\N
54017529,24.90,\N
54017530,20.82,\N
54017535,20.20,\N
54017544,22.00,\N
54017546,26.10,\N
54017555,23.40,\N
54017559,23.95,\N
54017560,20.61,\N
54017562,25.80,\N
54017563,25.40,\N
54017564,21.70,\N
54017565,26.00,\N
54017566,27.60,\N
54017577,23.60,\N
54017578,26.11,\N
54017579,24.90,\N
54017580,23.30,\N
54017581,24.80,\N
54017593,24.40,\N
54017594,19.22,\N
54017596,24.80,\N
54017597,21.67,\N
54017598,19.88,\N
54017610,23.20,\N
54017611,27.90,\N
54017613,22.20,\N
54017614,22.80,\N
54017615,22.23,\N
54017617,24.50,\N
54017626,24.00,\N
54017627,24.40,\N
54017639,21.20,\N
54017643,24.50,\N
54017642,23.40,\N
54017644,18.93,\N
54017645,22.60,\N
54017646,22.40,\N
54017647,24.40,\N
54017648,25.90,\N
54017649,25.00,\N
54017650,21.90,\N
54017651,25.00,\N
54017652,25.80,\N
54017653,20.60,\N
54017654,19.93,\N
54017655,23.24,\N
54017662,24.60,\N
54017664,21.70,\N
54017665,22.70,\N
54017666,24.50,\N
54017683,23.40,\N
54017684,23.68,\N
54017686,19.95,\N
54017687,22.06,\N
54017692,21.42,\N
54017693,24.60,\N
54017694,22.70,\N
54017697,24.10,\N
54017701,24.00,\N
54036654,21.72,\N
54041665,23.28,\N
54049786,20.01,\N
54051247,20.50,\N
54054499,22.50,\N
54465297,30.09,\N
54499718,31.91,\N
54017702,21.50,\N
54017704,26.18,\N
54017783,22.16,\N
54017784,21.84,\N
54028097,21.61,\N
54031742,24.06,\N
54031743,21.80,\N
54031744,25.10,\N
54031745,22.60,\N
54031746,23.60,\N
54031747,26.10,\N
54034187,24.50,\N
54034188,26.80,\N
54034189,27.50,\N
54034190,23.70,\N
54034191,21.48,\N
54034192,22.92,\N
54034193,22.49,\N
54036655,22.80,\N
54041664,26.21,\N
54041666,25.40,\N
54041667,23.60,\N
54041668,20.59,\N
54041669,22.82,\N
54046596,24.50,\N
54046597,22.90,\N
54046599,22.80,\N
54048813,23.06,\N
54048814,22.70,\N
54048828,18.95,\N
54048831,19.91,\N
54048849,19.99,\N
54049898,20.40,\N
54499710,32.49,\N
54048844,23.69,\N
54048845,26.60,\N
54048846,23.76,\N
54048847,22.09,\N
54048848,23.70,\N
54048850,25.60,\N
54048851,23.60,\N
54048864,22.90,\N
54048865,26.93,\N
54048866,23.80,\N
54048867,23.38,\N
54048868,22.52,\N
54048869,22.80,\N
54048870,22.23,\N
54048878,24.20,\N
54048879,25.60,\N
54048880,23.05,\N
54048882,23.80,\N
54048881,26.40,\N
54048884,22.00,\N
54048885,24.60,\N
54048886,24.60,\N
54048887,23.40,\N
54048889,20.80,\N
54048888,24.00,\N
54048890,24.90,\N
54048892,20.95,\N
54048891,21.20,\N
54048900,26.30,\N
54048901,23.30,\N
54048902,24.36,\N
54048903,18.72,\N
54048922,21.70,\N
54048923,27.10,\N
54048924,24.20,\N
54048940,27.30,\N
54048941,19.86,\N
54048942,24.88,\N
54048943,23.50,\N
54048944,24.60,\N
54048945,25.20,\N
54048946,26.00,\N
54048947,19.78,\N
54049341,21.30,\N
54048949,21.50,\N
54048948,24.76,\N
54049346,23.70,\N
54049347,25.55,\N
54049348,23.80,\N
54049349,26.80,\N
54049350,24.65,\N
54049351,23.40,\N
54049352,22.02,\N
54049353,24.50,\N
54049354,21.60,\N
54049355,23.70,\N
54049356,20.95,\N
54049357,22.72,\N
54049759,23.30,\N
54049358,21.20,\N
54049359,23.67,\N
54049762,19.62,\N
54049763,24.00,\N
54049764,22.42,\N
54049765,24.10,\N
54049766,22.44,\N
54049767,22.70,\N
54049769,23.70,\N
54049781,25.88,\N
54049782,24.80,\N
54049783,23.40,\N
54049784,24.30,\N
54049785,24.30,\N
54049788,25.60,\N
54049787,22.29,\N
54049789,26.30,\N
54049792,27.10,\N
54049791,23.80,\N
54049793,24.40,\N
54049794,30.35,\N
54049795,24.30,\N
54049796,26.90,\N
54049797,27.40,\N
54049806,24.20,\N
54049807,22.60,\N
54049822,25.40,\N
54049823,21.60,\N
54049824,19.42,\N
54049831,24.56,\N
54049834,24.90,\N
54049835,20.23,\N
54049836,26.22,\N
54049837,26.95,\N
54049854,23.70,\N
54049856,26.10,\N
54049861,25.00,\N
54049862,20.46,\N
54049863,19.24,\N
54049865,25.00,\N
54049871,24.00,\N
54049872,26.10,\N
54049873,20.10,\N
54049875,22.00,\N
54049886,19.84,\N
54049889,21.26,\N
54049891,19.22,\N
54050968,26.00,\N
54050972,20.88,\N
54050993,20.75,\N
54051018,21.84,\N
54051102,20.24,\N
54051129,20.29,\N
54051132,24.09,\N
54051170,24.60,\N
54053721,20.76,\N
54054564,18.63,\N
54130041,19.52,\N
54297992,25.72,\N
54049885,28.84,\N
54049890,28.00,\N
54049893,23.20,\N
54049899,23.70,\N
54049900,20.04,\N
54049902,25.10,\N
54049904,21.58,\N
54049905,26.10,\N
54049906,20.84,\N
54050969,24.50,\N
54050970,25.50,\N
54050971,23.52,\N
54050973,26.20,\N
54050975,25.80,\N
54050976,25.10,\N
54050977,25.50,\N
54050978,20.70,\N
54050979,21.90,\N
54050980,21.02,\N
54050981,25.30,\N
54050982,19.20,\N
54050991,23.10,\N
54050992,24.90,\N
54050994,25.10,\N
54050995,26.80,\N
54050996,28.00,\N
54050997,25.45,\N
54050998,25.00,\N
54050999,26.68,\N
54051012,25.40,\N
54051013,26.48,\N
54051014,24.60,\N
54051015,26.40,\N
54051016,23.62,\N
54051019,18.60,\N
54051020,26.50,\N
54051021,27.74,\N
54051023,24.50,\N
54051022,21.00,\N
54051036,26.80,\N
54051037,21.49,\N
54051038,23.06,\N
54051039,26.10,\N
54051041,25.00,\N
54051040,22.00,\N
54051042,24.40,\N
54051043,22.70,\N
54051044,25.80,\N
54051045,26.23,\N
54051046,25.50,\N
54051047,27.50,\N
54051048,28.80,\N
54051049,25.03,\N
54051050,26.50,\N
54051051,23.50,\N
54051052,20.33,\N
54051053,25.10,\N
54051064,24.30,\N
54051063,25.80,\N
54051066,24.30,\N
54051067,25.30,\N
54051068,24.70,\N
54051070,21.08,\N
54051071,19.91,\N
54051072,25.00,\N
54051073,24.80,\N
54051074,23.03,\N
54051075,21.40,\N
54051080,26.90,\N
54051081,25.00,\N
54051082,22.80,\N
54051083,20.39,\N
54051084,23.80,\N
54051085,25.07,\N
54051086,23.02,\N
54051087,24.00,\N
54051088,25.62,\N
54051089,21.84,\N
54051090,26.95,\N
54051091,25.00,\N
54051092,23.60,\N
54051093,21.70,\N
54051094,24.82,\N
54051095,24.00,\N
54051096,26.90,\N
54051097,25.90,\N
54051098,21.37,\N
54051100,21.24,\N
54051101,24.10,\N
54051104,23.40,\N
54051105,23.60,\N
54051106,18.56,\N
54051107,20.20,\N
54051108,25.80,\N
54051109,23.18,\N
54051126,22.37,\N
54051127,25.80,\N
54051130,24.11,\N
54051133,19.13,\N
54051137,25.50,\N
54051139,22.00,\N
54051142,29.56,\N
54051158,22.75,\N
54051160,24.30,\N
54051161,22.60,\N
54051162,24.89,\N
54051164,26.90,\N
54051165,25.70,\N
54051166,25.60,\N
54051167,23.56,\N
54051173,24.30,\N
54051174,22.90,\N
54051178,18.63,\N
54051261,22.80,\N
54051387,21.67,\N
54051582,18.53,\N
54053754,23.21,\N
54053800,25.70,\N
54053850,22.34,\N
54125899,18.20,\N
54051103,22.76,\N
54051110,27.40,\N
54051125,21.30,\N
54051128,27.30,\N
54051131,29.90,\N
54051135,25.50,\N
54051134,26.80,\N
54051136,24.30,\N
54051138,20.96,\N
54051140,25.60,\N
54051141,24.00,\N
54051143,27.20,\N
54051159,21.60,\N
54051163,24.30,\N
54051168,23.40,\N
54051169,24.60,\N
54051171,25.36,\N
54051172,21.38,\N
54051175,25.10,\N
54051176,26.80,\N
54051177,26.55,\N
54051179,28.61,\N
54051180,26.70,\N
54051181,24.89,\N
54051182,23.73,\N
54051183,24.10,\N
54051184,21.30,\N
54051185,23.20,\N
54051186,27.30,\N
54051187,26.20,\N
54051243,25.70,\N
54051244,23.90,\N
54051245,24.00,\N
54051246,26.90,\N
54051248,24.20,\N
54051249,25.10,\N
54051250,22.00,\N
54051251,25.30,\N
54051252,25.40,\N
54051253,25.20,\N
54051254,23.10,\N
54051255,24.40,\N
54051256,25.00,\N
54051257,27.90,\N
54051258,21.85,\N
54051260,23.47,\N
54051262,25.00,\N
54051285,26.60,\N
54051286,26.70,\N
54051287,25.33,\N
54051288,27.10,\N
54051289,25.60,\N
54051290,23.93,\N
54051291,20.60,\N
54051292,25.80,\N
54051293,31.20,\N
54051294,20.70,\N
54051295,18.41,\N
54051296,19.38,\N
54051298,26.20,\N
54051297,25.10,\N
54051299,25.70,\N
54051301,24.10,\N
54051303,21.02,\N
54051304,24.00,\N
54051305,22.70,\N
54051306,25.30,\N
54051316,19.55,\N
54051317,24.93,\N
54051318,25.40,\N
54051319,22.90,\N
54051320,24.80,\N
54051321,20.90,\N
54051324,24.90,\N
54051325,24.80,\N
54051326,23.80,\N
54051327,23.50,\N
54051328,19.70,\N
54051330,24.70,\N
54051329,18.56,\N
54051342,28.60,\N
54051345,28.80,\N
54051346,24.40,\N
54051347,23.70,\N
54051348,25.40,\N
54051349,21.60,\N
54051371,25.30,\N
54051372,23.08,\N
54051373,23.56,\N
54051374,25.50,\N
54051375,20.90,\N
54051376,25.20,\N
54051377,25.00,\N
54051378,23.23,\N
54051379,25.50,\N
54051380,21.60,\N
54051381,25.70,\N
54051382,23.40,\N
54051383,26.73,\N
54051384,24.60,\N
54051385,18.88,\N
54051396,21.30,\N
54051397,27.34,\N
54051398,22.20,\N
54051399,25.65,\N
54051400,23.91,\N
54051401,22.80,\N
54051406,26.20,\N
54051413,24.90,\N
54051414,20.56,\N
54051415,17.81,\N
54051416,22.50,\N
54051417,27.80,\N
54051418,22.80,\N
54051419,20.80,\N
54051420,19.31,\N
54051421,23.20,\N
54052979,19.84,\N
54052980,22.60,\N
54052981,18.18,\N
54053707,22.38,\N
54053711,28.80,\N
54053755,19.10,\N
54053756,20.13,\N
54053796,22.88,\N
54053853,18.60,\N
54053914,22.18,\N
54054359,18.89,\N
54054376,21.08,\N
54054539,24.95,\N
54075298,21.09,\N
54465298,29.80,\N
54053720,24.30,\N
54053719,19.00,\N
54053722,21.95,\N
54053723,22.20,\N
54053725,20.20,\N
54053726,22.30,\N
54053727,20.85,\N
54053731,26.03,\N
54053732,25.30,\N
54053733,25.10,\N
54053734,27.10,\N
54053735,22.20,\N
54053736,23.30,\N
54053737,23.40,\N
54053738,25.70,\N
54053739,21.30,\N
54053743,25.40,\N
54053744,22.20,\N
54053746,25.70,\N
54053747,24.70,\N
54053748,24.00,\N
54053751,27.10,\N
54053752,24.10,\N
54053753,25.30,\N
54053757,26.79,\N
54053758,23.60,\N
54053759,23.91,\N
54053760,20.50,\N
54053761,26.20,\N
54053762,25.40,\N
54053763,19.73,\N
54053764,24.50,\N
54053776,25.40,\N
54053777,27.00,\N
54053778,26.50,\N
54053779,25.20,\N
54053780,25.30,\N
54053781,23.80,\N
54053782,23.23,\N
54053783,24.33,\N
54053794,27.02,\N
54053795,24.50,\N
54053797,27.50,\N
54053798,26.33,\N
54053799,26.00,\N
54053820,25.95,\N
54053821,23.42,\N
54053822,25.65,\N
54053823,25.50,\N
54053824,27.10,\N
54053825,27.00,\N
54053826,29.30,\N
54053827,24.29,\N
54053828,24.80,\N
54053829,23.60,\N
54053830,25.80,\N
54053843,27.60,\N
54053844,26.00,\N
54053845,25.52,\N
54053846,24.90,\N
54053847,26.20,\N
54053848,28.22,\N
54053849,26.40,\N
54053851,25.50,\N
54053852,22.84,\N
54053854,24.30,\N
54053855,26.60,\N
54053912,21.00,\N
54053911,22.11,\N
54053913,25.30,\N
54053915,24.00,\N
54053916,28.50,\N
54053917,25.60,\N
54053918,22.60,\N
54053919,23.41,\N
54053920,26.50,\N
54053921,24.80,\N
54053922,23.00,\N
54053923,23.51,\N
54053924,25.20,\N
54053926,25.60,\N
54053925,25.10,\N
54053927,22.27,\N
54053928,22.81,\N
54053929,26.20,\N
54053930,21.21,\N
54053931,24.40,\N
54053932,26.33,\N
54053933,22.20,\N
54053934,22.00,\N
54053935,24.90,\N
54053936,26.70,\N
54053937,29.70,\N
54053938,26.10,\N
54053939,29.70,\N
54053940,27.90,\N
54053941,24.40,\N
54053942,24.30,\N
54053943,25.40,\N
54053944,23.60,\N
54053945,26.20,\N
54053946,25.90,\N
54053947,23.76,\N
54053948,25.40,\N
54053949,23.48,\N
54053950,25.90,\N
54053951,25.10,\N
54054268,23.60,\N
54054269,22.40,\N
54054270,21.63,\N
54054271,21.79,\N
54054272,24.10,\N
54054273,29.09,\N
54054274,24.06,\N
54054275,23.80,\N
54054277,23.90,\N
54054278,23.30,\N
54054279,23.57,\N
54054280,18.91,\N
54054281,20.77,\N
54054282,26.00,\N
54054283,25.30,\N
54054313,23.50,\N
54054314,23.75,\N
54054315,24.92,\N
54054316,25.30,\N
54054317,21.50,\N
54054318,24.90,\N
54054319,25.10,\N
54054320,22.40,\N
54054321,24.80,\N
54054322,27.50,\N
54054323,25.50,\N
54054324,23.60,\N
54054325,23.90,\N
54054326,26.70,\N
54054327,24.80,\N
54054328,23.70,\N
54054329,25.40,\N
54054331,25.22,\N
54054330,26.54,\N
54054332,27.00,\N
54054333,27.30,\N
54054334,25.91,\N
54054335,26.20,\N
54054338,23.20,\N
54054354,20.14,\N
54054355,22.60,\N
54054356,23.80,\N
54054357,24.51,\N
54054358,26.90,\N
54054360,22.90,\N
54054361,24.30,\N
54054362,25.50,\N
54054363,21.79,\N
54054364,25.30,\N
54054365,25.20,\N
54054366,25.30,\N
54054368,26.70,\N
54054369,25.00,\N
54054370,24.20,\N
54054371,24.20,\N
54054372,26.95,\N
54054373,23.33,\N
54054374,25.20,\N
54054375,25.67,\N
54054377,25.20,\N
54054402,26.40,\N
54054403,24.70,\N
54054404,24.40,\N
54054409,23.20,\N
54054412,23.90,\N
54054414,24.60,\N
54054415,21.87,\N
54054443,23.05,\N
54054444,22.30,\N
54054445,24.20,\N
54054449,18.30,\N
54054453,24.20,\N
54054458,23.30,\N
54054459,23.90,\N
54054460,23.60,\N
54054465,23.40,\N
54054510,21.20,\N
54054537,24.26,\N
54054561,25.80,\N
54054625,28.80,\N
54062098,22.32,\N
54094703,21.40,\N
54120745,19.99,\N
54265624,21.47,\N
54351348,22.69,\N
54054367,24.36,\N
54054405,20.31,\N
54054407,26.70,\N
54054408,22.99,\N
54054411,24.60,\N
54054413,25.30,\N
54054416,22.09,\N
54054446,22.80,\N
54054447,23.90,\N
54054448,24.80,\N
54054451,27.10,\N
54054452,27.26,\N
54054454,24.35,\N
54054455,29.06,\N
54054456,23.30,\N
54054457,21.90,\N
54054461,23.00,\N
54054462,25.90,\N
54054463,28.20,\N
54054464,21.18,\N
54054500,21.03,\N
54054501,17.45,\N
54054502,26.26,\N
54054503,22.90,\N
54054504,27.10,\N
54054505,23.10,\N
54054506,22.10,\N
54054507,22.00,\N
54054509,23.10,\N
54054511,24.90,\N
54054512,23.50,\N
54054513,25.70,\N
54054514,28.10,\N
54054515,23.70,\N
54054526,21.99,\N
54054527,26.70,\N
54054528,24.70,\N
54054529,26.06,\N
54054530,28.71,\N
54054531,24.02,\N
54054532,24.80,\N
54054533,24.20,\N
54054534,22.90,\N
54054535,26.80,\N
54054536,22.77,\N
54054538,24.42,\N
54054541,25.70,\N
54054542,20.75,\N
54054543,23.00,\N
54054544,23.30,\N
54054560,29.40,\N
54054562,25.40,\N
54054563,24.68,\N
54054565,20.97,\N
54054566,21.60,\N
54054567,25.10,\N
54054568,23.29,\N
54054576,25.10,\N
54054577,25.40,\N
54054578,23.15,\N
54054579,29.95,\N
54054580,27.20,\N
54054581,26.80,\N
54054582,26.30,\N
54054595,28.47,\N
54054594,29.69,\N
54054596,22.41,\N
54054597,26.90,\N
54054598,24.20,\N
54054599,25.70,\N
54054600,25.00,\N
54054601,23.80,\N
54054602,26.70,\N
54054603,24.80,\N
54054604,20.41,\N
54054605,26.37,\N
54054606,26.50,\N
54054607,27.40,\N
54054608,24.30,\N
54054609,30.38,\N
54054610,24.50,\N
54054611,27.70,\N
54054624,26.60,\N
54054626,27.20,\N
54054627,21.90,\N
54054628,28.91,\N
54054629,26.40,\N
54054630,24.30,\N
54054631,27.10,\N
54054632,23.90,\N
54054633,26.80,\N
54054649,27.38,\N
54054650,23.00,\N
54054652,25.30,\N
54054651,24.80,\N
54054653,25.70,\N
54054654,25.80,\N
54054655,24.10,\N
54054656,25.90,\N
54054665,23.00,\N
54054666,23.20,\N
54054667,24.66,\N
54054668,28.12,\N
54054680,26.10,\N
54054682,23.90,\N
54054681,26.40,\N
54054683,25.40,\N
54054684,24.98,\N
54054685,23.30,\N
54054686,26.80,\N
54054687,26.20,\N
54054688,25.80,\N
54054689,25.60,\N
54054690,24.00,\N
54054691,26.00,\N
54054692,26.10,\N
54054693,26.00,\N
54054694,26.10,\N
54054695,29.30,\N
54054704,24.80,\N
54054705,24.88,\N
54054706,23.40,\N
54054707,27.89,\N
54054708,22.89,\N
54054709,28.84,\N
54054710,26.40,\N
54054711,25.70,\N
54054712,23.30,\N
54054713,24.50,\N
54054714,23.80,\N
54054715,28.80,\N
54054724,27.11,\N
54054725,24.30,\N
54054726,25.10,\N
54054727,24.70,\N
54054728,26.80,\N
54054751,20.20,\N
54057196,22.20,\N
54093101,20.45,\N
54054739,25.50,\N
54054738,24.75,\N
54054740,24.20,\N
54054745,24.40,\N
54054746,24.77,\N
54054747,21.69,\N
54054748,25.61,\N
54054749,26.10,\N
54054750,24.90,\N
54054774,24.80,\N
54054775,25.80,\N
54054776,22.90,\N
54054777,26.70,\N
54054778,23.30,\N
54054779,23.70,\N
54054780,26.80,\N
54054781,24.70,\N
54055025,24.70,\N
54055026,21.75,\N
54055027,25.60,\N
54055028,27.60,\N
54055029,19.80,\N
54055030,24.45,\N
54055031,27.70,\N
54055032,25.80,\N
54055033,26.70,\N
54055034,20.80,\N
54055035,24.80,\N
54055036,22.90,\N
54055037,25.20,\N
54055039,23.80,\N
54055038,24.80,\N
54055040,24.40,\N
54055041,23.00,\N
54055058,23.60,\N
54055059,26.71,\N
54055060,24.20,\N
54055061,27.10,\N
54055062,29.20,\N
54055063,27.00,\N
54055064,24.96,\N
54055065,21.50,\N
54055066,27.50,\N
54055067,26.00,\N
54055071,22.68,\N
54055072,24.20,\N
54055073,23.60,\N
54055074,20.77,\N
54055075,25.50,\N
54055076,26.25,\N
54055082,24.10,\N
54055083,25.47,\N
54055084,25.40,\N
54055085,24.50,\N
54055086,21.03,\N
54055087,26.43,\N
54055088,23.30,\N
54055089,25.60,\N
54055091,24.00,\N
54055090,19.04,\N
54055100,25.90,\N
54055101,24.10,\N
54055102,26.05,\N
54055103,26.85,\N
54055104,20.80,\N
54055105,25.01,\N
54055106,24.20,\N
54055107,26.40,\N
54055108,25.60,\N
54055109,24.80,\N
54055110,26.01,\N
54055111,22.50,\N
54055112,26.20,\N
54055113,24.60,\N
54055114,27.48,\N
54055115,26.00,\N
54055116,25.20,\N
54055117,24.20,\N
54055118,22.01,\N
54055119,26.50,\N
54055120,25.46,\N
54055121,25.30,\N
54057197,23.70,\N
54057198,23.70,\N
54057199,22.48,\N
54057200,25.50,\N
54057201,23.30,\N
54057202,24.83,\N
54057203,20.00,\N
54057204,27.00,\N
54057205,23.80,\N
54057206,26.30,\N
54062077,21.80,\N
54062078,27.58,\N
54062079,26.70,\N
54062080,26.80,\N
54062081,22.70,\N
54062082,27.90,\N
54062084,27.20,\N
54062083,26.10,\N
54062085,27.20,\N
54062086,27.60,\N
54062087,24.02,\N
54062088,24.35,\N
54062089,25.81,\N
54062093,27.20,\N
54062092,23.80,\N
54062094,26.60,\N
54062095,29.02,\N
54062096,26.30,\N
54062097,21.30,\N
54065896,23.68,\N
54065897,25.90,\N
54065898,20.80,\N
54065899,25.10,\N
54065900,26.20,\N
54065901,26.20,\N
54065902,27.00,\N
54065904,20.36,\N
54065903,28.14,\N
54065905,24.00,\N
54065906,25.10,\N
54065907,25.30,\N
54065908,23.30,\N
54065909,26.40,\N
54065910,24.40,\N
54065911,27.60,\N
54065912,28.30,\N
54065913,27.50,\N
54065914,27.62,\N
54065915,29.11,\N
54065916,28.80,\N
54068384,27.60,\N
54068385,26.30,\N
54068386,24.10,\N
54068387,26.10,\N
54068388,19.21,\N
54068389,23.52,\N
54068390,24.60,\N
54068391,27.80,\N
54068392,24.20,\N
54068393,25.00,\N
54068394,23.80,\N
54068395,25.60,\N
54073328,23.80,\N
54073327,23.10,\N
54073330,23.80,\N
54073329,21.64,\N
54073331,19.72,\N
54073332,26.76,\N
54073333,23.95,\N
54073334,28.49,\N
54073335,24.30,\N
54073336,25.00,\N
54073337,26.50,\N
54073338,29.63,\N
54073340,25.50,\N
54073341,23.60,\N
54073351,22.10,\N
54073354,23.12,\N
54073356,20.58,\N
54073358,22.27,\N
54073364,21.30,\N
54073366,26.73,\N
54075296,24.10,\N
54075533,21.86,\N
54075304,26.90,\N
54075307,24.07,\N
54075308,20.05,\N
54075314,24.70,\N
54075319,21.40,\N
54075323,20.59,\N
54075541,25.60,\N
54075577,25.88,\N
54075582,20.70,\N
54075584,27.30,\N
54075994,25.70,\N
54076356,21.90,\N
54087490,22.60,\N
54092465,22.11,\N
54073339,28.44,\N
54073342,27.90,\N
54073343,27.59,\N
54073344,23.20,\N
54073345,25.54,\N
54073346,24.50,\N
54073347,26.70,\N
54073348,24.50,\N
54073349,24.20,\N
54073352,26.80,\N
54073353,27.13,\N
54073355,23.75,\N
54073357,26.20,\N
54073359,24.10,\N
54073360,24.03,\N
54073361,26.90,\N
54073362,27.90,\N
54073363,27.20,\N
54073365,27.33,\N
54073367,28.81,\N
54073368,27.40,\N
54073369,27.30,\N
54073370,31.14,\N
54073371,29.00,\N
54075297,22.10,\N
54075299,24.30,\N
54075300,24.60,\N
54075301,24.70,\N
54075302,25.30,\N
54075303,25.70,\N
54075305,22.76,\N
54075306,25.40,\N
54075309,25.50,\N
54075310,20.25,\N
54075311,25.80,\N
54075312,25.40,\N
54075313,22.30,\N
54075315,25.60,\N
54075316,22.80,\N
54075317,25.50,\N
54075318,25.09,\N
54075320,24.20,\N
54075321,28.50,\N
54075322,20.15,\N
54075542,24.00,\N
54075544,26.00,\N
54075545,26.00,\N
54075546,22.50,\N
54075547,27.60,\N
54075543,22.60,\N
54075549,24.90,\N
54075551,26.60,\N
54075550,21.72,\N
54075575,21.58,\N
54075576,23.40,\N
54075578,23.85,\N
54075579,26.95,\N
54075580,28.80,\N
54075581,27.10,\N
54075583,22.50,\N
54075585,21.80,\N
54075586,21.80,\N
54075587,25.50,\N
54075588,23.70,\N
54075589,25.80,\N
54075590,24.34,\N
54075591,25.00,\N
54075592,25.00,\N
54075593,23.40,\N
54075594,27.20,\N
54075595,27.10,\N
54075596,26.70,\N
54075978,28.38,\N
54075981,27.10,\N
54075982,27.50,\N
54075983,23.22,\N
54075984,24.34,\N
54075985,24.43,\N
54075986,28.22,\N
54075987,17.56,\N
54075988,24.12,\N
54075989,24.90,\N
54075990,26.10,\N
54075991,25.40,\N
54075992,21.23,\N
54075993,22.80,\N
54075995,22.40,\N
54075996,24.70,\N
54075997,25.80,\N
54075998,20.33,\N
54075999,26.00,\N
54076000,26.40,\N
54076013,26.09,\N
54076014,26.74,\N
54076015,23.53,\N
54076016,24.60,\N
54076017,21.54,\N
54076018,26.90,\N
54076019,26.89,\N
54076020,22.79,\N
54076021,28.00,\N
54076022,28.64,\N
54076023,23.46,\N
54076348,20.33,\N
54076349,20.09,\N
54076350,25.80,\N
54076351,28.22,\N
54076352,26.80,\N
54076353,25.70,\N
54076354,20.79,\N
54076355,25.74,\N
54076357,25.00,\N
54076358,24.30,\N
54076359,25.11,\N
54076360,23.02,\N
54076361,25.70,\N
54076362,24.84,\N
54076930,24.20,\N
54076929,21.16,\N
54076928,25.10,\N
54076927,26.00,\N
54076931,26.90,\N
54076932,27.30,\N
54076933,22.49,\N
54076934,21.46,\N
54076935,25.90,\N
54076936,25.50,\N
54076937,22.51,\N
54079051,25.80,\N
54079052,24.45,\N
54079053,23.50,\N
54079054,22.46,\N
54079056,24.00,\N
54079055,20.68,\N
54079787,24.18,\N
54079788,27.44,\N
54079789,25.40,\N
54079790,22.80,\N
54081197,27.40,\N
54081198,22.17,\N
54081199,22.71,\N
54081200,20.83,\N
54081290,20.80,\N
54082291,23.18,\N
54082292,23.99,\N
54084704,27.57,\N
54084708,21.90,\N
54087379,21.68,\N
54087417,20.20,\N
54087493,24.74,\N
54087575,19.43,\N
54087862,25.80,\N
54099952,25.20,\N
54104903,19.87,\N
54134551,23.38,\N
54293314,22.80,\N
54297998,27.40,\N
54084706,20.79,\N
54087376,23.10,\N
54087377,25.10,\N
54087378,23.10,\N
54087416,24.10,\N
54087415,26.30,\N
54087418,28.50,\N
54087419,25.30,\N
54087421,27.76,\N
54087420,25.12,\N
54087422,26.70,\N
54087424,22.82,\N
54087423,22.90,\N
54087425,24.40,\N
54087427,25.00,\N
54087426,24.10,\N
54087428,27.40,\N
54087435,25.15,\N
54087436,26.10,\N
54087437,27.28,\N
54087438,28.36,\N
54087439,24.91,\N
54087440,25.00,\N
54087441,23.90,\N
54087485,24.90,\N
54087486,21.51,\N
54087491,25.50,\N
54087492,24.70,\N
54087543,22.80,\N
54087545,25.60,\N
54087546,26.73,\N
54087547,23.98,\N
54087573,27.20,\N
54087574,20.53,\N
54087576,27.93,\N
54087577,28.00,\N
54087578,27.66,\N
54087579,28.94,\N
54087654,27.18,\N
54087655,23.00,\N
54087656,25.60,\N
54087657,25.70,\N
54087658,28.30,\N
54087659,22.98,\N
54087660,25.80,\N
54087661,25.30,\N
54087662,25.60,\N
54087663,22.99,\N
54087664,27.70,\N
54087665,22.90,\N
54087666,25.30,\N
54087667,23.60,\N
54087668,29.19,\N
54087669,28.20,\N
54087731,26.64,\N
54087732,26.00,\N
54087733,26.70,\N
54087734,27.20,\N
54087735,27.47,\N
54087736,28.07,\N
54087737,27.80,\N
54087738,26.20,\N
54087739,26.80,\N
54087740,25.10,\N
54087741,23.85,\N
54087742,24.90,\N
54087743,27.80,\N
54087744,29.70,\N
54087745,23.20,\N
54087746,23.80,\N
54087747,23.30,\N
54087748,19.95,\N
54087749,23.90,\N
54087750,23.50,\N
54087751,24.30,\N
54087752,25.10,\N
54087753,20.66,\N
54087754,20.35,\N
54087755,23.14,\N
54087756,23.47,\N
54087757,22.85,\N
54087758,24.69,\N
54087759,26.20,\N
54087760,28.87,\N
54087761,27.83,\N
54087762,26.30,\N
54087763,26.95,\N
54087764,21.54,\N
54087765,22.15,\N
54087766,23.40,\N
54087767,27.43,\N
54087780,21.42,\N
54087781,25.50,\N
54087782,26.64,\N
54087783,28.40,\N
54087784,23.20,\N
54087785,26.10,\N
54087786,28.10,\N
54087802,18.58,\N
54087803,25.80,\N
54087804,21.70,\N
54087805,25.50,\N
54087806,27.60,\N
54087807,25.40,\N
54087808,26.80,\N
54087809,28.61,\N
54087810,24.20,\N
54087811,26.33,\N
54087813,27.50,\N
54087812,25.00,\N
54087831,27.26,\N
54087834,27.70,\N
54087835,20.54,\N
54087832,26.70,\N
54087833,27.50,\N
54087837,29.23,\N
54087838,24.00,\N
54087839,25.20,\N
54087840,27.60,\N
54087841,22.90,\N
54087842,23.80,\N
54087844,24.77,\N
54087843,25.10,\N
54087845,25.20,\N
54087846,24.60,\N
54087855,27.40,\N
54087856,26.59,\N
54087857,25.20,\N
54087859,23.44,\N
54087858,24.30,\N
54087860,21.02,\N
54087861,23.50,\N
54087863,23.97,\N
54087864,23.70,\N
54087865,25.00,\N
54087866,25.50,\N
54088798,24.40,\N
54088800,22.80,\N
54088801,27.70,\N
54088806,21.09,\N
54091659,28.44,\N
54096685,25.00,\N
54097867,24.29,\N
54099604,21.00,\N
54101345,25.40,\N
54087867,26.10,\N
54088799,27.60,\N
54088804,27.60,\N
54088803,28.21,\N
54088805,21.64,\N
54088807,25.20,\N
54088808,23.00,\N
54088810,25.64,\N
54088811,24.50,\N
54088813,25.00,\N
54088812,27.40,\N
54088814,25.84,\N
54088815,24.20,\N
54088816,24.16,\N
54088817,27.50,\N
54088818,19.96,\N
54088819,23.80,\N
54088820,21.16,\N
54088821,23.60,\N
54088822,26.20,\N
54088823,26.90,\N
54088824,28.70,\N
54090615,23.50,\N
54090616,22.30,\N
54090617,23.70,\N
54090618,22.00,\N
54090619,24.59,\N
54090620,19.88,\N
54090621,27.40,\N
54091629,20.07,\N
54091631,21.44,\N
54091632,26.10,\N
54091633,20.16,\N
54091634,22.89,\N
54091635,24.45,\N
54091636,27.10,\N
54091637,26.50,\N
54091638,25.30,\N
54091639,21.30,\N
54091650,20.40,\N
54091651,23.40,\N
54091652,24.99,\N
54091653,27.50,\N
54091654,21.90,\N
54091655,22.10,\N
54091656,27.20,\N
54091657,20.00,\N
54091658,23.70,\N
54091660,22.33,\N
54091661,25.10,\N
54092466,24.60,\N
54092904,21.05,\N
54092903,22.80,\N
54092905,23.10,\N
54092906,24.70,\N
54092907,26.90,\N
54092908,21.80,\N
54092909,28.10,\N
54092910,26.59,\N
54092911,20.22,\N
54092912,22.49,\N
54092915,25.25,\N
54092913,23.40,\N
54092914,24.20,\N
54092916,26.60,\N
54092917,23.16,\N
54092918,25.00,\N
54093076,18.85,\N
54093077,18.71,\N
54093078,19.55,\N
54093080,23.01,\N
54093079,24.60,\N
54093081,25.80,\N
54093082,25.00,\N
54093090,18.86,\N
54093091,23.30,\N
54093092,28.00,\N
54093093,25.60,\N
54093097,26.85,\N
54093094,27.80,\N
54093095,26.21,\N
54093096,27.40,\N
54093098,26.60,\N
54093099,28.90,\N
54093100,23.40,\N
54093102,25.00,\N
54095164,20.92,\N
54095165,22.68,\N
54095166,22.10,\N
54095167,26.50,\N
54095168,26.00,\N
54095169,26.60,\N
54095170,27.79,\N
54095171,26.60,\N
54095172,24.50,\N
54095178,21.80,\N
54095179,21.80,\N
54095180,28.90,\N
54095181,24.36,\N
54095182,21.78,\N
54095183,20.51,\N
54095188,20.15,\N
54096093,22.20,\N
54096094,24.00,\N
54096095,27.78,\N
54096096,27.75,\N
54096431,21.40,\N
54096432,20.19,\N
54096684,27.96,\N
54096938,20.26,\N
54097467,20.78,\N
54097669,22.25,\N
54097670,18.70,\N
54097871,20.27,\N
54098021,28.74,\N
54098702,26.30,\N
54099599,20.19,\N
54417743,21.21,\N
54097667,23.50,\N
54097668,25.20,\N
54097863,29.04,\N
54097864,25.56,\N
54097865,26.24,\N
54097866,26.84,\N
54097868,28.14,\N
54097869,24.59,\N
54097870,25.30,\N
54097872,24.72,\N
54097873,23.80,\N
54097964,22.13,\N
54097965,24.60,\N
54097966,24.00,\N
54097968,21.88,\N
54097967,21.45,\N
54097970,21.22,\N
54097971,22.96,\N
54097972,23.89,\N
54097973,24.80,\N
54097974,26.60,\N
54097975,25.31,\N
54097976,26.10,\N
54097978,26.30,\N
54097979,27.00,\N
54097980,27.10,\N
54097981,26.68,\N
54097982,21.73,\N
54098015,21.80,\N
54098016,22.98,\N
54098017,23.38,\N
54098018,30.60,\N
54098019,28.40,\N
54098020,21.52,\N
54098022,19.67,\N
54098023,23.80,\N
54098024,24.30,\N
54098025,25.64,\N
54098026,23.80,\N
54098027,23.80,\N
54098028,24.90,\N
54098701,22.24,\N
54098703,24.99,\N
54098704,26.05,\N
54098705,21.50,\N
54098707,24.30,\N
54098706,24.29,\N
54098710,25.30,\N
54098711,27.90,\N
54098712,27.10,\N
54098708,24.30,\N
54098709,23.20,\N
54098713,24.00,\N
54098714,19.71,\N
54099342,23.38,\N
54099343,24.80,\N
54099344,22.12,\N
54099345,22.70,\N
54099596,21.25,\N
54099597,24.90,\N
54099598,24.75,\N
54099600,23.42,\N
54099601,25.00,\N
54099602,23.20,\N
54099603,22.30,\N
54099605,24.50,\N
54099606,27.50,\N
54099607,22.55,\N
54099608,25.60,\N
54099609,24.90,\N
54099610,25.61,\N
54099611,25.10,\N
54099612,20.50,\N
54099613,25.70,\N
54099614,21.73,\N
54099615,21.27,\N
54099616,22.72,\N
54099617,22.90,\N
54099621,24.70,\N
54099620,24.90,\N
54099619,22.60,\N
54099618,25.10,\N
54099634,22.60,\N
54099635,22.27,\N
54099636,22.87,\N
54099637,25.68,\N
54099638,28.48,\N
54099640,20.74,\N
54099641,21.07,\N
54099642,23.79,\N
54099644,26.00,\N
54099643,20.14,\N
54099646,25.50,\N
54099647,27.57,\N
54099645,23.01,\N
54099648,23.27,\N
54099942,24.70,\N
54099946,22.30,\N
54099944,27.10,\N
54099945,21.17,\N
54099947,27.90,\N
54099948,25.46,\N
54099949,21.25,\N
54099950,26.93,\N
54099951,24.89,\N
54100190,24.29,\N
54100191,23.88,\N
54100192,20.88,\N
54100194,24.71,\N
54100195,25.45,\N
54100196,27.10,\N
54100197,25.07,\N
54100198,23.77,\N
54100200,20.38,\N
54100201,22.29,\N
54100202,26.70,\N
54100203,19.50,\N
54100204,24.90,\N
54100285,23.06,\N
54100284,25.70,\N
54100286,24.11,\N
54100287,22.70,\N
54100289,24.70,\N
54100288,25.20,\N
54100290,19.99,\N
54100291,22.52,\N
54100292,24.40,\N
54100293,26.90,\N
54100294,27.30,\N
54100295,25.30,\N
54100574,25.27,\N
54100576,25.80,\N
54100577,25.40,\N
54100578,26.30,\N
54100579,22.79,\N
54100580,22.93,\N
54100581,21.04,\N
54100582,22.72,\N
54100583,26.30,\N
54100584,24.00,\N
54100586,25.30,\N
54100617,24.20,\N
54100618,19.84,\N
54100622,24.43,\N
54100623,20.48,\N
54101665,25.40,\N
54104897,22.60,\N
54104896,22.80,\N
54100585,25.80,\N
54100616,28.90,\N
54100615,25.87,\N
54100614,25.01,\N
54100619,24.15,\N
54100620,28.82,\N
54100621,28.20,\N
54100624,21.98,\N
54100625,23.33,\N
54100626,21.76,\N
54100627,27.00,\N
54100628,26.79,\N
54100629,27.70,\N
54100630,29.40,\N
54100692,24.60,\N
54100693,21.63,\N
54100694,25.51,\N
54100696,25.50,\N
54100695,25.04,\N
54100697,23.03,\N
54100698,21.46,\N
54100904,26.75,\N
54100906,26.80,\N
54100905,26.80,\N
54101341,24.35,\N
54101340,21.66,\N
54101342,19.14,\N
54101343,27.10,\N
54101344,27.20,\N
54101347,23.96,\N
54101346,25.40,\N
54101655,20.43,\N
54101656,29.70,\N
54101657,28.60,\N
54101658,25.64,\N
54101659,21.77,\N
54101660,23.27,\N
54101661,22.76,\N
54101662,26.10,\N
54101663,25.70,\N
54101664,24.43,\N
54101666,25.00,\N
54101667,28.20,\N
54101668,26.60,\N
54101669,23.90,\N
54101672,23.19,\N
54101671,24.73,\N
54101670,21.70,\N
54101673,27.36,\N
54101674,24.99,\N
54101675,24.30,\N
54101676,28.40,\N
54101677,20.66,\N
54101678,24.84,\N
54101679,24.80,\N
54101681,28.30,\N
54101680,31.07,\N
54101682,20.92,\N
54101713,22.75,\N
54101711,20.01,\N
54101712,24.70,\N
54101714,22.42,\N
54101715,24.60,\N
54101716,26.04,\N
54101717,26.76,\N
54101718,20.23,\N
54101719,27.02,\N
54101720,25.30,\N
54101721,27.17,\N
54102017,23.31,\N
54102018,26.10,\N
54102019,23.38,\N
54102020,24.74,\N
54102021,24.34,\N
54102022,20.02,\N
54102024,23.56,\N
54102025,22.90,\N
54102026,25.73,\N
54102027,25.12,\N
54102028,26.47,\N
54102029,27.80,\N
54102499,26.58,\N
54102500,24.84,\N
54102501,24.77,\N
54102502,24.17,\N
54102513,26.17,\N
54102514,25.57,\N
54102516,23.63,\N
54102515,24.82,\N
54102517,22.49,\N
54102520,25.95,\N
54102518,24.60,\N
54102521,26.05,\N
54102831,20.66,\N
54103183,27.76,\N
54103184,24.27,\N
54103185,23.79,\N
54103186,24.30,\N
54103187,19.93,\N
54103332,20.75,\N
54103333,27.31,\N
54103334,24.40,\N
54103335,25.28,\N
54103603,21.68,\N
54103604,21.80,\N
54103878,25.74,\N
54104070,23.01,\N
54104071,20.12,\N
54104270,18.32,\N
54104548,20.66,\N
54104552,20.34,\N
54104719,22.90,\N
54103879,26.98,\N
54104072,25.19,\N
54104073,23.68,\N
54104075,24.55,\N
54104074,25.93,\N
54104248,20.07,\N
54104249,28.49,\N
54104250,26.64,\N
54104251,24.27,\N
54104252,24.70,\N
54104253,24.41,\N
54104254,24.59,\N
54104255,22.80,\N
54104267,23.95,\N
54104269,20.00,\N
54104268,26.40,\N
54104271,24.35,\N
54104272,26.14,\N
54104273,24.29,\N
54104275,25.05,\N
54104277,23.96,\N
54104274,24.20,\N
54104276,26.10,\N
54104278,26.70,\N
54104279,25.20,\N
54104540,22.34,\N
54104541,22.99,\N
54104542,24.25,\N
54104543,21.64,\N
54104544,24.33,\N
54104545,23.91,\N
54104546,25.28,\N
54104547,24.01,\N
54104549,26.86,\N
54104550,23.70,\N
54104551,25.07,\N
54104553,24.20,\N
54104554,25.70,\N
54104555,22.90,\N
54104556,27.52,\N
54104557,24.20,\N
54104718,24.74,\N
54104720,26.42,\N
54104721,27.89,\N
54104724,24.87,\N
54104723,25.30,\N
54104841,23.26,\N
54104842,24.84,\N
54104843,22.48,\N
54104844,27.18,\N
54104845,24.60,\N
54104846,22.72,\N
54104847,20.70,\N
54104848,26.30,\N
54104849,29.57,\N
54104850,27.27,\N
54104851,24.23,\N
54104852,19.71,\N
54104890,20.08,\N
54104891,27.20,\N
54104893,23.10,\N
54104892,23.90,\N
54104894,27.88,\N
54104898,23.48,\N
54104899,19.63,\N
54104900,20.15,\N
54104901,23.61,\N
54104902,21.35,\N
54104905,24.90,\N
54104904,26.51,\N
54104906,25.89,\N
54105093,25.41,\N
54105094,25.33,\N
54105096,24.22,\N
54105095,25.46,\N
54105097,25.44,\N
54105098,28.30,\N
54105099,24.99,\N
54105101,26.84,\N
54105100,28.87,\N
54105103,25.66,\N
54105102,21.79,\N
54105104,20.90,\N
54105107,25.89,\N
54105106,23.61,\N
54105105,21.66,\N
54105112,22.90,\N
54105108,25.40,\N
54105110,27.01,\N
54105111,27.49,\N
54105109,27.64,\N
54105113,22.57,\N
54105114,24.16,\N
54105257,19.61,\N
54105258,24.32,\N
54105259,24.30,\N
54105260,24.21,\N
54105261,20.94,\N
54105262,23.47,\N
54105263,21.45,\N
54105264,25.80,\N
54105484,23.09,\N
54105486,28.30,\N
54105487,23.94,\N
54105488,24.82,\N
54105489,27.84,\N
54105508,24.10,\N
54105509,25.15,\N
54105510,22.20,\N
54105511,22.36,\N
54105512,25.18,\N
54105515,25.55,\N
54105513,26.30,\N
54105514,27.53,\N
54105516,24.03,\N
54105517,26.56,\N
54105518,26.54,\N
54105520,23.99,\N
54105519,24.93,\N
54105521,28.05,\N
54105522,26.89,\N
54105523,22.57,\N
54105525,25.30,\N
54105524,23.56,\N
54105557,26.17,\N
54105558,26.88,\N
54105559,25.29,\N
54105560,20.57,\N
54105561,26.62,\N
54105985,25.22,\N
54105986,26.73,\N
54105990,24.80,\N
54105989,25.23,\N
54105987,23.73,\N
54105988,24.40,\N
54105991,25.86,\N
54105992,26.89,\N
54105993,26.17,\N
54105994,26.89,\N
54105995,28.15,\N
54105997,26.34,\N
54105999,27.32,\N
54105996,27.74,\N
54105998,25.86,\N
54106001,24.20,\N
54106002,25.30,\N
54106003,23.80,\N
54106082,21.05,\N
54106081,24.01,\N
54106089,21.78,\N
54106289,21.83,\N
54106288,24.40,\N
54106290,26.60,\N
54106294,23.21,\N
54106303,18.93,\N
54106308,24.30,\N
54106312,20.90,\N
54106534,19.96,\N
54106541,24.99,\N
54106630,25.64,\N
54106739,20.22,\N
54106740,21.27,\N
54106741,29.59,\N
54109628,19.39,\N
54142823,23.02,\N
54211502,24.54,\N
54231242,24.51,\N
54106083,26.00,\N
54106084,28.02,\N
54106085,24.30,\N
54106087,26.89,\N
54106088,25.16,\N
54106292,25.47,\N
54106293,30.31,\N
54106295,26.00,\N
54106296,25.31,\N
54106297,28.40,\N
54106298,32.95,\N
54106300,23.00,\N
54106299,26.43,\N
54106301,25.40,\N
54106302,25.59,\N
54106304,23.38,\N
54106305,26.11,\N
54106306,25.57,\N
54106307,20.60,\N
54106311,23.67,\N
54106310,24.76,\N
54106336,22.66,\N
54106337,25.83,\N
54106338,23.41,\N
54106339,24.30,\N
54106340,23.66,\N
54106341,24.40,\N
54106343,24.40,\N
54106344,26.35,\N
54106342,27.98,\N
54106345,27.30,\N
54106346,22.26,\N
54106347,29.20,\N
54106530,29.60,\N
54106531,27.90,\N
54106532,26.46,\N
54106533,18.63,\N
54106535,24.30,\N
54106536,26.28,\N
54106537,28.03,\N
54106538,26.50,\N
54106539,27.97,\N
54106540,28.73,\N
54106542,22.80,\N
54106567,24.80,\N
54106566,20.50,\N
54106564,24.04,\N
54106565,25.57,\N
54106568,20.25,\N
54106569,26.19,\N
54106570,22.00,\N
54106572,25.80,\N
54106571,23.40,\N
54106573,23.02,\N
54106574,28.56,\N
54106577,27.30,\N
54106576,25.10,\N
54106575,28.44,\N
54106578,27.92,\N
54106579,30.87,\N
54106580,24.00,\N
54106586,24.05,\N
54106585,22.10,\N
54106587,22.86,\N
54106591,20.80,\N
54106594,22.83,\N
54106593,23.80,\N
54106592,23.61,\N
54106596,24.56,\N
54106595,27.35,\N
54106628,25.72,\N
54106629,24.00,\N
54106742,21.64,\N
54106752,21.10,\N
54107791,25.10,\N
54107792,24.80,\N
54107794,24.71,\N
54109176,21.48,\N
54110047,23.71,\N
54114206,22.29,\N
54225498,27.41,\N
54231241,25.00,\N
54107793,23.60,\N
54107795,24.05,\N
54109175,25.43,\N
54109177,27.23,\N
54109179,26.80,\N
54109178,25.80,\N
54109941,26.10,\N
54109942,27.40,\N
54109943,26.20,\N
54110046,24.40,\N
54110048,28.52,\N
54110049,27.10,\N
54110050,26.30,\N
54110051,25.18,\N
54110052,25.95,\N
54110053,27.00,\N
54110054,24.00,\N
54110055,26.94,\N
54110056,26.67,\N
54110057,28.90,\N
54110058,26.50,\N
54110059,28.00,\N
54110060,27.70,\N
54110061,27.10,\N
54110062,28.40,\N
54110063,29.20,\N
54110064,26.00,\N
54110065,24.13,\N
54110066,26.00,\N
54110067,26.10,\N
54110068,26.03,\N
54110070,24.58,\N
54110069,26.20,\N
54110071,25.41,\N
54110072,24.96,\N
54110073,25.12,\N
54110074,24.60,\N
54110075,21.57,\N
54110077,25.10,\N
54110076,26.20,\N
54110078,25.33,\N
54110079,28.60,\N
54110080,24.87,\N
54110081,25.20,\N
54110082,28.10,\N
54110083,24.60,\N
54110084,25.00,\N
54110085,26.20,\N
54110086,25.20,\N
54110087,22.95,\N
54110088,22.91,\N
54110090,22.94,\N
54110089,24.02,\N
54110091,25.40,\N
54110456,21.72,\N
54110458,21.58,\N
54110457,20.68,\N
54110459,22.30,\N
54110460,26.69,\N
54110690,25.90,\N
54110691,23.00,\N
54110692,24.40,\N
54110693,24.65,\N
54110694,29.10,\N
54110695,24.12,\N
54110696,23.73,\N
54110697,27.80,\N
54110698,22.38,\N
54110699,22.45,\N
54111240,24.77,\N
54111242,26.70,\N
54111243,24.27,\N
54111244,22.70,\N
54111245,23.93,\N
54111246,27.53,\N
54111247,29.80,\N
54111248,25.00,\N
54111249,27.30,\N
54111250,26.23,\N
54111251,25.78,\N
54111252,21.31,\N
54111254,22.80,\N
54111256,24.52,\N
54111258,22.65,\N
54111259,23.46,\N
54111260,31.00,\N
54111261,24.30,\N
54111263,20.73,\N
54111262,20.30,\N
54111264,26.50,\N
54111265,21.66,\N
54111266,25.89,\N
54111267,22.14,\N
54111268,26.70,\N
54111269,27.60,\N
54111270,20.47,\N
54111271,23.90,\N
54111272,21.87,\N
54111273,25.56,\N
54111274,26.80,\N
54111275,23.31,\N
54114197,23.33,\N
54114196,22.26,\N
54114198,24.60,\N
54114200,19.65,\N
54114201,23.77,\N
54114202,23.60,\N
54114203,26.94,\N
54114205,24.65,\N
54114204,25.70,\N
54114207,25.50,\N
54114208,24.20,\N
54114209,26.05,\N
54114210,26.80,\N
54115822,24.90,\N
54115823,23.35,\N
54115824,27.80,\N
54115825,24.54,\N
54115827,28.60,\N
54115829,23.96,\N
54115830,18.85,\N
54115832,26.13,\N
54115834,22.10,\N
54115833,24.29,\N
54115835,25.65,\N
54115836,25.90,\N
54115837,28.55,\N
54115838,23.42,\N
54115839,30.15,\N
54115840,20.33,\N
54115841,23.97,\N
54115842,23.79,\N
54117561,19.88,\N
54117560,25.80,\N
54117562,26.09,\N
54117563,24.52,\N
54117566,24.44,\N
54117564,24.62,\N
54117565,23.76,\N
54117567,22.90,\N
54117569,27.80,\N
54117570,23.40,\N
54117571,26.50,\N
54117576,20.22,\N
54117575,22.59,\N
54121874,20.77,\N
54117577,29.74,\N
54117578,23.74,\N
54117579,25.67,\N
54117581,21.10,\N
54117582,22.75,\N
54117583,22.93,\N
54117584,27.60,\N
54117585,24.20,\N
54117596,31.22,\N
54117597,23.30,\N
54117599,28.40,\N
54117598,25.98,\N
54117600,27.50,\N
54117601,24.67,\N
54117602,28.55,\N
54117603,28.10,\N
54117604,24.05,\N
54117605,25.95,\N
54117606,24.82,\N
54121893,24.30,\N
54121895,22.19,\N
54121894,25.21,\N
54121896,22.29,\N
54121897,24.51,\N
54121898,20.12,\N
54121899,28.20,\N
54121900,25.00,\N
54121901,25.32,\N
54121902,24.16,\N
54121903,26.00,\N
54121907,22.39,\N
54121904,23.33,\N
54121906,24.88,\N
54121905,24.71,\N
54121908,25.50,\N
54121909,25.03,\N
54122189,21.23,\N
54122190,23.18,\N
54122191,23.00,\N
54122192,27.11,\N
54122193,23.64,\N
54122195,19.80,\N
54122196,26.97,\N
54122197,21.00,\N
54122198,24.90,\N
54122200,24.29,\N
54122199,23.40,\N
54122529,26.00,\N
54122530,22.30,\N
54122532,24.00,\N
54122531,22.32,\N
54122533,24.24,\N
54122534,26.70,\N
54122967,21.04,\N
54123255,22.60,\N
54125413,24.39,\N
54125416,22.20,\N
54129169,22.06,\N
54131415,20.08,\N
54136773,23.31,\N
54230520,26.05,\N
54231240,27.96,\N
54374338,24.89,\N
54122970,23.04,\N
54122968,24.37,\N
54122971,26.26,\N
54122969,30.43,\N
54123251,23.67,\N
54123252,24.84,\N
54123253,21.35,\N
54123254,25.13,\N
54123256,26.10,\N
54123257,23.86,\N
54123258,26.71,\N
54123260,26.56,\N
54123259,20.21,\N
54123261,27.78,\N
54123263,24.05,\N
54123262,25.04,\N
54123264,23.41,\N
54123265,25.41,\N
54123266,24.58,\N
54123267,24.51,\N
54123268,24.51,\N
54123269,24.88,\N
54123270,25.93,\N
54123271,26.27,\N
54123272,26.24,\N
54123273,27.65,\N
54123274,27.50,\N
54123275,25.96,\N
54123425,22.08,\N
54123426,26.89,\N
54123427,27.66,\N
54123428,23.63,\N
54123430,28.14,\N
54123429,25.31,\N
54123431,25.95,\N
54123432,26.31,\N
54123433,25.53,\N
54123625,20.80,\N
54123626,23.11,\N
54123627,23.89,\N
54123628,25.02,\N
54123836,23.39,\N
54123837,26.57,\N
54124621,22.09,\N
54124622,29.17,\N
54125409,21.83,\N
54125410,25.90,\N
54125411,23.88,\N
54125414,21.73,\N
54125415,24.22,\N
54125417,22.94,\N
54125898,20.86,\N
54127344,23.92,\N
54130038,26.32,\N
54131385,21.39,\N
54131527,20.01,\N
54128184,28.11,\N
54128963,24.63,\N
54128964,27.82,\N
54128965,25.16,\N
54128966,25.81,\N
54128967,26.85,\N
54128968,24.33,\N
54129170,25.73,\N
54129172,24.45,\N
54129171,26.46,\N
54129173,25.17,\N
54130035,26.14,\N
54130034,24.02,\N
54130036,27.01,\N
54130037,26.81,\N
54130039,21.51,\N
54130040,25.43,\N
54130042,20.71,\N
54130043,24.60,\N
54130072,26.02,\N
54130073,27.30,\N
54130074,28.77,\N
54130075,26.89,\N
54130077,23.56,\N
54130076,26.45,\N
54130078,28.10,\N
54130079,26.00,\N
54130080,29.70,\N
54130081,25.39,\N
54130082,26.29,\N
54130484,26.36,\N
54130486,23.97,\N
54130485,24.89,\N
54130487,24.15,\N
54130488,26.21,\N
54130489,27.20,\N
54130492,26.10,\N
54130491,24.39,\N
54130490,27.94,\N
54130495,24.59,\N
54130494,24.29,\N
54130493,25.23,\N
54130496,28.30,\N
54130497,24.82,\N
54130498,26.68,\N
54130499,28.30,\N
54130500,27.07,\N
54130501,28.37,\N
54130502,25.98,\N
54130503,28.73,\N
54130504,25.46,\N
54130505,23.66,\N
54130506,25.91,\N
54130507,26.16,\N
54130760,23.95,\N
54130761,27.87,\N
54130762,24.06,\N
54130763,24.32,\N
54130764,25.44,\N
54130765,25.29,\N
54130766,23.72,\N
54130767,23.87,\N
54131210,22.43,\N
54131211,22.04,\N
54131213,26.47,\N
54131214,24.61,\N
54131215,22.26,\N
54131319,25.18,\N
54131320,25.50,\N
54131321,26.28,\N
54131322,28.84,\N
54131323,29.34,\N
54131324,29.20,\N
54131325,26.73,\N
54131326,27.72,\N
54131327,24.31,\N
54131345,28.81,\N
54131346,26.53,\N
54131347,27.41,\N
54131348,24.72,\N
54131349,26.76,\N
54131350,26.11,\N
54131351,25.98,\N
54131352,27.60,\N
54131353,26.86,\N
54131354,27.20,\N
54131355,22.91,\N
54131384,26.59,\N
54131386,24.83,\N
54131387,21.20,\N
54131388,25.25,\N
54131389,22.22,\N
54131390,22.59,\N
54131391,24.15,\N
54131413,22.65,\N
54131414,20.32,\N
54131483,21.18,\N
54131485,24.94,\N
54131484,20.78,\N
54131486,22.43,\N
54131528,25.78,\N
54131529,27.14,\N
54131530,29.68,\N
54131531,18.74,\N
54131586,29.26,\N
54131585,26.16,\N
54131587,27.12,\N
54131588,24.16,\N
54131589,24.66,\N
54131590,22.65,\N
54131591,26.16,\N
54131592,24.21,\N
54131734,23.82,\N
54131736,20.02,\N
54132043,21.74,\N
54132044,23.69,\N
54132046,26.61,\N
54353703,21.99,\N
54131737,25.29,\N
54131738,26.02,\N
54131739,28.25,\N
54131740,22.28,\N
54132045,25.02,\N
54132047,26.34,\N
54132048,25.06,\N
54132049,26.75,\N
54132066,26.82,\N
54132068,25.43,\N
54132067,23.56,\N
54132069,24.76,\N
54132070,23.22,\N
54132071,25.82,\N
54132072,22.84,\N
54132073,27.25,\N
54132074,24.79,\N
54132075,27.93,\N
54132076,27.10,\N
54132077,27.43,\N
54132078,28.70,\N
54132079,26.90,\N
54132080,23.29,\N
54132108,21.82,\N
54132109,28.77,\N
54132110,24.00,\N
54132111,24.94,\N
54132112,26.62,\N
54132113,25.07,\N
54132114,25.30,\N
54132115,23.27,\N
54132116,27.16,\N
54132117,23.25,\N
54132119,25.50,\N
54132118,24.87,\N
54132233,29.48,\N
54132232,21.95,\N
54132420,22.39,\N
54132421,25.26,\N
54132423,24.50,\N
54132422,21.80,\N
54132424,25.61,\N
54132425,25.80,\N
54132426,21.19,\N
54132430,22.89,\N
54132429,27.61,\N
54132428,27.22,\N
54132431,26.70,\N
54132432,27.02,\N
54132433,28.14,\N
54132434,25.09,\N
54132436,23.71,\N
54132437,27.80,\N
54132435,27.93,\N
54132438,28.00,\N
54132439,30.28,\N
54132511,19.23,\N
54132512,27.10,\N
54132513,30.12,\N
54132514,25.31,\N
54132515,26.26,\N
54132968,25.78,\N
54132969,25.03,\N
54132971,25.60,\N
54132972,27.94,\N
54132973,24.16,\N
54132974,22.76,\N
54133135,20.96,\N
54133136,22.10,\N
54133137,23.51,\N
54133138,22.39,\N
54133142,23.51,\N
54133143,26.26,\N
54133409,24.00,\N
54133937,21.90,\N
54133938,22.17,\N
54134953,22.55,\N
54135143,23.08,\N
54231706,26.89,\N
54134093,23.15,\N
54134094,27.01,\N
54134095,24.55,\N
54134096,23.93,\N
54134394,25.90,\N
54134395,25.05,\N
54134396,20.65,\N
54134397,21.84,\N
54134398,25.84,\N
54134541,23.45,\N
54134542,25.39,\N
54134543,28.50,\N
54134544,25.81,\N
54134545,28.21,\N
54134548,28.71,\N
54134547,26.27,\N
54134546,24.20,\N
54134549,29.20,\N
54134550,25.95,\N
54134552,22.14,\N
54134553,24.89,\N
54134554,22.41,\N
54134555,23.39,\N
54134556,28.25,\N
54134659,22.52,\N
54134657,23.41,\N
54134658,23.85,\N
54134660,26.72,\N
54134661,24.03,\N
54134662,22.42,\N
54134663,27.02,\N
54134664,25.76,\N
54134666,30.40,\N
54134665,26.42,\N
54134667,23.34,\N
54134668,23.16,\N
54134669,24.80,\N
54134670,27.43,\N
54134935,25.90,\N
54134936,24.71,\N
54134937,26.00,\N
54134938,27.52,\N
54134939,26.00,\N
54134940,23.97,\N
54134941,27.84,\N
54134943,26.45,\N
54134942,27.16,\N
54134945,29.15,\N
54134944,26.74,\N
54134946,25.98,\N
54134947,26.75,\N
54134948,23.30,\N
54134949,22.61,\N
54134950,25.63,\N
54134951,28.27,\N
54134952,26.00,\N
54134954,27.60,\N
54134956,24.57,\N
54134955,26.50,\N
54135135,24.27,\N
54135136,24.27,\N
54135137,25.33,\N
54135138,27.65,\N
54135139,24.75,\N
54135140,22.81,\N
54135141,27.17,\N
54135142,21.02,\N
54135144,26.94,\N
54135145,22.64,\N
54135420,22.73,\N
54135421,23.70,\N
54135423,25.14,\N
54135422,25.78,\N
54135424,28.13,\N
54135425,24.42,\N
54135426,27.16,\N
54135427,24.11,\N
54135428,24.30,\N
54135430,26.35,\N
54135432,26.90,\N
54135431,25.24,\N
54135429,28.43,\N
54135433,27.09,\N
54135434,21.76,\N
54135436,25.40,\N
54135435,22.65,\N
54135437,24.63,\N
54135438,25.24,\N
54135547,24.80,\N
54135546,23.11,\N
54135545,27.64,\N
54135548,21.81,\N
54135549,21.98,\N
54135550,25.00,\N
54135551,25.60,\N
54135552,25.02,\N
54135553,25.83,\N
54135783,19.87,\N
54135785,28.97,\N
54135784,29.47,\N
54135786,22.21,\N
54135787,27.20,\N
54135788,24.80,\N
54135789,23.27,\N
54135790,25.95,\N
54136183,24.04,\N
54136182,24.58,\N
54136184,22.45,\N
54136185,28.51,\N
54136186,23.65,\N
54136187,25.86,\N
54136188,22.52,\N
54136190,24.42,\N
54136189,20.40,\N
54136192,23.04,\N
54136195,20.42,\N
54136191,23.61,\N
54136194,25.12,\N
54136193,28.80,\N
54136196,24.28,\N
54136197,24.72,\N
54136198,23.90,\N
54136199,25.80,\N
54136200,20.32,\N
54136202,26.96,\N
54136203,27.00,\N
54136201,20.80,\N
54136204,21.15,\N
54136472,26.72,\N
54136471,22.80,\N
54136473,26.42,\N
54136474,25.76,\N
54136475,28.22,\N
54136476,23.18,\N
54136479,24.00,\N
54136478,23.65,\N
54136477,22.59,\N
54136753,23.04,\N
54136754,24.88,\N
54136755,22.37,\N
54136756,24.02,\N
54136757,24.72,\N
54136758,22.04,\N
54136759,22.31,\N
54136760,23.37,\N
54136761,26.74,\N
54136762,27.02,\N
54136763,28.95,\N
54136764,22.39,\N
54136765,27.36,\N
54136766,30.60,\N
54136767,25.68,\N
54136768,25.76,\N
54136769,25.75,\N
54136770,25.67,\N
54136771,22.48,\N
54136772,22.80,\N
54136774,22.82,\N
54137136,22.40,\N
54137137,21.92,\N
54137138,23.87,\N
54137139,20.79,\N
54137141,23.26,\N
54137142,26.98,\N
54137143,26.57,\N
54137144,26.03,\N
54137145,22.78,\N
54137440,25.36,\N
54137441,25.30,\N
54137442,26.44,\N
54137443,27.69,\N
54137444,28.68,\N
54137445,24.48,\N
54137446,28.17,\N
54137447,24.09,\N
54137448,22.05,\N
54137449,24.06,\N
54137450,23.24,\N
54137451,24.87,\N
54137452,28.39,\N
54137453,27.29,\N
54137454,26.60,\N
54137505,23.38,\N
54137506,23.13,\N
54137509,25.60,\N
54137510,23.06,\N
54137511,27.82,\N
54137512,23.11,\N
54137790,21.31,\N
54137791,22.81,\N
54137792,26.09,\N
54137793,24.21,\N
54137794,22.71,\N
54137795,29.13,\N
54137796,28.40,\N
54137798,24.07,\N
54137800,25.93,\N
54137801,20.00,\N
54137803,24.11,\N
54137805,23.58,\N
54137806,26.28,\N
54137807,21.24,\N
54137809,21.73,\N
54137810,24.25,\N
54137811,21.94,\N
54137808,21.85,\N
54137812,19.07,\N
54137813,25.49,\N
54138303,27.40,\N
54138305,18.72,\N
54138306,30.10,\N
54138307,21.66,\N
54138308,22.95,\N
54138311,25.07,\N
54138317,26.49,\N
54138694,24.73,\N
54138696,24.32,\N
54138699,24.15,\N
54138702,22.89,\N
54138700,19.44,\N
54138701,26.07,\N
54139078,21.73,\N
54139088,25.67,\N
54139089,21.64,\N
54139097,20.80,\N
54142824,18.62,\N
54144272,24.90,\N
54145583,19.55,\N
54225505,28.86,\N
54230519,22.96,\N
54279030,23.01,\N
54433564,21.23,\N
54440308,28.41,\N
54137799,25.58,\N
54137802,26.74,\N
54137804,26.07,\N
54138304,26.27,\N
54138309,23.21,\N
54138310,21.66,\N
54138312,24.65,\N
54138313,25.09,\N
54138314,25.29,\N
54138315,26.47,\N
54138316,27.60,\N
54138693,25.50,\N
54138695,26.90,\N
54138697,21.08,\N
54138698,25.80,\N
54138704,25.29,\N
54138705,24.81,\N
54138709,25.34,\N
54138707,25.37,\N
54138708,25.54,\N
54138706,25.00,\N
54138710,27.97,\N
54138711,26.80,\N
54138712,28.93,\N
54138713,27.85,\N
54138714,27.05,\N
54138715,23.38,\N
54139074,26.54,\N
54139075,25.64,\N
54139076,24.62,\N
54139077,24.53,\N
54139079,24.73,\N
54139080,21.24,\N
54139081,26.35,\N
54139082,21.66,\N
54139083,26.26,\N
54139084,26.22,\N
54139085,26.51,\N
54139086,19.87,\N
54139087,25.07,\N
54139090,23.90,\N
54139091,23.28,\N
54139092,27.09,\N
54139093,28.34,\N
54139094,28.82,\N
54139095,27.09,\N
54139096,25.81,\N
54139098,24.92,\N
54139313,25.11,\N
54139314,23.35,\N
54139315,24.93,\N
54139316,23.99,\N
54139317,28.50,\N
54139318,27.90,\N
54139319,27.43,\N
54139670,21.17,\N
54139672,23.22,\N
54139671,24.66,\N
54139844,24.23,\N
54139846,24.00,\N
54139847,28.88,\N
54139999,25.69,\N
54140163,23.36,\N
54142541,24.80,\N
54142826,21.57,\N
54142827,24.47,\N
54142836,25.25,\N
54143559,22.41,\N
54144229,21.68,\N
54144371,23.84,\N
54147131,28.10,\N
54150700,17.66,\N
54153045,21.22,\N
54425756,28.75,\N
54142825,24.06,\N
54142828,26.69,\N
54142829,25.00,\N
54142830,26.61,\N
54142831,25.78,\N
54142832,26.29,\N
54142833,26.13,\N
54142834,27.58,\N
54142835,25.51,\N
54142837,25.92,\N
54142840,26.01,\N
54142839,23.83,\N
54142838,24.70,\N
54142841,21.63,\N
54143218,23.80,\N
54143219,25.93,\N
54143220,27.34,\N
54143221,25.52,\N
54143222,27.45,\N
54143223,27.60,\N
54143413,27.35,\N
54143415,25.78,\N
54143416,25.62,\N
54143417,27.16,\N
54143418,24.43,\N
54143419,24.27,\N
54143420,26.61,\N
54143423,22.27,\N
54143421,24.76,\N
54143422,21.75,\N
54143550,24.64,\N
54143551,27.30,\N
54143552,24.77,\N
54143553,25.44,\N
54143554,25.96,\N
54143555,24.57,\N
54143556,23.36,\N
54143557,28.49,\N
54143558,25.64,\N
54143560,24.63,\N
54143561,21.41,\N
54143563,22.52,\N
54143564,25.29,\N
54143565,24.18,\N
54143567,25.95,\N
54143566,24.87,\N
54143568,24.34,\N
54143569,26.51,\N
54143570,25.45,\N
54144098,26.33,\N
54144097,26.47,\N
54144103,19.35,\N
54144104,25.61,\N
54144105,24.77,\N
54144106,21.29,\N
54144232,23.77,\N
54144230,26.44,\N
54144231,25.33,\N
54144233,30.01,\N
54144234,24.46,\N
54144238,25.43,\N
54144236,25.27,\N
54144237,27.63,\N
54144235,26.92,\N
54144240,22.91,\N
54144239,24.97,\N
54144271,26.13,\N
54144270,25.93,\N
54144273,26.09,\N
54144284,25.33,\N
54144285,24.22,\N
54144286,22.79,\N
54144287,27.00,\N
54144288,25.39,\N
54144289,23.23,\N
54144290,23.09,\N
54144291,27.07,\N
54144292,26.67,\N
54144293,26.02,\N
54144294,26.02,\N
54144295,24.00,\N
54144296,24.92,\N
54144297,25.80,\N
54144298,25.00,\N
54144299,27.09,\N
54144372,25.34,\N
54144373,28.45,\N
54144374,22.95,\N
54144375,22.32,\N
54144376,23.38,\N
54144917,26.18,\N
54144916,23.44,\N
54144918,22.54,\N
54144920,23.55,\N
54144919,25.62,\N
54144921,26.13,\N
54144922,21.69,\N
54144923,23.29,\N
54144925,19.73,\N
54144924,25.07,\N
54144926,19.43,\N
54144927,25.71,\N
54144928,24.71,\N
54144929,23.94,\N
54144930,25.70,\N
54144931,26.38,\N
54144932,23.87,\N
54144933,24.14,\N
54144934,22.11,\N
54144935,21.82,\N
54145072,21.84,\N
54145073,25.74,\N
54145074,25.16,\N
54145075,27.73,\N
54145076,18.57,\N
54145078,24.38,\N
54145077,25.07,\N
54145079,23.00,\N
54145080,21.07,\N
54145081,21.68,\N
54145082,20.78,\N
54145083,21.10,\N
54145084,25.10,\N
54145085,25.72,\N
54145086,26.92,\N
54145087,27.45,\N
54145088,28.35,\N
54145208,28.78,\N
54145209,25.25,\N
54145211,22.37,\N
54145210,24.96,\N
54145212,19.66,\N
54145460,24.02,\N
54145461,23.27,\N
54145462,24.73,\N
54145463,24.83,\N
54145464,26.30,\N
54145465,24.75,\N
54145466,24.80,\N
54145467,25.64,\N
54145469,24.60,\N
54145468,24.54,\N
54145470,26.46,\N
54145471,27.10,\N
54145472,23.69,\N
54145473,26.15,\N
54145571,25.66,\N
54145570,21.19,\N
54145572,19.78,\N
54145573,24.39,\N
54145574,24.36,\N
54145577,22.52,\N
54145576,23.91,\N
54145575,25.11,\N
54145578,24.08,\N
54145579,25.40,\N
54145580,23.73,\N
54145581,23.41,\N
54145584,25.22,\N
54145582,22.76,\N
54145585,24.98,\N
54145775,23.47,\N
54145776,25.39,\N
54145777,26.58,\N
54145780,24.46,\N
54145778,22.83,\N
54145782,25.20,\N
54145784,20.45,\N
54145783,22.29,\N
54146076,26.78,\N
54146233,25.14,\N
54146676,23.51,\N
54149825,20.14,\N
54157354,17.83,\N
54231707,24.60,\N
54499714,32.47,\N
54145779,27.72,\N
54145781,26.02,\N
54145785,23.46,\N
54146072,21.68,\N
54146073,23.39,\N
54146074,27.84,\N
54146075,26.35,\N
54146077,25.18,\N
54146234,22.11,\N
54146670,27.36,\N
54146671,25.58,\N
54146669,25.72,\N
54146673,26.34,\N
54146674,26.11,\N
54146672,26.05,\N
54146675,27.56,\N
54146677,26.41,\N
54146678,23.77,\N
54146680,24.37,\N
54146681,27.78,\N
54146682,24.66,\N
54146679,25.12,\N
54146683,26.08,\N
54146684,26.59,\N
54146685,25.95,\N
54147128,20.88,\N
54147129,26.65,\N
54147133,24.00,\N
54147130,25.17,\N
54147132,27.42,\N
54147134,26.14,\N
54147135,24.49,\N
54147137,25.32,\N
54147136,25.40,\N
54147138,27.91,\N
54147139,27.63,\N
54147140,28.28,\N
54147407,21.40,\N
54147408,25.77,\N
54147409,25.72,\N
54147410,24.90,\N
54147411,24.94,\N
54147412,23.97,\N
54147684,19.83,\N
54147685,22.93,\N
54147751,25.32,\N
54147750,26.31,\N
54148202,20.58,\N
54148786,21.97,\N
54149826,28.63,\N
54149827,28.02,\N
54150701,29.96,\N
54150702,23.13,\N
54150703,23.97,\N
54150704,28.40,\N
54150705,22.86,\N
54151571,27.29,\N
54151572,24.56,\N
54151574,25.32,\N
54151573,25.24,\N
54152388,25.18,\N
54152394,21.29,\N
54152393,23.12,\N
54153120,22.30,\N
54153121,22.05,\N
54153126,23.70,\N
54158258,24.96,\N
54160403,26.15,\N
54161063,19.98,\N
54161704,19.93,\N
54231708,24.59,\N
54297314,21.91,\N
54440309,29.98,\N
54499715,32.04,\N
54151575,23.84,\N
54152390,22.65,\N
54152389,26.03,\N
54152391,23.00,\N
54152392,25.25,\N
54152395,21.26,\N
54153123,24.71,\N
54153122,24.07,\N
54153124,26.75,\N
54153125,24.89,\N
54153127,26.34,\N
54153129,23.84,\N
54153128,22.24,\N
54153130,24.45,\N
54153131,24.50,\N
54153132,23.36,\N
54153134,25.60,\N
54153133,23.65,\N
54153135,27.92,\N
54153136,24.95,\N
54153137,23.99,\N
54154694,25.22,\N
54154693,27.37,\N
54154695,26.53,\N
54154697,20.29,\N
54154696,21.92,\N
54155282,22.48,\N
54155283,23.77,\N
54155285,26.69,\N
54155286,20.58,\N
54155284,23.78,\N
54155619,23.31,\N
54155620,27.10,\N
54156742,28.17,\N
54156743,24.38,\N
54156744,21.00,\N
54156745,24.25,\N
54156746,21.98,\N
54156747,23.15,\N
54156748,22.05,\N
54156749,26.09,\N
54156750,20.11,\N
54157345,21.58,\N
54157346,25.97,\N
54157347,28.01,\N
54157348,20.93,\N
54157349,21.39,\N
54157350,24.99,\N
54157351,27.77,\N
54157352,26.25,\N
54157353,26.23,\N
54157355,25.27,\N
54157356,23.52,\N
54157357,24.90,\N
54157358,23.65,\N
54157820,26.51,\N
54157821,23.18,\N
54157823,25.01,\N
54157824,23.64,\N
54157827,21.18,\N
54157826,23.91,\N
54157825,21.12,\N
54157828,25.88,\N
54157829,24.35,\N
54158067,19.18,\N
54158068,24.04,\N
54158069,23.07,\N
54158070,22.26,\N
54158071,20.93,\N
54158072,26.47,\N
54158073,25.10,\N
54158075,21.58,\N
54158074,24.61,\N
54158076,20.11,\N
54158251,26.08,\N
54158252,24.33,\N
54158253,21.28,\N
54158255,24.55,\N
54158254,24.66,\N
54158256,28.71,\N
54158257,20.92,\N
54158259,22.07,\N
54158260,23.25,\N
54158261,24.98,\N
54159392,20.64,\N
54159393,22.00,\N
54159394,25.67,\N
54159395,21.34,\N
54159396,24.25,\N
54159397,26.40,\N
54159398,25.73,\N
54159399,21.80,\N
54159400,24.39,\N
54159401,27.20,\N
54159402,22.31,\N
54159403,28.54,\N
54159404,25.15,\N
54159405,22.79,\N
54159406,25.95,\N
54159407,28.39,\N
54159408,26.83,\N
54159409,25.11,\N
54160163,23.93,\N
54160164,27.57,\N
54160165,26.83,\N
54160166,21.25,\N
54160167,22.30,\N
54160168,23.78,\N
54160170,22.55,\N
54160169,24.43,\N
54160171,26.51,\N
54160402,22.21,\N
54160404,22.43,\N
54160406,23.50,\N
54160407,25.30,\N
54160409,23.50,\N
54160408,24.09,\N
54160713,24.64,\N
54160717,23.76,\N
54160718,26.84,\N
54160716,23.13,\N
54160719,20.34,\N
54161062,24.64,\N
54161064,19.98,\N
54161065,23.89,\N
54161066,25.47,\N
54161070,24.60,\N
54161317,26.47,\N
54161705,20.23,\N
54165398,21.89,\N
54167161,23.05,\N
54175297,20.05,\N
54160715,23.37,\N
54160714,22.67,\N
54161067,25.94,\N
54161068,23.53,\N
54161069,28.96,\N
54161071,25.23,\N
54161316,22.90,\N
54161318,20.45,\N
54161706,23.89,\N
54161707,23.44,\N
54161708,27.40,\N
54161709,26.41,\N
54161710,24.40,\N
54161734,21.93,\N
54161735,20.08,\N
54161773,19.44,\N
54161774,24.00,\N
54161777,20.84,\N
54161861,21.32,\N
54162239,24.87,\N
54162240,21.40,\N
54162243,18.49,\N
54162245,23.05,\N
54162300,20.59,\N
54162298,22.16,\N
54162299,25.81,\N
54162712,25.19,\N
54163649,23.18,\N
54164553,25.63,\N
54164555,25.23,\N
54165396,20.00,\N
54165647,23.52,\N
54165648,23.16,\N
54165797,21.21,\N
54166590,19.73,\N
54171604,22.00,\N
54191242,21.39,\N
54164554,28.55,\N
54164556,26.94,\N
54165113,24.98,\N
54165114,24.66,\N
54165115,26.73,\N
54165397,24.75,\N
54165399,26.21,\N
54165798,23.79,\N
54165799,24.12,\N
54165800,26.23,\N
54165801,23.61,\N
54166171,20.41,\N
54166172,22.72,\N
54166173,25.34,\N
54166174,23.90,\N
54166175,23.80,\N
54166389,21.83,\N
54166390,22.25,\N
54166391,23.38,\N
54166392,23.48,\N
54166395,23.54,\N
54166588,23.04,\N
54166589,29.10,\N
54166591,25.56,\N
54166592,25.08,\N
54166593,21.54,\N
54166594,27.28,\N
54166595,25.75,\N
54166596,21.89,\N
54166597,20.87,\N
54166598,20.92,\N
54166599,23.31,\N
54166600,21.53,\N
54166826,25.87,\N
54166827,21.84,\N
54166829,19.49,\N
54166830,26.35,\N
54167162,24.40,\N
54167163,23.18,\N
54167164,25.18,\N
54167165,24.87,\N
54167167,26.22,\N
54167168,23.67,\N
54167169,26.85,\N
54167170,21.37,\N
54167171,26.61,\N
54167172,25.36,\N
54167173,23.57,\N
54167174,23.35,\N
54167175,24.20,\N
54167176,24.97,\N
54167559,21.36,\N
54167560,28.64,\N
54167561,21.80,\N
54167562,26.01,\N
54168303,23.56,\N
54168304,24.90,\N
54168305,24.34,\N
54168783,20.44,\N
54168784,21.35,\N
54168785,25.73,\N
54169405,22.33,\N
54169408,27.12,\N
54169409,23.50,\N
54169410,27.04,\N
54169411,20.35,\N
54169951,20.34,\N
54169952,23.76,\N
54169955,23.32,\N
54169954,26.71,\N
54169953,23.36,\N
54170845,24.88,\N
54170846,26.20,\N
54170847,28.15,\N
54170848,21.58,\N
54170849,26.40,\N
54170851,22.00,\N
54171307,24.69,\N
54171308,22.84,\N
54171311,25.02,\N
54171310,19.66,\N
54171313,23.06,\N
54171309,25.35,\N
54171312,24.95,\N
54172536,19.43,\N
54178641,20.69,\N
54189755,20.32,\N
54499717,30.50,\N
54171605,20.26,\N
54171606,24.07,\N
54171754,26.75,\N
54171755,22.54,\N
54171756,23.38,\N
54171757,23.07,\N
54171758,24.12,\N
54171997,24.47,\N
54171998,25.57,\N
54172000,22.04,\N
54171999,26.24,\N
54172537,27.75,\N
54173186,22.17,\N
54173751,21.28,\N
54174523,25.68,\N
54174525,23.39,\N
54174524,24.27,\N
54175299,25.76,\N
54175298,26.91,\N
54175300,28.27,\N
54175819,26.19,\N
54175821,23.59,\N
54175820,24.97,\N
54175822,25.09,\N
54176598,26.89,\N
54176599,24.36,\N
54176993,22.91,\N
54176995,24.77,\N
54176997,22.56,\N
54177361,19.70,\N
54177601,20.50,\N
54178150,25.06,\N
54178157,24.32,\N
54178639,21.57,\N
54225502,19.68,\N
54176994,24.85,\N
54176996,23.49,\N
54177360,26.72,\N
54177362,24.28,\N
54177363,23.40,\N
54177364,23.33,\N
54177596,22.89,\N
54177597,23.44,\N
54177598,26.40,\N
54177599,19.37,\N
54177600,24.18,\N
54177977,23.23,\N
54177978,24.75,\N
54177979,26.27,\N
54177980,26.63,\N
54177982,25.37,\N
54177981,27.07,\N
54177983,23.33,\N
54177984,25.94,\N
54177985,21.27,\N
54177986,20.92,\N
54177987,25.78,\N
54177988,25.95,\N
54177989,21.95,\N
54177990,25.44,\N
54178144,24.94,\N
54178145,24.26,\N
54178146,22.15,\N
54178147,22.68,\N
54178149,23.86,\N
54178148,22.79,\N
54178151,27.53,\N
54178152,24.45,\N
54178153,25.96,\N
54178154,26.12,\N
54178156,19.21,\N
54178155,18.80,\N
54178158,24.66,\N
54178635,22.46,\N
54178637,22.23,\N
54178636,24.36,\N
54178638,23.88,\N
54178640,21.56,\N
54178642,22.95,\N
54178643,23.84,\N
54178644,26.21,\N
54178988,20.40,\N
54178989,25.71,\N
54178990,22.85,\N
54178991,22.50,\N
54178993,21.55,\N
54178994,21.44,\N
54178995,25.68,\N
54178996,27.35,\N
54179000,19.71,\N
54178998,22.73,\N
54178997,22.33,\N
54178999,21.19,\N
54179002,23.73,\N
54179001,25.66,\N
54179304,21.20,\N
54179305,24.26,\N
54179306,28.19,\N
54179307,27.62,\N
54179308,26.58,\N
54179309,23.95,\N
54179896,22.00,\N
54179897,24.91,\N
54179894,24.61,\N
54179893,26.54,\N
54179895,24.02,\N
54179898,20.62,\N
54179899,24.39,\N
54183799,26.36,\N
54183800,26.81,\N
54183801,22.98,\N
54183802,23.75,\N
54183804,25.42,\N
54183805,25.32,\N
54183803,23.96,\N
54183806,26.55,\N
54184276,22.88,\N
54184277,22.91,\N
54184278,24.01,\N
54184279,24.91,\N
54184280,21.23,\N
54184281,19.39,\N
54184282,22.02,\N
54184283,23.64,\N
54184284,27.81,\N
54184285,25.33,\N
54184707,20.29,\N
54184709,24.40,\N
54184708,21.20,\N
54184711,22.15,\N
54184710,22.06,\N
54184712,28.52,\N
54184713,25.88,\N
54185129,18.22,\N
54185132,26.94,\N
54185130,22.67,\N
54185131,23.10,\N
54185133,22.32,\N
54185134,21.95,\N
54185135,20.71,\N
54185136,22.78,\N
54185139,21.94,\N
54185138,24.71,\N
54185137,21.83,\N
54185141,26.17,\N
54185140,21.92,\N
54185142,25.38,\N
54185144,23.16,\N
54185143,23.70,\N
54185145,24.34,\N
54185580,26.53,\N
54185582,23.12,\N
54185581,24.70,\N
54185583,23.15,\N
54185584,27.82,\N
54185791,25.39,\N
54185792,22.68,\N
54185793,23.04,\N
54185794,24.34,\N
54185796,18.89,\N
54186208,25.58,\N
54186209,25.40,\N
54186210,22.46,\N
54186212,23.80,\N
54186213,21.93,\N
54186215,24.32,\N
54186214,25.45,\N
54186657,19.22,\N
54186659,20.24,\N
54186663,20.35,\N
54186661,25.00,\N
54186660,24.32,\N
54186922,17.67,\N
54186945,23.27,\N
54187633,25.21,\N
54188100,20.88,\N
54188101,23.05,\N
54188103,20.84,\N
54189957,20.96,\N
54190301,18.84,\N
54190302,23.05,\N
54191332,19.67,\N
54191835,18.62,\N
54191839,21.07,\N
54194976,20.10,\N
54225504,28.21,\N
54235672,22.39,\N
54421082,27.14,\N
54423508,29.73,\N
54186211,20.40,\N
54186658,22.85,\N
54186662,23.84,\N
54186664,23.71,\N
54186666,24.12,\N
54186921,26.09,\N
54186946,23.64,\N
54186947,24.77,\N
54187632,21.04,\N
54187638,21.77,\N
54188099,23.24,\N
54188102,22.66,\N
54189754,23.11,\N
54189756,22.84,\N
54189757,28.70,\N
54189958,24.25,\N
54189959,20.85,\N
54189960,22.94,\N
54189961,25.57,\N
54190077,24.04,\N
54190078,24.29,\N
54190079,25.91,\N
54190080,26.87,\N
54190298,22.78,\N
54190299,21.41,\N
54190300,22.73,\N
54190303,26.61,\N
54190304,21.44,\N
54190305,23.91,\N
54190306,26.52,\N
54190783,24.04,\N
54190784,22.76,\N
54190785,24.49,\N
54190786,26.03,\N
54190787,25.42,\N
54190788,25.05,\N
54190789,23.80,\N
54190790,24.39,\N
54190791,28.45,\N
54190794,24.80,\N
54190792,23.77,\N
54190793,18.29,\N
54190795,24.80,\N
54191243,23.76,\N
54191244,24.24,\N
54191245,24.59,\N
54191246,23.47,\N
54191247,22.55,\N
54191248,25.75,\N
54191249,24.54,\N
54191250,23.13,\N
54191251,22.98,\N
54191252,21.44,\N
54191253,22.71,\N
54191333,22.70,\N
54191334,23.92,\N
54191335,30.24,\N
54191336,26.16,\N
54191337,24.07,\N
54191338,25.78,\N
54191340,22.22,\N
54191339,24.59,\N
54191341,23.42,\N
54191777,22.71,\N
54191342,24.46,\N
54191344,22.09,\N
54191343,23.72,\N
54191346,21.95,\N
54191779,19.24,\N
54191780,20.65,\N
54191778,19.52,\N
54191832,24.11,\N
54191833,24.88,\N
54191834,26.19,\N
54191836,23.88,\N
54191838,24.41,\N
54191837,22.67,\N
54191844,25.25,\N
54191846,20.11,\N
54191847,20.51,\N
54191849,20.80,\N
54191853,22.84,\N
54192169,22.25,\N
54192170,22.96,\N
54192173,20.99,\N
54192179,22.77,\N
54192207,22.93,\N
54192208,20.25,\N
54193346,20.07,\N
54198508,21.36,\N
54212933,22.27,\N
54244192,19.78,\N
54265623,22.37,\N
54191345,24.70,\N
54191781,26.07,\N
54191782,22.40,\N
54191831,22.48,\N
54191840,23.08,\N
54191841,27.73,\N
54191842,25.10,\N
54191845,25.78,\N
54191843,24.70,\N
54191848,24.20,\N
54191850,21.23,\N
54191851,24.10,\N
54191852,26.70,\N
54192162,22.68,\N
54192163,22.60,\N
54192164,24.80,\N
54192165,24.94,\N
54192166,23.15,\N
54192167,25.08,\N
54192168,26.16,\N
54192171,25.18,\N
54192172,27.86,\N
54192174,22.79,\N
54192175,20.60,\N
54192176,25.48,\N
54192177,24.07,\N
54192180,24.58,\N
54192178,24.32,\N
54192181,22.91,\N
54192182,23.61,\N
54192183,23.64,\N
54192184,25.87,\N
54192186,27.11,\N
54192187,22.30,\N
54192188,22.73,\N
54192189,21.45,\N
54192190,26.33,\N
54192201,22.60,\N
54192202,26.32,\N
54192203,25.21,\N
54192204,26.92,\N
54192205,27.35,\N
54192206,23.64,\N
54192210,21.22,\N
54192209,21.32,\N
54192211,22.69,\N
54192212,25.16,\N
54192213,23.15,\N
54192214,27.44,\N
54192215,25.75,\N
54192216,25.38,\N
54192217,24.14,\N
54192218,24.21,\N
54192219,23.65,\N
54192742,21.30,\N
54192743,19.86,\N
54192744,25.09,\N
54192745,30.29,\N
54192746,29.54,\N
54192747,24.48,\N
54192748,30.35,\N
54192749,26.19,\N
54192752,23.28,\N
54192751,26.08,\N
54192753,20.63,\N
54192754,24.38,\N
54192756,26.26,\N
54192757,24.79,\N
54193332,23.71,\N
54193333,27.69,\N
54193334,25.11,\N
54193335,24.39,\N
54193336,24.94,\N
54193337,24.27,\N
54193338,25.03,\N
54193340,24.86,\N
54193339,24.02,\N
54193341,24.89,\N
54193342,23.02,\N
54193343,25.65,\N
54193344,25.66,\N
54193345,27.33,\N
54193347,24.32,\N
54193348,24.93,\N
54193349,24.45,\N
54193830,23.55,\N
54193831,23.82,\N
54193832,25.14,\N
54193834,26.07,\N
54193833,24.92,\N
54193835,23.10,\N
54193836,28.88,\N
54193838,26.92,\N
54193837,25.08,\N
54193839,28.17,\N
54193840,25.24,\N
54193841,25.07,\N
54193842,23.82,\N
54193843,28.46,\N
54193844,26.54,\N
54193845,25.03,\N
54194313,21.55,\N
54194324,24.36,\N
54194325,25.22,\N
54194336,27.32,\N
54194337,24.48,\N
54194338,25.86,\N
54194339,26.50,\N
54194340,27.57,\N
54194341,23.41,\N
54194342,28.39,\N
54194343,28.35,\N
54194344,21.94,\N
54194345,25.23,\N
54194346,20.20,\N
54194347,26.86,\N
54194348,23.72,\N
54194349,25.56,\N
54194350,25.69,\N
54194351,24.81,\N
54194352,28.02,\N
54194353,25.34,\N
54194354,24.11,\N
54194355,26.17,\N
54194356,28.40,\N
54194357,28.92,\N
54194358,29.28,\N
54194359,26.66,\N
54194360,26.72,\N
54194361,26.87,\N
54194362,25.78,\N
54194964,22.90,\N
54194965,23.75,\N
54194966,22.95,\N
54194967,24.58,\N
54194968,24.29,\N
54194969,20.61,\N
54194970,22.23,\N
54194971,20.76,\N
54194972,24.25,\N
54194973,28.27,\N
54194974,24.90,\N
54194975,24.36,\N
54194977,26.13,\N
54194978,23.47,\N
54194979,23.14,\N
54194980,24.53,\N
54194981,23.82,\N
54194982,26.25,\N
54194983,25.88,\N
54194984,27.87,\N
54195854,18.98,\N
54195853,24.47,\N
54195855,26.27,\N
54195856,22.23,\N
54195857,22.70,\N
54195858,23.02,\N
54195859,20.54,\N
54195860,26.93,\N
54195861,20.99,\N
54195862,25.98,\N
54195863,26.24,\N
54195865,25.42,\N
54195864,22.74,\N
54195866,23.84,\N
54195867,23.57,\N
54195868,24.03,\N
54195869,25.81,\N
54195871,23.49,\N
54195870,23.52,\N
54195872,25.39,\N
54195873,27.52,\N
54195874,24.93,\N
54195875,24.67,\N
54195877,25.39,\N
54195876,22.02,\N
54195878,23.66,\N
54195879,23.61,\N
54195880,23.24,\N
54195881,27.99,\N
54195882,29.17,\N
54195883,28.52,\N
54195884,22.47,\N
54195885,26.09,\N
54195886,20.06,\N
54195888,25.34,\N
54195889,22.26,\N
54195890,24.57,\N
54195891,23.68,\N
54196367,26.54,\N
54196368,21.63,\N
54196397,23.71,\N
54196396,22.07,\N
54196398,25.28,\N
54196399,23.71,\N
54196400,27.50,\N
54196401,25.95,\N
54196402,26.91,\N
54196403,26.38,\N
54196404,20.49,\N
54196405,23.47,\N
54196406,26.85,\N
54196407,28.16,\N
54196408,24.86,\N
54196409,25.24,\N
54196410,18.53,\N
54196411,19.66,\N
54196412,26.02,\N
54196413,20.93,\N
54196753,20.64,\N
54196754,26.23,\N
54196755,24.13,\N
54196822,26.67,\N
54196823,26.84,\N
54196824,23.47,\N
54196825,25.15,\N
54196826,19.93,\N
54196827,28.97,\N
54196851,23.28,\N
54196853,25.80,\N
54196852,25.08,\N
54196854,24.26,\N
54196855,28.41,\N
54196856,26.54,\N
54196857,26.26,\N
54197589,22.80,\N
54197590,23.60,\N
54197591,22.00,\N
54197673,24.29,\N
54197672,27.44,\N
54197671,24.73,\N
54197675,22.62,\N
54197674,25.79,\N
54198191,26.80,\N
54198192,24.07,\N
54198193,26.34,\N
54198194,22.04,\N
54198199,24.42,\N
54198380,19.25,\N
54198382,21.63,\N
54199065,22.17,\N
54199511,20.52,\N
54199630,20.95,\N
54200293,23.27,\N
54200439,22.17,\N
54200461,20.98,\N
54202989,20.79,\N
54206536,21.68,\N
54209293,22.56,\N
54209479,28.76,\N
54209480,22.08,\N
54214054,21.28,\N
54214058,20.22,\N
54350900,23.19,\N
54418795,28.39,\N
54465621,21.87,\N
54519476,20.82,\N
54198195,26.45,\N
54198196,26.11,\N
54198197,28.09,\N
54198198,26.99,\N
54198201,26.12,\N
54198200,23.96,\N
54198375,24.01,\N
54198381,27.34,\N
54198383,24.37,\N
54198384,25.36,\N
54198385,25.62,\N
54198509,22.28,\N
54198830,25.35,\N
54199256,29.26,\N
54199510,28.41,\N
54199807,25.99,\N
54199808,24.79,\N
54199809,22.73,\N
54199810,27.99,\N
54200002,24.15,\N
54200003,23.91,\N
54200004,24.91,\N
54200005,26.52,\N
54200006,27.19,\N
54200007,25.56,\N
54200294,25.02,\N
54200295,23.20,\N
54200296,25.30,\N
54200297,25.44,\N
54200298,25.55,\N
54200300,21.07,\N
54200299,26.99,\N
54200301,24.14,\N
54200302,28.80,\N
54200303,24.42,\N
54200304,27.00,\N
54200305,26.57,\N
54200306,26.48,\N
54200307,29.82,\N
54200434,24.92,\N
54200437,26.52,\N
54200435,26.21,\N
54200436,26.60,\N
54200438,24.73,\N
54200440,26.92,\N
54200445,22.12,\N
54200444,24.32,\N
54200446,25.54,\N
54200447,23.20,\N
54200448,25.74,\N
54200449,23.73,\N
54200450,26.40,\N
54200451,20.79,\N
54200452,21.54,\N
54200453,24.16,\N
54200454,25.68,\N
54200455,19.59,\N
54200462,25.98,\N
54200464,21.78,\N
54200465,25.73,\N
54200466,23.90,\N
54200467,26.17,\N
54200468,23.21,\N
54200469,23.50,\N
54200470,25.12,\N
54200471,26.23,\N
54200472,23.43,\N
54200473,25.25,\N
54200474,25.61,\N
54201454,26.26,\N
54201455,22.78,\N
54201456,23.39,\N
54201458,20.75,\N
54201457,22.71,\N
54201460,25.28,\N
54201462,24.59,\N
54201803,24.27,\N
54201805,21.57,\N
54201807,27.00,\N
54201808,26.55,\N
54201814,24.51,\N
54201816,25.57,\N
54201817,24.66,\N
54201822,24.36,\N
54202335,20.96,\N
54202338,21.94,\N
54202337,24.39,\N
54202997,25.81,\N
54203006,20.47,\N
54203008,20.95,\N
54203007,22.66,\N
54203011,23.38,\N
54203020,25.71,\N
54203021,23.95,\N
54203023,26.82,\N
54203024,25.73,\N
54203025,26.08,\N
54203029,25.02,\N
54203037,26.51,\N
54210564,24.90,\N
54215638,19.86,\N
54216310,23.49,\N
54231709,26.08,\N
54236936,21.23,\N
54374365,26.34,\N
54419700,30.92,\N
54201459,22.91,\N
54201461,24.13,\N
54201804,26.70,\N
54201806,23.68,\N
54201809,25.43,\N
54201810,26.00,\N
54201812,23.52,\N
54201811,27.39,\N
54201813,25.84,\N
54201815,24.26,\N
54201819,27.92,\N
54201820,28.50,\N
54201821,25.30,\N
54201823,26.18,\N
54201824,31.18,\N
54201825,26.60,\N
54201826,24.02,\N
54202329,25.55,\N
54202330,25.88,\N
54202331,25.34,\N
54202332,26.01,\N
54202333,24.44,\N
54202334,25.91,\N
54202336,28.20,\N
54202339,28.00,\N
54202341,26.33,\N
54202340,21.18,\N
54202342,25.00,\N
54202343,28.09,\N
54202344,25.07,\N
54202990,22.92,\N
54202991,26.24,\N
54202993,22.54,\N
54202992,28.20,\N
54202994,24.07,\N
54202995,27.30,\N
54202998,25.33,\N
54202996,28.14,\N
54202999,25.16,\N
54203001,23.53,\N
54203002,23.62,\N
54203003,24.33,\N
54203004,24.42,\N
54203005,24.30,\N
54203009,23.74,\N
54203010,20.58,\N
54203012,24.07,\N
54203013,25.74,\N
54203015,25.21,\N
54203014,27.05,\N
54203016,24.75,\N
54203017,22.05,\N
54203018,23.97,\N
54203019,24.60,\N
54203022,23.15,\N
54203026,28.03,\N
54203027,22.24,\N
54203028,24.14,\N
54203030,24.48,\N
54203031,24.13,\N
54203032,20.05,\N
54203033,25.00,\N
54203034,24.51,\N
54203035,25.26,\N
54203038,26.38,\N
54203701,27.10,\N
54203700,25.43,\N
54203702,27.25,\N
54203703,23.51,\N
54203704,22.97,\N
54203705,24.33,\N
54203706,23.88,\N
54203707,25.78,\N
54203708,21.26,\N
54203709,24.77,\N
54203710,26.54,\N
54203711,23.52,\N
54203712,26.93,\N
54204643,20.06,\N
54204644,19.94,\N
54204645,21.96,\N
54204646,23.30,\N
54204647,26.58,\N
54204648,24.62,\N
54204649,29.94,\N
54204650,27.80,\N
54204651,27.91,\N
54204652,28.13,\N
54204653,26.29,\N
54204654,22.30,\N
54204655,25.71,\N
54204656,27.01,\N
54204657,23.72,\N
54205436,24.82,\N
54205435,25.06,\N
54205434,24.43,\N
54205437,25.13,\N
54205438,25.40,\N
54205439,24.69,\N
54205440,25.85,\N
54205441,25.60,\N
54205443,24.92,\N
54205444,26.66,\N
54205445,22.13,\N
54205446,22.79,\N
54205447,24.12,\N
54205448,23.74,\N
54206537,22.49,\N
54206538,21.32,\N
54206539,26.46,\N
54206541,24.12,\N
54206540,27.40,\N
54206543,27.79,\N
54206542,26.71,\N
54206544,27.89,\N
54206545,27.67,\N
54206546,26.98,\N
54206547,22.92,\N
54207046,26.95,\N
54207047,25.17,\N
54207048,22.05,\N
54207049,23.93,\N
54207050,24.32,\N
54207052,25.36,\N
54207053,24.54,\N
54207054,25.27,\N
54207055,27.19,\N
54207056,27.76,\N
54207057,25.24,\N
54207058,28.98,\N
54208038,27.40,\N
54208039,26.36,\N
54208040,24.67,\N
54208041,25.12,\N
54208042,24.45,\N
54208043,25.58,\N
54208044,23.41,\N
54208045,26.89,\N
54208046,27.78,\N
54208048,24.30,\N
54208049,27.96,\N
54208047,21.69,\N
54208619,28.56,\N
54208623,22.87,\N
54208622,26.05,\N
54208621,25.63,\N
54208624,25.60,\N
54208625,24.20,\N
54208626,24.75,\N
54208628,25.26,\N
54208627,23.30,\N
54209215,22.89,\N
54209218,26.00,\N
54209217,27.23,\N
54209216,29.35,\N
54209219,26.37,\N
54209220,25.10,\N
54209221,28.14,\N
54209223,24.52,\N
54209222,25.41,\N
54209294,29.70,\N
54209295,25.71,\N
54209296,26.80,\N
54209297,25.83,\N
54209298,25.65,\N
54209302,23.73,\N
54209303,28.21,\N
54209300,24.52,\N
54209301,24.62,\N
54209304,23.24,\N
54209306,26.89,\N
54209305,27.98,\N
54209307,28.51,\N
54209308,24.98,\N
54209309,24.44,\N
54209310,26.65,\N
54209312,27.27,\N
54209311,23.57,\N
54209314,23.32,\N
54209481,22.36,\N
54209482,26.48,\N
54209483,28.88,\N
54209484,28.41,\N
54209486,21.87,\N
54209485,22.19,\N
54209487,21.79,\N
54209488,25.22,\N
54209490,27.55,\N
54209491,24.53,\N
54209492,26.83,\N
54209493,24.96,\N
54209494,22.78,\N
54209495,22.49,\N
54209496,23.63,\N
54210292,26.48,\N
54210291,21.71,\N
54210293,20.22,\N
54210294,22.46,\N
54210295,26.36,\N
54210929,23.65,\N
54213618,21.92,\N
54216190,21.09,\N
54217976,23.47,\N
54231712,27.48,\N
54513656,29.56,\N
54210565,24.14,\N
54210566,24.78,\N
54210567,25.91,\N
54210568,24.64,\N
54210569,25.36,\N
54210930,24.71,\N
54210931,30.30,\N
54211169,24.38,\N
54211170,28.85,\N
54211504,25.61,\N
54211781,23.98,\N
54212258,26.23,\N
54212438,29.30,\N
54212437,26.59,\N
54212439,26.38,\N
54212440,26.26,\N
54212442,27.78,\N
54212441,23.89,\N
54212443,31.84,\N
54212444,27.28,\N
54212584,25.40,\N
54212585,25.57,\N
54212586,20.29,\N
54212588,25.06,\N
54212589,25.16,\N
54212587,31.66,\N
54212590,26.33,\N
54212592,24.66,\N
54212591,26.45,\N
54212682,28.03,\N
54212683,20.75,\N
54212684,21.10,\N
54212686,27.70,\N
54212688,25.05,\N
54212687,26.45,\N
54212689,27.40,\N
54212690,26.16,\N
54212691,29.27,\N
54212692,27.81,\N
54212693,22.46,\N
54212694,24.76,\N
54212695,27.29,\N
54212696,27.56,\N
54212697,26.01,\N
54212698,24.50,\N
54212700,27.52,\N
54212699,27.92,\N
54212701,25.08,\N
54212924,26.17,\N
54212925,26.82,\N
54212926,26.52,\N
54212927,24.73,\N
54212928,22.36,\N
54212929,23.77,\N
54212930,23.82,\N
54212932,26.10,\N
54212931,26.71,\N
54212934,23.70,\N
54212936,25.48,\N
54212937,23.37,\N
54212935,28.39,\N
54212938,27.49,\N
54212939,23.44,\N
54212944,26.55,\N
54212943,27.38,\N
54212941,27.15,\N
54212942,23.69,\N
54212940,26.52,\N
54212945,25.36,\N
54212946,29.12,\N
54212947,21.52,\N
54212948,24.59,\N
54212949,27.00,\N
54213275,24.48,\N
54213276,28.61,\N
54213277,24.70,\N
54213278,21.43,\N
54213279,26.98,\N
54213604,26.74,\N
54213280,27.63,\N
54213282,27.54,\N
54213281,26.22,\N
54213609,27.82,\N
54213608,23.65,\N
54213610,24.07,\N
54213611,24.03,\N
54213612,22.37,\N
54213615,24.97,\N
54213614,23.51,\N
54213613,26.48,\N
54213616,27.29,\N
54213617,27.07,\N
54213619,25.74,\N
54213620,25.53,\N
54213621,24.99,\N
54213622,25.50,\N
54213623,24.19,\N
54213624,27.80,\N
54213625,21.65,\N
54213627,26.32,\N
54213626,24.14,\N
54213628,24.30,\N
54213630,25.45,\N
54213629,25.75,\N
54213631,22.12,\N
54213632,24.93,\N
54213633,23.96,\N
54213635,26.27,\N
54213634,21.64,\N
54213636,23.70,\N
54213637,24.04,\N
54214045,22.02,\N
54214046,24.97,\N
54214047,25.06,\N
54214048,26.00,\N
54214049,28.36,\N
54214050,19.18,\N
54214051,28.79,\N
54214052,28.85,\N
54214053,28.49,\N
54214055,22.66,\N
54214056,22.12,\N
54214057,23.02,\N
54214059,25.72,\N
54214060,25.59,\N
54214061,25.81,\N
54214062,26.79,\N
54214063,23.89,\N
54214064,28.25,\N
54214066,25.04,\N
54214065,24.42,\N
54214715,28.17,\N
54214717,19.74,\N
54214716,24.50,\N
54214718,23.31,\N
54214719,22.35,\N
54214720,24.31,\N
54214721,25.93,\N
54214723,25.23,\N
54214722,28.76,\N
54214724,25.89,\N
54214725,25.38,\N
54214726,25.81,\N
54214727,21.67,\N
54214729,29.55,\N
54214730,27.46,\N
54214731,27.06,\N
54215194,27.43,\N
54215195,23.27,\N
54215196,23.44,\N
54215197,24.76,\N
54215198,21.35,\N
54215200,22.53,\N
54215207,25.77,\N
54215206,24.43,\N
54215212,23.55,\N
54215213,24.95,\N
54215215,25.75,\N
54215216,24.40,\N
54215218,21.06,\N
54215219,21.70,\N
54215220,23.75,\N
54215221,23.86,\N
54215222,23.66,\N
54215637,23.91,\N
54215640,22.77,\N
54215641,24.96,\N
54215642,24.91,\N
54215644,20.94,\N
54215650,26.39,\N
54215651,27.61,\N
54215653,22.56,\N
54215654,23.19,\N
54215656,24.19,\N
54216176,20.31,\N
54216183,24.98,\N
54216187,19.76,\N
54216188,25.32,\N
54216274,28.60,\N
54216313,20.10,\N
54216337,29.29,\N
54217966,23.22,\N
54217980,28.50,\N
54218572,23.62,\N
54218579,23.41,\N
54218581,24.22,\N
54228659,22.14,\N
54231711,27.55,\N
54347538,21.87,\N
54420786,26.92,\N
54423319,31.78,\N
54425757,32.52,\N
54499713,28.18,\N
54215192,25.49,\N
54215193,25.82,\N
54215199,26.54,\N
54215201,25.75,\N
54215202,26.21,\N
54215203,27.85,\N
54215204,25.55,\N
54215205,29.64,\N
54215208,24.96,\N
54215209,25.00,\N
54215210,24.48,\N
54215211,25.36,\N
54215214,26.95,\N
54215217,21.28,\N
54215643,24.47,\N
54215645,23.49,\N
54215646,23.46,\N
54216173,22.80,\N
54215647,23.10,\N
54215648,25.07,\N
54215649,23.83,\N
54215655,22.06,\N
54216177,20.52,\N
54216178,22.68,\N
54216179,26.23,\N
54216180,26.42,\N
54216181,24.27,\N
54216182,24.55,\N
54216184,24.68,\N
54216185,25.80,\N
54216186,23.84,\N
54216189,29.67,\N
54216191,20.26,\N
54216269,25.78,\N
54216270,20.17,\N
54216272,24.86,\N
54216273,26.52,\N
54216271,27.68,\N
54216275,27.80,\N
54216276,25.08,\N
54216277,28.34,\N
54216306,20.19,\N
54216309,22.66,\N
54216311,20.71,\N
54216312,24.80,\N
54216314,28.80,\N
54216317,23.34,\N
54216316,27.63,\N
54216315,21.61,\N
54216318,24.34,\N
54216319,25.35,\N
54216320,24.63,\N
54216321,23.92,\N
54216322,27.01,\N
54216325,27.45,\N
54216324,27.86,\N
54216323,18.91,\N
54216326,27.75,\N
54216327,26.73,\N
54216328,26.57,\N
54216329,24.52,\N
54216330,26.70,\N
54216331,22.45,\N
54216332,26.23,\N
54216333,26.86,\N
54216334,24.62,\N
54216335,30.46,\N
54216336,28.48,\N
54216338,29.86,\N
54216339,30.59,\N
54216340,24.77,\N
54216341,28.42,\N
54216343,26.17,\N
54216342,18.01,\N
54216368,25.96,\N
54216369,25.32,\N
54216370,27.84,\N
54216371,23.58,\N
54216372,21.86,\N
54216373,25.68,\N
54216375,24.90,\N
54216374,21.56,\N
54216376,26.88,\N
54216377,23.49,\N
54216378,24.00,\N
54216381,25.97,\N
54216379,24.03,\N
54216383,23.22,\N
54216380,23.22,\N
54216382,24.99,\N
54216384,26.21,\N
54216385,26.31,\N
54217192,21.35,\N
54217194,25.25,\N
54217193,22.76,\N
54217195,26.48,\N
54217196,27.76,\N
54217190,27.12,\N
54217191,28.41,\N
54217197,27.06,\N
54217198,27.85,\N
54217199,26.43,\N
54217947,23.93,\N
54217948,25.24,\N
54217949,25.88,\N
54217950,27.66,\N
54217951,24.74,\N
54217952,20.63,\N
54217953,28.60,\N
54217954,23.62,\N
54217955,23.58,\N
54217956,24.24,\N
54217957,24.32,\N
54217958,26.99,\N
54217959,26.37,\N
54217960,27.50,\N
54217961,27.32,\N
54217962,26.62,\N
54217963,28.85,\N
54217964,21.12,\N
54217967,25.67,\N
54217968,26.60,\N
54217969,21.00,\N
54217970,24.29,\N
54217971,25.20,\N
54217972,28.97,\N
54217973,25.15,\N
54217974,24.83,\N
54217975,23.76,\N
54217977,28.30,\N
54217979,21.62,\N
54217981,21.10,\N
54217983,21.76,\N
54217984,20.19,\N
54217985,25.18,\N
54217986,23.92,\N
54217987,24.67,\N
54217988,29.38,\N
54218571,24.28,\N
54218573,24.45,\N
54218574,25.94,\N
54218575,30.38,\N
54218576,26.01,\N
54218577,23.27,\N
54218578,25.16,\N
54218580,26.92,\N
54218582,27.08,\N
54218583,26.29,\N
54218584,25.46,\N
54218585,26.62,\N
54218586,24.78,\N
54218587,26.22,\N
54218588,28.16,\N
54218589,26.65,\N
54218590,21.62,\N
54218591,27.06,\N
54219280,21.42,\N
54219282,26.04,\N
54219283,28.13,\N
54219284,26.11,\N
54219285,27.91,\N
54219286,27.16,\N
54219287,23.37,\N
54219289,25.56,\N
54219290,23.39,\N
54219291,26.07,\N
54219292,27.24,\N
54219293,23.73,\N
54219294,21.12,\N
54219295,25.86,\N
54219296,21.65,\N
54219297,25.86,\N
54219298,24.19,\N
54219299,24.63,\N
54219300,21.86,\N
54219301,31.81,\N
54219775,22.14,\N
54219303,28.73,\N
54219304,21.87,\N
54219789,25.50,\N
54219790,26.20,\N
54219791,25.78,\N
54219792,26.25,\N
54219793,22.62,\N
54219794,25.91,\N
54219795,24.11,\N
54219796,24.61,\N
54219999,24.19,\N
54219998,24.74,\N
54220000,24.67,\N
54220001,24.27,\N
54220002,22.58,\N
54220003,26.33,\N
54220004,26.41,\N
54220005,23.84,\N
54220006,24.02,\N
54220007,21.24,\N
54220008,22.41,\N
54220009,26.73,\N
54220010,26.78,\N
54220011,27.50,\N
54220854,25.13,\N
54220855,26.24,\N
54220856,27.41,\N
54220857,21.50,\N
54220858,22.81,\N
54220859,27.72,\N
54220860,25.93,\N
54220861,24.27,\N
54220862,24.93,\N
54221203,26.97,\N
54221204,26.82,\N
54221205,30.27,\N
54221206,25.95,\N
54221207,28.33,\N
54221465,22.92,\N
54221466,20.36,\N
54221467,25.83,\N
54221469,24.30,\N
54221470,23.64,\N
54221658,24.22,\N
54221660,23.53,\N
54222245,21.53,\N
54222423,26.94,\N
54222424,21.81,\N
54222540,24.70,\N
54223980,23.61,\N
54223981,21.68,\N
54225011,23.34,\N
54235675,20.43,\N
54423044,30.40,\N
54423139,30.25,\N
54423140,32.03,\N
54221468,24.23,\N
54221659,22.65,\N
54222246,24.11,\N
54222425,21.30,\N
54222426,25.39,\N
54222541,28.77,\N
54222542,25.20,\N
54222543,23.77,\N
54222544,26.39,\N
54223844,22.33,\N
54223845,19.70,\N
54223846,21.71,\N
54223982,20.92,\N
54223983,27.86,\N
54223984,24.91,\N
54223985,25.41,\N
54223987,25.09,\N
54223986,26.08,\N
54223988,25.88,\N
54223989,24.27,\N
54223990,23.22,\N
54224157,23.69,\N
54224159,27.70,\N
54224158,28.52,\N
54224160,26.27,\N
54224161,21.86,\N
54224162,22.53,\N
54224163,21.46,\N
54224165,27.30,\N
54224164,26.27,\N
54224167,22.44,\N
54224166,25.75,\N
54224168,25.66,\N
54224414,23.84,\N
54224415,25.98,\N
54224416,23.18,\N
54224417,26.16,\N
54224418,28.51,\N
54224419,25.87,\N
54224420,25.05,\N
54224421,24.49,\N
54224422,26.68,\N
54224423,24.43,\N
54224424,24.60,\N
54224425,23.83,\N
54224426,25.04,\N
54224427,27.22,\N
54224428,28.00,\N
54224429,22.46,\N
54224430,25.11,\N
54224431,27.04,\N
54224432,25.99,\N
54224433,26.72,\N
54224990,24.67,\N
54224991,26.82,\N
54224992,23.32,\N
54224993,23.93,\N
54224994,22.67,\N
54224995,24.13,\N
54224996,27.59,\N
54224997,24.39,\N
54224998,25.51,\N
54224999,27.34,\N
54225001,27.00,\N
54225000,26.15,\N
54225002,26.70,\N
54225003,26.51,\N
54225005,28.61,\N
54225004,25.55,\N
54225006,25.18,\N
54225007,29.42,\N
54225008,26.56,\N
54225009,25.90,\N
54225010,26.11,\N
54225012,24.03,\N
54225013,21.37,\N
54225014,23.80,\N
54225015,19.64,\N
54225016,23.81,\N
54225487,25.20,\N
54225488,26.96,\N
54225489,20.50,\N
54225490,21.15,\N
54225491,24.76,\N
54225493,25.54,\N
54225492,23.69,\N
54225494,28.25,\N
54225495,23.06,\N
54225496,28.19,\N
54225497,27.71,\N
54225500,24.01,\N
54225499,27.65,\N
54225501,24.98,\N
54225506,20.19,\N
54225507,25.95,\N
54225508,30.43,\N
54225509,30.66,\N
54225512,26.71,\N
54225511,24.88,\N
54225510,21.80,\N
54225706,24.96,\N
54225707,22.61,\N
54225708,20.77,\N
54225709,24.76,\N
54225710,27.29,\N
54225711,25.73,\N
54225712,28.32,\N
54225713,22.76,\N
54225714,27.42,\N
54225715,27.14,\N
54225716,23.42,\N
54225718,22.40,\N
54225717,24.61,\N
54225719,29.09,\N
54225721,24.58,\N
54225723,22.63,\N
54225727,23.63,\N
54225728,24.60,\N
54225729,25.85,\N
54225730,23.61,\N
54225731,25.08,\N
54225733,23.57,\N
54225734,26.66,\N
54225735,26.47,\N
54226107,21.46,\N
54226111,25.07,\N
54226112,25.95,\N
54226113,23.01,\N
54226117,23.91,\N
54226118,24.98,\N
54226407,21.52,\N
54226419,25.28,\N
54228536,21.21,\N
54239534,19.81,\N
54225720,28.43,\N
54225722,26.29,\N
54225724,25.27,\N
54225725,28.79,\N
54225726,28.35,\N
54225732,27.93,\N
54226108,24.04,\N
54226109,28.79,\N
54226110,27.20,\N
54226114,24.07,\N
54226115,24.62,\N
54226116,25.30,\N
54226120,30.10,\N
54226119,23.83,\N
54226121,25.39,\N
54226122,23.22,\N
54226123,28.21,\N
54226400,26.98,\N
54226401,21.89,\N
54226402,24.29,\N
54226403,26.07,\N
54226405,24.06,\N
54226404,29.54,\N
54226406,27.38,\N
54226408,25.79,\N
54226409,25.23,\N
54226410,26.32,\N
54226411,23.93,\N
54226412,25.45,\N
54226413,26.74,\N
54226414,18.17,\N
54226415,27.76,\N
54226416,28.60,\N
54226417,25.03,\N
54226418,22.92,\N
54226787,23.60,\N
54226786,27.82,\N
54226788,24.98,\N
54226789,23.61,\N
54226790,23.94,\N
54226792,22.02,\N
54226791,29.77,\N
54226793,27.30,\N
54226795,28.03,\N
54226796,21.94,\N
54226794,19.86,\N
54226798,25.67,\N
54226797,24.06,\N
54226799,26.02,\N
54226800,27.36,\N
54228537,25.42,\N
54228538,25.56,\N
54228539,25.42,\N
54228540,22.45,\N
54228542,19.94,\N
54228541,23.80,\N
54228543,23.12,\N
54228544,28.56,\N
54228545,24.28,\N
54228546,26.14,\N
54228547,26.46,\N
54228548,22.66,\N
54228549,25.37,\N
54228587,24.72,\N
54228588,27.21,\N
54228589,24.94,\N
54228590,26.23,\N
54228591,25.06,\N
54228649,26.22,\N
54228650,27.22,\N
54228651,26.10,\N
54228653,23.62,\N
54228652,23.46,\N
54228654,24.85,\N
54228655,25.71,\N
54228656,24.71,\N
54228657,27.44,\N
54228658,21.73,\N
54228660,26.11,\N
54228816,20.26,\N
54228817,26.69,\N
54228820,26.55,\N
54228821,26.29,\N
54228822,24.20,\N
54228823,24.35,\N
54228824,24.87,\N
54228825,27.32,\N
54228826,26.42,\N
54229471,23.84,\N
54229473,26.76,\N
54229472,26.74,\N
54229474,25.98,\N
54229475,28.39,\N
54229476,28.64,\N
54229478,24.51,\N
54229477,28.59,\N
54229746,23.66,\N
54229747,25.37,\N
54229748,27.05,\N
54229749,26.09,\N
54229750,25.46,\N
54229751,27.70,\N
54229752,25.75,\N
54229753,23.67,\N
54229754,20.98,\N
54229942,21.96,\N
54229940,25.70,\N
54229941,22.60,\N
54229943,23.03,\N
54229944,25.01,\N
54230023,27.72,\N
54230022,27.63,\N
54230074,18.62,\N
54230024,29.41,\N
54230025,25.60,\N
54230026,27.38,\N
54230027,22.35,\N
54230028,28.29,\N
54230029,24.83,\N
54230076,24.06,\N
54230077,28.30,\N
54230078,28.49,\N
54230079,24.23,\N
54230081,24.34,\N
54230080,24.41,\N
54230482,23.84,\N
54230516,22.76,\N
54230517,21.19,\N
54230518,24.11,\N
54231112,27.02,\N
54231438,26.44,\N
54235439,22.74,\N
54440310,28.30,\N
54231243,24.18,\N
54231259,27.52,\N
54231260,25.80,\N
54231261,24.27,\N
54231436,25.93,\N
54231437,20.65,\N
54231439,27.03,\N
54231658,19.90,\N
54231688,27.35,\N
54231689,25.45,\N
54231690,18.66,\N
54231691,21.02,\N
54231710,20.44,\N
54231776,23.80,\N
54231777,25.85,\N
54231778,19.92,\N
54231779,22.73,\N
54231781,24.64,\N
54231780,26.52,\N
54232320,25.08,\N
54232323,25.09,\N
3843455,24.60,\N
54232321,23.60,\N
54232322,25.32,\N
54234943,24.33,\N
54235404,24.58,\N
54235405,23.55,\N
54235406,25.14,\N
54235407,22.71,\N
54235408,23.60,\N
54235430,22.11,\N
54235431,27.21,\N
54235433,28.18,\N
54235434,26.73,\N
54235435,23.95,\N
54235437,21.78,\N
54235436,27.04,\N
54235438,20.95,\N
54235440,19.23,\N
54235441,25.29,\N
54235463,29.13,\N
54235464,27.83,\N
54235465,24.33,\N
54235466,26.77,\N
54235467,25.45,\N
54235469,23.91,\N
54235468,22.66,\N
54235470,28.47,\N
54235471,20.97,\N
54235472,25.70,\N
54235473,23.48,\N
54235474,24.74,\N
54235475,25.14,\N
54235476,21.51,\N
54235477,27.86,\N
54235478,22.38,\N
54235479,26.28,\N
54235480,26.95,\N
54235524,29.60,\N
54235525,28.39,\N
54235526,25.83,\N
54235527,24.86,\N
54235528,26.22,\N
54235529,19.88,\N
54235530,22.01,\N
54235531,24.27,\N
54235532,26.30,\N
54235533,24.86,\N
54235534,20.22,\N
54235535,22.54,\N
54235536,25.87,\N
54235537,24.67,\N
54235538,27.39,\N
54235539,24.60,\N
54235540,23.54,\N
54235541,26.20,\N
54235661,21.34,\N
54235660,25.23,\N
54235662,21.62,\N
54235663,24.19,\N
54235664,22.30,\N
54235665,26.29,\N
54235666,27.66,\N
54235667,28.95,\N
54235668,26.95,\N
54235669,22.57,\N
54235670,24.81,\N
54235671,25.19,\N
54235673,19.84,\N
54235674,27.75,\N
54235676,20.57,\N
54235678,24.31,\N
54235677,23.60,\N
54235679,23.95,\N
54235680,21.96,\N
54235681,26.57,\N
54236421,21.40,\N
54236422,25.50,\N
54236423,26.50,\N
54236424,25.37,\N
54236425,25.87,\N
54236426,25.21,\N
54236427,21.36,\N
54236428,25.43,\N
54236429,19.14,\N
54236430,24.27,\N
54236435,20.60,\N
54236431,27.86,\N
54236436,26.79,\N
54236433,29.08,\N
54236432,27.56,\N
54236434,23.51,\N
54236437,26.41,\N
54236438,23.85,\N
54236440,24.20,\N
54236439,25.80,\N
54236441,23.86,\N
54236442,26.11,\N
54236443,29.70,\N
54236444,23.09,\N
54236446,23.60,\N
54236445,23.16,\N
54236541,25.30,\N
54236542,26.66,\N
54236571,20.79,\N
54236572,24.15,\N
54236573,26.63,\N
54236574,23.36,\N
54236575,26.08,\N
54236576,25.41,\N
54236577,25.07,\N
54236578,24.97,\N
54236579,26.81,\N
54236580,26.49,\N
54236581,27.70,\N
54236582,26.20,\N
54236583,24.44,\N
54236584,21.44,\N
54236585,20.47,\N
54236586,29.20,\N
54236614,22.89,\N
54236615,27.16,\N
54236616,22.92,\N
54236617,20.96,\N
54236618,25.64,\N
54236619,23.73,\N
54236620,26.36,\N
54236937,25.26,\N
54236938,24.84,\N
54236939,23.23,\N
54237993,21.77,\N
54237992,22.81,\N
54237994,26.80,\N
54237995,26.30,\N
54238326,24.85,\N
54238327,30.14,\N
54239517,20.13,\N
54239714,17.38,\N
54239778,17.76,\N
54239893,20.39,\N
54243529,31.82,\N
54440311,30.26,\N
54534228,21.13,\N
54239541,21.37,\N
54239542,27.15,\N
54239556,25.38,\N
54239557,25.61,\N
54239558,28.13,\N
54239560,27.12,\N
54239559,26.04,\N
54239715,21.48,\N
54239717,22.70,\N
54239716,21.84,\N
54239718,20.20,\N
54239737,28.47,\N
54239779,25.93,\N
54239780,25.92,\N
54239783,23.93,\N
54239784,29.82,\N
54239785,27.06,\N
54239786,23.64,\N
54239830,23.94,\N
54239831,24.06,\N
54239832,26.29,\N
54239833,24.14,\N
54239834,22.58,\N
54239836,25.11,\N
54239835,23.64,\N
54239837,29.32,\N
54239838,28.36,\N
54239840,25.26,\N
54239839,25.64,\N
54239841,20.91,\N
54239844,22.55,\N
54239843,23.38,\N
54239842,25.89,\N
54239845,26.56,\N
54239847,26.63,\N
54239846,27.48,\N
54239848,28.15,\N
54239849,24.36,\N
54239850,25.23,\N
54239886,22.78,\N
54239887,21.44,\N
54239888,24.16,\N
54239890,25.41,\N
54239889,21.65,\N
54239892,27.84,\N
54239891,25.98,\N
54239894,26.54,\N
54239895,22.70,\N
54240279,23.02,\N
54240280,24.99,\N
54240281,25.28,\N
54240282,24.58,\N
54240283,24.14,\N
54240284,28.11,\N
54240285,24.89,\N
54240286,29.76,\N
54240287,25.95,\N
54240288,27.05,\N
54240289,25.10,\N
54240291,24.38,\N
54240292,25.35,\N
54240293,26.20,\N
54240294,20.32,\N
54240295,27.81,\N
54240296,22.14,\N
54240297,22.93,\N
54240298,21.07,\N
54240300,25.09,\N
54240301,23.87,\N
54240302,26.41,\N
54240399,26.33,\N
54240400,19.70,\N
54240401,26.04,\N
54240402,25.67,\N
54240403,29.51,\N
54240404,25.22,\N
54240405,22.87,\N
54240406,25.62,\N
54240407,19.67,\N
54240408,23.41,\N
54240409,25.59,\N
54240410,26.06,\N
54240411,25.84,\N
54240412,22.96,\N
54240413,24.39,\N
54240414,24.66,\N
54240416,18.61,\N
54240415,22.12,\N
54240417,21.67,\N
54240418,24.98,\N
54240419,23.43,\N
54240420,20.65,\N
54240421,25.68,\N
54240422,23.48,\N
54240511,27.75,\N
54240510,23.80,\N
54240509,23.82,\N
54240512,25.42,\N
54240513,27.25,\N
54240514,27.20,\N
54240515,27.32,\N
54240516,27.12,\N
54240517,22.61,\N
54240518,26.19,\N
54240520,27.16,\N
54240519,23.36,\N
54240521,24.21,\N
54240522,27.25,\N
54243524,25.35,\N
54243523,25.63,\N
54243522,26.33,\N
54243525,24.87,\N
54243527,24.97,\N
54243526,26.79,\N
54243528,24.45,\N
54243723,29.04,\N
54243724,22.64,\N
54243726,26.42,\N
54243727,24.09,\N
54243728,24.47,\N
54243729,27.21,\N
54243730,24.78,\N
54243731,26.70,\N
54244173,27.06,\N
54244174,25.06,\N
54244177,26.66,\N
54244178,24.26,\N
54244179,24.65,\N
54244180,25.95,\N
54244181,25.51,\N
54244182,27.00,\N
54244183,25.86,\N
54244185,25.36,\N
54244186,21.73,\N
54244190,30.86,\N
54244191,23.21,\N
54244193,24.16,\N
54244194,20.97,\N
54244195,24.06,\N
54244196,23.29,\N
54244197,23.11,\N
54244198,25.23,\N
54244200,24.16,\N
54244201,26.47,\N
54244202,23.94,\N
54244205,21.29,\N
54244291,24.33,\N
54244776,19.41,\N
54245554,22.28,\N
54245555,23.45,\N
54245567,22.04,\N
54245577,25.42,\N
54245584,20.22,\N
54245590,19.16,\N
54245820,27.26,\N
54246381,21.13,\N
54266166,29.93,\N
54244175,26.09,\N
54244176,26.05,\N
54244184,26.27,\N
54244187,26.11,\N
54244188,27.95,\N
54244189,24.74,\N
54244199,26.19,\N
54244203,24.50,\N
54244204,26.76,\N
54244526,23.90,\N
54244528,22.54,\N
54244527,25.05,\N
54244529,25.13,\N
54244530,25.52,\N
54244531,25.80,\N
54244532,25.99,\N
54244534,27.33,\N
54244533,25.97,\N
54244535,25.73,\N
54244537,23.74,\N
54244538,20.19,\N
54244539,26.92,\N
54244774,26.21,\N
54244775,21.71,\N
54244777,26.10,\N
54244778,27.31,\N
54244779,26.26,\N
54244780,27.12,\N
54244781,26.65,\N
54244782,24.73,\N
54244783,26.62,\N
54244784,27.60,\N
54244785,25.69,\N
54244786,25.56,\N
54244787,25.84,\N
54244788,22.20,\N
54244789,24.48,\N
54244791,23.14,\N
54245553,27.35,\N
54245557,20.70,\N
54245556,23.20,\N
54245558,21.57,\N
54245559,22.19,\N
54245560,27.38,\N
54245561,25.49,\N
54245562,27.16,\N
54245563,27.05,\N
54245564,28.08,\N
54245565,25.30,\N
54245566,25.38,\N
54245568,25.06,\N
54245569,24.54,\N
54245570,22.41,\N
54245571,22.29,\N
54245572,25.59,\N
54245573,24.41,\N
54245574,24.67,\N
54245576,22.73,\N
54245578,23.18,\N
54245579,27.14,\N
54245580,25.55,\N
54245581,25.26,\N
54245582,24.87,\N
54245583,25.34,\N
54245586,26.91,\N
54245587,23.85,\N
54245588,24.29,\N
54245589,25.55,\N
54245591,25.51,\N
54245592,30.54,\N
54245807,22.02,\N
54245808,28.60,\N
54245810,24.16,\N
54245809,25.43,\N
54245812,23.36,\N
54245811,24.64,\N
54245813,28.13,\N
54245814,24.42,\N
54245815,28.13,\N
54245816,26.02,\N
54245817,23.41,\N
54245818,25.71,\N
54245819,21.44,\N
54245821,21.07,\N
54245822,20.07,\N
54245824,23.49,\N
54245823,23.11,\N
54245825,21.91,\N
54246196,23.62,\N
54246198,26.44,\N
54246197,26.10,\N
54246199,29.12,\N
54246200,19.42,\N
54246201,26.40,\N
54246202,25.78,\N
54246203,19.22,\N
54246204,28.10,\N
54246378,23.79,\N
54246379,29.33,\N
54246380,25.84,\N
54246382,23.36,\N
54246383,27.88,\N
54246384,22.77,\N
54246385,23.97,\N
54246386,23.06,\N
54246387,26.92,\N
54246388,23.23,\N
54246390,24.96,\N
54246391,24.39,\N
54246392,30.30,\N
54246393,21.00,\N
54246394,23.03,\N
54246395,24.16,\N
54246396,25.19,\N
54246397,26.00,\N
54246398,25.04,\N
54246399,23.91,\N
54246400,25.20,\N
54246472,22.78,\N
54246475,27.71,\N
54246474,23.15,\N
54246473,24.58,\N
54246616,26.58,\N
54246943,22.70,\N
54246944,24.98,\N
54246945,23.63,\N
54246946,26.05,\N
54246947,25.52,\N
54246948,23.37,\N
54246949,23.14,\N
54246950,27.64,\N
54246951,26.59,\N
54246952,25.31,\N
54246994,23.46,\N
54246995,25.04,\N
54246996,26.92,\N
54246998,28.00,\N
54246999,28.63,\N
54247000,27.35,\N
54247054,22.89,\N
54247055,24.78,\N
54247056,29.66,\N
54247991,18.91,\N
54247992,20.50,\N
54247993,19.92,\N
54247994,23.20,\N
54248003,27.98,\N
54248247,20.07,\N
54248859,22.13,\N
54255054,20.00,\N
54256790,21.82,\N
54266167,23.07,\N
54247990,25.16,\N
54248007,25.79,\N
54248005,25.11,\N
54248004,25.39,\N
54248006,24.85,\N
54248009,24.38,\N
54248008,27.24,\N
54248041,27.62,\N
54248042,24.76,\N
54248043,26.70,\N
54248044,24.58,\N
54248181,19.22,\N
54248180,22.86,\N
54248184,23.44,\N
54248185,26.07,\N
54248186,25.08,\N
54248204,20.57,\N
54248205,24.89,\N
54248206,22.45,\N
54248207,26.53,\N
54248245,26.53,\N
54248246,28.30,\N
54248250,24.15,\N
54248249,25.10,\N
54248248,26.13,\N
54248251,26.67,\N
54248335,26.60,\N
54248336,24.28,\N
54248337,23.89,\N
54248338,24.15,\N
54248339,21.18,\N
54248342,24.73,\N
54248340,27.57,\N
54248341,26.05,\N
54248343,28.61,\N
54248344,26.56,\N
54248345,26.32,\N
54248444,26.79,\N
54248445,22.55,\N
54248446,27.02,\N
54248447,27.12,\N
54248448,26.48,\N
54248449,23.68,\N
54248450,24.69,\N
54248451,24.94,\N
54248454,25.26,\N
54248455,27.72,\N
54248453,27.92,\N
54248452,27.26,\N
54248456,26.33,\N
54248457,24.23,\N
54248458,25.34,\N
54248459,26.66,\N
54248462,28.46,\N
54248461,24.78,\N
54248463,24.31,\N
54248464,27.31,\N
54248466,21.50,\N
54248465,27.25,\N
54248467,24.23,\N
54248468,28.08,\N
54248469,24.23,\N
54248549,25.21,\N
54248550,24.54,\N
54248551,24.07,\N
54248552,25.67,\N
54248553,24.21,\N
54248554,25.40,\N
54248555,25.69,\N
54248556,25.03,\N
54248557,28.60,\N
54248558,24.10,\N
54248559,27.85,\N
54248560,25.77,\N
54248562,28.02,\N
54248561,28.00,\N
54248563,23.71,\N
54248564,24.87,\N
54248565,25.10,\N
54248566,22.14,\N
54248567,26.27,\N
54248568,23.39,\N
54248569,26.88,\N
54248570,24.75,\N
54248571,26.84,\N
54248572,25.24,\N
54248573,26.88,\N
54248574,26.06,\N
54248633,23.94,\N
54248632,24.75,\N
54248635,23.22,\N
54248634,25.38,\N
54248636,21.21,\N
54248638,23.04,\N
54248639,23.62,\N
54248637,24.86,\N
54248640,27.10,\N
54248641,25.15,\N
54248642,24.04,\N
54248643,22.13,\N
54248644,22.81,\N
54248645,29.21,\N
54248646,25.09,\N
54248647,27.16,\N
54248649,20.75,\N
54248648,22.81,\N
54248794,25.46,\N
54248795,25.05,\N
54248796,26.19,\N
54248851,23.62,\N
54248853,20.61,\N
54248854,24.36,\N
54248944,24.80,\N
54248958,21.33,\N
54249326,22.93,\N
54249332,19.37,\N
54252582,24.16,\N
54255053,21.02,\N
54262976,22.95,\N
54264225,21.71,\N
54362907,27.20,\N
54413283,30.29,\N
54413284,29.77,\N
54413285,31.12,\N
54248797,26.47,\N
54248798,26.71,\N
54248799,24.77,\N
54248849,29.05,\N
54248850,25.47,\N
54248852,21.66,\N
54248855,25.41,\N
54248856,25.25,\N
54248857,24.22,\N
54248858,26.73,\N
54248945,25.45,\N
54248946,24.53,\N
54248947,25.13,\N
54248949,29.49,\N
54248948,23.22,\N
54248950,29.72,\N
54248951,27.95,\N
54248952,23.50,\N
54248953,30.22,\N
54248956,21.40,\N
54248955,25.61,\N
54248954,29.30,\N
54248957,27.15,\N
54248959,25.11,\N
54248960,25.47,\N
54248961,24.47,\N
54248962,27.71,\N
54248963,28.98,\N
54248964,26.32,\N
54248965,28.51,\N
54248966,23.53,\N
54248967,24.67,\N
54248969,27.23,\N
54248968,27.64,\N
54248970,22.97,\N
54248971,22.54,\N
54248972,21.82,\N
54248974,21.40,\N
54248973,24.44,\N
54248975,26.36,\N
54248976,26.06,\N
54249059,22.50,\N
54249060,24.15,\N
54249061,26.77,\N
54249062,25.24,\N
54249063,24.92,\N
54249064,26.94,\N
54249065,26.62,\N
54249066,23.81,\N
54249067,23.57,\N
54249068,24.79,\N
54249327,24.98,\N
54249328,19.59,\N
54249329,26.46,\N
54249330,24.07,\N
54249333,22.12,\N
54249334,24.55,\N
54249335,25.07,\N
54250324,22.85,\N
54250325,26.37,\N
54251530,21.50,\N
54251531,22.73,\N
54251532,27.31,\N
54251533,24.14,\N
54251534,25.75,\N
54251535,25.64,\N
54251536,22.29,\N
54251537,27.74,\N
54251538,28.11,\N
54252583,23.14,\N
54252584,20.75,\N
54252585,25.12,\N
54252586,25.23,\N
54252587,23.12,\N
54252588,24.00,\N
54252589,27.16,\N
54252590,26.58,\N
54252591,27.05,\N
54252592,29.84,\N
54252593,25.62,\N
54252595,25.57,\N
54252594,27.70,\N
54252596,23.24,\N
54252597,23.59,\N
54252598,25.51,\N
54253538,26.34,\N
54253540,26.65,\N
54253539,25.26,\N
54253541,25.71,\N
54253542,24.48,\N
54253543,24.93,\N
54253544,25.40,\N
54253545,26.46,\N
54253546,27.29,\N
54253547,25.39,\N
54253548,24.73,\N
54253549,25.41,\N
54253550,23.00,\N
54253552,19.63,\N
54253553,26.47,\N
54254424,24.01,\N
54254425,24.93,\N
54254426,26.74,\N
54254427,26.39,\N
54254428,24.80,\N
54254429,23.31,\N
54254430,26.33,\N
54254967,31.33,\N
54254966,26.34,\N
54254968,24.28,\N
54254969,30.15,\N
54254970,22.44,\N
54254971,26.15,\N
54254972,24.34,\N
54254973,24.76,\N
54254974,24.66,\N
54254975,27.11,\N
54254976,24.46,\N
54254977,23.60,\N
54255056,25.73,\N
54255057,24.25,\N
54255058,21.76,\N
54255059,19.29,\N
54255060,22.39,\N
54255061,23.84,\N
54255062,22.10,\N
54255806,21.89,\N
54255808,27.16,\N
54255807,24.12,\N
54255809,27.10,\N
54255810,21.57,\N
54256783,24.53,\N
54256784,26.05,\N
54256786,25.08,\N
54256785,25.01,\N
54256787,23.90,\N
54256788,25.49,\N
54256789,24.27,\N
54256791,26.21,\N
54256792,22.83,\N
54256949,25.46,\N
54256950,25.16,\N
54257288,21.38,\N
54257605,20.70,\N
54257607,23.54,\N
54258263,27.55,\N
54266168,29.11,\N
54269709,20.73,\N
54257289,27.14,\N
54257606,26.50,\N
54260713,26.15,\N
54260714,26.13,\N
54260715,26.90,\N
54262970,25.04,\N
54262971,21.64,\N
54262972,26.45,\N
54262973,26.36,\N
54262974,23.85,\N
54262975,26.11,\N
54262977,24.45,\N
54262978,26.78,\N
54262979,27.22,\N
54262980,24.44,\N
54262981,24.99,\N
54264227,24.79,\N
54264226,27.17,\N
54264228,25.19,\N
54264229,26.34,\N
54264231,24.15,\N
54264230,26.53,\N
54264232,24.54,\N
54264233,27.87,\N
54264234,26.81,\N
54264235,29.26,\N
54264236,26.15,\N
54264237,26.37,\N
54264240,31.05,\N
54264238,26.30,\N
54264239,29.10,\N
54265620,24.14,\N
54265621,25.54,\N
54265625,26.47,\N
54265626,29.24,\N
54265627,28.45,\N
54265628,24.69,\N
54265629,24.65,\N
54265630,22.43,\N
54265631,25.35,\N
54265632,28.12,\N
54265633,23.42,\N
54265634,27.18,\N
54265770,27.37,\N
54265771,23.63,\N
54265772,25.53,\N
54265773,25.78,\N
54265774,23.97,\N
54265775,25.57,\N
54265776,25.29,\N
54265777,26.81,\N
54265778,23.99,\N
54265779,21.45,\N
54265780,25.31,\N
54265872,23.29,\N
54265873,23.43,\N
54265874,23.96,\N
54265875,25.68,\N
54265876,26.59,\N
54265878,26.22,\N
54265877,26.32,\N
54265879,26.72,\N
54265880,28.38,\N
54265881,26.75,\N
54265882,25.07,\N
54265883,28.25,\N
54265886,26.86,\N
54265885,21.74,\N
54265884,24.25,\N
54265887,24.42,\N
54265888,23.72,\N
54265889,25.17,\N
54265890,23.35,\N
54265891,25.50,\N
54265892,24.23,\N
54265893,25.35,\N
54265894,27.77,\N
54265895,25.89,\N
54265973,24.29,\N
54265974,24.67,\N
54266056,26.14,\N
54266057,24.39,\N
54266058,22.91,\N
54266060,28.23,\N
54266061,25.99,\N
54266163,21.40,\N
54266161,26.08,\N
54266162,25.33,\N
54266164,28.88,\N
54266165,25.71,\N
54266170,26.12,\N
54266171,23.88,\N
54266172,22.93,\N
54266169,24.75,\N
54266173,24.31,\N
54266174,22.53,\N
54267691,18.80,\N
54267692,23.36,\N
54267693,26.62,\N
54268087,23.25,\N
54268090,23.90,\N
54268088,23.41,\N
54268091,25.68,\N
54268089,24.31,\N
54268092,24.49,\N
54268430,25.02,\N
54268431,27.13,\N
54268432,23.92,\N
54268436,20.79,\N
54268819,25.36,\N
54269061,24.83,\N
54272754,21.81,\N
54499711,32.29,\N
54268093,26.91,\N
54268433,29.42,\N
54268434,29.01,\N
54268435,25.77,\N
54268437,27.15,\N
54268438,23.33,\N
54268439,25.01,\N
54268440,24.89,\N
54268441,23.65,\N
54268442,27.41,\N
54268443,29.47,\N
54268444,28.38,\N
54268445,22.44,\N
54268446,25.74,\N
54268447,26.35,\N
54268448,30.40,\N
54268449,25.50,\N
54268450,25.74,\N
54268451,26.69,\N
54268804,23.19,\N
54268805,23.57,\N
54268806,27.27,\N
54268807,24.55,\N
54268808,22.31,\N
54268810,24.12,\N
54268811,23.64,\N
54268813,22.78,\N
54268812,25.07,\N
54268814,23.56,\N
54268818,20.60,\N
54268816,24.33,\N
54268815,23.69,\N
54268817,24.11,\N
54269053,20.48,\N
54269052,24.63,\N
54269054,25.66,\N
54269055,27.81,\N
54269056,23.66,\N
54269057,26.80,\N
54269058,28.07,\N
54269059,25.19,\N
54269060,27.26,\N
54269062,24.16,\N
54269063,24.22,\N
54269393,26.66,\N
54269392,21.06,\N
54269394,23.45,\N
54269395,25.01,\N
54269396,28.89,\N
54269397,29.41,\N
54269398,28.91,\N
54269399,26.93,\N
54269576,28.95,\N
54269578,20.85,\N
54269579,24.01,\N
54269577,25.71,\N
54269580,23.67,\N
54269581,25.86,\N
54269582,27.40,\N
54269583,27.81,\N
54269584,26.05,\N
54269585,25.82,\N
54269642,23.53,\N
54269641,23.87,\N
54269643,20.72,\N
54269645,26.44,\N
54269646,27.95,\N
54269644,28.03,\N
54269647,29.34,\N
54269648,21.69,\N
54269710,24.24,\N
54269711,19.22,\N
54269712,22.50,\N
54269713,28.71,\N
54269714,24.90,\N
54269715,23.14,\N
54269716,27.90,\N
54269717,28.90,\N
54269718,20.23,\N
54271298,20.97,\N
54271299,23.02,\N
54271300,27.23,\N
54271301,26.81,\N
54271302,29.08,\N
54271303,26.85,\N
54271304,26.49,\N
54271305,27.54,\N
54271306,27.91,\N
54271307,24.26,\N
54271308,25.90,\N
54271309,25.63,\N
54271310,26.98,\N
54271311,25.36,\N
54272751,20.01,\N
54272756,20.32,\N
54272755,26.85,\N
54272757,27.25,\N
54272758,19.54,\N
54272759,24.43,\N
54272760,25.79,\N
54272761,20.95,\N
54272763,25.99,\N
54272762,27.53,\N
54272764,26.95,\N
54272765,27.17,\N
54274787,25.63,\N
54275765,20.99,\N
54275766,21.07,\N
54275767,21.19,\N
54275768,25.76,\N
54275848,21.71,\N
54275849,20.89,\N
54275851,18.64,\N
54275852,24.07,\N
54275853,23.22,\N
54275865,31.71,\N
54275914,21.68,\N
54275939,21.49,\N
54276244,22.84,\N
54276378,23.05,\N
54282204,26.65,\N
54513654,26.52,\N
54275937,24.39,\N
54275938,21.94,\N
54275940,25.10,\N
54276131,27.21,\N
54276132,22.24,\N
54276133,24.68,\N
54276134,24.52,\N
54276135,25.12,\N
54276147,24.81,\N
54276148,23.15,\N
54276149,24.27,\N
54276150,27.55,\N
54276151,24.44,\N
54276152,20.88,\N
54276153,23.57,\N
54276233,27.20,\N
54276235,21.44,\N
54276234,26.29,\N
54276236,26.69,\N
54276237,19.30,\N
54276245,24.36,\N
54276246,26.03,\N
54276248,21.16,\N
54276247,25.03,\N
54276249,24.70,\N
54276250,27.30,\N
54276251,23.75,\N
54276254,23.89,\N
54276253,26.59,\N
54276255,27.61,\N
54276377,28.44,\N
54276380,25.38,\N
54276379,25.61,\N
54276382,25.48,\N
54276381,22.68,\N
54276383,24.23,\N
54276386,25.82,\N
54276387,25.87,\N
54276388,27.25,\N
54276389,24.08,\N
54276390,22.65,\N
54276391,25.26,\N
54276392,26.32,\N
54276393,26.81,\N
54276394,27.44,\N
54276468,22.85,\N
54276469,25.00,\N
54276470,27.28,\N
54276471,25.06,\N
54276472,22.02,\N
54276652,24.21,\N
54276653,27.08,\N
54276654,25.87,\N
54276656,24.45,\N
54276655,26.07,\N
54276657,23.24,\N
54276658,25.49,\N
54276659,26.60,\N
54276660,25.06,\N
54276661,22.69,\N
54276725,20.97,\N
54276726,24.31,\N
54276727,23.25,\N
54276728,20.86,\N
54276729,21.42,\N
54276731,27.20,\N
54276730,24.52,\N
54276732,20.68,\N
54276733,26.79,\N
54276734,25.32,\N
54276976,24.19,\N
54276977,19.75,\N
54276978,27.82,\N
54276979,24.19,\N
54276980,24.07,\N
54276981,25.29,\N
54276982,25.89,\N
54276983,27.60,\N
54276985,27.34,\N
54276984,25.13,\N
54276986,20.91,\N
54276987,26.23,\N
54276988,24.12,\N
54276989,22.06,\N
54276990,21.93,\N
54276991,27.87,\N
54276992,25.13,\N
54277079,20.02,\N
54277080,27.42,\N
54277081,23.65,\N
54277082,24.61,\N
54277084,23.70,\N
54277085,24.90,\N
54277083,25.68,\N
54277086,26.31,\N
54277087,27.04,\N
54277090,25.20,\N
54277091,26.87,\N
54277092,23.93,\N
54277094,22.16,\N
54277095,24.36,\N
54278655,21.14,\N
54279831,20.25,\N
54279796,22.73,\N
54280042,19.78,\N
54277093,23.86,\N
54277096,27.06,\N
54278097,25.22,\N
54278098,24.23,\N
54278100,24.84,\N
54278099,24.77,\N
54278101,24.82,\N
54278102,24.87,\N
54278103,26.71,\N
54278104,26.73,\N
54278105,23.37,\N
54278142,28.80,\N
54278143,25.81,\N
54278174,23.43,\N
54278176,24.55,\N
54278175,26.05,\N
54278177,26.02,\N
54278223,25.70,\N
54278225,25.69,\N
54278226,29.64,\N
54278224,19.95,\N
54278256,23.31,\N
54278257,23.65,\N
54278306,21.70,\N
54278307,25.37,\N
54278308,24.57,\N
54278309,25.36,\N
54278310,26.80,\N
54278311,23.41,\N
54278312,25.46,\N
54278314,22.07,\N
54278313,22.31,\N
54278315,21.53,\N
54278316,21.63,\N
54278317,26.53,\N
54278318,22.59,\N
54278347,22.13,\N
54278349,27.24,\N
54278351,24.76,\N
54278350,26.21,\N
54278352,27.41,\N
54278444,24.15,\N
54278445,24.98,\N
54278443,27.52,\N
54278446,27.15,\N
54278447,23.91,\N
54278656,26.92,\N
54278695,23.11,\N
54278657,19.37,\N
54278661,24.37,\N
54278659,24.75,\N
54278660,22.10,\N
54278658,24.94,\N
54278662,27.61,\N
54278663,22.21,\N
54278699,24.79,\N
54278698,23.65,\N
54278697,28.05,\N
54278696,26.53,\N
54279029,27.89,\N
54279031,21.86,\N
54279034,21.56,\N
54279032,21.65,\N
54279033,21.95,\N
54279062,23.10,\N
54279460,20.02,\N
54279459,25.20,\N
54440312,29.40,\N
54279762,25.15,\N
54279763,26.02,\N
54279764,25.51,\N
54279765,24.81,\N
54279766,25.50,\N
54279767,24.58,\N
54279768,25.73,\N
54279793,25.48,\N
54279794,26.05,\N
54279795,26.89,\N
54279834,21.83,\N
54279835,22.07,\N
54279836,25.36,\N
54279840,24.89,\N
54279838,27.42,\N
54279839,24.33,\N
54279837,26.96,\N
54279841,26.76,\N
54279842,27.42,\N
54279922,23.30,\N
54279923,25.93,\N
54279924,23.09,\N
54279925,25.73,\N
54279926,27.11,\N
54279931,26.41,\N
54279930,22.44,\N
54279929,25.19,\N
54279928,25.47,\N
54279927,26.10,\N
54279932,20.46,\N
54279933,23.36,\N
54279934,28.87,\N
54279935,25.50,\N
54279936,20.95,\N
54280028,22.88,\N
54280029,27.42,\N
54280030,24.60,\N
54280031,28.00,\N
54280032,22.25,\N
54280033,25.89,\N
54280034,23.81,\N
54280035,23.02,\N
54280036,23.36,\N
54280038,26.12,\N
54280039,28.17,\N
54280040,21.41,\N
54280041,27.09,\N
54280046,24.49,\N
54280044,21.65,\N
54280043,25.72,\N
54280045,25.04,\N
54280047,22.68,\N
54280221,28.42,\N
54280222,25.52,\N
54280223,24.75,\N
54280224,27.77,\N
54280225,24.95,\N
54280226,26.22,\N
54280227,20.07,\N
54280288,26.66,\N
54280289,26.62,\N
54280290,27.07,\N
54280291,22.06,\N
54280294,23.85,\N
54280292,25.47,\N
54280293,28.24,\N
54280480,22.92,\N
54280481,23.03,\N
54280482,24.82,\N
54280483,28.06,\N
54280484,28.43,\N
54280485,25.03,\N
54280486,23.00,\N
54280487,25.94,\N
54280488,24.29,\N
54280489,19.20,\N
54280490,24.46,\N
54280491,26.37,\N
54280492,24.10,\N
54280493,24.43,\N
54280494,24.65,\N
54280674,23.23,\N
54280675,20.95,\N
54280678,23.93,\N
54280677,22.64,\N
54280676,28.20,\N
54280679,23.82,\N
54280681,23.04,\N
54280680,20.34,\N
54280682,20.15,\N
54280759,19.27,\N
54280760,27.98,\N
54280761,24.84,\N
54280762,25.11,\N
54280763,21.00,\N
54280764,23.30,\N
54280765,26.25,\N
54280766,25.93,\N
54280767,21.55,\N
54280768,29.10,\N
54280846,22.46,\N
54280845,23.78,\N
54280848,22.55,\N
54280847,26.52,\N
54281068,22.88,\N
54281069,25.76,\N
54281071,26.11,\N
54281078,26.97,\N
54281079,26.16,\N
54281250,29.41,\N
54281251,23.98,\N
54281252,24.93,\N
54281253,21.75,\N
54281254,22.28,\N
54281255,25.83,\N
54281491,22.47,\N
54281493,19.03,\N
54281724,16.36,\N
54281886,20.26,\N
54281966,22.29,\N
54282360,19.76,\N
54410342,21.38,\N
54281256,25.60,\N
54281492,23.61,\N
54281887,23.13,\N
54281888,24.88,\N
54281889,24.22,\N
54281890,26.03,\N
54281967,21.87,\N
54281968,25.10,\N
54281969,24.09,\N
54281970,25.29,\N
54281973,25.21,\N
54281972,25.25,\N
54281971,25.93,\N
54281974,25.59,\N
54281975,24.86,\N
54281976,24.59,\N
54281977,21.94,\N
54281979,21.86,\N
54281978,23.36,\N
54281980,24.95,\N
54281981,25.82,\N
54282205,23.16,\N
54282206,25.55,\N
54282207,21.53,\N
54282208,24.48,\N
54282209,25.00,\N
54282210,23.89,\N
54282211,27.39,\N
54282389,20.01,\N
54282390,27.26,\N
54282391,23.35,\N
54282392,24.66,\N
54282393,26.02,\N
54282394,25.49,\N
54282642,24.78,\N
54282643,27.11,\N
54282644,22.06,\N
54282645,20.03,\N
54282646,25.12,\N
54282694,27.84,\N
54282696,25.90,\N
54282888,24.98,\N
54282887,20.94,\N
54282889,23.88,\N
54282890,26.00,\N
54282891,22.85,\N
54282974,20.36,\N
54282975,25.16,\N
54282976,22.35,\N
54282977,19.94,\N
54283041,22.23,\N
54283042,26.76,\N
54283043,22.32,\N
54283044,24.04,\N
54283565,21.65,\N
54289173,22.38,\N
54289939,21.13,\N
54290865,20.77,\N
54301290,24.92,\N
54285149,26.33,\N
54285295,24.08,\N
54285294,23.77,\N
54286182,24.18,\N
54286245,24.61,\N
54287655,24.34,\N
54287656,27.39,\N
54287657,24.23,\N
54287658,20.80,\N
54287660,25.30,\N
54287661,25.42,\N
54287659,21.67,\N
54288263,20.62,\N
54288264,24.01,\N
54288265,22.84,\N
54288268,24.52,\N
54288267,25.59,\N
54288266,22.76,\N
54288269,22.45,\N
54288270,23.12,\N
54288271,23.21,\N
54288272,23.32,\N
54288273,25.52,\N
54288274,25.42,\N
54288275,22.50,\N
54288276,26.62,\N
54288289,20.56,\N
54288290,22.71,\N
54288291,22.56,\N
54288292,19.92,\N
54288293,24.17,\N
54288294,24.02,\N
54288618,24.62,\N
54288619,24.81,\N
54288620,27.28,\N
54288621,25.32,\N
54288622,25.45,\N
54288623,23.39,\N
54288746,24.63,\N
54288744,23.83,\N
54288745,21.38,\N
54289131,21.86,\N
54289133,21.91,\N
54289132,24.19,\N
54289134,24.30,\N
54289135,26.13,\N
54289136,23.28,\N
54289175,21.58,\N
54289176,20.67,\N
54289177,25.95,\N
54289174,23.21,\N
54289469,22.74,\N
54289510,24.58,\N
54289513,23.62,\N
54289512,23.12,\N
54289511,22.23,\N
54289514,26.81,\N
54289515,28.51,\N
54289572,29.56,\N
54289573,23.48,\N
54289574,27.32,\N
54289575,24.44,\N
54289576,22.24,\N
54289577,23.52,\N
54289578,24.25,\N
54289579,24.26,\N
54289580,22.82,\N
54289639,22.71,\N
54289640,23.45,\N
54289641,23.44,\N
54289644,22.92,\N
54289649,19.18,\N
54289653,21.77,\N
54291609,21.34,\N
54293113,21.05,\N
54308038,23.98,\N
54399996,31.16,\N
54289645,24.95,\N
54289650,25.15,\N
54289654,25.32,\N
54289651,28.65,\N
54289652,28.46,\N
54289700,26.51,\N
54289701,26.20,\N
54289702,25.93,\N
54289714,27.27,\N
54289717,25.34,\N
54289716,25.18,\N
54289715,25.76,\N
54289718,25.85,\N
54289749,26.86,\N
54289753,22.92,\N
54289752,24.73,\N
54289751,26.66,\N
54289750,25.72,\N
54289923,26.32,\N
54289922,23.27,\N
54289924,19.62,\N
54289925,25.30,\N
54289927,26.19,\N
54289928,25.13,\N
54289926,22.84,\N
54289929,21.02,\N
54290022,20.09,\N
54290023,19.91,\N
54290057,25.62,\N
54290058,24.44,\N
54290151,24.21,\N
54290244,28.07,\N
54290366,22.60,\N
54319146,21.49,\N
54290367,24.67,\N
54290520,25.37,\N
54290522,25.59,\N
54290521,26.31,\N
54290590,25.64,\N
54290589,20.72,\N
54290698,28.31,\N
54290699,21.69,\N
54290701,23.19,\N
54290700,27.20,\N
54290702,24.27,\N
54290859,24.92,\N
54290861,22.43,\N
54290862,21.77,\N
54290863,27.90,\N
54290867,24.61,\N
54290866,25.54,\N
54290864,24.84,\N
54291044,22.58,\N
54291045,25.46,\N
54291148,22.11,\N
54291149,22.44,\N
54291150,25.59,\N
54291151,24.61,\N
54291152,27.32,\N
54291304,24.34,\N
54291305,27.59,\N
54291303,23.33,\N
54291306,24.42,\N
54291307,26.65,\N
54291598,21.42,\N
54291599,27.96,\N
54291600,20.90,\N
54291601,25.25,\N
54291603,22.16,\N
54291602,21.12,\N
54291604,25.93,\N
54291605,22.66,\N
54291606,25.19,\N
54291608,23.57,\N
54291607,24.99,\N
54291610,27.41,\N
54291611,24.79,\N
54291612,22.94,\N
54291613,21.01,\N
54291614,25.48,\N
54291767,23.56,\N
54291768,27.39,\N
54291769,23.94,\N
54291771,24.49,\N
54291770,23.19,\N
54291772,21.64,\N
54291773,23.12,\N
54291774,23.38,\N
54291775,21.85,\N
54292212,25.04,\N
54292213,23.12,\N
54292216,20.58,\N
54292215,25.14,\N
54292214,23.63,\N
54292217,28.83,\N
54292218,26.35,\N
54292219,25.64,\N
54292220,24.31,\N
54292221,26.98,\N
54292222,23.92,\N
54292224,24.91,\N
54292223,23.10,\N
54292323,25.10,\N
54292327,24.46,\N
54292324,26.44,\N
54292325,25.43,\N
54292326,25.29,\N
54292328,22.99,\N
54292329,26.05,\N
54292330,24.34,\N
54292462,27.45,\N
54292463,20.84,\N
54292464,28.82,\N
54292681,21.66,\N
54292682,22.62,\N
54292683,28.99,\N
54292684,27.14,\N
54292685,24.09,\N
54292686,23.76,\N
54292687,22.90,\N
54292688,22.68,\N
54292689,28.85,\N
54292690,23.25,\N
54292691,24.09,\N
54292692,23.01,\N
54292693,23.94,\N
54292694,23.37,\N
54292841,20.81,\N
54292842,20.58,\N
54292843,24.26,\N
54292844,20.95,\N
54292845,24.98,\N
54292846,23.73,\N
54292847,24.48,\N
54292848,23.37,\N
54292850,27.18,\N
54292851,20.32,\N
54292852,21.72,\N
54292853,24.88,\N
54292854,22.10,\N
54292855,21.07,\N
54292856,24.98,\N
54292857,24.49,\N
54293102,21.20,\N
54293103,23.14,\N
54293104,21.12,\N
54293105,24.97,\N
54293106,22.93,\N
54293107,20.53,\N
54293109,19.95,\N
54293110,24.36,\N
54293320,20.65,\N
54293321,20.42,\N
54293323,22.98,\N
54293322,26.98,\N
54293579,20.30,\N
54296386,21.36,\N
54418796,26.38,\N
54292695,26.06,\N
54292849,21.55,\N
54292858,23.74,\N
54292859,24.44,\N
54292860,28.29,\N
54293101,26.86,\N
54293108,22.02,\N
54293111,23.07,\N
54293112,24.02,\N
54293317,22.77,\N
54293580,25.95,\N
54293582,21.73,\N
54293583,20.67,\N
54293659,25.37,\N
54293660,24.29,\N
54293661,25.55,\N
54293662,26.54,\N
54293877,24.67,\N
54294030,24.78,\N
54294031,26.32,\N
54294032,25.19,\N
54294033,20.07,\N
54294124,24.10,\N
54294125,18.68,\N
54294867,27.73,\N
54294869,22.19,\N
54294868,22.63,\N
54295343,21.90,\N
54295351,23.49,\N
54295352,27.05,\N
54296087,22.73,\N
54296362,19.59,\N
54303335,19.54,\N
54303336,24.18,\N
54305241,21.20,\N
54399493,31.88,\N
54295722,26.95,\N
54296084,27.59,\N
54296085,25.30,\N
54296255,26.10,\N
54296256,23.70,\N
54296257,23.61,\N
54296258,24.57,\N
54296363,25.83,\N
54296364,26.36,\N
54296365,26.26,\N
54296366,26.42,\N
54296367,24.56,\N
54296368,25.72,\N
54296369,27.10,\N
54296382,24.49,\N
54296381,23.53,\N
54296380,23.56,\N
54296383,25.95,\N
54296384,23.05,\N
54296385,26.36,\N
54296527,19.91,\N
54296528,25.15,\N
54296529,25.24,\N
54296530,28.90,\N
54296532,25.28,\N
54296531,23.24,\N
54296533,28.33,\N
54296534,27.52,\N
54296535,22.97,\N
54296537,25.33,\N
54296536,23.43,\N
54296725,28.08,\N
54296538,23.42,\N
54296539,25.22,\N
54296540,25.02,\N
54296541,25.05,\N
54296542,24.50,\N
54296543,20.67,\N
54296544,24.03,\N
54296545,27.09,\N
54296726,24.61,\N
54296727,24.14,\N
54296728,28.79,\N
54296730,25.38,\N
54296729,25.60,\N
54296731,20.98,\N
54296732,28.97,\N
54296733,24.44,\N
54296734,24.68,\N
54296736,25.21,\N
54296735,25.42,\N
54296737,22.72,\N
54296738,25.36,\N
54296739,27.66,\N
54296743,20.79,\N
54296742,21.46,\N
54296741,25.20,\N
54296740,22.64,\N
54296744,20.62,\N
54296745,23.81,\N
54296750,21.79,\N
54296749,25.20,\N
54296748,26.61,\N
54296747,25.37,\N
54296746,24.00,\N
54296751,26.83,\N
54296752,24.52,\N
54297315,24.28,\N
54297316,25.41,\N
54297317,22.31,\N
54297319,26.04,\N
54297320,24.46,\N
54297318,24.39,\N
54297321,26.84,\N
54297618,23.79,\N
54297619,26.73,\N
54297620,24.93,\N
54297621,27.10,\N
54297622,25.21,\N
54297623,25.30,\N
54297625,22.56,\N
54297624,23.20,\N
54297627,21.46,\N
54297626,26.55,\N
54297628,24.70,\N
54297677,22.27,\N
54297679,22.32,\N
54297680,22.00,\N
54297681,20.73,\N
54297798,25.83,\N
54297799,25.39,\N
54297802,25.84,\N
54297800,25.34,\N
54297801,24.48,\N
54297805,23.81,\N
54297803,23.76,\N
54297804,23.34,\N
54297993,20.50,\N
54297997,24.36,\N
54297996,25.32,\N
54297994,20.26,\N
54297995,24.64,\N
54298610,22.35,\N
54298611,23.70,\N
54298612,23.74,\N
54298613,26.48,\N
54298614,25.24,\N
54298615,27.10,\N
54298617,23.12,\N
54298616,25.96,\N
54298618,26.61,\N
54298753,26.51,\N
54298754,24.95,\N
54298755,25.90,\N
54298760,22.33,\N
54298761,21.57,\N
54298762,22.05,\N
54298763,25.59,\N
54298764,23.82,\N
54298765,25.68,\N
54298766,24.28,\N
54298767,21.59,\N
54298768,25.02,\N
54298772,23.37,\N
54298769,22.45,\N
54298771,24.69,\N
54298770,23.87,\N
54298773,23.88,\N
54298774,26.06,\N
54298775,28.59,\N
54298776,24.88,\N
54298777,25.05,\N
54298995,25.85,\N
54298996,24.52,\N
54298997,25.75,\N
54298998,24.67,\N
54298999,26.95,\N
54299000,24.17,\N
54299002,24.22,\N
54299004,22.16,\N
54299003,23.27,\N
54299005,24.46,\N
54299006,21.82,\N
54299567,23.83,\N
54299568,23.22,\N
54299569,21.07,\N
54299570,23.15,\N
54299571,22.56,\N
54299572,24.24,\N
54299573,26.53,\N
54300294,27.95,\N
54300296,24.17,\N
54300295,25.34,\N
54300297,23.53,\N
54300300,24.69,\N
54300301,24.98,\N
54300302,23.48,\N
54300303,26.83,\N
54300304,21.32,\N
54300592,23.45,\N
54300595,22.21,\N
54300601,26.26,\N
54300602,23.53,\N
54300817,24.67,\N
54300818,21.78,\N
54300819,23.39,\N
54300820,23.08,\N
54300821,26.56,\N
54300822,24.37,\N
54300823,25.43,\N
54300824,20.89,\N
54300825,21.70,\N
54300826,22.07,\N
54300828,19.08,\N
54300829,22.07,\N
54300830,23.25,\N
54300837,23.89,\N
54300841,24.02,\N
54300842,21.94,\N
54300844,24.50,\N
54300843,23.03,\N
54301283,21.07,\N
54301284,22.16,\N
54301287,23.00,\N
54301289,23.74,\N
54301291,24.52,\N
54301294,23.68,\N
54301299,25.11,\N
54301951,21.15,\N
54301957,18.69,\N
54301958,21.01,\N
54303943,21.63,\N
54304116,21.10,\N
54304613,21.65,\N
54304614,21.78,\N
54306922,20.82,\N
54307425,22.21,\N
54311851,21.80,\N
54399497,29.60,\N
54399495,28.59,\N
54399494,28.96,\N
54399498,30.02,\N
54399504,30.19,\N
54300305,27.89,\N
54300306,21.55,\N
54300589,26.51,\N
54300590,25.90,\N
54300591,22.98,\N
54300593,25.61,\N
54300594,23.04,\N
54300596,25.09,\N
54300597,25.89,\N
54300598,28.73,\N
54300599,25.32,\N
54300600,25.20,\N
54300816,24.68,\N
54300827,24.80,\N
54300831,25.57,\N
54300833,24.46,\N
54300834,21.07,\N
54300835,24.55,\N
54300836,20.37,\N
54300839,23.42,\N
54300838,23.79,\N
54300840,25.91,\N
54300845,24.99,\N
54300846,24.60,\N
54300847,22.76,\N
54301282,27.18,\N
54301286,26.39,\N
54301285,25.88,\N
54301288,26.51,\N
54301293,24.77,\N
54301295,25.80,\N
54301292,26.74,\N
54301296,27.33,\N
54301297,26.63,\N
54301298,27.71,\N
54301300,31.46,\N
54301301,25.03,\N
54301302,22.75,\N
54301303,27.50,\N
54301304,25.50,\N
54301305,28.58,\N
54301952,23.50,\N
54301953,24.05,\N
54301956,22.79,\N
54301954,26.97,\N
54301955,26.07,\N
54301959,24.34,\N
54301960,22.02,\N
54301961,26.19,\N
54301962,26.17,\N
54301963,23.35,\N
54301965,27.75,\N
54301964,22.48,\N
54301966,25.69,\N
54301967,21.22,\N
54301968,20.73,\N
54302654,25.48,\N
54302656,26.82,\N
54302657,17.70,\N
54302658,22.60,\N
54302659,22.46,\N
54303032,21.42,\N
54303338,20.56,\N
54303676,18.93,\N
54303675,23.94,\N
54303763,19.63,\N
54304117,19.41,\N
54304118,23.59,\N
54304121,24.83,\N
54304122,22.51,\N
54304129,23.07,\N
54304615,26.08,\N
54304616,22.56,\N
54304732,19.23,\N
54304751,22.26,\N
54305018,18.76,\N
54305028,20.43,\N
54305227,23.36,\N
54305641,24.59,\N
54305654,25.22,\N
54309246,21.06,\N
54330440,20.73,\N
54415860,24.15,\N
54304119,26.90,\N
54304120,27.47,\N
54304123,24.72,\N
54304124,25.83,\N
54304125,26.96,\N
54304126,25.75,\N
54304127,24.45,\N
54304128,27.60,\N
54304617,24.23,\N
54304619,25.77,\N
54304618,23.47,\N
54304620,24.46,\N
54304621,24.90,\N
54304622,27.17,\N
54304623,28.18,\N
54304625,24.69,\N
54304624,25.04,\N
54304626,27.04,\N
54304627,21.63,\N
54304628,24.13,\N
54304629,25.14,\N
54304630,26.03,\N
54304631,22.82,\N
54304632,26.40,\N
54304633,25.16,\N
54304635,24.59,\N
54304634,25.69,\N
54304636,24.98,\N
54304637,24.38,\N
54304731,26.28,\N
54304733,24.42,\N
54304734,26.21,\N
54304735,25.51,\N
54304736,25.51,\N
54304737,26.07,\N
54304738,23.86,\N
54304739,28.43,\N
54304740,26.35,\N
54304741,23.72,\N
54304742,25.87,\N
54304743,25.45,\N
54304744,27.20,\N
54304745,26.86,\N
54304746,25.55,\N
54304747,27.67,\N
54304748,26.43,\N
54304749,22.46,\N
54304750,23.90,\N
54304752,24.14,\N
54304754,24.88,\N
54304753,27.54,\N
54304755,25.11,\N
54305019,24.59,\N
54305020,27.45,\N
54305021,26.50,\N
54305022,26.00,\N
54305023,23.50,\N
54305024,25.64,\N
54305025,22.79,\N
54305026,26.67,\N
54305027,24.92,\N
54305029,28.01,\N
54305030,27.16,\N
54305031,26.09,\N
54305032,24.66,\N
54305229,24.87,\N
54305228,27.89,\N
54305230,25.34,\N
54305231,21.31,\N
54305232,27.03,\N
54305234,30.54,\N
54305235,28.78,\N
54305236,24.52,\N
54305237,24.24,\N
54305238,25.41,\N
54305239,23.51,\N
54305240,24.89,\N
54305242,24.33,\N
54305243,22.39,\N
54305244,25.26,\N
54305245,22.65,\N
54305246,19.66,\N
54305247,24.89,\N
54305642,21.93,\N
54305643,25.27,\N
54305644,23.84,\N
54305646,26.48,\N
54305645,26.51,\N
54305648,26.96,\N
54305647,22.98,\N
54305649,25.62,\N
54305650,22.98,\N
54305651,30.35,\N
54305652,25.98,\N
54305653,26.36,\N
54305655,25.63,\N
54305656,24.26,\N
54305657,24.12,\N
54305658,25.69,\N
54305659,23.20,\N
54305660,23.74,\N
54305661,27.37,\N
54305663,25.78,\N
54305662,25.37,\N
54305664,27.53,\N
54305665,23.98,\N
54305666,25.92,\N
54305667,24.80,\N
54305668,27.42,\N
54305669,28.58,\N
54305670,21.71,\N
54305671,26.02,\N
54305672,23.69,\N
54306592,20.89,\N
54306593,25.77,\N
54306594,23.01,\N
54306595,23.67,\N
54306596,22.88,\N
54306597,28.51,\N
54306598,23.67,\N
54306599,23.73,\N
54306600,21.55,\N
54306601,22.63,\N
54306602,22.36,\N
54306603,22.12,\N
54306604,25.81,\N
54306605,27.46,\N
54306606,22.95,\N
54306607,23.60,\N
54306608,27.48,\N
54306609,24.31,\N
54306610,21.34,\N
54306611,21.81,\N
54306612,22.35,\N
54306613,28.33,\N
54306614,23.95,\N
54306921,26.07,\N
54306923,22.93,\N
54306924,23.87,\N
54306925,24.88,\N
54307195,22.33,\N
54307196,25.39,\N
54307197,28.31,\N
54307198,24.05,\N
54307199,23.75,\N
54307200,24.08,\N
54307201,21.97,\N
54307202,23.46,\N
54307204,28.01,\N
54307203,26.17,\N
54307205,24.14,\N
54307206,25.68,\N
54307207,19.57,\N
54307208,24.52,\N
54307210,25.10,\N
54307209,25.22,\N
54307211,24.57,\N
54307212,26.31,\N
54307213,24.60,\N
54307214,28.39,\N
54307215,23.96,\N
54307216,25.47,\N
54307217,27.32,\N
54307218,24.25,\N
54307220,21.98,\N
54307219,23.61,\N
54307222,24.46,\N
54307221,25.20,\N
54307426,24.44,\N
54307427,24.54,\N
54307428,23.88,\N
54307429,26.25,\N
54307430,24.02,\N
54307431,28.26,\N
54307432,22.53,\N
54307433,25.27,\N
54307434,25.68,\N
54307435,27.22,\N
54307436,25.48,\N
54307437,26.22,\N
54307438,24.09,\N
54307439,26.08,\N
54307440,25.73,\N
54307441,22.33,\N
54307442,24.36,\N
54307443,23.40,\N
54307444,25.61,\N
54308040,26.87,\N
54308039,27.58,\N
54308041,28.73,\N
54308042,25.39,\N
54308044,21.15,\N
54308043,22.52,\N
54308045,28.74,\N
54308046,21.49,\N
54308047,27.20,\N
54308048,26.76,\N
54308049,26.40,\N
54308050,25.18,\N
54308051,24.98,\N
54308052,26.18,\N
54308053,24.94,\N
54308054,26.92,\N
54308055,24.54,\N
54308056,24.57,\N
54308057,24.18,\N
54308059,23.24,\N
54308058,25.05,\N
54308060,22.82,\N
54308061,26.03,\N
54308062,24.42,\N
54308063,26.65,\N
54308064,28.11,\N
54308065,27.45,\N
54308085,21.25,\N
54308086,23.98,\N
54308087,24.66,\N
54308088,24.97,\N
54308090,27.10,\N
54308089,25.76,\N
54308091,25.18,\N
54308093,21.06,\N
54308092,21.22,\N
54308095,25.46,\N
54308094,23.77,\N
54308096,21.94,\N
54308098,22.13,\N
54308097,26.92,\N
54308099,24.64,\N
54308101,26.24,\N
54308100,27.09,\N
54308102,25.63,\N
54308103,24.43,\N
54308104,25.52,\N
54308105,22.37,\N
54308106,25.72,\N
54308107,18.85,\N
54308108,22.54,\N
54308109,25.97,\N
54308110,29.31,\N
54308111,26.76,\N
54309236,27.28,\N
54309247,22.26,\N
54309239,21.86,\N
54309238,24.43,\N
54309241,22.19,\N
54309240,23.30,\N
54309242,24.28,\N
54309244,23.17,\N
54309243,23.30,\N
54309245,20.72,\N
54309248,26.48,\N
54309249,20.70,\N
54309253,25.60,\N
54309254,26.60,\N
54309251,27.35,\N
54309255,26.68,\N
54309252,25.04,\N
54309256,20.87,\N
54309257,22.89,\N
54309258,24.57,\N
54309259,24.51,\N
54309260,28.20,\N
54310112,19.91,\N
54310119,21.47,\N
54310120,26.19,\N
54310123,28.37,\N
54310121,25.20,\N
54310122,28.98,\N
54310124,23.88,\N
54310125,26.74,\N
54310126,26.30,\N
54310127,27.59,\N
54310128,26.33,\N
54310129,26.22,\N
54310130,27.53,\N
54310134,25.56,\N
54310132,22.83,\N
54310133,26.95,\N
54310136,26.48,\N
54310135,21.04,\N
54310911,28.00,\N
54310913,19.46,\N
54310912,24.08,\N
54310914,23.17,\N
54310915,21.90,\N
54310916,22.81,\N
54310918,24.01,\N
54310919,22.49,\N
54310917,23.51,\N
54310920,23.69,\N
54310922,24.46,\N
54310923,21.61,\N
54310921,21.75,\N
54311850,26.05,\N
54311852,20.28,\N
54311853,24.17,\N
54311854,24.00,\N
54311855,26.73,\N
54311856,24.43,\N
54311857,25.41,\N
54311858,21.32,\N
54311859,22.87,\N
54311860,22.05,\N
54312817,21.62,\N
54312818,22.86,\N
54312819,24.63,\N
54312820,22.87,\N
54312917,20.33,\N
54312924,24.94,\N
54312923,23.71,\N
54312925,25.38,\N
54312926,23.14,\N
54312937,25.23,\N
54312938,30.19,\N
54313605,22.58,\N
54314203,21.09,\N
54314204,27.74,\N
54316346,20.44,\N
54316644,20.51,\N
54316650,18.84,\N
54316894,20.73,\N
54317875,23.57,\N
54318591,25.58,\N
54319456,20.80,\N
54320701,21.28,\N
54322240,21.46,\N
54326962,21.89,\N
54375414,21.45,\N
54399503,31.07,\N
54499716,31.87,\N
54312821,22.63,\N
54312822,23.17,\N
54312823,27.73,\N
54312824,27.25,\N
54312825,25.33,\N
54312826,25.05,\N
54312918,23.87,\N
54312919,26.53,\N
54312920,27.93,\N
54312921,26.47,\N
54312922,23.53,\N
54312927,24.73,\N
54312928,26.18,\N
54312929,24.12,\N
54312930,27.45,\N
54312931,27.10,\N
54312932,25.46,\N
54312933,23.71,\N
54312934,26.58,\N
54312935,25.56,\N
54312936,24.17,\N
54313604,26.08,\N
54313606,25.14,\N
54313607,24.56,\N
54313608,23.49,\N
54313609,27.12,\N
54313610,24.70,\N
54313611,25.61,\N
54313612,21.50,\N
54313613,24.11,\N
54313614,26.61,\N
54313615,25.32,\N
54313616,23.39,\N
54313617,20.27,\N
54313618,19.92,\N
54314205,27.75,\N
54314206,23.08,\N
54314207,23.66,\N
54314208,23.12,\N
54314209,23.29,\N
54315346,23.43,\N
54315347,27.76,\N
54315745,23.75,\N
54315747,25.21,\N
54316345,21.46,\N
54316494,20.44,\N
54316547,25.23,\N
54316548,21.38,\N
54316549,20.67,\N
54316550,22.17,\N
54316551,26.99,\N
54316565,23.07,\N
54316566,24.56,\N
54316567,25.03,\N
54316643,24.51,\N
54316645,28.56,\N
54316649,23.26,\N
54316915,26.90,\N
54317178,22.78,\N
54317866,20.19,\N
54317872,26.72,\N
54318585,19.14,\N
54318595,24.90,\N
54322711,22.30,\N
54356834,29.27,\N
54357101,29.77,\N
54420788,27.85,\N
54316647,27.09,\N
54316648,26.74,\N
54316681,27.20,\N
54316680,26.60,\N
54316682,27.18,\N
54316683,26.19,\N
54316684,24.96,\N
54316685,23.58,\N
54316686,25.13,\N
54316687,26.52,\N
54316688,26.90,\N
54316689,21.59,\N
54316690,26.53,\N
54316691,23.59,\N
54316692,26.54,\N
54316693,27.87,\N
54316888,24.62,\N
54316889,26.37,\N
54316890,26.11,\N
54316891,24.98,\N
54316896,24.89,\N
54316893,26.43,\N
54316897,25.49,\N
54316892,23.84,\N
54316895,25.61,\N
54316898,24.85,\N
54316899,26.41,\N
54316900,28.17,\N
54316902,20.66,\N
54316901,23.16,\N
54316905,23.56,\N
54316903,23.13,\N
54316904,27.91,\N
54316906,24.48,\N
54316908,25.48,\N
54316911,27.21,\N
54316907,27.39,\N
54316909,25.19,\N
54316910,24.14,\N
54316913,24.04,\N
54316914,27.05,\N
54316916,26.65,\N
54317169,26.24,\N
54317170,24.87,\N
54317171,23.54,\N
54317172,27.99,\N
54317173,25.56,\N
54317174,24.95,\N
54317175,22.56,\N
54317176,22.73,\N
54317177,26.68,\N
54317179,26.47,\N
54317180,24.55,\N
54317181,23.12,\N
54317182,27.11,\N
54317183,27.38,\N
54317184,25.64,\N
54317185,26.11,\N
54317186,25.34,\N
54317187,21.47,\N
54317188,20.93,\N
54317189,25.14,\N
54317191,23.51,\N
54317190,24.69,\N
54317192,23.95,\N
54317193,20.81,\N
54317194,27.29,\N
54317195,28.15,\N
54317196,24.54,\N
54317197,27.12,\N
54317198,25.74,\N
54317199,24.82,\N
54317200,24.23,\N
54317201,23.94,\N
54317202,27.55,\N
54317203,26.04,\N
54317205,24.61,\N
54317204,23.80,\N
54317855,29.32,\N
54317856,25.01,\N
54317857,26.65,\N
54317858,26.27,\N
54317859,27.27,\N
54317860,21.00,\N
54317861,25.65,\N
54317862,24.90,\N
54317863,24.52,\N
54317864,21.82,\N
54317865,24.43,\N
54317867,22.79,\N
54317868,23.43,\N
54317869,22.93,\N
54317870,26.86,\N
54317873,26.09,\N
54317874,21.95,\N
54317876,23.95,\N
54317878,22.55,\N
54317877,24.42,\N
54317879,24.54,\N
54317880,21.78,\N
54317881,21.64,\N
54317882,24.31,\N
54317883,23.52,\N
54317884,22.93,\N
54317885,24.63,\N
54317886,26.25,\N
54317887,25.23,\N
54317888,25.20,\N
54317889,24.52,\N
54317890,28.93,\N
54317891,24.86,\N
54317892,28.82,\N
54318576,24.98,\N
54318575,23.92,\N
54318577,23.63,\N
54318578,27.98,\N
54318579,29.94,\N
54318580,25.50,\N
54318581,24.92,\N
54318582,23.70,\N
54318583,24.76,\N
54318584,21.04,\N
54318586,24.57,\N
54318587,21.00,\N
54318588,22.49,\N
54318589,25.13,\N
54318590,22.63,\N
54318592,25.09,\N
54318594,22.05,\N
54318593,20.49,\N
54318596,26.64,\N
54318597,26.25,\N
54319144,25.67,\N
54319145,25.96,\N
54319147,24.23,\N
54319148,27.26,\N
54319149,24.40,\N
54319150,28.07,\N
54319151,20.83,\N
54319152,20.25,\N
54319153,26.19,\N
54319155,23.19,\N
54319154,23.18,\N
54319156,27.93,\N
54319157,22.71,\N
54319158,24.01,\N
54319159,26.82,\N
54319161,24.63,\N
54319160,25.58,\N
54319162,25.45,\N
54319163,24.88,\N
54319164,28.18,\N
54319166,29.13,\N
54319167,23.62,\N
54319165,26.30,\N
54319168,22.43,\N
54319169,25.55,\N
54319451,25.07,\N
54319452,24.05,\N
54319453,27.70,\N
54319454,25.88,\N
54319455,21.98,\N
54319459,27.16,\N
54319458,21.95,\N
54319457,22.67,\N
54319460,26.88,\N
54319461,26.47,\N
54319462,25.25,\N
54319464,23.62,\N
54319463,29.50,\N
54319880,21.71,\N
54319883,24.72,\N
54319882,27.43,\N
54319884,27.92,\N
54319881,24.32,\N
54320171,21.10,\N
54320172,23.55,\N
54320173,24.32,\N
54320174,25.39,\N
54320175,21.78,\N
54320176,24.93,\N
54320177,22.95,\N
54320178,26.64,\N
54320179,23.46,\N
54320180,28.21,\N
54320183,26.47,\N
54320181,23.58,\N
54320182,27.97,\N
54320188,21.57,\N
54320185,21.49,\N
54320184,25.97,\N
54320186,24.34,\N
54320187,26.50,\N
54320189,23.95,\N
54320190,21.81,\N
54320191,26.24,\N
54320192,28.14,\N
54320193,24.62,\N
54320194,23.70,\N
54320195,27.16,\N
54320196,21.98,\N
54320197,24.91,\N
54320199,22.05,\N
54320198,26.42,\N
54320200,27.47,\N
54320201,27.81,\N
54320202,25.53,\N
54320699,20.23,\N
54320700,24.05,\N
54320702,22.71,\N
54320703,25.67,\N
54320704,26.24,\N
54320705,25.69,\N
54320707,26.76,\N
54320708,25.77,\N
54320710,24.59,\N
54320709,28.18,\N
54320711,26.38,\N
54320713,26.75,\N
54320712,27.68,\N
54320715,28.13,\N
54320716,26.15,\N
54320714,25.80,\N
54320717,23.86,\N
54320718,25.27,\N
54320719,26.10,\N
54320720,24.87,\N
54320721,21.86,\N
54320722,28.17,\N
54320723,25.55,\N
54320724,23.29,\N
54320725,26.68,\N
54320726,23.57,\N
54320727,29.15,\N
54320728,24.67,\N
54320729,27.18,\N
54320730,26.51,\N
54320731,26.39,\N
54321073,24.30,\N
54321074,27.86,\N
54321075,22.49,\N
54321076,20.29,\N
54321077,21.05,\N
54321078,24.98,\N
54321079,26.42,\N
54321080,24.37,\N
54321081,23.05,\N
54321083,25.25,\N
54321082,25.00,\N
54321084,28.37,\N
54321085,26.40,\N
54321086,27.35,\N
54321087,23.95,\N
54321088,23.29,\N
54321090,25.51,\N
54321089,25.63,\N
54321091,22.53,\N
54321092,24.38,\N
54321093,28.57,\N
54321094,27.49,\N
54321095,26.37,\N
54321433,29.92,\N
54321446,27.61,\N
54321448,26.40,\N
54321447,22.00,\N
54321449,24.39,\N
54321451,24.42,\N
54321452,23.28,\N
54321453,29.45,\N
54321454,23.93,\N
54321455,27.75,\N
54321456,25.23,\N
54321457,26.38,\N
54321458,18.18,\N
54321460,28.34,\N
54321459,27.47,\N
54321461,29.67,\N
54321463,22.26,\N
54321462,23.43,\N
54321464,24.12,\N
54321804,24.39,\N
54321805,23.13,\N
54321806,26.72,\N
54321807,24.68,\N
54321813,26.91,\N
54321815,24.49,\N
54321814,26.45,\N
54321816,28.76,\N
54321808,29.05,\N
54321809,25.11,\N
54321810,25.00,\N
54321811,24.86,\N
54321812,25.61,\N
54321817,22.57,\N
54321818,24.48,\N
54321819,25.07,\N
54321820,26.00,\N
54321821,30.17,\N
54322224,24.56,\N
54322225,25.84,\N
54322226,25.31,\N
54322227,25.51,\N
54322228,25.13,\N
54322229,25.30,\N
54322230,26.05,\N
54322231,25.82,\N
54322232,25.20,\N
54322233,22.60,\N
54322234,23.55,\N
54322235,25.84,\N
54322237,25.64,\N
54322236,25.41,\N
54322238,26.94,\N
54322239,28.90,\N
54322241,27.36,\N
54322242,24.70,\N
54322243,27.51,\N
54322244,27.85,\N
54322245,25.34,\N
54322246,27.34,\N
54322247,22.06,\N
54322248,25.76,\N
54322710,26.19,\N
54322712,27.59,\N
54322715,29.15,\N
54322713,27.80,\N
54322714,23.53,\N
54322716,25.58,\N
54322717,20.41,\N
54322720,24.13,\N
54322718,22.37,\N
54322719,26.55,\N
54322721,26.50,\N
54322722,24.43,\N
54322723,26.25,\N
54322866,24.18,\N
54322867,26.50,\N
54322868,21.86,\N
54322869,24.78,\N
54322870,28.32,\N
54322871,27.17,\N
54322872,27.52,\N
54322873,20.88,\N
54322876,25.40,\N
54322877,24.12,\N
54322878,21.18,\N
54322879,25.31,\N
54322880,21.68,\N
54322881,24.26,\N
54322883,28.14,\N
54322882,25.72,\N
54322884,22.22,\N
54322885,25.04,\N
54322886,25.96,\N
54322887,23.72,\N
54322888,22.29,\N
54322889,25.33,\N
54322890,22.93,\N
54322891,24.16,\N
54322892,23.56,\N
54322893,20.00,\N
54322895,19.68,\N
54322897,26.27,\N
54322898,27.57,\N
54322899,28.12,\N
54322900,25.34,\N
54322901,27.46,\N
54322902,24.38,\N
54322903,22.14,\N
54322904,25.34,\N
54322905,21.32,\N
54322906,18.29,\N
54322907,26.30,\N
54323520,24.28,\N
54323521,27.20,\N
54323522,27.95,\N
54323523,23.33,\N
54323524,25.11,\N
54323529,25.40,\N
54323530,23.83,\N
54323531,23.16,\N
54323532,28.39,\N
54323895,22.92,\N
54323896,27.18,\N
54323897,26.08,\N
54323898,28.29,\N
54324404,24.43,\N
54324407,22.36,\N
54324671,19.93,\N
54324672,18.53,\N
54326040,28.01,\N
54326416,25.03,\N
54326417,31.03,\N
54326521,21.98,\N
54327185,22.86,\N
54327186,26.25,\N
54327479,19.88,\N
54327887,25.54,\N
54327891,23.62,\N
54328004,21.39,\N
54328412,20.57,\N
54329630,21.01,\N
54330581,23.66,\N
54337029,19.22,\N
54357348,30.57,\N
54360413,30.59,\N
54399499,32.01,\N
54417167,30.50,\N
54435210,27.09,\N
54322894,25.84,\N
54322896,25.41,\N
54322908,26.63,\N
54322909,28.95,\N
54323525,25.32,\N
54323526,27.87,\N
54323527,27.72,\N
54323528,26.39,\N
54323533,25.13,\N
54324405,26.37,\N
54324406,25.50,\N
54324408,23.13,\N
54324409,21.40,\N
54324410,21.82,\N
54324412,24.96,\N
54324411,23.69,\N
54324674,26.93,\N
54324673,27.82,\N
54324676,24.90,\N
54324675,22.48,\N
54325099,23.75,\N
54325100,22.68,\N
54325101,24.38,\N
54325517,22.29,\N
54326415,28.89,\N
54326418,19.32,\N
54326646,22.24,\N
54326647,26.82,\N
54326648,26.39,\N
54326649,25.06,\N
54326651,26.86,\N
54326650,24.02,\N
54326658,25.91,\N
54326659,24.79,\N
54326660,26.04,\N
54326661,25.61,\N
54326662,26.66,\N
54326663,23.87,\N
54326761,22.41,\N
54326762,23.34,\N
54326763,25.32,\N
54326764,25.17,\N
54326765,24.50,\N
54326766,25.76,\N
54326767,24.70,\N
54326769,26.28,\N
54326768,26.65,\N
54326955,24.45,\N
54326956,20.38,\N
54326957,25.75,\N
54326958,23.55,\N
54326959,25.96,\N
54326960,26.52,\N
54326961,24.77,\N
54327187,24.79,\N
54327188,24.20,\N
54327189,26.27,\N
54327190,23.61,\N
54327191,22.04,\N
54327192,25.88,\N
54327193,21.60,\N
54327471,26.11,\N
54327485,23.80,\N
54327486,22.65,\N
54327890,18.95,\N
54330043,24.11,\N
54327194,26.79,\N
54327195,25.67,\N
54327196,26.41,\N
54327197,27.82,\N
54327374,21.31,\N
54327376,25.15,\N
54327377,27.02,\N
54327470,23.50,\N
54327472,26.07,\N
54327473,24.80,\N
54327474,26.26,\N
54327475,26.16,\N
54327476,23.98,\N
54327477,27.03,\N
54327478,25.38,\N
54327480,28.65,\N
54327481,24.67,\N
54327482,25.19,\N
54327483,25.23,\N
54327484,24.59,\N
54327487,26.72,\N
54327488,23.46,\N
54327489,27.36,\N
54327490,23.37,\N
54327491,25.15,\N
54327492,25.78,\N
54327494,27.20,\N
54327493,24.50,\N
54327495,25.91,\N
54327739,23.50,\N
54327740,33.58,\N
54327741,24.79,\N
54327742,20.76,\N
54327744,25.78,\N
54327743,25.37,\N
54327746,23.28,\N
54327745,25.55,\N
54327747,23.76,\N
54327748,21.53,\N
54327882,26.26,\N
54327883,24.50,\N
54327884,22.32,\N
54327885,22.52,\N
54327886,25.86,\N
54327888,27.66,\N
54327889,26.48,\N
54327893,24.88,\N
54327892,25.97,\N
54327894,27.75,\N
54327895,26.33,\N
54327897,21.63,\N
54327896,26.03,\N
54327898,24.32,\N
54327899,25.10,\N
54327900,27.44,\N
54327901,25.58,\N
54327902,28.95,\N
54327903,25.90,\N
54327904,26.63,\N
54327906,26.72,\N
54327905,23.16,\N
54327908,23.07,\N
54327907,24.85,\N
54327909,25.57,\N
54327910,23.99,\N
54327911,24.88,\N
54327912,23.78,\N
54327914,21.15,\N
54327913,24.75,\N
54328003,25.50,\N
54328005,26.70,\N
54328006,23.27,\N
54328007,25.58,\N
54328008,24.30,\N
54328009,24.93,\N
54328010,27.01,\N
54328011,26.30,\N
54328012,28.43,\N
54328013,26.73,\N
54328014,25.77,\N
54328016,23.99,\N
54328015,28.11,\N
54328059,25.61,\N
54328060,26.47,\N
54328061,21.18,\N
54328062,27.17,\N
54328063,23.57,\N
54328064,25.80,\N
54328065,25.83,\N
54328067,28.93,\N
54328066,20.77,\N
54328068,26.30,\N
54328069,26.62,\N
54328070,19.79,\N
54328071,22.27,\N
54328072,21.68,\N
54328073,23.89,\N
54328074,25.62,\N
54328413,24.42,\N
54328414,21.76,\N
54328415,24.49,\N
54328416,23.12,\N
54328939,24.79,\N
54328940,30.01,\N
54328941,20.08,\N
54328942,27.20,\N
54328943,25.18,\N
54328944,23.77,\N
54329154,22.98,\N
54329155,25.65,\N
54329156,25.39,\N
54329157,27.51,\N
54329158,27.59,\N
54329159,26.34,\N
54329160,22.53,\N
54329162,24.18,\N
54329161,24.41,\N
54329163,21.93,\N
54329164,24.88,\N
54329165,24.61,\N
54329166,25.65,\N
54329167,24.23,\N
54329168,25.80,\N
54329169,23.62,\N
54329170,25.96,\N
54329621,25.00,\N
54329623,24.01,\N
54329624,25.96,\N
54329625,24.88,\N
54329626,25.06,\N
54329627,25.62,\N
54329628,23.59,\N
54329629,26.82,\N
54329631,23.30,\N
54329632,27.76,\N
54329634,27.80,\N
54329633,24.45,\N
54329635,29.02,\N
54329636,23.93,\N
54329638,26.35,\N
54329637,25.44,\N
54329639,22.36,\N
54329640,26.09,\N
54329641,22.13,\N
54329644,25.71,\N
54329646,22.43,\N
54329642,28.03,\N
54329645,24.91,\N
54329643,25.09,\N
54330033,22.68,\N
54330034,22.94,\N
54330035,26.57,\N
54330036,23.06,\N
54330037,29.88,\N
54330038,21.55,\N
54330039,24.56,\N
54330040,25.08,\N
54330041,23.28,\N
54330042,26.63,\N
54330293,22.99,\N
54330294,24.80,\N
54330295,25.36,\N
54330296,20.26,\N
54330297,25.10,\N
54330300,22.66,\N
54330299,27.12,\N
54330298,26.71,\N
54330301,26.24,\N
54330302,24.15,\N
54330303,27.24,\N
54330304,24.34,\N
54330305,24.28,\N
54330307,26.51,\N
54330306,22.22,\N
54330566,24.89,\N
54330567,21.57,\N
54330568,24.94,\N
54330569,25.34,\N
54330570,18.89,\N
54330571,26.61,\N
54330572,25.19,\N
54330573,22.86,\N
54330574,25.07,\N
54330575,25.24,\N
54330576,23.68,\N
54330577,25.80,\N
54330579,29.55,\N
54330578,24.30,\N
54330580,28.40,\N
54330582,28.73,\N
54330583,27.20,\N
54330585,25.07,\N
54330584,25.36,\N
54330720,26.52,\N
54330721,24.45,\N
54330722,20.50,\N
54330723,27.88,\N
54330724,26.45,\N
54330725,25.70,\N
54330727,21.39,\N
54330729,22.15,\N
54330726,27.57,\N
54330730,20.85,\N
54330731,24.18,\N
54330728,24.28,\N
54330733,26.92,\N
54330735,27.75,\N
54330732,27.31,\N
54330736,27.36,\N
54330734,26.65,\N
54330738,26.56,\N
54330737,20.42,\N
54330914,24.96,\N
54330915,21.74,\N
54330917,28.15,\N
54330918,23.07,\N
54330919,25.00,\N
54331160,21.99,\N
54330921,28.16,\N
54330920,26.98,\N
54330922,29.86,\N
54330926,25.51,\N
54330927,27.00,\N
54330928,24.07,\N
54331169,23.75,\N
54331168,22.43,\N
54331171,27.70,\N
54331170,23.62,\N
54331172,24.05,\N
54331173,25.35,\N
54331174,23.86,\N
54331175,26.87,\N
54331176,22.61,\N
54331178,19.56,\N
54331534,19.29,\N
54331631,23.09,\N
54331701,26.26,\N
54331801,23.41,\N
54331806,25.18,\N
54333187,21.70,\N
54334002,21.07,\N
54334003,17.94,\N
54334004,27.65,\N
54334006,26.21,\N
54334582,21.41,\N
54335611,25.89,\N
54337030,19.16,\N
54354669,28.92,\N
54354670,30.36,\N
54354668,32.33,\N
54330923,27.35,\N
54330924,28.69,\N
54330925,26.29,\N
54331179,27.36,\N
54331177,23.40,\N
54331291,26.32,\N
54331535,26.14,\N
54331536,25.69,\N
54331537,26.65,\N
54331629,26.19,\N
54331630,29.30,\N
54331668,24.28,\N
54331669,24.41,\N
54331670,26.20,\N
54331800,23.93,\N
54331802,21.99,\N
54332004,22.20,\N
54332005,25.82,\N
54332006,24.43,\N
54332007,24.41,\N
54332008,19.83,\N
54332189,28.73,\N
54332190,25.99,\N
54332191,25.65,\N
54332192,24.66,\N
54332193,26.17,\N
54332194,24.17,\N
54332729,20.96,\N
54332730,20.16,\N
54334001,20.82,\N
54334005,20.53,\N
54334007,25.78,\N
54334008,25.33,\N
54334009,22.97,\N
54334010,26.59,\N
54334581,23.99,\N
54334584,24.49,\N
54334586,24.17,\N
54335006,25.17,\N
54335010,20.53,\N
54335224,27.09,\N
54335233,24.85,\N
54335604,22.19,\N
54335614,23.47,\N
54336056,21.05,\N
54336063,22.59,\N
54336808,25.19,\N
54336807,23.84,\N
54337028,21.22,\N
54339169,24.40,\N
54339171,20.61,\N
54334583,22.16,\N
54334585,25.68,\N
54334587,29.50,\N
54334588,24.71,\N
54334589,24.80,\N
54334590,25.73,\N
54335005,26.75,\N
54335008,24.80,\N
54335007,28.94,\N
54335009,28.57,\N
54335221,26.49,\N
54335220,24.09,\N
54335222,25.79,\N
54335223,27.17,\N
54335225,28.10,\N
54335226,28.18,\N
54335227,27.48,\N
54335228,23.73,\N
54335229,23.48,\N
54335457,21.32,\N
54335231,25.54,\N
54335230,24.32,\N
54335232,23.38,\N
54335235,25.71,\N
54335234,27.26,\N
54335236,23.81,\N
54335237,22.14,\N
54335238,25.06,\N
54335239,25.51,\N
54335240,23.15,\N
54335242,25.45,\N
54335241,24.18,\N
54335458,24.26,\N
54335459,29.20,\N
54335460,24.26,\N
54335461,30.01,\N
54335605,20.85,\N
54335606,22.09,\N
54335607,26.04,\N
54335608,24.05,\N
54335609,23.18,\N
54335610,25.04,\N
54335612,24.09,\N
54335613,24.28,\N
54336055,28.44,\N
54336054,26.05,\N
54336057,20.15,\N
54336058,22.13,\N
54336059,24.42,\N
54336060,24.13,\N
54336061,23.03,\N
54336062,28.85,\N
54336230,24.69,\N
54336231,22.14,\N
54336232,23.63,\N
54336233,23.84,\N
54336234,26.28,\N
54336235,22.06,\N
54336236,26.70,\N
54336237,24.98,\N
54336238,23.16,\N
54336239,23.71,\N
54336241,21.98,\N
54336240,28.07,\N
54336243,22.78,\N
54336242,24.95,\N
54336526,26.20,\N
54336527,28.47,\N
54336528,24.24,\N
54336529,23.43,\N
54336530,24.95,\N
54336612,25.98,\N
54336613,22.87,\N
54336614,22.66,\N
54336615,27.10,\N
54336616,25.02,\N
54336617,22.65,\N
54336618,22.87,\N
54336619,27.40,\N
54336620,29.18,\N
54336621,24.75,\N
54336622,20.30,\N
54336623,24.99,\N
54336624,21.16,\N
54336626,21.34,\N
54336625,25.81,\N
54336627,25.86,\N
54336628,24.36,\N
54336629,24.80,\N
54336631,27.31,\N
54336630,27.93,\N
54336632,25.16,\N
54336633,24.35,\N
54336634,21.80,\N
54336635,27.90,\N
54336636,22.60,\N
54336637,20.72,\N
54336638,23.65,\N
54336639,22.91,\N
54336640,25.53,\N
54336641,26.97,\N
54336642,25.76,\N
54336644,27.64,\N
54336643,23.98,\N
54336801,21.20,\N
54336802,24.12,\N
54336803,25.24,\N
54336804,23.38,\N
54336805,28.73,\N
54336806,25.73,\N
54336809,19.71,\N
54336810,26.11,\N
54336811,26.20,\N
54336812,20.17,\N
54336899,24.88,\N
54336900,23.08,\N
54336901,24.38,\N
54336902,27.84,\N
54336903,25.32,\N
54336904,26.73,\N
54336905,26.54,\N
54336906,26.80,\N
54336907,23.83,\N
54336908,24.19,\N
54336909,20.45,\N
54336911,24.63,\N
54336910,27.13,\N
54336913,22.15,\N
54336912,25.12,\N
54336914,24.84,\N
54336954,22.43,\N
54336955,21.46,\N
54336956,25.27,\N
54336957,26.66,\N
54336958,24.81,\N
54336959,25.44,\N
54336960,20.65,\N
54336961,27.88,\N
54336962,26.77,\N
54336964,24.55,\N
54336963,24.18,\N
54336966,26.51,\N
54336965,24.02,\N
54336967,25.78,\N
54337025,26.13,\N
54337026,24.36,\N
54337027,25.25,\N
54337031,24.83,\N
54337032,21.73,\N
54337033,23.95,\N
54337423,24.72,\N
54337424,21.79,\N
54337425,26.86,\N
54337572,26.15,\N
54337574,26.66,\N
54337575,28.73,\N
54337576,25.45,\N
54337577,26.15,\N
54337705,21.95,\N
54337706,22.68,\N
54337707,20.34,\N
54338282,20.53,\N
54339178,26.13,\N
54339179,25.95,\N
54339180,24.48,\N
54340315,21.32,\N
54357155,21.78,\N
54337703,24.74,\N
54337704,25.00,\N
54338280,26.20,\N
54338281,26.05,\N
54338283,20.66,\N
54338657,21.61,\N
54338661,28.67,\N
54338670,24.67,\N
54338671,27.75,\N
54338672,25.60,\N
54338673,25.59,\N
54338674,27.95,\N
54338675,25.44,\N
54338707,23.41,\N
54338708,22.78,\N
54338709,25.02,\N
54338710,27.49,\N
54338712,27.04,\N
54338711,27.02,\N
54338713,30.66,\N
54338714,25.68,\N
54338715,28.07,\N
54338716,22.61,\N
54338717,21.30,\N
54338826,28.99,\N
54338827,22.33,\N
54338828,27.15,\N
54338829,20.89,\N
54338830,22.66,\N
54338832,20.39,\N
54338833,24.55,\N
54338831,26.28,\N
54338887,26.43,\N
54338888,24.19,\N
54338889,21.09,\N
54338890,25.64,\N
54338891,24.06,\N
54338971,21.18,\N
54338972,25.79,\N
54338973,22.80,\N
54338974,23.38,\N
54338975,26.76,\N
54338976,22.86,\N
54338978,22.20,\N
54338977,22.38,\N
54339156,24.41,\N
54339170,25.09,\N
54339172,20.91,\N
54339173,21.69,\N
54339174,24.60,\N
54339175,25.35,\N
54339176,25.94,\N
54339183,24.92,\N
54339217,20.20,\N
54339968,23.61,\N
54339973,24.55,\N
54357453,30.65,\N
54339177,21.16,\N
54339182,24.94,\N
54339185,22.65,\N
54339184,24.40,\N
54339213,25.98,\N
54339214,23.29,\N
54339216,19.83,\N
54339215,21.96,\N
54339241,21.34,\N
54339242,25.22,\N
54339243,25.04,\N
54339244,23.55,\N
54339245,26.69,\N
54339246,24.44,\N
54339757,24.93,\N
54339758,20.63,\N
54339759,29.69,\N
54339760,24.47,\N
54339761,25.22,\N
54339762,26.45,\N
54339763,26.67,\N
54339764,27.05,\N
54339765,23.34,\N
54339871,27.22,\N
54339872,25.25,\N
54339873,26.19,\N
54339874,24.86,\N
54339875,25.91,\N
54339876,22.09,\N
54339877,24.86,\N
54339879,24.80,\N
54339878,24.00,\N
54339880,22.02,\N
54339881,25.35,\N
54339882,24.05,\N
54339963,26.02,\N
54339964,25.41,\N
54339965,22.16,\N
54339966,25.43,\N
54339967,24.40,\N
54339969,28.21,\N
54339970,24.45,\N
54339971,23.55,\N
54339972,27.45,\N
54339974,24.04,\N
54339975,24.27,\N
54339976,29.12,\N
54339977,24.95,\N
54340039,21.59,\N
54340040,25.78,\N
54340041,26.56,\N
54340046,21.00,\N
54340043,23.32,\N
54340042,24.99,\N
54340044,23.96,\N
54340045,29.49,\N
54340047,24.60,\N
54340048,26.46,\N
54340097,21.57,\N
54340098,29.65,\N
54340099,23.81,\N
54340100,29.08,\N
54340101,24.78,\N
54340102,20.98,\N
54340105,24.03,\N
54340103,20.30,\N
54340106,25.67,\N
54340104,23.34,\N
54340107,25.30,\N
54340108,22.92,\N
54340109,24.46,\N
54340152,26.45,\N
54340153,26.12,\N
54340154,23.71,\N
54340155,23.85,\N
54340156,24.75,\N
54340157,24.20,\N
54340158,24.46,\N
54340159,24.84,\N
54340255,22.75,\N
54340256,23.01,\N
54340257,20.68,\N
54340258,23.34,\N
54340259,22.26,\N
54340260,27.10,\N
54340261,28.31,\N
54340262,23.77,\N
54340263,25.09,\N
54340264,27.31,\N
54340265,27.30,\N
54340266,25.77,\N
54340267,27.12,\N
54340270,27.09,\N
54340268,27.50,\N
54340269,24.12,\N
54340271,21.41,\N
54340272,24.37,\N
54340273,27.84,\N
54340275,25.80,\N
54340274,28.43,\N
54340276,24.32,\N
54340277,23.66,\N
54340303,24.32,\N
54340304,23.87,\N
54340306,25.98,\N
54340305,27.79,\N
54340307,26.73,\N
54340308,27.55,\N
54340309,28.21,\N
54340310,22.67,\N
54340311,22.79,\N
54340313,25.23,\N
54340312,25.21,\N
54340314,23.85,\N
54340316,25.23,\N
54340318,26.61,\N
54340317,23.85,\N
54340319,27.73,\N
54340321,25.90,\N
54340322,28.76,\N
54340320,23.27,\N
54340388,24.50,\N
54340386,24.19,\N
54340387,27.16,\N
54340390,27.27,\N
54340389,27.73,\N
54340428,22.74,\N
54340429,23.58,\N
54340430,30.71,\N
54340431,25.34,\N
54340432,22.72,\N
54340434,25.25,\N
54340433,21.36,\N
54340435,26.11,\N
54340436,23.65,\N
54340437,25.39,\N
54340438,24.19,\N
54340440,20.87,\N
54340441,25.56,\N
54340442,24.03,\N
54340443,21.96,\N
54340444,25.92,\N
54340445,26.66,\N
54340446,21.23,\N
54340468,26.46,\N
54340469,20.99,\N
54340472,21.90,\N
54340471,23.53,\N
54340712,21.68,\N
54340778,24.22,\N
54340780,21.03,\N
54340802,19.65,\N
54341419,22.94,\N
54341445,21.83,\N
54341458,21.83,\N
54341465,22.35,\N
54341468,26.78,\N
54341521,22.33,\N
54342222,20.14,\N
54417773,24.98,\N
54340470,26.15,\N
54340473,26.22,\N
54340474,25.99,\N
54340710,24.07,\N
54340711,25.70,\N
54340713,24.96,\N
54340714,24.71,\N
54340779,25.29,\N
54340781,24.11,\N
54340798,27.02,\N
54340799,25.08,\N
54340800,21.48,\N
54340801,23.89,\N
54340958,25.07,\N
54341437,25.16,\N
54341438,27.74,\N
54341439,28.11,\N
54341441,21.70,\N
54341440,26.64,\N
54341442,27.23,\N
54341443,22.47,\N
54341444,25.76,\N
54341457,20.36,\N
54341459,26.33,\N
54341460,23.30,\N
54341461,25.92,\N
54341462,26.92,\N
54341463,24.72,\N
54341464,23.75,\N
54341466,25.20,\N
54341467,28.00,\N
54341469,25.25,\N
54341480,26.65,\N
54341482,25.51,\N
54341481,25.88,\N
54341483,27.45,\N
54341484,26.22,\N
54341485,20.80,\N
54341514,21.17,\N
54341513,23.97,\N
54341515,25.87,\N
54341516,25.31,\N
54341517,26.58,\N
54341518,26.86,\N
54341520,24.98,\N
54341519,25.63,\N
54341522,32.72,\N
54341524,26.19,\N
54341523,26.92,\N
54341525,24.10,\N
54341527,23.36,\N
54341526,25.31,\N
54341543,22.93,\N
54341544,25.51,\N
54341546,28.25,\N
54341545,27.07,\N
54341547,26.40,\N
54341548,25.47,\N
54341550,22.68,\N
54341549,25.00,\N
54341551,26.07,\N
54341552,27.72,\N
54341553,25.31,\N
54341555,27.96,\N
54341554,26.10,\N
54341556,26.13,\N
54341559,28.05,\N
54341558,24.01,\N
54341560,25.54,\N
54341562,21.26,\N
54341561,29.72,\N
54341590,27.55,\N
54341589,28.09,\N
54341591,29.11,\N
54341592,27.07,\N
54341594,26.71,\N
54341593,26.94,\N
54341596,23.51,\N
54341595,25.20,\N
54341597,22.14,\N
54341598,23.98,\N
54341631,22.48,\N
54341632,28.44,\N
54341633,26.38,\N
54341634,23.82,\N
54341635,21.07,\N
54341636,24.89,\N
54341643,25.79,\N
54341644,26.94,\N
54341645,25.36,\N
54341647,24.36,\N
54341650,24.00,\N
54341651,24.76,\N
54341663,27.45,\N
54341665,24.49,\N
54342181,23.19,\N
54342191,29.22,\N
54399496,29.23,\N
54341646,26.43,\N
54341648,26.91,\N
54342166,27.17,\N
54342167,26.54,\N
54342169,25.80,\N
54342168,27.05,\N
54342170,22.26,\N
54342171,27.47,\N
54342178,23.42,\N
54342177,27.98,\N
54342180,20.28,\N
54342179,23.74,\N
54342182,26.15,\N
54342224,25.60,\N
54342223,25.33,\N
54342225,21.80,\N
54342284,29.90,\N
54342285,22.70,\N
54342319,25.22,\N
54342501,24.05,\N
54342500,24.33,\N
54342515,25.91,\N
54342516,23.70,\N
54342517,26.72,\N
54342518,28.16,\N
54342519,26.86,\N
54342520,26.99,\N
54342523,22.59,\N
54342521,26.78,\N
54342527,24.06,\N
54342522,21.18,\N
54342524,26.01,\N
54342526,27.80,\N
54342525,25.80,\N
54342545,21.30,\N
54342547,24.55,\N
54342546,26.20,\N
54342548,25.66,\N
54342549,19.37,\N
54342550,23.67,\N
54342551,23.18,\N
54342552,21.99,\N
54342553,24.71,\N
54342554,25.34,\N
54342555,24.86,\N
54342556,19.95,\N
54342557,25.79,\N
54347676,24.15,\N
54347996,24.28,\N
54347997,20.09,\N
54349265,21.00,\N
54342558,26.69,\N
54342559,26.20,\N
54342584,25.53,\N
54342585,26.05,\N
54342586,23.88,\N
54342587,26.18,\N
54342596,23.81,\N
54342597,26.57,\N
54342612,20.82,\N
54342613,21.01,\N
54346214,19.17,\N
54346962,25.47,\N
54346963,28.09,\N
54347535,23.64,\N
54347536,24.95,\N
54347537,24.64,\N
54347539,23.99,\N
54347672,26.40,\N
54347673,26.03,\N
54347674,23.29,\N
54347675,23.70,\N
54347911,26.22,\N
54347912,27.51,\N
54347913,26.81,\N
54347914,26.31,\N
54347915,25.20,\N
54347916,24.39,\N
54347917,24.51,\N
54347920,25.36,\N
54347919,23.59,\N
54347918,24.94,\N
54347921,27.48,\N
54347922,25.02,\N
54347924,28.77,\N
54347923,26.07,\N
54347925,23.32,\N
54347926,22.77,\N
54347927,25.77,\N
54347928,24.47,\N
54347929,20.48,\N
54347977,29.14,\N
54347978,27.68,\N
54347979,27.84,\N
54347980,29.61,\N
54347981,25.97,\N
54347983,24.15,\N
54347982,23.03,\N
54347984,23.25,\N
54347985,22.58,\N
54347987,23.97,\N
54347988,28.56,\N
54347990,25.74,\N
54347986,24.15,\N
54347989,24.19,\N
54347991,21.06,\N
54347992,23.14,\N
54347993,27.13,\N
54347994,23.12,\N
54347995,26.10,\N
54347998,24.21,\N
54348271,21.09,\N
54349045,30.55,\N
54349046,26.22,\N
54349273,19.84,\N
54350417,25.55,\N
54350421,24.18,\N
54351253,20.72,\N
54351264,21.01,\N
54351346,23.04,\N
54352083,24.89,\N
54354279,21.93,\N
54349047,26.50,\N
54349048,23.00,\N
54349049,23.95,\N
54349050,26.28,\N
54349051,24.68,\N
54349052,23.51,\N
54349260,27.49,\N
54349261,25.01,\N
54349262,25.07,\N
54349263,25.08,\N
54349264,25.16,\N
54349266,21.84,\N
54349267,24.46,\N
54349268,29.44,\N
54349270,24.43,\N
54349271,28.12,\N
54349269,26.37,\N
54349272,24.87,\N
54350418,23.35,\N
54350419,27.02,\N
54350420,24.47,\N
54350422,28.58,\N
54350423,26.55,\N
54350424,22.86,\N
54350425,25.05,\N
54350426,26.80,\N
54350427,26.02,\N
54350428,24.70,\N
54350429,23.01,\N
54350430,21.52,\N
54350433,26.55,\N
54350434,22.57,\N
54350431,24.49,\N
54350432,25.18,\N
54350435,25.09,\N
54350436,27.91,\N
54350437,28.04,\N
54350894,22.30,\N
54350895,22.09,\N
54350899,22.41,\N
54350896,23.30,\N
54350898,24.82,\N
54350897,21.20,\N
54350903,22.13,\N
54350904,20.41,\N
54350902,26.18,\N
54350901,24.39,\N
54350905,24.01,\N
54351254,25.68,\N
54351255,25.69,\N
54351256,23.02,\N
54351260,26.01,\N
54351257,25.06,\N
54351258,20.59,\N
54351259,28.11,\N
54351261,24.01,\N
54351262,23.65,\N
54351263,26.66,\N
54351349,26.95,\N
54351350,22.77,\N
54351351,24.25,\N
54351720,25.26,\N
54351721,20.59,\N
54351723,22.25,\N
54351722,26.85,\N
54351827,23.91,\N
54351828,26.66,\N
54351829,24.85,\N
54351830,20.87,\N
54351831,20.79,\N
54351832,20.23,\N
54351833,26.08,\N
54351840,26.32,\N
54352078,23.31,\N
54352079,29.02,\N
54352080,24.46,\N
54352081,21.58,\N
54352082,24.11,\N
54352296,25.56,\N
54352295,25.28,\N
54352297,28.26,\N
54352298,27.22,\N
54352299,25.07,\N
54352300,21.32,\N
54352301,27.77,\N
54352302,26.26,\N
54352303,24.89,\N
54352304,27.61,\N
54352305,27.27,\N
54352553,27.62,\N
54352554,20.44,\N
54352555,24.31,\N
54352556,24.69,\N
54352557,24.14,\N
54352558,25.54,\N
54352559,25.57,\N
54352560,25.85,\N
54352561,21.42,\N
54352562,24.87,\N
54352563,24.08,\N
54352564,23.63,\N
54352565,25.24,\N
54352566,24.78,\N
54352567,23.12,\N
54352568,23.01,\N
54352569,23.79,\N
54352570,24.86,\N
54352572,20.62,\N
54352573,24.12,\N
54352571,23.15,\N
54352574,24.59,\N
54352928,24.05,\N
54352929,19.93,\N
54352930,29.09,\N
54352931,25.00,\N
54352932,26.26,\N
54352933,23.42,\N
54352934,24.40,\N
54352935,27.00,\N
54352936,25.24,\N
54352937,25.31,\N
54352938,23.96,\N
54352939,23.14,\N
54352940,20.42,\N
54352941,24.73,\N
54352942,26.94,\N
54352943,28.26,\N
54352944,28.82,\N
54352946,25.97,\N
54352945,25.51,\N
54352947,24.38,\N
54352948,24.27,\N
54353134,25.90,\N
54353135,23.02,\N
54353136,27.44,\N
54353137,26.25,\N
54353138,25.08,\N
54353140,24.50,\N
54353139,26.17,\N
54353141,25.98,\N
54353142,25.00,\N
54353143,25.23,\N
54353144,23.68,\N
54353145,23.80,\N
54353146,28.57,\N
54353147,25.99,\N
54353148,23.59,\N
54353149,25.68,\N
54353150,24.41,\N
54353460,20.82,\N
54353461,26.93,\N
54353611,27.21,\N
54353612,20.89,\N
54353614,25.15,\N
54353613,22.83,\N
54353615,24.89,\N
54353616,25.25,\N
54353618,23.25,\N
54353617,22.16,\N
54353619,21.52,\N
54353620,26.03,\N
54353621,25.60,\N
54353622,24.09,\N
54353683,21.00,\N
54353682,21.61,\N
54353681,22.05,\N
54354064,18.43,\N
54353986,23.95,\N
54354065,19.90,\N
54354083,20.79,\N
54354220,21.40,\N
54354351,21.56,\N
54354968,22.28,\N
54358578,23.12,\N
54399500,28.53,\N
54399501,31.39,\N
54399502,28.17,\N
54399505,29.52,\N
54353691,22.39,\N
54353690,25.06,\N
54353704,24.16,\N
54353705,22.64,\N
54353706,27.53,\N
54353707,24.62,\N
54354072,23.36,\N
54354075,26.78,\N
54354081,22.36,\N
54354082,25.41,\N
54354216,22.60,\N
54354217,23.09,\N
54354218,25.43,\N
54354219,24.53,\N
54354233,28.41,\N
54354232,23.95,\N
54354234,26.12,\N
54354235,26.49,\N
54354236,25.36,\N
54354273,25.67,\N
54354274,24.48,\N
54354276,26.71,\N
54354275,24.27,\N
54354278,27.68,\N
54354277,23.87,\N
54354280,26.91,\N
54354281,26.72,\N
54354282,23.61,\N
54354283,25.42,\N
54354300,20.97,\N
54354302,24.91,\N
54354301,24.05,\N
54354303,21.90,\N
54354304,24.07,\N
54354331,27.29,\N
54354352,21.85,\N
54354353,26.48,\N
54354354,23.62,\N
54354355,30.27,\N
54354356,25.35,\N
54354357,21.64,\N
54354358,28.26,\N
54354359,26.71,\N
54354360,26.05,\N
54354361,25.04,\N
54354362,19.97,\N
54354363,17.57,\N
54354395,23.39,\N
54354396,25.70,\N
54354397,27.29,\N
54354398,27.58,\N
54354399,27.98,\N
54354400,25.53,\N
54354401,26.22,\N
54354402,23.70,\N
54354403,25.62,\N
54354404,28.59,\N
54354405,24.43,\N
54354406,26.34,\N
54354407,26.55,\N
54354410,19.86,\N
54354411,20.41,\N
54354414,22.18,\N
54354415,24.92,\N
54354416,25.25,\N
54354417,24.39,\N
54354418,25.96,\N
54354420,27.54,\N
54354422,22.95,\N
54354506,21.63,\N
54354510,21.69,\N
54354508,21.74,\N
54354509,23.71,\N
54354520,25.41,\N
54354662,23.66,\N
54354666,24.89,\N
54354667,23.55,\N
54354671,23.75,\N
54355031,28.58,\N
54356983,20.27,\N
54357098,19.93,\N
54354408,27.67,\N
54354409,30.47,\N
54354412,26.26,\N
54354413,25.85,\N
54354419,27.68,\N
54354421,27.42,\N
54354423,27.04,\N
54354424,28.97,\N
54354502,27.63,\N
54354503,27.19,\N
54354504,26.95,\N
54354505,27.82,\N
54354507,26.16,\N
54354511,25.44,\N
54354512,23.68,\N
54354513,26.46,\N
54354514,24.01,\N
54354515,27.64,\N
54354517,29.98,\N
54354516,24.29,\N
54354518,26.91,\N
54354519,25.20,\N
54354521,24.80,\N
54354522,28.38,\N
54354523,29.08,\N
54354524,24.55,\N
54354525,26.08,\N
54354526,27.41,\N
54354657,25.35,\N
54354658,25.66,\N
54354659,23.68,\N
54354660,26.33,\N
54354661,21.72,\N
54354663,26.44,\N
54354664,24.75,\N
54354665,25.25,\N
54354672,20.89,\N
54354674,22.85,\N
54354675,24.66,\N
54354673,26.22,\N
54354676,28.01,\N
54354677,25.55,\N
54354678,20.77,\N
54354679,25.99,\N
54354680,24.85,\N
54354681,27.50,\N
54354734,26.39,\N
54354735,24.76,\N
54354736,25.11,\N
54354861,23.61,\N
54354860,24.88,\N
54354858,27.39,\N
54354859,20.32,\N
54354862,25.55,\N
54354863,23.86,\N
54354866,21.18,\N
54354865,22.74,\N
54354864,25.04,\N
54354867,16.33,\N
54354969,22.82,\N
54354972,25.32,\N
54354971,24.78,\N
54354970,24.80,\N
54354973,25.49,\N
54354974,25.23,\N
54354975,19.86,\N
54355030,20.75,\N
54355032,25.68,\N
54355033,23.94,\N
54355034,25.78,\N
54355035,26.88,\N
54355036,29.16,\N
54355037,26.63,\N
54355038,27.14,\N
54355039,26.39,\N
54355040,27.97,\N
54355041,26.66,\N
54355042,24.97,\N
54355043,23.10,\N
54356029,22.35,\N
54356030,20.95,\N
54356031,24.05,\N
54356032,25.01,\N
54356033,24.45,\N
54356034,28.91,\N
54356035,25.22,\N
54356037,27.75,\N
54356036,22.17,\N
54356038,26.84,\N
54356039,26.27,\N
54356041,26.04,\N
54356040,26.95,\N
54356042,28.60,\N
54356387,21.99,\N
54356388,26.96,\N
54356389,27.69,\N
54356390,23.60,\N
54356391,23.26,\N
54356392,25.79,\N
54356393,25.80,\N
54356832,23.76,\N
54356833,25.00,\N
54356835,23.27,\N
54356836,26.77,\N
54356837,24.70,\N
54356838,26.97,\N
54356839,19.99,\N
54356840,21.62,\N
54356841,23.97,\N
54356984,25.67,\N
54356985,27.52,\N
54356986,22.84,\N
54356987,22.33,\N
54356989,26.25,\N
54356988,27.63,\N
54356990,24.68,\N
54356991,21.01,\N
54356992,20.99,\N
54356993,24.57,\N
54356994,27.58,\N
54356995,27.16,\N
54356996,25.62,\N
54356997,23.19,\N
54356998,22.26,\N
54356999,27.89,\N
54357096,20.91,\N
54357097,27.39,\N
54357099,24.36,\N
54357100,25.22,\N
54357102,23.95,\N
54357104,26.20,\N
54357103,22.91,\N
54357105,23.01,\N
54357106,26.78,\N
54357107,24.08,\N
54357153,21.37,\N
54357154,19.32,\N
54357157,26.17,\N
54357158,23.95,\N
54357156,24.91,\N
54357207,23.68,\N
54357208,26.02,\N
54357209,25.32,\N
54357253,25.29,\N
54357250,25.61,\N
54357252,28.60,\N
54357251,23.54,\N
54357254,26.77,\N
54357255,27.04,\N
54357257,25.52,\N
54357256,23.00,\N
54357258,24.71,\N
54357259,22.97,\N
54357273,26.59,\N
54357275,21.67,\N
54357274,25.35,\N
54357276,25.57,\N
54357277,24.73,\N
54357343,18.98,\N
54357345,23.21,\N
54357347,18.62,\N
54357399,19.46,\N
54357464,22.75,\N
54357789,23.38,\N
54358377,28.37,\N
54358580,24.58,\N
54359926,25.47,\N
54435211,30.56,\N
54499712,31.99,\N
54357344,23.89,\N
54357375,21.51,\N
54357397,26.72,\N
54357400,24.19,\N
54357401,27.65,\N
54357433,24.24,\N
54357434,28.23,\N
54357454,26.84,\N
54357455,24.80,\N
54357456,27.78,\N
54357457,27.42,\N
54357458,26.17,\N
54357459,29.21,\N
54357460,25.68,\N
54357461,28.09,\N
54357462,23.93,\N
54357463,24.31,\N
54357465,25.71,\N
54357782,27.10,\N
54357784,24.66,\N
54357783,24.66,\N
54357785,22.74,\N
54357786,28.37,\N
54357788,26.44,\N
54357787,26.57,\N
54357972,27.44,\N
54357973,26.27,\N
54357974,24.61,\N
54357975,22.41,\N
54357977,20.00,\N
54357978,25.88,\N
54357976,26.03,\N
54357979,24.97,\N
54357980,27.29,\N
54357982,26.01,\N
54357983,24.65,\N
54357981,26.99,\N
54357984,24.51,\N
54357985,25.31,\N
54357986,27.39,\N
54358245,27.28,\N
54358246,23.36,\N
54358247,19.40,\N
54358248,25.41,\N
54358249,24.71,\N
54358250,24.92,\N
54358251,24.84,\N
54358252,22.41,\N
54358253,24.21,\N
54358375,23.72,\N
54358376,25.02,\N
54358378,24.61,\N
54358379,27.65,\N
54358380,21.97,\N
54358381,24.97,\N
54358382,23.48,\N
54358383,24.70,\N
54358384,25.99,\N
54358385,27.08,\N
54358386,21.44,\N
54358569,23.08,\N
54358570,23.72,\N
54358571,24.83,\N
54358572,27.88,\N
54358573,23.25,\N
54358575,29.73,\N
54358574,24.20,\N
54358576,26.28,\N
54358577,22.44,\N
54358579,24.18,\N
54358581,24.50,\N
54358583,21.76,\N
54358582,25.35,\N
54358760,24.66,\N
54358761,22.24,\N
54358764,20.57,\N
54358762,25.71,\N
54358763,21.41,\N
54358765,23.43,\N
54358766,25.79,\N
54358767,23.20,\N
54358768,25.97,\N
54358769,25.42,\N
54358770,24.92,\N
54358771,22.51,\N
54358773,25.34,\N
54358774,24.14,\N
54358775,25.99,\N
54358776,25.02,\N
54358778,24.46,\N
54358777,25.32,\N
54358779,26.84,\N
54358780,24.92,\N
54358781,28.50,\N
54358782,26.08,\N
54358783,24.06,\N
54358784,26.35,\N
54358910,25.12,\N
54358911,25.07,\N
54358912,23.67,\N
54358913,21.77,\N
54358914,19.61,\N
54359123,25.75,\N
54359125,24.71,\N
54359126,21.63,\N
54359128,23.31,\N
54359129,24.34,\N
54359130,25.57,\N
54359133,22.52,\N
54359252,24.98,\N
54359254,21.82,\N
54359256,21.34,\N
54359386,23.53,\N
54359389,21.85,\N
54359390,22.38,\N
54359403,21.90,\N
54359705,20.63,\N
54359834,23.39,\N
54373231,22.63,\N
54358909,25.15,\N
54359124,27.11,\N
54359127,24.52,\N
54359131,25.66,\N
54359132,23.97,\N
54359134,25.86,\N
54359135,27.06,\N
54359249,27.04,\N
54359250,25.53,\N
54359251,24.90,\N
54359253,23.45,\N
54359255,27.65,\N
54359257,28.35,\N
54359258,22.28,\N
54359259,26.17,\N
54359260,22.92,\N
54359261,25.37,\N
54359387,27.28,\N
54359388,23.67,\N
54359391,23.89,\N
54359392,26.62,\N
54359393,24.52,\N
54359394,23.26,\N
54359395,25.95,\N
54359396,24.95,\N
54359397,27.83,\N
54359398,27.55,\N
54359399,20.30,\N
54359400,26.46,\N
54359401,25.21,\N
54359402,23.40,\N
54359404,25.10,\N
54359405,26.03,\N
54359406,25.69,\N
54359408,25.61,\N
54359410,28.85,\N
54359407,23.56,\N
54359409,26.27,\N
54359412,27.55,\N
54359411,26.10,\N
54359706,23.93,\N
54359707,24.90,\N
54359708,25.37,\N
54359833,25.66,\N
54359835,22.96,\N
54359836,25.76,\N
54359837,24.86,\N
54359838,26.66,\N
54359841,20.16,\N
54359839,20.79,\N
54359840,27.96,\N
54359842,24.24,\N
54359843,26.08,\N
54359844,28.14,\N
54359845,27.29,\N
54359846,25.93,\N
54359860,23.73,\N
54359861,26.47,\N
54359863,24.65,\N
54359862,26.23,\N
54359864,24.17,\N
54359923,26.45,\N
54359924,28.63,\N
54359925,27.71,\N
54360001,20.99,\N
54360002,24.24,\N
54360085,23.65,\N
54360086,24.87,\N
54360087,28.23,\N
54360088,27.93,\N
54360089,25.77,\N
54360090,26.14,\N
54360091,23.70,\N
54360092,24.75,\N
54360093,24.03,\N
54360094,20.33,\N
54360095,26.07,\N
54360096,23.26,\N
54360097,28.71,\N
54360098,26.36,\N
54360099,27.02,\N
54360101,27.01,\N
54360100,27.56,\N
54360192,22.91,\N
54360194,22.75,\N
54360193,23.98,\N
54360195,24.54,\N
54360196,26.38,\N
54360197,21.61,\N
54360198,26.64,\N
54360199,28.17,\N
54360414,25.81,\N
54360724,26.45,\N
54360725,23.36,\N
54360726,22.96,\N
54360728,21.03,\N
54360727,24.21,\N
54360729,23.14,\N
54360730,24.11,\N
54360731,18.76,\N
54364489,20.74,\N
54373187,26.27,\N
54365454,25.29,\N
54366289,24.42,\N
54367465,28.66,\N
54367466,26.47,\N
54367468,30.06,\N
54367467,20.28,\N
54370593,24.86,\N
54370592,24.48,\N
54370594,25.20,\N
54370595,25.01,\N
54370596,26.16,\N
54370597,25.24,\N
54372216,27.57,\N
54372217,23.42,\N
54372940,25.98,\N
54372941,22.72,\N
54372942,29.93,\N
54372943,19.40,\N
54372945,25.18,\N
54372944,25.17,\N
54372946,22.06,\N
54372947,23.37,\N
54372948,26.48,\N
54372962,28.87,\N
54373073,24.10,\N
54373074,22.61,\N
54373075,25.75,\N
54373188,28.21,\N
54373189,28.49,\N
54373190,23.84,\N
54373191,29.70,\N
54373233,27.06,\N
54373232,18.26,\N
54373234,20.84,\N
54373235,26.89,\N
54373237,23.70,\N
54373236,21.37,\N
54373330,20.86,\N
54373331,23.57,\N
54373332,22.95,\N
54373333,19.87,\N
54373334,26.01,\N
54373335,30.08,\N
54373336,21.50,\N
54373337,25.74,\N
54373339,24.66,\N
54373441,20.45,\N
54373442,26.24,\N
54373543,22.81,\N
54376494,22.53,\N
54373436,26.13,\N
54373437,25.65,\N
54373438,25.53,\N
54373439,23.52,\N
54373440,23.07,\N
54373541,23.45,\N
54373544,23.66,\N
54373545,21.80,\N
54373546,23.00,\N
54373547,23.62,\N
54373548,22.75,\N
54373549,24.83,\N
54373550,25.09,\N
54373551,27.49,\N
54373581,21.92,\N
54373582,23.41,\N
54373583,24.44,\N
54373584,24.00,\N
54373585,23.72,\N
54373586,21.92,\N
54373587,22.80,\N
54373588,23.94,\N
54373589,23.66,\N
54373707,25.39,\N
54373708,25.54,\N
54373709,24.90,\N
54373710,24.57,\N
54373711,25.04,\N
54373712,25.87,\N
54373713,20.90,\N
54373714,23.37,\N
54373715,24.18,\N
54373716,24.98,\N
54373748,22.42,\N
54373749,24.93,\N
54373750,23.84,\N
54373751,24.01,\N
54373753,26.82,\N
54373752,25.41,\N
54373912,24.97,\N
54373913,26.58,\N
54373914,24.35,\N
54373915,17.88,\N
54373916,22.98,\N
54373917,23.37,\N
54373918,22.40,\N
54373919,25.17,\N
54373920,24.76,\N
54373921,24.69,\N
54373922,20.59,\N
54373923,25.29,\N
54373924,25.04,\N
54373925,23.48,\N
54373926,29.09,\N
54373927,20.99,\N
54373929,29.98,\N
54373928,28.32,\N
54373930,27.11,\N
54373931,25.03,\N
54373932,30.00,\N
54373933,19.73,\N
54373934,25.84,\N
54373935,28.38,\N
54374047,24.52,\N
54374048,23.89,\N
54374049,26.35,\N
54374050,24.11,\N
54374051,25.18,\N
54374052,24.57,\N
54374053,24.11,\N
54374054,24.30,\N
54374055,22.38,\N
54374153,24.14,\N
54374154,22.27,\N
54374155,23.69,\N
54374156,21.44,\N
54374158,25.44,\N
54374159,20.02,\N
54374160,26.79,\N
54374161,25.36,\N
54374163,25.10,\N
54374207,26.83,\N
54374209,26.28,\N
54374208,21.90,\N
54374210,22.96,\N
54374211,24.23,\N
54374213,24.70,\N
54374212,19.61,\N
54374339,24.19,\N
54374340,22.43,\N
54374363,19.44,\N
54374364,27.31,\N
54374405,22.72,\N
54374406,22.59,\N
54374409,19.57,\N
54374407,27.05,\N
54374408,23.84,\N
54374410,26.11,\N
54374411,24.12,\N
54374412,24.67,\N
54374470,24.90,\N
54374452,22.35,\N
54374453,22.99,\N
54374472,20.19,\N
54374471,25.19,\N
54374882,20.07,\N
54375202,22.25,\N
54435209,30.78,\N
54374676,23.65,\N
54374712,23.73,\N
54374713,24.15,\N
54374714,24.63,\N
54374716,19.36,\N
54374718,21.26,\N
54374717,23.26,\N
54374715,19.85,\N
54374719,27.16,\N
54374773,24.61,\N
54374771,23.26,\N
54374772,28.65,\N
54374775,26.16,\N
54374774,24.53,\N
54374822,23.96,\N
54374824,23.72,\N
54374823,23.04,\N
54374825,25.18,\N
54374826,23.89,\N
54374881,27.15,\N
54374827,24.56,\N
54374828,23.97,\N
54375074,21.84,\N
54375075,23.88,\N
54375083,26.35,\N
54375120,22.30,\N
54375121,22.89,\N
54375123,25.02,\N
54375122,27.16,\N
54375124,22.70,\N
54375138,23.10,\N
54375139,23.28,\N
54375140,24.64,\N
54375141,25.04,\N
54375203,22.44,\N
54375200,25.10,\N
54375201,21.43,\N
54375204,22.26,\N
54375206,21.98,\N
54375207,25.79,\N
54375415,20.91,\N
54375768,20.99,\N
54376493,21.25,\N
54375205,26.45,\N
54375468,20.97,\N
54375410,23.07,\N
54375408,24.25,\N
54375409,24.47,\N
54375411,19.46,\N
54375413,20.48,\N
54375412,25.58,\N
54375416,22.49,\N
54375474,21.85,\N
54375585,24.40,\N
54375584,25.25,\N
54375649,26.09,\N
54375651,24.75,\N
54375652,25.37,\N
54375653,27.38,\N
54375656,26.35,\N
54375696,21.71,\N
54375697,20.54,\N
54375698,23.86,\N
54375699,24.85,\N
54375702,27.17,\N
54375703,24.87,\N
54375766,21.09,\N
54375704,26.12,\N
54375705,23.48,\N
54375769,26.45,\N
54375846,19.96,\N
54375770,21.10,\N
54375771,25.41,\N
54375772,22.27,\N
54375896,21.09,\N
54375848,20.09,\N
54375850,24.40,\N
54375849,21.21,\N
54375851,23.36,\N
54375897,22.99,\N
54375898,27.23,\N
54375899,24.77,\N
54375900,23.47,\N
54376018,25.08,\N
54376019,22.74,\N
54376020,27.82,\N
54376021,25.95,\N
54376022,19.40,\N
54376023,24.51,\N
54376024,25.80,\N
54376260,23.86,\N
54376261,20.51,\N
54376262,22.56,\N
54376263,22.77,\N
54376264,23.23,\N
54376265,25.45,\N
54376266,27.77,\N
54376436,23.93,\N
54376437,25.27,\N
54376458,24.20,\N
54376459,26.37,\N
54376460,21.03,\N
54376461,24.20,\N
54376462,23.81,\N
54376463,21.12,\N
54376464,25.20,\N
54376484,21.02,\N
54376485,24.16,\N
54376486,23.22,\N
54376545,19.66,\N
54376546,24.73,\N
54376555,20.37,\N
54376554,20.73,\N
54376646,22.11,\N
54376881,21.11,\N
54376883,21.15,\N
54376991,23.68,\N
54377562,19.95,\N
54377569,25.17,\N
54381326,20.98,\N
54388743,21.14,\N
54376556,25.71,\N
54376648,24.55,\N
54376673,24.90,\N
54376672,22.94,\N
54376675,22.56,\N
54376676,24.49,\N
54376678,21.57,\N
54376677,21.75,\N
54376679,21.15,\N
54376833,22.32,\N
54376834,23.98,\N
54376835,25.07,\N
54376874,25.85,\N
54376875,23.03,\N
54376876,25.01,\N
54376882,24.52,\N
54376884,26.59,\N
54376887,27.08,\N
54376886,27.15,\N
54376885,24.36,\N
54376893,25.91,\N
54376897,22.44,\N
54376898,29.12,\N
54376899,25.33,\N
54376900,26.39,\N
54376902,22.18,\N
54376901,25.36,\N
54376903,27.68,\N
54376904,23.19,\N
54376905,25.47,\N
54376929,23.25,\N
54376930,23.63,\N
54376937,26.28,\N
54376938,25.52,\N
54377838,21.86,\N
54376983,23.94,\N
54376984,20.78,\N
54376985,24.73,\N
54376988,26.73,\N
54376987,27.38,\N
54376990,27.32,\N
54376989,23.38,\N
54376992,23.70,\N
54377188,26.83,\N
54377190,26.96,\N
54377191,23.43,\N
54377193,25.77,\N
54377192,29.31,\N
54377378,23.04,\N
54377379,25.29,\N
54377380,25.11,\N
54377381,24.46,\N
54377382,25.97,\N
54377383,22.46,\N
54377384,28.61,\N
54377385,26.91,\N
54377386,21.62,\N
54377387,28.95,\N
54377388,25.22,\N
54377389,27.25,\N
54377391,25.23,\N
54377390,23.95,\N
54377392,23.44,\N
54377393,25.93,\N
54377394,23.28,\N
54377395,22.23,\N
54377396,21.16,\N
54377397,25.52,\N
54377398,24.27,\N
54377399,22.79,\N
54377561,24.35,\N
54377563,27.26,\N
54377564,28.62,\N
54377565,25.20,\N
54377566,26.16,\N
54377567,24.06,\N
54377571,23.95,\N
54377568,20.45,\N
54377570,22.85,\N
54377572,24.14,\N
54377573,23.38,\N
54377574,26.25,\N
54377575,26.10,\N
54377576,26.88,\N
54377835,27.77,\N
54377836,26.75,\N
54377837,24.91,\N
54377839,23.89,\N
54377840,24.62,\N
54377841,22.84,\N
54377842,24.55,\N
54377843,25.11,\N
54377844,25.95,\N
54377845,25.15,\N
54377846,24.72,\N
54377847,20.97,\N
54377955,21.67,\N
54377956,27.57,\N
54377957,25.24,\N
54377958,24.37,\N
54377959,23.85,\N
54377960,21.64,\N
54377961,24.34,\N
54377962,24.81,\N
54377963,23.89,\N
54377964,25.24,\N
54377965,23.08,\N
54377966,24.84,\N
54377967,20.78,\N
54377968,20.00,\N
54377969,23.00,\N
54377970,23.44,\N
54377971,22.68,\N
54377972,20.03,\N
54378331,23.95,\N
54378332,24.98,\N
54378333,24.27,\N
54378334,26.58,\N
54378335,22.73,\N
54378336,24.64,\N
54378337,23.32,\N
54378338,19.36,\N
54378339,25.63,\N
54378340,25.83,\N
54378341,24.31,\N
54378343,21.68,\N
54378344,24.55,\N
54378345,27.10,\N
54378346,27.53,\N
54378347,26.91,\N
54378522,24.51,\N
54378523,26.89,\N
54378525,24.75,\N
54378527,21.19,\N
54378526,26.11,\N
54378524,23.06,\N
54378528,22.52,\N
54378864,22.88,\N
54378773,18.27,\N
54378775,23.22,\N
54378774,23.65,\N
54378776,23.57,\N
54378777,24.86,\N
54378778,21.44,\N
54378779,23.22,\N
54378870,20.06,\N
54378880,20.71,\N
54378882,22.80,\N
54378881,23.44,\N
54378883,24.30,\N
54378891,21.19,\N
54379042,22.09,\N
54379678,22.87,\N
54379680,24.68,\N
54379681,23.14,\N
54379766,24.00,\N
54379769,21.75,\N
54379772,21.55,\N
54380190,21.88,\N
54380202,20.66,\N
54380203,22.65,\N
54380577,22.39,\N
54380885,23.27,\N
54381334,21.99,\N
54381686,19.76,\N
54385234,23.20,\N
54387151,22.50,\N
54418647,19.57,\N
54379679,25.14,\N
54379768,23.42,\N
54379770,26.84,\N
54379771,23.28,\N
54379925,23.72,\N
54379926,27.34,\N
54379928,25.52,\N
54379927,24.67,\N
54379929,25.92,\N
54379930,28.45,\N
54379931,27.42,\N
54380191,23.08,\N
54380192,24.28,\N
54380193,24.33,\N
54380194,32.32,\N
54380195,25.22,\N
54380196,25.71,\N
54380197,22.86,\N
54380199,25.36,\N
54380198,27.30,\N
54380200,24.78,\N
54380201,23.52,\N
54380204,25.46,\N
54380205,26.69,\N
54380206,28.77,\N
54380207,23.27,\N
54380208,23.32,\N
54380210,25.86,\N
54380209,22.91,\N
54380211,26.61,\N
54380570,25.17,\N
54380569,26.07,\N
54380571,27.16,\N
54380572,24.45,\N
54380573,24.19,\N
54380574,24.02,\N
54380575,26.48,\N
54380576,26.06,\N
54380578,25.53,\N
54380881,30.25,\N
54380882,25.27,\N
54380883,24.14,\N
54380884,25.55,\N
54380886,21.93,\N
54380887,23.25,\N
54380888,23.64,\N
54380889,24.11,\N
54380890,22.56,\N
54380891,23.96,\N
54380892,20.42,\N
54380893,22.11,\N
54380894,27.77,\N
54380896,27.19,\N
54380895,28.43,\N
54380897,25.05,\N
54380898,24.03,\N
54380899,25.45,\N
54381314,22.64,\N
54381315,23.18,\N
54381316,23.36,\N
54381317,27.33,\N
54381318,28.30,\N
54381319,27.14,\N
54381320,26.21,\N
54381321,22.59,\N
54381322,24.93,\N
54381323,24.88,\N
54381324,26.32,\N
54381325,21.02,\N
54381327,24.82,\N
54381328,21.77,\N
54381329,21.87,\N
54381332,25.18,\N
54381331,25.23,\N
54381333,21.97,\N
54381337,25.09,\N
54381335,22.41,\N
54381338,26.62,\N
54381336,24.46,\N
54381340,23.18,\N
54381339,25.70,\N
54381341,24.68,\N
54381342,23.13,\N
54381343,26.59,\N
54381344,24.09,\N
54382061,26.83,\N
54381665,25.26,\N
54381666,24.55,\N
54381667,24.59,\N
54381671,25.89,\N
54381670,27.48,\N
54381672,25.45,\N
54381673,21.79,\N
54381674,22.26,\N
54381675,24.34,\N
54381679,27.27,\N
54381676,23.75,\N
54381677,21.47,\N
54381678,25.36,\N
54381680,23.37,\N
54381681,29.10,\N
54381682,26.46,\N
54381683,24.33,\N
54381684,21.11,\N
54381685,24.06,\N
54382075,28.76,\N
54382076,20.07,\N
54382078,25.44,\N
54382077,21.66,\N
54382080,24.70,\N
54382079,26.26,\N
54382081,20.95,\N
54382082,23.02,\N
54382083,24.21,\N
54382084,24.19,\N
54382085,24.36,\N
54382086,25.67,\N
54382087,25.69,\N
54382558,26.74,\N
54382559,21.88,\N
54382561,25.78,\N
54382560,26.98,\N
54382562,27.21,\N
54382563,23.17,\N
54382564,24.89,\N
54382565,24.34,\N
54382566,25.13,\N
54382567,24.95,\N
54382568,23.51,\N
54382569,25.54,\N
54382570,23.91,\N
54382890,25.61,\N
54382891,24.30,\N
54382892,21.88,\N
54382893,20.57,\N
54382895,21.53,\N
54382896,21.41,\N
54382894,23.77,\N
54382897,25.98,\N
54382900,25.68,\N
54382898,25.76,\N
54382899,23.71,\N
54382901,20.78,\N
54382902,23.28,\N
54382903,23.49,\N
54382904,22.63,\N
54382905,28.17,\N
54382906,25.88,\N
54382907,25.47,\N
54382908,25.75,\N
54382909,26.03,\N
54382910,22.52,\N
54382911,25.07,\N
54382912,22.79,\N
54382913,24.89,\N
54382914,22.04,\N
54383280,25.14,\N
54383281,26.88,\N
54383282,28.80,\N
54383283,21.92,\N
54383284,22.06,\N
54383286,25.61,\N
54383285,25.35,\N
54383288,24.46,\N
54383287,22.00,\N
54383289,26.29,\N
54383291,20.10,\N
54383290,21.40,\N
54383293,23.38,\N
54383294,24.39,\N
54383292,24.64,\N
54383295,25.36,\N
54383296,27.48,\N
54383297,25.48,\N
54383298,26.55,\N
54383299,26.15,\N
54383300,22.17,\N
54383301,26.20,\N
54383302,23.65,\N
54383303,23.28,\N
54383304,24.28,\N
54383305,23.53,\N
54383306,25.26,\N
54383793,22.94,\N
54383794,26.65,\N
54383795,25.31,\N
54383796,24.46,\N
54383800,25.37,\N
54383797,25.96,\N
54383799,24.73,\N
54383801,26.89,\N
54383802,25.88,\N
54383803,24.14,\N
54383804,19.83,\N
54383805,25.02,\N
54383806,24.91,\N
54383808,25.26,\N
54383810,22.52,\N
54383811,22.19,\N
54383809,27.98,\N
54384197,23.59,\N
54384198,24.42,\N
54384200,25.93,\N
54384201,22.56,\N
54384203,25.65,\N
54384202,26.51,\N
54384205,22.18,\N
54384204,21.21,\N
54384206,21.39,\N
54384207,20.29,\N
54384209,28.89,\N
54384208,25.71,\N
54384210,27.86,\N
54384211,26.18,\N
54384219,21.77,\N
54384220,23.22,\N
54384221,21.31,\N
54384223,24.12,\N
54384225,21.92,\N
54384754,25.14,\N
54384753,21.37,\N
54384755,24.97,\N
54384757,25.45,\N
54384761,22.65,\N
54384762,20.29,\N
54384763,22.81,\N
54384766,23.70,\N
54385233,26.12,\N
54385232,24.55,\N
54385237,24.04,\N
54385239,22.37,\N
54386474,24.81,\N
54386476,27.52,\N
54386824,24.30,\N
54386833,24.39,\N
54387136,23.00,\N
54387384,23.68,\N
54388338,24.41,\N
54390628,22.50,\N
54392936,22.64,\N
54427457,29.66,\N
54427937,20.81,\N
54505033,22.25,\N
54383798,26.89,\N
54383807,26.98,\N
54384199,25.23,\N
54384212,23.14,\N
54384213,25.80,\N
54384214,25.74,\N
54384215,26.60,\N
54384216,27.52,\N
54384217,24.23,\N
54384218,23.79,\N
54384222,20.81,\N
54384224,26.49,\N
54384226,22.88,\N
54384227,26.69,\N
54384228,25.03,\N
54384750,26.11,\N
54384751,24.24,\N
54384752,24.86,\N
54384756,26.97,\N
54384758,26.54,\N
54384759,25.19,\N
54384760,25.87,\N
54384764,25.69,\N
54384765,28.26,\N
54384767,23.79,\N
54385236,25.55,\N
54385235,23.76,\N
54385238,29.32,\N
54385240,24.83,\N
54385241,20.77,\N
54385243,26.34,\N
54385242,26.40,\N
54385245,25.08,\N
54385244,24.52,\N
54385246,25.79,\N
54385247,24.13,\N
54385248,24.02,\N
54385250,23.10,\N
54385249,27.37,\N
54385251,21.00,\N
54385252,22.75,\N
54385253,27.63,\N
54385254,29.30,\N
54385784,25.76,\N
54386467,22.65,\N
54385785,28.23,\N
54385786,25.97,\N
54385787,27.05,\N
54385788,26.14,\N
54385789,25.21,\N
54385790,27.10,\N
54385791,23.79,\N
54385792,25.01,\N
54385794,26.18,\N
54385793,28.82,\N
54385795,23.61,\N
54385796,27.32,\N
54385797,26.95,\N
54385798,26.78,\N
54385799,25.70,\N
54385800,24.54,\N
54385801,20.47,\N
54385803,24.79,\N
54385806,23.68,\N
54385807,25.87,\N
54385804,23.02,\N
54385805,26.71,\N
54385808,24.35,\N
54385809,20.87,\N
54385810,26.64,\N
54385811,21.71,\N
54386475,23.97,\N
54386477,26.94,\N
54386478,23.95,\N
54386479,27.28,\N
54386826,26.05,\N
54386825,24.22,\N
54386827,26.98,\N
54386828,27.49,\N
54386829,24.41,\N
54386830,25.32,\N
54386831,24.90,\N
54386832,26.74,\N
54386834,25.64,\N
54386835,26.98,\N
54386836,27.52,\N
54386837,25.73,\N
54387027,26.44,\N
54387028,27.09,\N
54387029,23.37,\N
54387030,27.33,\N
54387031,25.14,\N
54387032,22.35,\N
54387137,23.92,\N
54387138,24.19,\N
54387139,20.56,\N
54387140,28.79,\N
54387141,26.36,\N
54387142,24.95,\N
54387143,25.87,\N
54387144,25.60,\N
54387145,25.00,\N
54387146,28.68,\N
54387147,28.26,\N
54387148,23.61,\N
54387149,27.38,\N
54387150,25.38,\N
54387152,27.67,\N
54387153,26.90,\N
54387154,26.08,\N
54387155,24.89,\N
54387375,21.50,\N
54387374,26.31,\N
54387376,25.01,\N
54387378,21.31,\N
54387377,22.75,\N
54387379,19.69,\N
54387380,25.64,\N
54387381,26.65,\N
54387382,28.04,\N
54387383,26.99,\N
54387385,25.68,\N
54387386,25.41,\N
54387388,24.89,\N
54387387,22.13,\N
54387389,24.35,\N
54387390,26.60,\N
54388335,24.01,\N
54388336,26.34,\N
54388337,23.45,\N
54388339,21.02,\N
54389193,26.22,\N
54389194,23.65,\N
54389195,31.61,\N
54389196,23.92,\N
54389197,20.64,\N
54389198,24.53,\N
54389199,21.66,\N
54389201,24.83,\N
54389203,21.36,\N
54389204,22.22,\N
54389206,22.85,\N
54389207,28.93,\N
54389208,21.72,\N
54389362,24.94,\N
54389363,22.93,\N
54390603,24.40,\N
54390657,28.02,\N
54392052,23.78,\N
54392060,26.73,\N
54393143,18.95,\N
54395887,20.27,\N
54397155,25.70,\N
54421382,19.46,\N
54390614,27.92,\N
54390615,26.81,\N
54390629,26.49,\N
54390630,27.10,\N
54390631,26.93,\N
54390658,22.77,\N
54390659,28.19,\N
54390660,26.91,\N
54390661,25.22,\N
54390663,27.10,\N
54390662,24.53,\N
54390664,24.20,\N
54390665,24.74,\N
54390666,26.26,\N
54390821,25.70,\N
54390820,26.12,\N
54390824,27.16,\N
54390823,24.07,\N
54390822,28.02,\N
54390826,25.03,\N
54390825,27.28,\N
54390827,29.66,\N
54390828,29.15,\N
54390829,24.19,\N
54391005,26.54,\N
54391006,29.30,\N
54391007,26.90,\N
54391008,27.12,\N
54391009,24.70,\N
54391010,25.13,\N
54391013,25.16,\N
54391012,24.93,\N
54391011,25.23,\N
54391014,23.86,\N
54391015,23.12,\N
54391016,25.87,\N
54391017,24.32,\N
54391018,24.48,\N
54391019,24.68,\N
54391020,23.37,\N
54391021,29.84,\N
54391022,24.14,\N
54391023,21.95,\N
54391024,25.73,\N
54391025,23.11,\N
54391028,24.64,\N
54391026,25.12,\N
54391027,26.41,\N
54391029,22.09,\N
54391030,23.64,\N
54391031,23.85,\N
54391032,24.59,\N
54391033,24.75,\N
54391034,25.03,\N
54391037,25.45,\N
54391036,19.73,\N
54391035,27.50,\N
54391039,25.98,\N
54391038,25.31,\N
54391040,24.25,\N
54391041,26.22,\N
54391042,28.10,\N
54391043,26.55,\N
54391044,19.45,\N
54392051,23.94,\N
54392053,26.29,\N
54392054,25.46,\N
54392055,23.33,\N
54392056,25.89,\N
54392057,25.23,\N
54392058,22.95,\N
54392059,26.59,\N
54392061,23.08,\N
54392062,23.75,\N
54392063,25.64,\N
54392066,25.43,\N
54392067,26.94,\N
54392068,27.51,\N
54392069,27.80,\N
54392070,25.59,\N
54392071,24.25,\N
54392072,20.32,\N
54392076,19.42,\N
54392073,27.76,\N
54392075,26.49,\N
54392205,27.59,\N
54392206,26.86,\N
54392207,21.53,\N
54392209,27.22,\N
54392208,21.35,\N
54392210,26.79,\N
54392211,21.93,\N
54392414,27.03,\N
54392415,29.37,\N
54392416,28.71,\N
54392417,20.05,\N
54392418,25.20,\N
54392419,25.82,\N
54392420,27.54,\N
54392421,21.28,\N
54392422,25.76,\N
54392423,25.63,\N
54392425,25.37,\N
54392426,25.62,\N
54392427,24.55,\N
54392428,24.73,\N
54392429,23.27,\N
54392430,26.54,\N
54392431,22.40,\N
54392432,26.73,\N
54392433,23.93,\N
54392434,23.76,\N
54392634,23.48,\N
54392635,27.99,\N
54392636,22.07,\N
54392637,27.79,\N
54392638,25.60,\N
54392643,26.64,\N
54392644,26.91,\N
54392645,23.74,\N
54392646,24.97,\N
54392647,26.42,\N
54392648,24.06,\N
54392649,23.52,\N
54392650,19.98,\N
54392651,23.88,\N
54392652,22.98,\N
54392653,29.16,\N
54392654,20.32,\N
54392655,26.43,\N
54392656,24.85,\N
54392657,25.55,\N
54392658,26.89,\N
54392659,29.21,\N
54392660,22.34,\N
54392661,23.33,\N
54392926,22.88,\N
54392927,23.11,\N
54392928,23.84,\N
54392929,25.58,\N
54392930,22.44,\N
54392931,25.32,\N
54392932,24.16,\N
54392937,21.46,\N
54392938,23.30,\N
54392939,28.11,\N
54392940,26.06,\N
54392941,26.89,\N
54392942,28.10,\N
54392943,26.42,\N
54392944,27.41,\N
54392945,22.33,\N
54392946,25.16,\N
54393137,26.63,\N
54393138,26.42,\N
54393139,26.26,\N
54393140,21.30,\N
54393142,26.55,\N
54393141,25.98,\N
54393144,26.66,\N
54393145,26.64,\N
54393146,21.56,\N
54393147,24.21,\N
54393148,23.31,\N
54393149,24.75,\N
54393150,24.00,\N
54393151,22.82,\N
54393152,24.96,\N
54393153,24.89,\N
54393154,24.17,\N
54393156,22.73,\N
54393157,27.51,\N
54393158,22.31,\N
54393161,23.24,\N
54393160,24.38,\N
54393159,23.07,\N
54393417,23.99,\N
54393416,25.63,\N
54393415,28.72,\N
54393419,21.36,\N
54393420,25.97,\N
54393418,26.67,\N
54393421,25.77,\N
54393693,25.80,\N
54393695,23.69,\N
54393694,23.62,\N
54393696,25.83,\N
54393697,26.66,\N
54393698,25.89,\N
54393977,23.05,\N
54393978,26.83,\N
54393979,27.39,\N
54393980,24.30,\N
54393982,26.00,\N
54393981,25.88,\N
54393983,28.04,\N
54393984,25.51,\N
54393985,28.10,\N
54393986,29.16,\N
54393987,23.36,\N
54393988,28.20,\N
54393989,23.76,\N
54393995,23.70,\N
54393994,29.78,\N
54393996,21.27,\N
54393997,26.00,\N
54393998,27.91,\N
54393999,21.87,\N
54394000,29.67,\N
54394001,23.18,\N
54394002,25.43,\N
54394003,25.51,\N
54394005,26.47,\N
54395020,24.05,\N
54395021,25.52,\N
54395023,22.80,\N
54395026,22.61,\N
54395879,23.95,\N
54395882,25.92,\N
54395884,28.59,\N
54395886,21.32,\N
54395888,21.57,\N
54395889,21.92,\N
54395891,22.82,\N
54395894,24.64,\N
54395904,28.73,\N
54395905,22.72,\N
54395906,25.45,\N
54396403,23.21,\N
54396404,25.62,\N
54396407,24.60,\N
54396409,22.39,\N
54397134,26.40,\N
54398132,21.52,\N
54399086,23.28,\N
54399490,29.63,\N
54401955,19.41,\N
54401958,19.76,\N
54402641,24.20,\N
54406494,23.82,\N
54408325,22.46,\N
54417775,29.37,\N
54394004,30.06,\N
54395022,27.47,\N
54395024,28.88,\N
54395025,27.89,\N
54395028,26.57,\N
54395029,26.13,\N
54395027,26.31,\N
54395030,26.14,\N
54395031,28.10,\N
54395877,22.91,\N
54395878,26.08,\N
54395880,25.01,\N
54395881,27.89,\N
54395883,23.28,\N
54395885,24.43,\N
54395890,25.84,\N
54395892,21.79,\N
54395893,23.41,\N
54395895,23.78,\N
54395896,27.97,\N
54395897,24.86,\N
54395898,29.96,\N
54395899,27.25,\N
54395900,24.54,\N
54395902,27.53,\N
54395901,27.08,\N
54395903,26.11,\N
54395907,21.99,\N
54395909,24.73,\N
54395908,25.00,\N
54395910,21.73,\N
54396392,20.94,\N
54396393,26.47,\N
54396394,24.67,\N
54396395,23.77,\N
54396396,26.37,\N
54396397,27.44,\N
54396398,26.61,\N
54396399,26.88,\N
54396400,26.01,\N
54396401,27.16,\N
54396402,22.81,\N
54396405,26.97,\N
54396406,25.94,\N
54396408,26.77,\N
54396410,24.93,\N
54397126,24.36,\N
54397127,21.88,\N
54397128,24.31,\N
54397129,25.15,\N
54397130,26.84,\N
54397131,25.34,\N
54397132,26.69,\N
54397133,24.54,\N
54397136,26.42,\N
54397135,27.02,\N
54397137,22.86,\N
54397139,23.39,\N
54397140,29.50,\N
54397141,22.88,\N
54397142,26.88,\N
54397143,20.32,\N
54397144,25.14,\N
54397145,21.68,\N
54397146,19.42,\N
54397147,28.58,\N
54397148,27.24,\N
54397150,26.33,\N
54397149,24.47,\N
54397151,27.19,\N
54397152,29.21,\N
54397153,26.65,\N
54397154,25.02,\N
54397156,24.31,\N
54397157,25.78,\N
54397454,25.02,\N
54397455,26.27,\N
54397456,24.16,\N
54397457,22.62,\N
54397458,20.82,\N
54397460,26.87,\N
54397461,26.42,\N
54397464,26.33,\N
54397462,24.10,\N
54397459,24.89,\N
54397465,28.02,\N
54397463,21.69,\N
54397466,21.49,\N
54397467,26.45,\N
54397468,26.22,\N
54397469,23.60,\N
54397470,26.58,\N
54397471,23.57,\N
54397472,26.35,\N
54397474,24.74,\N
54397475,22.85,\N
54397476,25.83,\N
54397477,26.27,\N
54397478,28.09,\N
54398121,20.81,\N
54398122,24.95,\N
54398123,22.14,\N
54398124,25.20,\N
54398125,21.45,\N
54398126,21.76,\N
54398127,26.96,\N
54398128,27.63,\N
54398129,25.89,\N
54398131,21.35,\N
54398130,20.68,\N
54398133,27.58,\N
54398134,25.00,\N
54398527,25.59,\N
54398529,25.39,\N
54398528,26.48,\N
54398530,27.21,\N
54398531,25.13,\N
54398533,26.89,\N
54398532,26.44,\N
54399079,23.95,\N
54399080,25.18,\N
54399081,23.24,\N
54399082,24.08,\N
54399083,28.29,\N
54399084,18.95,\N
54399085,25.18,\N
54399087,26.49,\N
54399088,22.70,\N
54399089,23.41,\N
54399090,23.56,\N
54399091,27.41,\N
54399487,25.96,\N
54399488,26.79,\N
54399489,25.00,\N
54399492,30.81,\N
54399491,27.71,\N
54399992,25.79,\N
54399993,22.92,\N
54399995,20.68,\N
54399994,22.31,\N
54400049,17.75,\N
54400050,23.39,\N
54401953,25.68,\N
54401952,24.91,\N
54401954,23.85,\N
54401956,20.67,\N
54401957,22.99,\N
54401959,21.83,\N
54402003,24.81,\N
54402004,27.87,\N
54402005,24.23,\N
54402007,27.31,\N
54402008,29.96,\N
54402009,22.76,\N
54402010,19.97,\N
54402049,19.82,\N
54402136,21.70,\N
54402978,25.90,\N
54403396,20.53,\N
54406289,25.91,\N
54402051,28.59,\N
54402069,25.24,\N
54402134,25.52,\N
54402135,23.91,\N
54402137,27.53,\N
54402138,23.44,\N
54402139,28.28,\N
54402140,22.71,\N
54402142,25.49,\N
54402141,25.77,\N
54402361,24.26,\N
54402362,23.88,\N
54402363,25.04,\N
54402364,23.57,\N
54402365,24.55,\N
54402366,26.34,\N
54402367,27.74,\N
54402369,29.84,\N
54402368,26.32,\N
54402370,26.24,\N
54402371,23.49,\N
54402372,27.99,\N
54402373,24.17,\N
54402374,25.27,\N
54402453,26.96,\N
54402454,25.08,\N
54402455,25.69,\N
54402456,26.36,\N
54402457,25.11,\N
54402458,30.22,\N
54402459,19.62,\N
54402460,27.20,\N
54402461,23.22,\N
54402463,25.24,\N
54402464,25.64,\N
54402462,26.19,\N
54402465,24.62,\N
54402466,27.13,\N
54402467,29.60,\N
54402468,23.69,\N
54402469,22.24,\N
54402472,25.83,\N
54402471,24.98,\N
54402470,24.95,\N
54402473,22.67,\N
54402636,28.94,\N
54402638,24.68,\N
54402637,25.46,\N
54402639,25.04,\N
54402640,27.85,\N
54402643,28.24,\N
54402642,26.97,\N
54402646,30.08,\N
54402645,27.88,\N
54402644,27.15,\N
54402648,25.46,\N
54402649,25.63,\N
54402650,24.22,\N
54402651,28.21,\N
54402652,24.61,\N
54402653,26.61,\N
54402654,26.62,\N
54402970,26.42,\N
54402971,25.35,\N
54402972,23.74,\N
54402974,26.13,\N
54402973,28.37,\N
54402976,23.50,\N
54402975,24.34,\N
54402977,25.45,\N
54402979,26.86,\N
54402980,26.89,\N
54402981,21.68,\N
54402982,25.25,\N
54402983,25.95,\N
54402984,27.09,\N
54402985,26.95,\N
54402986,26.38,\N
54402987,22.64,\N
54402988,21.46,\N
54402989,21.52,\N
54402991,28.20,\N
54402990,21.73,\N
54403393,26.84,\N
54403394,25.03,\N
54403397,29.49,\N
54403399,24.43,\N
54403398,26.50,\N
54403400,20.90,\N
54403791,26.31,\N
54403792,21.07,\N
54403793,22.28,\N
54403794,25.29,\N
54403796,27.93,\N
54403795,27.62,\N
54403797,26.54,\N
54403798,25.30,\N
54403799,23.69,\N
54403800,27.00,\N
54403801,28.19,\N
54403802,24.87,\N
54403803,25.82,\N
54403804,26.18,\N
54403805,25.83,\N
54403806,28.49,\N
54403807,23.81,\N
54403808,22.97,\N
54403809,28.58,\N
54403810,24.70,\N
54403811,26.49,\N
54403812,22.36,\N
54403814,22.04,\N
54403813,27.55,\N
54403817,27.32,\N
54403816,24.71,\N
54403815,24.23,\N
54403818,23.35,\N
54403819,23.86,\N
54403820,24.61,\N
54403821,23.73,\N
54403822,24.34,\N
54403823,25.71,\N
54403824,25.16,\N
54403825,25.04,\N
54403826,22.95,\N
54404081,23.96,\N
54404082,24.54,\N
54404084,27.84,\N
54404083,21.27,\N
54404087,28.20,\N
54404086,27.72,\N
54404085,27.69,\N
54404088,23.38,\N
54404089,21.77,\N
54404090,22.27,\N
54404091,25.45,\N
54404092,20.93,\N
54404094,21.61,\N
54404093,27.16,\N
54404095,27.16,\N
54404096,27.24,\N
54404097,25.60,\N
54404098,21.72,\N
54404099,26.91,\N
54404100,26.64,\N
54404102,23.53,\N
54404103,28.11,\N
54404104,25.97,\N
54404383,21.43,\N
54404382,21.65,\N
54404384,19.61,\N
54404386,23.50,\N
54404387,27.17,\N
54404388,20.91,\N
54404389,25.86,\N
54404390,24.39,\N
54404391,24.72,\N
54404392,28.08,\N
54404393,25.73,\N
54404394,22.87,\N
54404631,22.79,\N
54404632,27.59,\N
54404633,25.51,\N
54404634,23.37,\N
54404635,24.94,\N
54404636,24.05,\N
54404638,26.67,\N
54404637,26.41,\N
54404639,27.04,\N
54404640,23.29,\N
54404641,23.51,\N
54404644,20.85,\N
54404643,22.96,\N
54404642,23.40,\N
54404878,25.15,\N
54404879,24.04,\N
54404880,24.75,\N
54404881,25.25,\N
54404882,22.78,\N
54404883,24.09,\N
54404884,24.93,\N
54404885,26.00,\N
54405059,23.61,\N
54405060,23.99,\N
54405061,25.10,\N
54405062,23.34,\N
54405063,22.43,\N
54405064,24.10,\N
54405395,24.23,\N
54405398,26.44,\N
54405397,27.65,\N
54405396,26.40,\N
54405399,21.31,\N
54405400,22.55,\N
54405402,27.63,\N
54405403,26.14,\N
54405405,26.27,\N
54405404,24.79,\N
54405406,26.68,\N
54405969,25.41,\N
54405971,22.54,\N
54405973,22.37,\N
54406287,22.21,\N
54406854,26.05,\N
54407412,23.68,\N
54409089,21.31,\N
54413287,28.45,\N
54415079,25.83,\N
54405970,28.49,\N
54405972,26.54,\N
54406286,25.09,\N
54406288,26.59,\N
54406290,27.43,\N
54406492,25.11,\N
54406493,24.82,\N
54406495,24.78,\N
54406496,23.07,\N
54406497,25.27,\N
54406851,21.95,\N
54406853,24.45,\N
54406855,27.16,\N
54406856,26.82,\N
54406857,24.72,\N
54406858,21.41,\N
54406859,21.55,\N
54406860,25.13,\N
54406861,22.52,\N
54406862,26.48,\N
54406863,25.07,\N
54407110,26.68,\N
54407109,24.38,\N
54407111,26.70,\N
54407112,26.29,\N
54407113,23.87,\N
54407115,21.70,\N
54407116,23.71,\N
54407114,21.93,\N
54407117,22.42,\N
54407409,23.58,\N
54407410,23.49,\N
54407411,20.92,\N
54407413,27.74,\N
54407415,28.94,\N
54407414,25.03,\N
54407416,24.25,\N
54407417,25.11,\N
54408020,27.04,\N
54408021,27.51,\N
54408022,26.78,\N
54408023,21.70,\N
54408024,22.83,\N
54408081,21.69,\N
54408082,22.16,\N
54408083,23.34,\N
54408084,23.25,\N
54408085,25.36,\N
54408086,24.60,\N
54408087,22.53,\N
54408088,23.25,\N
54408195,27.77,\N
54408196,22.48,\N
54408197,24.80,\N
54408199,18.91,\N
54408200,20.88,\N
54408201,24.10,\N
54408202,20.48,\N
54408326,25.11,\N
54408327,20.72,\N
54408328,24.78,\N
54408329,22.77,\N
54408330,22.52,\N
54408396,20.65,\N
54408397,20.46,\N
54410277,23.96,\N
54411557,24.70,\N
54411558,21.43,\N
54412457,24.64,\N
54413281,24.61,\N
54414533,19.51,\N
54415078,23.97,\N
54416848,23.68,\N
54419815,22.14,\N
54412201,26.22,\N
54412200,28.84,\N
54412202,28.47,\N
54412203,26.89,\N
54412204,26.42,\N
54412458,23.31,\N
54412459,26.06,\N
54412460,26.69,\N
54412461,28.67,\N
54412462,25.19,\N
54412463,25.61,\N
54412464,20.92,\N
54412465,23.57,\N
54412466,24.51,\N
54412467,26.10,\N
54412468,25.29,\N
54412469,25.77,\N
54412470,25.39,\N
54412471,28.72,\N
54412472,29.59,\N
54412473,24.27,\N
54412474,26.41,\N
54412475,22.23,\N
54412476,26.29,\N
54412477,28.45,\N
54413268,24.10,\N
54413270,22.48,\N
54413269,26.48,\N
54413271,27.20,\N
54413272,25.98,\N
54413273,26.70,\N
54413274,23.97,\N
54413275,26.66,\N
54413276,27.63,\N
54413277,26.56,\N
54413278,26.50,\N
54413279,24.47,\N
54413280,26.42,\N
54413282,27.06,\N
54413286,24.76,\N
54413288,27.38,\N
54413289,26.01,\N
54413290,25.96,\N
54413291,24.54,\N
54413292,25.37,\N
54413293,21.34,\N
54413294,27.51,\N
54413295,24.85,\N
54413296,24.17,\N
54413297,23.97,\N
54413298,25.46,\N
54413299,23.25,\N
54413300,24.24,\N
54413301,25.26,\N
54413302,26.51,\N
54413303,26.12,\N
54414130,29.47,\N
54414131,26.33,\N
54414132,24.30,\N
54414133,26.80,\N
54414134,30.17,\N
54414135,26.66,\N
54414137,24.62,\N
54414138,26.43,\N
54414139,25.77,\N
54414140,25.23,\N
54414141,25.99,\N
54414142,27.29,\N
54414143,27.12,\N
54414144,25.06,\N
54414145,27.67,\N
54414146,27.32,\N
54414147,26.86,\N
54414148,24.39,\N
54414149,27.04,\N
54414150,27.53,\N
54414151,26.37,\N
54414152,25.41,\N
54414153,27.02,\N
54414577,24.15,\N
54414578,27.04,\N
54414579,26.78,\N
54414580,27.52,\N
54414581,26.13,\N
54414582,27.77,\N
54414583,23.90,\N
54414584,28.18,\N
54414585,25.20,\N
54414586,20.30,\N
54414587,24.60,\N
54414588,22.55,\N
54414589,27.88,\N
54414590,25.32,\N
54414591,22.49,\N
54414592,26.96,\N
54415070,26.08,\N
54415071,25.24,\N
54415072,22.89,\N
54415073,25.39,\N
54415074,24.37,\N
54415075,27.01,\N
54415076,26.82,\N
54415077,27.37,\N
54415080,22.07,\N
54415081,24.05,\N
54415282,21.14,\N
54415293,25.66,\N
54415292,23.58,\N
54415294,22.18,\N
54415295,22.32,\N
54415297,20.86,\N
54415296,27.20,\N
54415299,24.53,\N
54415298,28.69,\N
54415300,22.02,\N
54415301,24.27,\N
54415302,20.13,\N
54415303,20.57,\N
54415304,22.88,\N
54415305,20.62,\N
54415306,23.06,\N
54415307,25.51,\N
54415308,26.83,\N
54415310,27.60,\N
54415309,27.36,\N
54415861,21.06,\N
54415862,21.91,\N
54415863,25.92,\N
54415864,24.49,\N
54415865,21.07,\N
54415866,21.16,\N
54415867,24.91,\N
54415868,20.22,\N
54415869,24.34,\N
54415870,25.35,\N
54415871,22.69,\N
54415872,22.74,\N
54415873,24.99,\N
54415874,24.65,\N
54415875,22.83,\N
54415876,22.91,\N
54415878,26.17,\N
54415877,26.40,\N
54415879,20.05,\N
54415880,23.54,\N
54415881,23.02,\N
54415882,24.65,\N
54415883,20.67,\N
54415885,21.87,\N
54415884,25.53,\N
54415886,24.68,\N
54415887,22.04,\N
54415889,23.63,\N
54415888,23.80,\N
54415890,26.54,\N
54415891,24.57,\N
54415892,26.39,\N
54415893,20.57,\N
54415895,25.77,\N
54415894,28.09,\N
54415896,27.66,\N
54415897,25.43,\N
54416577,25.52,\N
54416578,21.06,\N
54416580,21.23,\N
54416579,21.50,\N
54416581,20.25,\N
54416582,24.96,\N
54416583,23.22,\N
54416584,23.33,\N
54416585,26.67,\N
54416586,24.68,\N
54416587,24.13,\N
54416588,21.63,\N
54416589,24.64,\N
54416590,20.95,\N
54416714,25.20,\N
54416712,23.10,\N
54416713,25.93,\N
54416715,24.90,\N
54416716,24.62,\N
54416717,23.45,\N
54416718,23.79,\N
54416719,24.84,\N
54416720,20.70,\N
54416722,25.90,\N
54416721,23.99,\N
54416723,27.12,\N
54416724,24.76,\N
54416841,23.26,\N
54416842,26.77,\N
54416843,25.08,\N
54416844,27.01,\N
54416845,23.12,\N
54416846,25.73,\N
54416847,22.56,\N
54416849,28.16,\N
54416850,26.55,\N
54416851,25.55,\N
54416852,22.49,\N
54416853,24.27,\N
54416854,25.39,\N
54416954,21.70,\N
54416856,19.57,\N
54416857,28.43,\N
54416855,27.33,\N
54416859,22.60,\N
54416858,23.69,\N
54416955,27.90,\N
54416956,23.50,\N
54416957,23.61,\N
54416958,29.16,\N
54416959,22.38,\N
54416960,28.34,\N
54416961,25.83,\N
54416962,25.67,\N
54416963,22.86,\N
54416964,21.41,\N
54417166,22.74,\N
54417168,23.27,\N
54417169,22.84,\N
54417170,24.21,\N
54417171,26.69,\N
54417172,25.82,\N
54417173,21.05,\N
54417174,19.93,\N
54417175,24.87,\N
54417533,22.94,\N
54417534,23.55,\N
54417535,30.58,\N
54417536,26.75,\N
54417538,21.39,\N
54417540,24.96,\N
54417541,25.23,\N
54417545,21.61,\N
54417547,26.64,\N
54417549,21.91,\N
54417651,28.40,\N
54417652,23.48,\N
54417979,25.61,\N
54418155,22.75,\N
54418494,23.63,\N
54418495,20.06,\N
54420787,25.81,\N
54417537,24.96,\N
54417539,25.55,\N
54417542,23.90,\N
54417543,25.61,\N
54417544,24.44,\N
54417546,25.69,\N
54417548,27.01,\N
54417550,23.79,\N
54417551,27.86,\N
54417552,21.08,\N
54417553,24.92,\N
54417555,25.87,\N
54417554,28.55,\N
54417557,27.99,\N
54417556,23.52,\N
54417653,24.90,\N
54417654,25.55,\N
54417655,26.22,\N
54417656,23.96,\N
54417657,22.20,\N
54417658,23.34,\N
54417744,24.75,\N
54417745,25.73,\N
54417774,28.21,\N
54418174,22.85,\N
54418175,19.51,\N
54418210,18.05,\N
54418211,20.91,\N
54418242,23.20,\N
54418243,21.03,\N
54418267,25.93,\N
54418266,20.27,\N
54418268,20.03,\N
54418438,25.68,\N
54418439,22.77,\N
54418440,21.33,\N
54418496,23.68,\N
54418648,24.86,\N
54418650,25.77,\N
54418653,25.21,\N
54418658,23.82,\N
54418792,27.23,\N
54418793,22.65,\N
54419181,22.45,\N
54433326,18.91,\N
54526924,23.11,\N
54418497,27.41,\N
54418499,27.51,\N
54418498,25.50,\N
54418649,28.76,\N
54418651,25.10,\N
54418652,23.76,\N
54418654,25.96,\N
54418655,23.73,\N
54418657,27.30,\N
54418656,23.51,\N
54418794,27.70,\N
54418797,27.83,\N
54419012,26.49,\N
54419013,24.22,\N
54419014,22.09,\N
54419015,21.11,\N
54419018,23.63,\N
54419016,25.21,\N
54419017,22.70,\N
54419020,24.24,\N
54419019,26.53,\N
54419021,25.53,\N
54419022,22.87,\N
54419125,24.38,\N
54419126,23.45,\N
54419127,23.35,\N
54419180,22.73,\N
54419182,21.18,\N
54419183,27.23,\N
54419184,25.38,\N
54419185,22.92,\N
54419186,25.84,\N
54419187,22.15,\N
54419345,21.90,\N
54419346,18.68,\N
54419347,24.50,\N
54419482,26.58,\N
54419483,23.04,\N
54419484,25.28,\N
54419485,23.72,\N
54419486,26.05,\N
54419487,27.32,\N
54419488,21.79,\N
54419489,24.19,\N
54419490,20.71,\N
54419491,24.44,\N
54419492,23.87,\N
54419600,23.42,\N
54419601,20.54,\N
54419602,26.83,\N
54419604,26.43,\N
54419605,22.59,\N
54419606,19.78,\N
54419607,23.82,\N
54419608,23.68,\N
54419609,21.12,\N
54419610,23.32,\N
54419611,27.38,\N
54419612,24.92,\N
54419613,21.64,\N
54419614,22.76,\N
54419694,24.63,\N
54419695,26.42,\N
54419696,19.57,\N
54419697,27.34,\N
54419699,22.42,\N
54419698,26.64,\N
54419701,26.32,\N
54419702,22.81,\N
54419703,26.96,\N
54419704,21.05,\N
54419705,25.76,\N
54419806,26.55,\N
54419807,25.25,\N
54419808,20.93,\N
54419809,24.47,\N
54419810,26.96,\N
54419811,27.67,\N
54419812,25.67,\N
54419813,20.09,\N
54419814,23.88,\N
54419816,23.70,\N
54419817,26.60,\N
54419818,25.05,\N
54419819,24.11,\N
54420151,24.34,\N
54420152,26.42,\N
54420153,23.60,\N
54420154,21.35,\N
54420155,25.78,\N
54420156,21.76,\N
54420157,27.67,\N
54420280,28.78,\N
54420282,20.32,\N
54420281,26.05,\N
54420283,27.28,\N
54420441,24.81,\N
54420442,28.72,\N
54420443,25.98,\N
54420444,28.44,\N
54420445,25.62,\N
54420624,28.71,\N
54420623,21.55,\N
54420625,23.61,\N
54420626,20.88,\N
54420784,25.76,\N
54420785,20.91,\N
54420789,23.14,\N
54420790,25.33,\N
54420793,21.13,\N
54421068,21.65,\N
54421071,19.12,\N
54421384,25.12,\N
54421648,20.67,\N
54421652,25.67,\N
54421913,19.78,\N
54422167,19.79,\N
54423686,22.54,\N
54423826,21.79,\N
54420792,25.99,\N
54421064,26.13,\N
54421065,27.17,\N
54421066,25.38,\N
54421067,24.04,\N
54421069,24.51,\N
54421074,23.22,\N
54421075,26.27,\N
54421076,24.71,\N
54421077,27.26,\N
54421078,27.00,\N
54421079,25.22,\N
54421080,25.28,\N
54421081,26.45,\N
54421083,24.87,\N
54421084,21.67,\N
54421379,28.30,\N
54421380,27.43,\N
54421381,25.11,\N
54421383,26.32,\N
54421385,27.27,\N
54421386,27.00,\N
54421387,22.26,\N
54421388,28.94,\N
54421389,23.28,\N
54421390,19.80,\N
54421391,26.14,\N
54421392,23.78,\N
54421393,24.49,\N
54421394,23.47,\N
54421395,26.03,\N
54421396,26.00,\N
54421642,25.20,\N
54421643,24.77,\N
54421644,30.07,\N
54421645,26.25,\N
54421646,27.35,\N
54421647,21.28,\N
54421649,27.21,\N
54421650,25.12,\N
54421651,32.71,\N
54421910,25.71,\N
54421911,23.69,\N
54421912,23.67,\N
54421914,23.67,\N
54421915,23.87,\N
54421916,25.68,\N
54421917,26.96,\N
54422036,24.30,\N
54422161,27.08,\N
54422162,20.22,\N
54422163,23.09,\N
54422164,23.18,\N
54422165,27.67,\N
54422166,22.83,\N
54422948,28.86,\N
54422949,20.55,\N
54422950,22.21,\N
54423041,24.86,\N
54423042,26.02,\N
54423043,22.05,\N
54423045,24.48,\N
54423046,27.47,\N
54423050,26.73,\N
54423047,27.50,\N
54423049,26.73,\N
54423048,25.20,\N
54423051,24.35,\N
54423052,26.95,\N
54423053,26.79,\N
54423054,25.36,\N
54423055,24.00,\N
54423136,27.80,\N
54423137,26.77,\N
54423138,25.48,\N
54423141,26.52,\N
54423142,26.38,\N
54423143,25.65,\N
54423144,25.22,\N
54423145,24.27,\N
54423146,22.82,\N
54423311,26.95,\N
54423312,21.39,\N
54423313,25.89,\N
54423316,25.25,\N
54423315,23.56,\N
54423314,23.30,\N
54423317,24.13,\N
54423318,26.02,\N
54423320,24.82,\N
54423321,23.91,\N
54423322,25.52,\N
54423323,25.44,\N
54423324,21.27,\N
54423325,23.83,\N
54423326,22.52,\N
54423681,24.21,\N
54423505,27.51,\N
54423506,22.57,\N
54423510,20.74,\N
54423512,28.09,\N
54423513,22.01,\N
54423828,25.59,\N
54423830,20.99,\N
54423833,21.75,\N
54423943,22.07,\N
54425076,21.37,\N
54425075,25.40,\N
54426231,23.09,\N
54426238,23.63,\N
54427179,21.12,\N
54427460,26.40,\N
54427461,28.94,\N
54427938,23.55,\N
54429997,21.19,\N
54506983,23.38,\N
54423504,24.25,\N
54423507,26.03,\N
54423509,25.18,\N
54423511,25.53,\N
54423685,21.02,\N
54423782,26.46,\N
54423784,25.94,\N
54423783,25.20,\N
54423785,25.31,\N
54423786,25.10,\N
54423825,25.14,\N
54423827,23.53,\N
54423829,26.93,\N
54423831,25.40,\N
54423832,26.82,\N
54423834,26.40,\N
54423835,21.80,\N
54423836,21.72,\N
54423941,25.43,\N
54423944,26.61,\N
54423945,24.14,\N
54423947,24.15,\N
54423946,24.43,\N
54423948,26.43,\N
54423949,25.60,\N
54424569,21.96,\N
54424570,25.17,\N
54424571,28.43,\N
54424572,29.36,\N
54424573,25.74,\N
54425071,21.95,\N
54425074,20.24,\N
54425073,25.78,\N
54425751,20.91,\N
54425752,22.65,\N
54425754,22.35,\N
54425755,26.72,\N
54425758,28.68,\N
54425948,26.65,\N
54425947,23.16,\N
54425949,29.23,\N
54425950,24.35,\N
54425951,22.08,\N
54425952,24.28,\N
54425953,20.61,\N
54426070,26.53,\N
54426071,23.09,\N
54426072,26.02,\N
54426073,20.64,\N
54426074,23.89,\N
54426075,24.13,\N
54426076,25.93,\N
54426077,26.84,\N
54426078,27.47,\N
54426079,23.95,\N
54426080,23.34,\N
54426228,22.59,\N
54426232,25.48,\N
54426233,25.93,\N
54426234,23.56,\N
54426235,25.08,\N
54426236,24.28,\N
54426237,26.04,\N
54426239,25.09,\N
54426240,26.30,\N
54426241,23.69,\N
54426463,23.74,\N
54426462,24.74,\N
54426461,26.34,\N
54426464,21.20,\N
54426465,26.21,\N
54426466,24.96,\N
54426467,25.48,\N
54426468,24.46,\N
54426469,27.52,\N
54426470,26.64,\N
54426471,27.29,\N
54426472,25.01,\N
54426474,23.67,\N
54426473,27.70,\N
54426475,24.28,\N
54426476,19.76,\N
54426477,26.57,\N
54426740,25.36,\N
54426741,25.25,\N
54426742,24.21,\N
54426743,27.50,\N
54426744,26.09,\N
54426745,28.34,\N
54426746,24.98,\N
54426747,24.93,\N
54426748,26.02,\N
54426749,22.63,\N
54426750,25.57,\N
54426751,21.80,\N
54426882,25.31,\N
54426883,19.83,\N
54426884,22.38,\N
54426885,26.51,\N
54426886,26.57,\N
54426887,23.66,\N
54426888,23.83,\N
54426890,27.95,\N
54426891,26.15,\N
54426889,29.19,\N
54426892,26.29,\N
54426893,27.59,\N
54426894,23.67,\N
54426895,22.46,\N
54426896,25.43,\N
54427161,22.56,\N
54427162,26.03,\N
54427163,26.36,\N
54427164,24.77,\N
54427165,29.46,\N
54427166,20.02,\N
54427167,25.11,\N
54427168,26.70,\N
54427169,23.91,\N
54427170,21.21,\N
54427171,23.03,\N
54427172,24.32,\N
54427174,25.09,\N
54427176,25.46,\N
54427178,24.61,\N
54427181,20.99,\N
54427182,23.30,\N
54427183,25.29,\N
54427184,21.74,\N
54427185,28.95,\N
54427186,26.53,\N
54427187,22.68,\N
54427296,26.54,\N
54427298,26.25,\N
54427454,22.12,\N
54427464,21.33,\N
54427466,23.42,\N
54428352,24.03,\N
54429343,22.28,\N
54429347,23.13,\N
54429757,23.29,\N
54427175,27.41,\N
54427177,22.08,\N
54427180,26.72,\N
54427297,27.94,\N
54427299,27.81,\N
54427300,24.36,\N
54427455,20.39,\N
54427456,26.16,\N
54427458,25.15,\N
54427463,26.04,\N
54427465,24.96,\N
54427467,25.39,\N
54427468,25.45,\N
54427469,24.87,\N
54427935,22.86,\N
54427936,25.93,\N
54427939,24.36,\N
54427940,21.26,\N
54427941,26.25,\N
54427942,27.14,\N
54427943,27.29,\N
54427945,29.02,\N
54427944,28.45,\N
54427946,24.56,\N
54427947,23.29,\N
54427948,26.72,\N
54428347,23.47,\N
54428348,24.70,\N
54428349,24.59,\N
54428350,24.49,\N
54428351,22.09,\N
54428353,25.08,\N
54428354,27.24,\N
54428355,27.26,\N
54428356,27.05,\N
54428357,24.47,\N
54428524,22.62,\N
54428550,24.40,\N
54428551,21.57,\N
54428582,21.77,\N
54428583,20.44,\N
54428637,22.18,\N
54429268,20.27,\N
54429269,23.87,\N
54429271,22.51,\N
54429766,22.12,\N
54429270,22.61,\N
54429272,25.97,\N
54429344,24.08,\N
54429345,25.18,\N
54429346,24.71,\N
54429348,29.15,\N
54429349,24.54,\N
54429350,27.20,\N
54429351,25.55,\N
54429352,26.77,\N
54429476,25.22,\N
54429477,21.52,\N
54429479,24.44,\N
54429478,26.36,\N
54429480,24.37,\N
54429481,26.01,\N
54429482,21.40,\N
54429483,25.05,\N
54429635,25.43,\N
54429636,23.95,\N
54429637,26.63,\N
54429638,25.59,\N
54429639,27.67,\N
54429640,23.15,\N
54429641,24.32,\N
54429642,22.84,\N
54429643,23.38,\N
54429644,23.80,\N
54429645,26.02,\N
54429646,22.62,\N
54429758,20.45,\N
54429759,21.93,\N
54429760,26.48,\N
54429761,27.10,\N
54429762,23.54,\N
54429763,22.78,\N
54429764,25.12,\N
54429765,23.30,\N
54429767,26.40,\N
54429768,28.54,\N
54429990,25.15,\N
54429991,22.55,\N
54429992,26.77,\N
54429993,25.86,\N
54429994,28.32,\N
54429995,26.95,\N
54429996,27.48,\N
54429998,24.55,\N
54429999,25.16,\N
54430001,22.90,\N
54430000,24.91,\N
54430003,24.21,\N
54430002,25.94,\N
54430004,26.41,\N
54430005,26.43,\N
54430096,26.94,\N
54430097,26.54,\N
54430098,19.08,\N
54430149,20.39,\N
54430150,26.40,\N
54430152,22.10,\N
54430151,24.82,\N
54430239,22.22,\N
54430240,21.99,\N
54430241,26.37,\N
54430242,22.01,\N
54430473,24.39,\N
54430476,24.54,\N
54430474,28.61,\N
54430475,25.33,\N
54430477,23.47,\N
54430478,22.50,\N
54430669,25.51,\N
54430670,26.77,\N
54430671,28.95,\N
54430717,28.77,\N
54430718,26.43,\N
54430719,26.83,\N
54430720,24.80,\N
54430721,24.73,\N
54430722,27.01,\N
54430723,25.56,\N
54430724,24.79,\N
54430725,28.39,\N
54430727,24.28,\N
54430726,28.41,\N
54430728,28.15,\N
54430729,24.56,\N
54430730,25.80,\N
54430773,20.96,\N
54430772,25.71,\N
54430774,26.44,\N
54430775,23.97,\N
54430776,24.68,\N
54430777,23.81,\N
54430778,29.38,\N
54430779,27.73,\N
54430870,24.84,\N
54430871,22.93,\N
54430872,24.48,\N
54430873,24.78,\N
54430874,25.28,\N
54430947,27.35,\N
54430946,25.82,\N
54431182,22.11,\N
54431181,24.46,\N
54431734,25.42,\N
54431815,20.68,\N
54431990,24.19,\N
54431183,22.51,\N
54431184,25.79,\N
54431185,25.49,\N
54431308,27.09,\N
54431309,22.99,\N
54431310,24.06,\N
54431311,23.72,\N
54431312,25.17,\N
54431313,25.11,\N
54431314,26.28,\N
54431315,27.81,\N
54431316,20.78,\N
54431317,25.52,\N
54431484,22.84,\N
54431485,25.59,\N
54431486,22.26,\N
54431488,24.22,\N
54431487,21.16,\N
54431489,25.69,\N
54431490,25.46,\N
54431491,21.46,\N
54431492,21.50,\N
54431493,20.21,\N
54431494,22.48,\N
54431495,25.23,\N
54431496,27.66,\N
54431497,29.42,\N
54431498,26.13,\N
54431499,23.37,\N
54431500,25.72,\N
54431501,25.49,\N
54431502,26.14,\N
54431503,24.28,\N
54431582,26.10,\N
54431583,26.64,\N
54431584,25.30,\N
54431585,25.18,\N
54431586,21.70,\N
54431587,23.60,\N
54431588,21.24,\N
54431589,23.98,\N
54431590,27.62,\N
54431591,28.32,\N
54431619,26.36,\N
54431620,24.57,\N
54431621,19.46,\N
54431622,22.33,\N
54431623,22.24,\N
54431624,23.57,\N
54431625,24.27,\N
54431626,21.97,\N
54431627,22.33,\N
54431628,20.91,\N
54431629,21.77,\N
54431659,22.43,\N
54431692,25.82,\N
54431700,21.29,\N
54431755,25.72,\N
54431756,26.04,\N
54431772,25.14,\N
54431801,22.77,\N
54431803,23.36,\N
54431802,23.78,\N
54431807,22.41,\N
54431806,26.16,\N
54431804,22.80,\N
54431805,20.28,\N
54431814,22.38,\N
54431817,25.13,\N
54431816,21.03,\N
54431818,21.57,\N
54431983,20.30,\N
54431985,25.18,\N
54431984,22.57,\N
54431986,25.35,\N
54431987,27.77,\N
54431988,26.09,\N
54431989,27.35,\N
54431991,25.70,\N
54432216,25.50,\N
54432215,23.58,\N
54432218,25.28,\N
54432221,21.11,\N
54432220,25.09,\N
54432223,27.36,\N
54432225,24.60,\N
54432231,24.20,\N
54432232,25.26,\N
54432233,25.84,\N
54432234,25.28,\N
54432245,21.61,\N
54432336,25.86,\N
54432337,25.91,\N
54432338,26.13,\N
54432340,25.52,\N
54432341,23.29,\N
54432457,25.83,\N
54432460,23.25,\N
54432462,23.39,\N
54432463,25.04,\N
54432464,25.09,\N
54432466,23.45,\N
54432467,27.27,\N
54432468,21.32,\N
54432470,22.87,\N
54432471,21.32,\N
54432475,30.98,\N
54432476,24.33,\N
54432839,24.75,\N
54432970,23.45,\N
54433101,22.46,\N
54442146,22.30,\N
54432217,27.65,\N
54432222,24.25,\N
54432219,24.91,\N
54432224,24.95,\N
54432239,25.73,\N
54432246,27.06,\N
54432248,26.79,\N
54432247,26.17,\N
54432339,19.77,\N
54432454,24.91,\N
54432455,23.03,\N
54432456,24.52,\N
54432458,26.58,\N
54432459,23.34,\N
54432461,27.24,\N
54432465,27.75,\N
54432469,26.64,\N
54432472,23.48,\N
54432473,24.17,\N
54432474,25.68,\N
54432477,23.59,\N
54432837,21.66,\N
54432838,26.46,\N
54432841,24.11,\N
54432842,26.64,\N
54432843,25.00,\N
54432844,24.75,\N
54432968,23.09,\N
54432969,24.51,\N
54432972,22.12,\N
54432971,28.23,\N
54433096,25.84,\N
54433097,25.48,\N
54433099,25.61,\N
54433100,26.29,\N
54433098,27.23,\N
54433105,22.83,\N
54433104,28.53,\N
54433103,24.13,\N
54433102,24.30,\N
54433325,24.05,\N
54433327,26.88,\N
54433328,25.37,\N
54433330,25.11,\N
54433329,25.55,\N
54433331,27.97,\N
54433332,21.95,\N
54433333,24.23,\N
54433334,30.37,\N
54433336,25.89,\N
54433335,27.27,\N
54433337,23.20,\N
54433553,26.30,\N
54433554,26.32,\N
54433555,21.97,\N
54433556,23.86,\N
54433557,27.43,\N
54433558,25.32,\N
54433559,29.18,\N
54433560,23.61,\N
54433561,23.90,\N
54433562,24.18,\N
54433563,23.68,\N
54433565,24.47,\N
54433566,25.13,\N
54433567,26.09,\N
54433568,26.08,\N
54433569,25.72,\N
54433730,25.34,\N
54433731,24.48,\N
54433733,25.79,\N
54433732,28.62,\N
54433735,24.77,\N
54433736,29.71,\N
54433734,23.80,\N
54433737,23.23,\N
54433738,22.15,\N
54433739,25.83,\N
54433740,20.27,\N
54433741,24.67,\N
54433742,23.24,\N
54433943,22.31,\N
54433944,23.48,\N
54433945,22.19,\N
54433946,24.32,\N
54433947,25.12,\N
54433949,21.40,\N
54433950,28.93,\N
54433951,29.55,\N
54434073,20.08,\N
54434074,26.93,\N
54434075,26.24,\N
54434076,27.31,\N
54434077,23.10,\N
54434078,26.73,\N
54434079,24.84,\N
54434080,25.69,\N
54434081,27.81,\N
54434082,25.23,\N
54434339,24.83,\N
54434340,23.83,\N
54434341,23.56,\N
54434342,26.01,\N
54434343,27.96,\N
54434347,30.30,\N
54434344,27.43,\N
54434345,27.28,\N
54434346,25.77,\N
54434348,20.57,\N
54434349,24.63,\N
54434536,26.85,\N
54434537,25.26,\N
54434538,20.70,\N
54434539,28.05,\N
54434540,26.79,\N
54434762,22.59,\N
54434764,20.11,\N
54434766,24.35,\N
54434767,22.79,\N
54435000,20.28,\N
54435730,27.68,\N
54435731,23.11,\N
54466222,20.30,\N
54438499,23.35,\N
54438500,22.89,\N
54438662,23.50,\N
54440316,26.95,\N
54434763,31.77,\N
54434765,27.99,\N
54434768,27.44,\N
54434769,27.03,\N
54434770,27.24,\N
54435198,23.66,\N
54435199,27.28,\N
54435201,21.00,\N
54435202,26.57,\N
54435203,24.10,\N
54435204,24.34,\N
54435205,28.82,\N
54435206,21.48,\N
54435207,29.42,\N
54435208,24.55,\N
54435537,25.96,\N
54435538,25.43,\N
54435539,23.80,\N
54435540,24.56,\N
54435541,22.29,\N
54435732,27.38,\N
54435948,23.67,\N
54435949,28.69,\N
54435950,24.91,\N
54436402,25.78,\N
54436401,21.61,\N
54436400,22.24,\N
54437048,20.59,\N
54437395,25.46,\N
54437981,25.97,\N
54438014,23.95,\N
54438015,24.39,\N
54438016,28.34,\N
54438504,23.08,\N
54438501,24.04,\N
54438503,24.52,\N
54438502,26.19,\N
54438505,26.12,\N
54438506,26.36,\N
54438507,26.58,\N
54438661,27.44,\N
54438664,25.59,\N
54438663,24.39,\N
54438665,22.94,\N
54438666,22.95,\N
54438667,25.59,\N
54438668,26.08,\N
54438670,26.54,\N
54438669,24.74,\N
54438671,25.71,\N
54438672,25.74,\N
54438675,24.21,\N
54438674,24.88,\N
54438673,29.47,\N
54439134,26.35,\N
54439135,23.15,\N
54439137,23.83,\N
54439315,26.22,\N
54439316,21.25,\N
54439318,25.12,\N
54439319,23.23,\N
54439421,23.90,\N
54439424,19.66,\N
54439428,24.98,\N
54440302,23.98,\N
54440322,23.39,\N
54441082,22.27,\N
54439314,23.30,\N
54439317,24.68,\N
54439320,27.61,\N
54439321,24.40,\N
54439322,28.48,\N
54439323,25.25,\N
54439324,25.63,\N
54439325,25.61,\N
54439326,23.26,\N
54439327,21.10,\N
54439328,24.50,\N
54439329,28.26,\N
54439330,25.48,\N
54439419,27.16,\N
54439420,25.19,\N
54439423,27.39,\N
54439425,28.35,\N
54439422,25.72,\N
54439427,24.65,\N
54439430,25.37,\N
54439429,23.52,\N
54439431,23.25,\N
54439432,25.10,\N
54439433,25.62,\N
54439434,26.91,\N
54439435,27.89,\N
54439436,25.88,\N
54439706,26.46,\N
54439708,23.94,\N
54439707,26.42,\N
54439709,23.18,\N
54439711,25.67,\N
54439710,24.14,\N
54439712,27.79,\N
54439713,25.82,\N
54439716,27.09,\N
54439717,27.74,\N
54439714,25.48,\N
54439715,26.30,\N
54439882,25.46,\N
54439884,18.50,\N
54439885,26.22,\N
54439886,24.23,\N
54439887,26.79,\N
54439888,24.15,\N
54439889,23.42,\N
54439890,26.46,\N
54439891,24.63,\N
54439893,20.45,\N
54439894,22.70,\N
54439892,22.86,\N
54439895,24.68,\N
54439897,23.63,\N
54439896,23.73,\N
54439998,23.78,\N
54439999,27.99,\N
54440000,24.78,\N
54440001,25.03,\N
54440002,24.97,\N
54440314,22.67,\N
54440315,28.78,\N
54440318,26.42,\N
54440317,25.05,\N
54440319,26.96,\N
54440320,24.79,\N
54440321,27.40,\N
54440641,18.81,\N
54440642,26.39,\N
54440643,21.07,\N
54440644,29.13,\N
54440646,22.88,\N
54440647,21.16,\N
54440648,19.99,\N
54440649,25.25,\N
54440650,20.33,\N
54440651,25.14,\N
54440652,26.38,\N
54440654,21.78,\N
54440653,28.20,\N
54440655,26.66,\N
54441075,24.69,\N
54441076,23.71,\N
54441077,20.78,\N
54441078,25.76,\N
54441079,26.09,\N
54441080,24.88,\N
54441081,24.76,\N
54441083,22.98,\N
54441086,25.95,\N
54441085,27.30,\N
54441084,23.75,\N
54441087,24.53,\N
54441088,26.80,\N
54441089,24.72,\N
54441090,24.32,\N
54441091,26.24,\N
54441092,19.78,\N
54441096,27.12,\N
54441095,20.56,\N
54441094,27.36,\N
54441097,22.72,\N
54441262,26.44,\N
54441263,24.07,\N
54441265,25.08,\N
54441264,23.60,\N
54441266,26.20,\N
54441267,21.70,\N
54441270,21.55,\N
54441268,26.35,\N
54441269,28.50,\N
54441271,23.62,\N
54441682,22.49,\N
54441683,21.77,\N
54441684,25.66,\N
54441685,23.76,\N
54441686,21.33,\N
54441687,25.64,\N
54441688,23.94,\N
54441866,25.03,\N
54441865,22.51,\N
54441867,24.06,\N
54441868,26.86,\N
54441869,26.78,\N
54441870,21.55,\N
54441871,23.78,\N
54441872,27.34,\N
54441873,26.05,\N
54441874,29.59,\N
54441875,26.27,\N
54441876,26.42,\N
54441877,26.92,\N
54441878,21.83,\N
54441879,25.91,\N
54442109,20.90,\N
54442111,25.06,\N
54442110,23.76,\N
54442112,22.26,\N
54442144,24.25,\N
54442147,27.42,\N
54442148,24.85,\N
54442145,27.89,\N
54442149,24.68,\N
54442250,26.77,\N
54442252,25.57,\N
54442251,23.13,\N
54442318,26.06,\N
54442319,25.92,\N
54442321,24.59,\N
54442322,20.41,\N
54442323,25.95,\N
54442411,21.57,\N
54444999,22.44,\N
54445200,21.01,\N
54445574,25.80,\N
54445576,22.08,\N
54445846,21.21,\N
54446792,21.53,\N
54455883,21.56,\N
54552669,25.77,\N
54442508,25.17,\N
54442646,22.95,\N
54442682,28.49,\N
54443996,23.20,\N
54444912,22.40,\N
54444913,24.68,\N
54444914,25.74,\N
54444915,24.60,\N
54444916,23.82,\N
54444917,22.78,\N
54444950,21.79,\N
54444951,23.80,\N
54444952,25.85,\N
54444954,25.82,\N
54444953,21.60,\N
54444955,24.61,\N
54444956,23.46,\N
54444957,28.23,\N
54444958,21.37,\N
54444959,19.81,\N
54444996,27.67,\N
54444997,26.50,\N
54444998,24.95,\N
54445000,25.38,\N
54445199,28.25,\N
54445201,20.31,\N
54445202,23.30,\N
54445203,24.45,\N
54445204,24.04,\N
54445205,23.27,\N
54445206,26.21,\N
54445207,26.12,\N
54445208,22.75,\N
54445306,25.65,\N
54445307,27.16,\N
54445308,20.02,\N
54445309,24.21,\N
54445310,23.64,\N
54445311,27.00,\N
54445312,26.99,\N
54445313,26.09,\N
54445448,24.37,\N
54445449,25.67,\N
54445451,26.67,\N
54445450,24.86,\N
54445452,24.31,\N
54445453,27.97,\N
54445454,23.53,\N
54445456,24.26,\N
54445458,23.01,\N
54445579,21.89,\N
54446231,21.28,\N
54454871,21.89,\N
54445455,25.61,\N
54445457,27.48,\N
54445521,25.84,\N
54445522,26.11,\N
54445523,25.14,\N
54445524,21.30,\N
54445525,25.19,\N
54445573,23.62,\N
54445575,20.62,\N
54445577,27.98,\N
54445578,18.91,\N
54445580,25.13,\N
54445618,23.28,\N
54445619,21.22,\N
54445621,23.57,\N
54445622,23.21,\N
54445623,22.24,\N
54445624,22.31,\N
54445625,21.60,\N
54445626,21.78,\N
54445842,25.81,\N
54445843,23.59,\N
54445844,20.32,\N
54445845,20.25,\N
54445848,26.31,\N
54445847,27.51,\N
54445916,30.79,\N
54445920,25.70,\N
54445919,24.05,\N
54445918,26.20,\N
54445917,25.61,\N
54445921,21.48,\N
54445922,25.51,\N
54445923,22.60,\N
54446032,26.08,\N
54446033,24.08,\N
54446034,26.39,\N
54446232,22.34,\N
54446350,20.87,\N
54446351,23.17,\N
54446353,20.20,\N
54446354,25.51,\N
54446355,23.33,\N
54446552,21.19,\N
54446553,21.62,\N
54446554,24.77,\N
54446555,23.41,\N
54446556,25.80,\N
54446557,21.24,\N
54446558,22.83,\N
54446559,26.15,\N
54446560,20.85,\N
54446561,22.82,\N
54446562,20.60,\N
54446666,24.34,\N
54446668,20.31,\N
54446669,26.03,\N
54446670,24.18,\N
54446789,25.56,\N
54446790,23.09,\N
54446791,24.77,\N
54446793,25.15,\N
54447039,19.49,\N
54447402,27.64,\N
54447403,23.49,\N
54447404,25.98,\N
54447405,25.40,\N
54447406,17.88,\N
54447407,26.15,\N
54447952,21.80,\N
54447953,26.62,\N
54447954,24.24,\N
54447955,24.95,\N
54447956,26.29,\N
54447957,22.67,\N
54447958,24.89,\N
54447959,28.37,\N
54447960,26.03,\N
54448016,25.59,\N
54448015,24.36,\N
54448063,25.11,\N
54448064,20.63,\N
54448602,22.70,\N
54448983,24.00,\N
54449799,21.74,\N
54449800,24.02,\N
54458190,23.87,\N
54458352,21.46,\N
54465278,22.77,\N
54506145,21.23,\N
54448066,26.53,\N
54448065,25.81,\N
54448114,24.01,\N
54448115,28.00,\N
54448116,21.48,\N
54448598,26.27,\N
54448599,19.32,\N
54448600,24.22,\N
54448601,22.02,\N
54448603,23.41,\N
54448604,24.50,\N
54452960,20.54,\N
54453741,28.96,\N
54453742,24.78,\N
54453743,26.04,\N
54453744,26.82,\N
54453749,29.25,\N
54453745,23.09,\N
54453747,22.70,\N
54453746,22.96,\N
54453748,21.54,\N
54454238,27.23,\N
54454239,24.07,\N
54454240,25.84,\N
54454241,24.68,\N
54454242,21.54,\N
54454243,23.93,\N
54454872,25.50,\N
54454873,23.99,\N
54454874,26.23,\N
54454875,21.59,\N
54455373,23.47,\N
54455374,20.38,\N
54455375,23.30,\N
54455376,22.90,\N
54455377,25.93,\N
54455378,23.28,\N
54455879,23.62,\N
54455880,21.16,\N
54455881,24.18,\N
54455882,21.64,\N
54455884,25.33,\N
54456238,23.75,\N
54456239,23.38,\N
54456241,23.82,\N
54456242,23.71,\N
54457674,23.50,\N
54457677,24.09,\N
54458174,22.07,\N
54458176,24.14,\N
54458184,24.75,\N
54458187,19.75,\N
54458197,25.93,\N
54459243,20.50,\N
54459570,23.41,\N
54455885,24.87,\N
54456240,25.53,\N
54456243,24.94,\N
54456244,23.35,\N
54456245,23.89,\N
54457672,23.53,\N
54457671,26.44,\N
54457673,25.42,\N
54457675,22.66,\N
54457676,22.02,\N
54457678,22.10,\N
54458173,21.74,\N
54458172,25.07,\N
54458175,24.23,\N
54458183,22.27,\N
54458185,19.82,\N
54458186,23.79,\N
54458188,21.67,\N
54458189,25.10,\N
54458191,24.49,\N
54458192,21.39,\N
54458194,23.09,\N
54458195,24.74,\N
54458196,23.41,\N
54458351,26.55,\N
54458354,22.36,\N
54458353,23.14,\N
54458355,21.78,\N
54458498,23.34,\N
54458501,25.74,\N
54458500,24.45,\N
54458502,24.93,\N
54458503,23.99,\N
54458504,25.16,\N
54458505,26.33,\N
54458506,24.41,\N
54458507,24.01,\N
54458508,25.14,\N
54458509,25.15,\N
54458890,24.95,\N
54458891,18.66,\N
54458893,23.75,\N
54458892,21.95,\N
54458894,23.47,\N
54458895,19.30,\N
54458896,23.36,\N
54459237,24.11,\N
54459238,23.20,\N
54459239,23.19,\N
54459240,22.50,\N
54459241,25.91,\N
54459242,19.42,\N
54459569,24.54,\N
54460107,23.80,\N
54460106,22.34,\N
54460573,22.89,\N
54460877,26.90,\N
54461065,28.72,\N
54462805,25.06,\N
54462806,20.66,\N
54462807,22.56,\N
54465173,19.09,\N
54465199,22.13,\N
54465224,22.94,\N
54465241,25.51,\N
54465556,20.70,\N
54467171,19.39,\N
54465172,25.25,\N
54465176,23.21,\N
54465177,22.16,\N
54465178,22.26,\N
54465196,23.78,\N
54465197,23.69,\N
54465198,25.40,\N
54465200,24.72,\N
54465201,26.25,\N
54465202,27.48,\N
54465203,23.66,\N
54465204,20.63,\N
54465209,20.49,\N
54465210,25.52,\N
54465212,24.31,\N
54465211,22.04,\N
54465213,25.55,\N
54465215,24.88,\N
54465216,24.31,\N
54465217,23.55,\N
54465218,22.57,\N
54465219,20.10,\N
54465220,20.28,\N
54465221,24.77,\N
54465223,25.21,\N
54465222,21.93,\N
54465225,22.91,\N
54465226,24.20,\N
54465227,22.44,\N
54465228,24.77,\N
54465240,22.82,\N
54465242,25.24,\N
54465243,24.44,\N
54465244,26.62,\N
54465245,23.93,\N
54465246,22.97,\N
54465247,24.80,\N
54465248,24.08,\N
54465249,26.07,\N
54465269,25.72,\N
54465270,27.45,\N
54465271,23.81,\N
54465273,21.66,\N
54465274,27.24,\N
54465275,24.55,\N
54465276,29.09,\N
54465277,23.30,\N
54465279,24.93,\N
54465291,24.62,\N
54465292,24.22,\N
54465295,23.26,\N
54465299,23.10,\N
54465303,25.14,\N
54465389,22.58,\N
54465390,24.13,\N
54465431,21.15,\N
54467195,19.99,\N
54465294,24.92,\N
54465293,21.58,\N
54465296,26.41,\N
54465300,24.54,\N
54465301,25.66,\N
54465302,22.36,\N
54465391,24.38,\N
54465392,23.75,\N
54465393,25.07,\N
54465394,23.17,\N
54465395,24.59,\N
54465397,26.96,\N
54465396,23.40,\N
54465430,27.67,\N
54465432,25.99,\N
54465473,22.53,\N
54465472,21.95,\N
54465471,23.88,\N
54465474,29.43,\N
54465475,23.81,\N
54465476,24.38,\N
54465477,24.53,\N
54465519,24.11,\N
54465520,23.09,\N
54465521,24.56,\N
54465522,25.24,\N
54465523,22.54,\N
54465524,23.99,\N
54465525,25.54,\N
54465527,21.84,\N
54465529,27.87,\N
54465530,26.52,\N
54465531,24.62,\N
54465552,25.91,\N
54465553,23.01,\N
54465554,22.23,\N
54465555,20.49,\N
54465557,26.16,\N
54465601,25.87,\N
54465602,27.13,\N
54465603,25.59,\N
54465604,22.05,\N
54465605,25.55,\N
54465620,24.81,\N
54465700,25.10,\N
54465701,24.50,\N
54465707,21.53,\N
54465708,24.75,\N
54465826,28.25,\N
54465827,26.73,\N
54465828,24.42,\N
54465829,25.66,\N
54465830,19.32,\N
54465831,27.34,\N
54465942,20.78,\N
54465943,24.86,\N
54465951,27.28,\N
54465952,24.52,\N
54465954,23.64,\N
54465956,25.98,\N
54465955,23.85,\N
54465953,25.22,\N
54466058,25.99,\N
54466059,27.24,\N
54466060,23.27,\N
54466061,25.21,\N
54466062,24.65,\N
54466064,25.75,\N
54466063,23.68,\N
54466065,20.18,\N
54466067,25.62,\N
54466066,23.62,\N
54466132,24.51,\N
54466131,22.96,\N
54466134,26.19,\N
54466135,24.55,\N
54466133,27.30,\N
54466136,22.35,\N
54466137,27.45,\N
54466138,24.07,\N
54466214,22.13,\N
54466215,25.28,\N
54466216,23.31,\N
54466217,23.32,\N
54466218,21.24,\N
54466219,22.18,\N
54466220,20.63,\N
54466221,25.20,\N
54466249,24.92,\N
54466250,24.08,\N
54466251,20.59,\N
54466456,21.07,\N
54466457,23.81,\N
54466507,21.48,\N
54467560,22.05,\N
54468272,21.37,\N
54468515,20.15,\N
54469529,24.61,\N
54471043,21.35,\N
54499829,21.00,\N
54466388,25.70,\N
54466389,24.94,\N
54466455,24.34,\N
54467081,26.46,\N
54467082,24.75,\N
54467103,24.95,\N
54467104,27.08,\N
54467105,24.17,\N
54467115,27.10,\N
54467114,23.68,\N
54467117,26.35,\N
54467116,24.38,\N
54467126,27.58,\N
54467127,20.88,\N
54467129,24.64,\N
54467128,27.93,\N
54467167,24.87,\N
54467168,25.47,\N
54467169,25.30,\N
54467170,20.30,\N
54467173,25.48,\N
54467172,24.54,\N
54467174,21.69,\N
54467175,23.33,\N
54467176,23.12,\N
54467189,21.00,\N
54467188,20.87,\N
54467190,25.02,\N
54467191,25.09,\N
54467192,25.30,\N
54467193,27.57,\N
54467194,26.26,\N
54467196,19.94,\N
54467480,21.70,\N
54467481,23.59,\N
54467482,22.03,\N
54467483,27.68,\N
54467484,26.77,\N
54467485,24.79,\N
54467486,28.01,\N
54467534,24.81,\N
54467536,21.99,\N
54467537,25.04,\N
54467538,28.38,\N
54467539,21.46,\N
54467561,27.49,\N
54467562,23.11,\N
54467563,22.62,\N
54467564,26.87,\N
54467565,24.38,\N
54467567,25.51,\N
54467568,25.91,\N
54467569,24.02,\N
54467570,23.41,\N
54467956,21.52,\N
54467959,23.66,\N
54467978,23.89,\N
54468270,23.48,\N
54468271,19.52,\N
54468513,23.16,\N
54468514,25.50,\N
54468771,22.83,\N
54468801,20.33,\N
54469538,22.81,\N
54469539,19.35,\N
54470420,25.04,\N
54470729,22.67,\N
54485955,21.64,\N
54507536,22.85,\N
54467566,27.52,\N
54467571,27.49,\N
54467572,26.78,\N
54467604,23.38,\N
54467605,26.81,\N
54467606,24.20,\N
54467607,25.63,\N
54467608,26.50,\N
54467610,26.67,\N
54467609,25.11,\N
54467611,24.23,\N
54467612,25.53,\N
54467613,25.16,\N
54467614,23.84,\N
54467615,25.20,\N
54467616,23.30,\N
54467957,24.80,\N
54467958,23.99,\N
54467960,21.80,\N
54467961,25.18,\N
54467962,25.29,\N
54467963,22.55,\N
54467964,25.49,\N
54467965,23.68,\N
54467966,23.82,\N
54467967,25.54,\N
54467968,22.86,\N
54467969,25.24,\N
54467970,26.44,\N
54467971,24.62,\N
54467972,26.74,\N
54467973,25.34,\N
54467974,23.28,\N
54467975,26.30,\N
54467976,25.93,\N
54467977,29.32,\N
54467979,25.76,\N
54467980,25.66,\N
54467981,26.25,\N
54467982,23.39,\N
54467983,21.14,\N
54468267,32.20,\N
54468269,23.21,\N
54468268,24.17,\N
54468274,25.05,\N
54468275,25.41,\N
54468276,25.00,\N
54468273,23.53,\N
54468506,27.81,\N
54468509,28.45,\N
54468512,20.27,\N
54468511,27.54,\N
54468510,24.87,\N
54468519,25.57,\N
54468520,22.41,\N
54468516,25.09,\N
54468518,28.60,\N
54468517,24.54,\N
54468521,27.73,\N
54468522,25.40,\N
54468523,24.55,\N
54468524,27.30,\N
54468526,24.59,\N
54468527,28.05,\N
54468525,25.59,\N
54468528,25.07,\N
54468529,29.09,\N
54468530,26.45,\N
54468531,26.46,\N
54468533,22.79,\N
54468532,25.93,\N
54468763,26.96,\N
54468764,26.21,\N
54468765,26.01,\N
54468766,24.11,\N
54468767,23.93,\N
54468768,27.28,\N
54468769,22.43,\N
54468770,26.89,\N
54468772,26.88,\N
54468776,24.42,\N
54468778,25.44,\N
54468777,25.17,\N
54468779,25.02,\N
54468780,25.15,\N
54468781,25.50,\N
54468782,25.85,\N
54468783,21.34,\N
54468784,22.98,\N
54468786,23.43,\N
54468785,22.58,\N
54468787,23.81,\N
54468788,26.35,\N
54468789,24.72,\N
54468790,21.07,\N
54468791,20.96,\N
54468792,24.92,\N
54468793,25.90,\N
54468794,24.64,\N
54468795,25.22,\N
54468796,28.91,\N
54468797,22.17,\N
54468798,24.41,\N
54468799,24.64,\N
54468800,24.71,\N
54468802,26.47,\N
54468803,24.34,\N
54468804,23.78,\N
54469015,22.59,\N
54469017,28.04,\N
54469018,21.31,\N
54469016,24.17,\N
54469019,23.92,\N
54469020,24.62,\N
54469021,24.28,\N
54469022,19.25,\N
54469023,21.22,\N
54469024,27.76,\N
54469026,28.58,\N
54469028,21.76,\N
54469027,24.82,\N
54469029,22.81,\N
54469033,24.62,\N
54469032,29.84,\N
54469031,20.78,\N
54469030,25.25,\N
54469034,24.91,\N
54469035,22.52,\N
54469036,30.30,\N
54469037,25.25,\N
54469038,21.07,\N
54469039,26.11,\N
54469526,20.59,\N
54469527,24.46,\N
54469528,22.52,\N
54469530,26.67,\N
54469532,27.45,\N
54469533,28.33,\N
54469534,22.84,\N
54469536,24.02,\N
54469537,26.40,\N
54469535,24.76,\N
54469540,24.26,\N
54469541,26.07,\N
54469543,24.38,\N
54469542,23.39,\N
54469544,25.28,\N
54469545,24.77,\N
54469546,23.26,\N
54469547,21.74,\N
54469548,25.26,\N
54469549,22.10,\N
54469550,24.97,\N
54469551,21.09,\N
54470168,23.44,\N
54470169,27.40,\N
54470170,23.80,\N
54470171,23.88,\N
54470172,24.39,\N
54470173,25.34,\N
54470174,27.57,\N
54470175,25.84,\N
54470176,27.87,\N
54470177,22.20,\N
54470178,23.49,\N
54470179,23.93,\N
54470415,26.75,\N
54470416,25.14,\N
54470417,24.51,\N
54470418,27.02,\N
54470421,22.05,\N
54470422,25.94,\N
54470419,24.80,\N
54470424,27.62,\N
54470426,23.11,\N
54470425,25.16,\N
54470427,25.06,\N
54470719,21.75,\N
54470720,24.20,\N
54470721,21.45,\N
54470722,25.97,\N
54470723,24.60,\N
54470724,26.06,\N
54470725,22.90,\N
54470726,23.03,\N
54470727,21.58,\N
54470728,21.12,\N
54470730,24.36,\N
54470731,28.20,\N
54470732,28.45,\N
54470733,26.57,\N
54470734,21.96,\N
54470736,27.43,\N
54470735,26.22,\N
54470737,28.35,\N
54470738,24.68,\N
54470739,20.91,\N
54471037,23.33,\N
54471038,24.54,\N
54471040,27.10,\N
54471039,31.06,\N
54471041,29.55,\N
54471042,26.71,\N
54471044,24.96,\N
54471045,26.18,\N
54471046,24.21,\N
54471048,20.98,\N
54471047,25.12,\N
54471049,22.02,\N
54471050,26.74,\N
54471051,22.10,\N
54471053,23.89,\N
54471052,21.57,\N
54471055,24.44,\N
54471054,22.55,\N
54471056,25.40,\N
54471057,25.38,\N
54471058,25.29,\N
54471059,25.42,\N
54471060,24.14,\N
54471061,22.64,\N
54471062,25.68,\N
54471063,22.73,\N
54471065,27.71,\N
54471064,21.01,\N
54471066,25.59,\N
54471069,23.39,\N
54471067,28.81,\N
54471068,25.96,\N
54471070,27.80,\N
54471071,22.10,\N
54471072,27.20,\N
54471073,24.79,\N
54471074,24.29,\N
54471075,25.81,\N
54471076,25.95,\N
54471077,20.95,\N
54471078,26.01,\N
54471079,26.16,\N
54471080,25.13,\N
54471081,26.64,\N
54471082,29.21,\N
54471083,22.02,\N
54471084,21.00,\N
54471378,25.74,\N
54471379,21.09,\N
54471380,24.38,\N
54471381,26.64,\N
54471382,25.03,\N
54471384,24.55,\N
54471386,21.06,\N
54471387,19.87,\N
54471388,27.02,\N
54471389,25.62,\N
54471949,25.87,\N
54471950,24.34,\N
54471952,21.68,\N
54471951,27.36,\N
54471953,23.47,\N
54471954,26.85,\N
54471955,24.06,\N
54471956,25.07,\N
54471957,24.48,\N
54471958,27.43,\N
54471959,25.05,\N
54471961,23.63,\N
54471960,25.56,\N
54473959,32.38,\N
54473960,25.02,\N
54474811,22.25,\N
54475901,25.27,\N
54476945,24.76,\N
54478637,24.69,\N
54478639,20.69,\N
54480238,24.95,\N
54481733,25.05,\N
54482412,24.17,\N
54482434,21.00,\N
54485959,25.93,\N
54487075,21.24,\N
54490300,20.14,\N
54500033,21.70,\N
54477582,22.88,\N
54478638,23.02,\N
54479449,22.92,\N
54479448,28.45,\N
54480234,24.46,\N
54480236,24.04,\N
54480235,27.25,\N
54480237,24.73,\N
54480239,25.56,\N
54480949,27.85,\N
54480950,25.48,\N
54480951,27.42,\N
54480952,24.64,\N
54480953,28.81,\N
54480955,25.85,\N
54480956,25.41,\N
54480954,25.84,\N
54480957,29.68,\N
54480958,25.87,\N
54480960,27.76,\N
54480961,21.37,\N
54481732,27.89,\N
54481734,24.46,\N
54481735,23.10,\N
54481736,27.12,\N
54481737,27.52,\N
54481738,28.64,\N
54481739,24.55,\N
54481740,27.63,\N
54481741,26.84,\N
54481742,26.71,\N
54481743,24.13,\N
54481744,28.97,\N
54481745,28.00,\N
54481747,27.42,\N
54481746,28.88,\N
54481748,26.41,\N
54481749,24.08,\N
54481750,27.32,\N
54481751,28.41,\N
54481752,27.60,\N
54481754,26.63,\N
54481755,25.71,\N
54481753,25.06,\N
54482413,26.69,\N
54482414,26.01,\N
54482415,25.03,\N
54482416,25.47,\N
54482417,25.48,\N
54482418,26.68,\N
54482419,25.70,\N
54482420,27.04,\N
54482421,24.36,\N
54482424,22.58,\N
54482423,27.18,\N
54482422,26.42,\N
54482425,25.19,\N
54482427,24.93,\N
54482426,23.95,\N
54482428,24.23,\N
54482429,27.90,\N
54482430,28.99,\N
54482431,24.63,\N
54482432,24.34,\N
54482433,28.98,\N
54483132,25.15,\N
54483133,24.05,\N
54483134,28.69,\N
54483135,23.79,\N
54483136,25.98,\N
54483137,25.86,\N
54483138,22.29,\N
54483139,25.59,\N
54483140,26.46,\N
54483141,26.04,\N
54483142,26.29,\N
54483143,25.77,\N
54483145,21.67,\N
54483144,25.68,\N
54483146,23.18,\N
54483147,24.08,\N
54483148,26.35,\N
54483149,25.69,\N
54483150,26.91,\N
54483151,21.99,\N
54483152,21.78,\N
54483852,25.41,\N
54483854,24.12,\N
54483853,24.03,\N
54483855,26.10,\N
54483856,26.56,\N
54483857,27.01,\N
54483858,23.49,\N
54483859,20.06,\N
54483860,22.04,\N
54483861,27.68,\N
54483862,24.34,\N
54483863,27.42,\N
54484277,24.04,\N
54484278,26.53,\N
54484279,26.36,\N
54484280,22.06,\N
54484281,22.41,\N
54484282,26.70,\N
54484283,27.40,\N
54484284,19.72,\N
54484285,22.33,\N
54484286,25.56,\N
54484287,21.93,\N
54484288,25.66,\N
54485060,27.86,\N
54485061,21.08,\N
54485062,24.36,\N
54485063,25.72,\N
54485064,25.87,\N
54485065,24.92,\N
54485066,24.37,\N
54485067,23.45,\N
54485068,23.58,\N
54485070,23.18,\N
54485069,25.95,\N
54485071,22.39,\N
54485072,28.06,\N
54485073,25.29,\N
54485074,25.36,\N
54485075,23.24,\N
54485076,27.47,\N
54485077,27.54,\N
54485078,23.98,\N
54485079,23.30,\N
54485080,25.03,\N
54485081,24.12,\N
54485082,24.89,\N
54485083,27.31,\N
54485084,23.37,\N
54485085,23.84,\N
54485087,25.02,\N
54485086,24.31,\N
54485954,27.26,\N
54485956,27.31,\N
54485960,23.64,\N
54485961,25.87,\N
54485963,22.55,\N
54485964,24.91,\N
54485965,26.59,\N
54485966,24.83,\N
54485967,25.93,\N
54486541,23.19,\N
54486548,20.48,\N
54486550,25.22,\N
54487059,23.60,\N
54487271,25.01,\N
54487288,21.62,\N
54487289,21.27,\N
54487297,19.70,\N
54489166,22.78,\N
54490135,20.38,\N
54490516,22.22,\N
54490517,19.26,\N
54494252,23.31,\N
54496035,24.06,\N
54499262,20.11,\N
54485957,28.28,\N
54485958,26.57,\N
54485962,25.16,\N
54486537,26.90,\N
54486538,27.24,\N
54486539,29.19,\N
54486540,28.53,\N
54486543,24.58,\N
54486544,26.84,\N
54486545,23.09,\N
54486546,26.85,\N
54486547,24.39,\N
54486549,23.04,\N
54486551,25.58,\N
54486552,24.49,\N
54486553,25.16,\N
54486929,27.57,\N
54486930,25.39,\N
54486931,28.95,\N
54486932,25.36,\N
54486933,26.06,\N
54486934,23.32,\N
54486936,24.38,\N
54486935,23.41,\N
54486937,26.10,\N
54486940,21.84,\N
54486941,27.20,\N
54486942,26.14,\N
54486938,24.37,\N
54486939,24.63,\N
54487055,25.00,\N
54487056,25.81,\N
54487057,23.23,\N
54487058,19.30,\N
54487060,25.52,\N
54487061,27.40,\N
54487062,26.26,\N
54487063,20.20,\N
54487064,27.71,\N
54487065,22.60,\N
54487066,26.07,\N
54487067,24.85,\N
54487068,25.78,\N
54487069,23.37,\N
54487070,23.84,\N
54487072,23.60,\N
54487073,25.88,\N
54487071,24.88,\N
54487074,26.54,\N
54487267,27.34,\N
54487268,25.44,\N
54487269,25.14,\N
54487270,21.86,\N
54487272,27.02,\N
54487273,25.25,\N
54487274,30.76,\N
54487275,28.19,\N
54487276,25.31,\N
54487277,26.00,\N
54487278,26.14,\N
54487279,25.17,\N
54487280,25.48,\N
54487282,26.97,\N
54487281,26.67,\N
54487283,26.68,\N
54487284,27.17,\N
54487285,28.66,\N
54487286,23.86,\N
54487287,23.45,\N
54487290,26.72,\N
54487291,27.33,\N
54487292,25.15,\N
54487293,26.27,\N
54487295,25.24,\N
54487298,26.59,\N
54487299,22.77,\N
54487301,26.47,\N
54487300,30.34,\N
54487302,31.31,\N
54487303,20.76,\N
54487304,25.49,\N
54487940,24.99,\N
54487941,23.57,\N
54487942,25.48,\N
54487944,27.36,\N
54487943,28.13,\N
54487945,26.48,\N
54487946,25.98,\N
54487947,24.77,\N
54487948,26.66,\N
54487949,25.24,\N
54487950,22.52,\N
54487951,25.23,\N
54487952,22.53,\N
54487953,22.42,\N
54487954,22.59,\N
54487955,27.09,\N
54487956,25.16,\N
54487957,22.16,\N
54487958,26.88,\N
54488489,23.31,\N
54488491,23.58,\N
54488490,25.64,\N
54488492,22.93,\N
54488493,26.54,\N
54488494,27.61,\N
54488496,21.85,\N
54488495,27.70,\N
54488497,27.59,\N
54488498,25.23,\N
54488499,27.97,\N
54488500,26.21,\N
54489167,24.64,\N
54489168,27.54,\N
54489169,26.40,\N
54489170,26.49,\N
54489171,29.56,\N
54489172,25.92,\N
54489173,24.52,\N
54489174,27.38,\N
54489176,27.21,\N
54489175,24.25,\N
54489177,24.50,\N
54489178,24.26,\N
54489179,23.97,\N
54489180,24.92,\N
54489181,23.95,\N
54489182,23.76,\N
54489184,28.38,\N
54489183,24.50,\N
54489185,25.34,\N
54489186,27.22,\N
54489663,29.23,\N
54489664,23.25,\N
54489665,24.27,\N
54489666,25.16,\N
54489667,28.26,\N
54489668,23.47,\N
54489669,24.64,\N
54489671,26.80,\N
54489670,22.08,\N
54489672,25.11,\N
54489673,23.05,\N
54489674,25.55,\N
54489675,27.91,\N
54489678,26.34,\N
54489677,27.03,\N
54489676,24.32,\N
54490129,26.66,\N
54490130,30.76,\N
54490131,26.63,\N
54490132,24.66,\N
54490133,25.57,\N
54490134,26.38,\N
54490136,23.18,\N
54490137,23.95,\N
54490138,21.56,\N
54490141,23.32,\N
54490142,22.63,\N
54490515,24.65,\N
54490518,26.30,\N
54490519,27.27,\N
54490520,28.33,\N
54490521,25.27,\N
54490522,23.30,\N
54490523,23.58,\N
54490524,26.01,\N
54490854,26.42,\N
54490855,26.71,\N
54490856,23.82,\N
54490857,23.54,\N
54490858,29.48,\N
54490859,28.66,\N
54490860,26.31,\N
54490861,24.05,\N
54490863,22.86,\N
54490862,25.12,\N
54490864,22.89,\N
54490866,25.44,\N
54490865,26.40,\N
54490867,24.56,\N
54490868,28.62,\N
54490869,21.25,\N
54490870,22.79,\N
54490871,23.37,\N
54491551,21.20,\N
54491552,21.74,\N
54491553,26.90,\N
54491554,24.75,\N
54491555,26.61,\N
54491556,26.59,\N
54491557,26.67,\N
54491558,24.21,\N
54491562,21.76,\N
54492227,20.87,\N
54492233,21.36,\N
54492234,27.09,\N
54492235,27.08,\N
54492948,21.69,\N
54492949,21.52,\N
54492950,24.70,\N
54492951,23.51,\N
54492952,24.41,\N
54492953,25.14,\N
54493418,27.25,\N
54493419,21.29,\N
54493420,24.29,\N
54494098,19.19,\N
54494099,24.66,\N
54494152,24.13,\N
54494154,29.95,\N
54494474,25.01,\N
54494483,19.54,\N
54496202,24.39,\N
54496626,23.07,\N
54500491,22.20,\N
54494096,26.82,\N
54494097,23.83,\N
54494146,24.30,\N
54494150,24.64,\N
54494151,26.46,\N
54494153,26.31,\N
54494192,26.92,\N
54494193,24.38,\N
54494253,24.52,\N
54494254,23.27,\N
54494255,25.11,\N
54494256,26.62,\N
54494257,25.75,\N
54494468,23.06,\N
54494469,32.66,\N
54494470,24.34,\N
54494471,27.96,\N
54494472,30.30,\N
54494473,25.51,\N
54494475,24.97,\N
54494476,27.68,\N
54494477,27.86,\N
54494478,29.21,\N
54494479,26.14,\N
54494480,24.01,\N
54494481,28.47,\N
54494482,24.69,\N
54494484,29.39,\N
54494717,23.79,\N
54494718,28.52,\N
54494719,26.75,\N
54494720,25.97,\N
54494721,26.98,\N
54494722,27.84,\N
54494723,23.81,\N
54494724,27.75,\N
54494725,23.94,\N
54494726,25.15,\N
54494727,27.77,\N
54494728,25.93,\N
54494730,22.11,\N
54494729,26.54,\N
54494731,25.44,\N
54494732,25.35,\N
54494733,24.78,\N
54494734,22.75,\N
54494736,26.18,\N
54494737,25.16,\N
54494738,24.38,\N
54495414,26.14,\N
54495415,26.91,\N
54495416,22.86,\N
54495417,27.84,\N
54495418,26.47,\N
54495419,24.94,\N
54495421,26.20,\N
54495420,27.63,\N
54495422,20.10,\N
54495423,26.31,\N
54495424,25.44,\N
54495425,25.24,\N
54495426,26.94,\N
54495427,26.23,\N
54495428,26.32,\N
54495687,24.93,\N
54495429,23.69,\N
54495430,24.31,\N
54495431,25.56,\N
54495432,26.62,\N
54495433,25.52,\N
54495689,23.64,\N
54495690,26.74,\N
54495691,23.80,\N
54495692,26.27,\N
54495693,25.63,\N
54495694,24.33,\N
54495695,23.71,\N
54495696,24.96,\N
54495697,24.92,\N
54495698,26.57,\N
54495700,26.32,\N
54495699,25.72,\N
54495701,29.48,\N
54495702,23.57,\N
54495703,24.69,\N
54495704,25.71,\N
54495705,25.79,\N
54495996,24.84,\N
54495998,20.20,\N
54495997,22.74,\N
54495999,23.46,\N
54496000,20.28,\N
54496001,22.19,\N
54496003,25.47,\N
54496004,27.51,\N
54496005,21.07,\N
54496006,26.93,\N
54496007,22.97,\N
54496008,28.37,\N
54496009,22.47,\N
54496010,22.52,\N
54496015,30.22,\N
54496012,27.41,\N
54496014,25.51,\N
54496011,26.62,\N
54496013,23.66,\N
54496016,27.60,\N
54496019,26.84,\N
54496017,26.48,\N
54496020,26.10,\N
54496018,27.17,\N
54496024,28.29,\N
54496021,26.25,\N
54496022,27.48,\N
54496023,23.57,\N
54496025,21.38,\N
54496026,22.78,\N
54496028,26.77,\N
54496027,25.64,\N
54496029,23.99,\N
54496030,25.36,\N
54496031,23.11,\N
54496032,24.48,\N
54496033,29.39,\N
54496034,25.58,\N
54496187,23.59,\N
54496188,25.13,\N
54496189,26.81,\N
54496192,28.39,\N
54496190,25.31,\N
54496193,25.23,\N
54496191,23.63,\N
54496194,24.54,\N
54496195,23.27,\N
54496196,25.19,\N
54496197,27.36,\N
54496198,27.11,\N
54496199,27.04,\N
54496200,26.45,\N
54496201,26.68,\N
54496203,25.48,\N
54496206,26.03,\N
54496205,25.97,\N
54496204,24.71,\N
54496207,21.72,\N
54496208,27.06,\N
54496209,26.85,\N
54496210,27.66,\N
54496211,23.52,\N
54496212,22.04,\N
54496213,20.85,\N
54496383,27.04,\N
54496384,26.97,\N
54496385,24.81,\N
54496386,25.88,\N
54496387,31.16,\N
54496388,21.34,\N
54496389,22.68,\N
54496390,23.52,\N
54496392,29.98,\N
54496391,21.65,\N
54496393,23.68,\N
54496394,27.12,\N
54496395,29.37,\N
54496396,30.33,\N
54496397,26.35,\N
54496398,24.30,\N
54496399,28.77,\N
54496400,23.30,\N
54496401,22.50,\N
54496403,26.94,\N
54496404,25.48,\N
54496405,19.93,\N
54496402,26.15,\N
54496409,26.60,\N
54496408,25.70,\N
54496406,27.23,\N
54496407,24.34,\N
54496608,24.33,\N
54496615,26.16,\N
54496614,32.61,\N
54496616,25.95,\N
54496617,26.94,\N
54496618,27.19,\N
54496619,26.75,\N
54496620,20.64,\N
54496621,25.05,\N
54496622,22.59,\N
54496623,29.54,\N
54496624,26.72,\N
54496625,24.45,\N
54496627,22.85,\N
54496628,26.03,\N
54496629,24.47,\N
54496630,25.29,\N
54496631,24.01,\N
54496837,24.17,\N
54496838,26.51,\N
54496839,22.94,\N
54496840,24.36,\N
54496841,25.80,\N
54496842,29.97,\N
54496843,27.02,\N
54496845,29.36,\N
54496844,28.53,\N
54496846,26.77,\N
54496847,21.37,\N
54496848,22.17,\N
54496849,21.69,\N
54496850,23.88,\N
54496851,22.22,\N
54496853,27.57,\N
54496855,25.84,\N
54496852,25.87,\N
54496854,23.63,\N
54496856,22.20,\N
54496857,25.92,\N
54497048,28.06,\N
54497051,22.84,\N
54497056,25.68,\N
54497057,26.20,\N
54497058,22.68,\N
54497059,26.67,\N
54497060,24.82,\N
54497169,25.14,\N
54497171,25.68,\N
54497172,24.46,\N
54497173,22.94,\N
54497178,20.02,\N
54497453,22.91,\N
54497456,30.37,\N
54497457,27.98,\N
54497458,27.02,\N
54498338,28.65,\N
54498799,27.17,\N
54499263,23.50,\N
54499276,20.54,\N
54499607,22.36,\N
54499681,25.20,\N
54500027,22.47,\N
54500311,22.50,\N
54502649,18.03,\N
54502877,25.16,\N
54497052,27.78,\N
54497053,28.74,\N
54497054,27.41,\N
54497055,26.44,\N
54497168,25.94,\N
54497170,27.38,\N
54497174,23.26,\N
54497175,22.22,\N
54497176,27.27,\N
54497179,25.59,\N
54497180,26.21,\N
54497182,25.11,\N
54497181,31.06,\N
54497451,25.04,\N
54497452,23.22,\N
54497454,24.78,\N
54497455,27.54,\N
54497459,25.91,\N
54497461,25.91,\N
54497460,23.59,\N
54497462,24.88,\N
54497463,25.43,\N
54497464,26.25,\N
54497467,20.48,\N
54497465,26.66,\N
54497466,24.92,\N
54497468,22.81,\N
54497569,25.58,\N
54497568,25.56,\N
54497570,24.89,\N
54497571,22.12,\N
54497934,26.59,\N
54497935,25.17,\N
54497936,25.82,\N
54497937,26.20,\N
54497938,27.36,\N
54497939,22.19,\N
54498335,27.16,\N
54498336,28.42,\N
54498337,26.00,\N
54498798,25.80,\N
54498800,23.05,\N
54498801,26.80,\N
54498802,23.22,\N
54498803,27.29,\N
54499084,19.46,\N
54499086,26.64,\N
54499159,25.87,\N
54499160,25.69,\N
54499161,25.78,\N
54499162,24.18,\N
54499163,27.09,\N
54499164,28.31,\N
54499165,22.86,\N
54499166,26.73,\N
54499167,26.38,\N
54499168,25.66,\N
54499261,21.72,\N
54499265,25.11,\N
54499264,27.02,\N
54499266,19.31,\N
54499267,24.19,\N
54499268,25.48,\N
54499269,26.34,\N
54499270,24.77,\N
54499271,23.57,\N
54499272,24.55,\N
54499274,24.10,\N
54499275,26.08,\N
54499273,25.36,\N
54499462,25.87,\N
54499463,24.51,\N
54499464,20.70,\N
54499465,22.50,\N
54499466,24.93,\N
54499467,24.19,\N
54499468,26.93,\N
54499469,27.41,\N
54499470,24.45,\N
54499472,23.06,\N
54499471,22.49,\N
54499473,24.21,\N
54499474,26.00,\N
54499475,24.64,\N
54499476,21.98,\N
54499477,22.02,\N
54499608,20.83,\N
54499610,28.26,\N
54499609,27.79,\N
54499611,22.21,\N
54499612,25.17,\N
54499613,24.51,\N
54499614,25.46,\N
54499615,25.33,\N
54499616,22.60,\N
54499679,20.67,\N
54499680,22.91,\N
54499683,26.20,\N
54499684,25.43,\N
54499685,28.67,\N
54499700,22.70,\N
54499701,29.75,\N
54499709,26.27,\N
54499724,24.75,\N
54499725,26.86,\N
54499726,21.43,\N
54500497,24.32,\N
54502148,23.69,\N
54499742,26.85,\N
54499771,21.12,\N
54499792,27.37,\N
54499797,24.98,\N
54499796,28.18,\N
54499798,27.92,\N
54499799,26.67,\N
54499800,27.15,\N
54499801,29.75,\N
54499802,26.19,\N
54499830,25.82,\N
54499831,26.83,\N
54499833,22.27,\N
54499834,27.46,\N
54499832,26.04,\N
54499836,27.90,\N
54499835,26.90,\N
54499837,26.48,\N
54499840,27.20,\N
54499839,26.45,\N
54499838,26.59,\N
54500026,25.58,\N
54500025,24.17,\N
54500028,25.25,\N
54500029,26.95,\N
54500030,23.80,\N
54500031,26.05,\N
54500032,21.37,\N
54500034,23.24,\N
54500035,24.24,\N
54500036,23.34,\N
54500037,24.08,\N
54500038,26.19,\N
54500039,24.27,\N
54500040,25.32,\N
54500312,26.97,\N
54500313,27.96,\N
54500314,24.42,\N
54500316,26.14,\N
54500315,25.40,\N
54500317,29.34,\N
54500318,25.05,\N
54500319,24.43,\N
54500320,25.37,\N
54500322,23.49,\N
54500321,26.50,\N
54500323,25.96,\N
54500325,25.97,\N
54500326,27.73,\N
54500324,23.56,\N
54500488,21.55,\N
54500489,25.11,\N
54500490,23.94,\N
54500492,23.67,\N
54500493,26.95,\N
54500494,24.63,\N
54500495,25.12,\N
54500496,22.75,\N
54500498,26.23,\N
54500499,23.38,\N
54500500,28.38,\N
54500501,24.16,\N
54500503,24.57,\N
54500504,28.13,\N
54500502,24.75,\N
54500506,27.38,\N
54500505,24.93,\N
54500508,21.83,\N
54500507,28.11,\N
54500509,23.92,\N
54500705,26.94,\N
54500706,26.14,\N
54500708,22.35,\N
54500707,28.86,\N
54500709,23.54,\N
54500714,25.59,\N
54500711,27.55,\N
54500712,28.17,\N
54500713,27.72,\N
54500710,25.35,\N
54500715,26.80,\N
54500716,25.02,\N
54500717,23.02,\N
54500718,22.47,\N
54500719,22.52,\N
54500720,20.52,\N
54500721,20.47,\N
54500890,21.56,\N
54500891,28.86,\N
54500893,27.26,\N
54500892,27.56,\N
54500894,26.85,\N
54500895,26.63,\N
54500896,19.59,\N
54500897,27.25,\N
54500946,25.27,\N
54500945,22.73,\N
54500948,25.65,\N
54500949,25.60,\N
54500950,27.85,\N
54501472,28.32,\N
54501473,25.94,\N
54501474,25.61,\N
54501475,21.97,\N
54501476,23.07,\N
54501477,24.34,\N
54501816,24.14,\N
54501815,21.16,\N
54501817,27.22,\N
54501818,26.13,\N
54501819,25.05,\N
54501820,24.98,\N
54501822,26.61,\N
54501821,25.50,\N
54501823,27.00,\N
54501824,27.05,\N
54501825,26.01,\N
54502145,29.36,\N
54502144,26.93,\N
54502146,26.43,\N
54502147,23.57,\N
54502149,22.59,\N
54502150,23.80,\N
54502151,26.39,\N
54502152,24.27,\N
54502153,27.43,\N
54502154,24.70,\N
54502155,23.03,\N
54502156,26.30,\N
54502157,22.28,\N
54502158,25.55,\N
54502159,23.42,\N
54502160,25.13,\N
54502161,23.10,\N
54502163,22.69,\N
54502162,23.41,\N
54502164,20.41,\N
54502165,26.07,\N
54502166,23.93,\N
54502167,22.19,\N
54502168,20.90,\N
54502450,26.45,\N
54502451,21.30,\N
54502452,24.85,\N
54502453,21.99,\N
54502454,25.36,\N
54502455,21.94,\N
54502456,24.55,\N
54502457,24.65,\N
54502458,25.46,\N
54502459,24.27,\N
54502460,22.21,\N
54502464,22.52,\N
54502465,26.67,\N
54502471,25.79,\N
54502470,25.23,\N
54502467,23.04,\N
54502468,24.19,\N
54502647,22.47,\N
54502648,21.29,\N
54502650,27.89,\N
54502651,23.36,\N
54502658,21.32,\N
54502659,22.29,\N
54502660,19.81,\N
54502665,25.38,\N
54502869,22.18,\N
54503173,27.32,\N
54503186,24.68,\N
54503192,21.66,\N
54503199,27.70,\N
54505038,25.14,\N
54505718,24.80,\N
54506452,20.93,\N
54502461,31.64,\N
54502462,26.12,\N
54502463,26.44,\N
54502466,22.34,\N
54502469,27.08,\N
54502652,28.61,\N
54502653,27.34,\N
54502654,27.55,\N
54502655,28.68,\N
54502656,23.87,\N
54502657,23.83,\N
54502664,23.80,\N
54502663,24.42,\N
54502662,24.49,\N
54502666,24.56,\N
54502667,25.38,\N
54502668,27.04,\N
54502669,22.87,\N
54502670,24.97,\N
54502866,26.69,\N
54502867,24.01,\N
54502868,20.47,\N
54502870,32.95,\N
54502871,27.62,\N
54502872,22.60,\N
54502873,23.80,\N
54502874,23.68,\N
54502875,25.62,\N
54502876,23.80,\N
54502879,27.66,\N
54502878,26.82,\N
54502880,27.86,\N
54502881,23.16,\N
54502882,28.12,\N
54502883,24.71,\N
54502884,24.55,\N
54502885,23.35,\N
54502886,25.88,\N
54502887,24.60,\N
54502888,24.60,\N
54502889,25.23,\N
54502890,24.86,\N
54502891,27.47,\N
54502892,26.37,\N
54502893,23.00,\N
54503170,27.47,\N
54503171,24.87,\N
54503172,26.62,\N
54503174,28.10,\N
54503175,27.43,\N
54503176,23.86,\N
54503177,27.89,\N
54503178,26.86,\N
54503179,24.64,\N
54503180,27.12,\N
54503181,24.54,\N
54503182,23.94,\N
54503183,29.31,\N
54503184,21.40,\N
54503185,26.54,\N
54503187,23.55,\N
54503188,26.84,\N
54503189,28.04,\N
54503190,26.39,\N
54503191,27.98,\N
54503193,26.38,\N
54503194,24.25,\N
54503195,26.15,\N
54503196,24.58,\N
54503197,27.72,\N
54503198,27.39,\N
54503200,32.06,\N
54503201,25.71,\N
54503202,28.77,\N
54503203,26.69,\N
54503204,24.38,\N
54503205,27.09,\N
54503206,25.25,\N
54503207,20.91,\N
54503208,26.84,\N
54503209,22.07,\N
54503211,24.77,\N
54503210,23.75,\N
54503212,24.36,\N
54503213,24.44,\N
54503214,23.48,\N
54503215,26.80,\N
54503217,25.46,\N
54503216,23.36,\N
54503218,23.70,\N
54503219,25.55,\N
54503220,26.39,\N
54503221,23.05,\N
54503837,24.76,\N
54503838,24.17,\N
54503841,28.80,\N
54503839,26.33,\N
54503840,23.02,\N
54503842,24.15,\N
54503843,25.77,\N
54503844,22.91,\N
54503845,23.97,\N
54503846,25.57,\N
54503847,25.37,\N
54503848,24.09,\N
54503849,22.45,\N
54503850,23.87,\N
54503851,25.26,\N
54503852,25.37,\N
54504536,26.05,\N
54504537,25.99,\N
54504538,25.80,\N
54504543,26.49,\N
54504539,26.48,\N
54504540,25.39,\N
54504542,21.86,\N
54504546,28.10,\N
54504547,29.40,\N
54504541,21.23,\N
54504544,23.34,\N
54504545,21.12,\N
54504548,30.55,\N
54504549,27.07,\N
54504550,24.60,\N
54504551,23.97,\N
54504556,24.84,\N
54504552,23.89,\N
54504554,26.74,\N
54504555,23.00,\N
54504553,24.78,\N
54504558,28.17,\N
54504557,27.61,\N
54504559,26.50,\N
54504560,26.10,\N
54504561,24.74,\N
54504562,20.33,\N
54504563,22.99,\N
54504564,28.18,\N
54504565,21.38,\N
54504566,25.38,\N
54504567,27.96,\N
54504568,24.27,\N
54504569,27.19,\N
54504570,21.61,\N
54504571,24.59,\N
54504572,21.78,\N
54504573,21.54,\N
54504574,25.72,\N
54505031,22.79,\N
54505032,21.34,\N
54505034,20.84,\N
54505035,23.00,\N
54505037,20.64,\N
54505036,28.74,\N
54505039,25.50,\N
54505040,22.77,\N
54505041,26.49,\N
54505043,24.11,\N
54505042,19.14,\N
54505044,22.41,\N
54505046,23.30,\N
54505045,25.20,\N
54505047,28.06,\N
54505048,22.57,\N
54505049,25.64,\N
54505050,25.91,\N
54505051,27.58,\N
54505052,25.12,\N
54505715,26.08,\N
54505716,22.78,\N
54505717,27.15,\N
54505719,21.03,\N
54505720,25.27,\N
54505721,24.57,\N
54505722,26.66,\N
54505723,22.89,\N
54505725,27.97,\N
54505726,26.90,\N
54505727,28.09,\N
54505728,24.47,\N
54505729,24.83,\N
54505730,26.99,\N
54505731,24.11,\N
54505732,28.77,\N
54505733,23.71,\N
54505734,23.96,\N
54505735,23.42,\N
54506138,29.28,\N
54506139,28.68,\N
54506140,23.05,\N
54506141,26.76,\N
54506142,25.91,\N
54506144,27.23,\N
54506146,23.38,\N
54506147,22.57,\N
54506148,23.86,\N
54506149,22.56,\N
54506151,19.47,\N
54506446,26.14,\N
54506447,25.66,\N
54506448,24.91,\N
54506449,26.02,\N
54506451,23.62,\N
54506453,25.84,\N
54506454,26.51,\N
54506455,24.82,\N
54506456,26.85,\N
54506458,25.23,\N
54506457,23.49,\N
54506459,24.91,\N
54506460,24.42,\N
54506461,21.99,\N
54506462,24.30,\N
54506463,21.22,\N
54506548,22.37,\N
54506549,26.52,\N
54506550,25.33,\N
54506551,28.28,\N
54506552,17.60,\N
54506553,22.23,\N
54506555,30.44,\N
54506554,26.73,\N
54506556,22.21,\N
54506557,20.41,\N
54506558,23.90,\N
54506559,22.67,\N
54506633,23.57,\N
54506634,23.91,\N
54506635,27.36,\N
54506677,21.32,\N
54506678,21.29,\N
54506982,27.14,\N
54507069,23.63,\N
54507070,22.02,\N
54507534,26.00,\N
54511077,19.31,\N
54507391,26.66,\N
54507392,25.54,\N
54507429,27.26,\N
54507430,27.34,\N
54507431,20.89,\N
54507432,24.16,\N
54507433,23.35,\N
54507434,25.24,\N
54507524,22.24,\N
54507525,29.24,\N
54507527,27.39,\N
54507526,27.25,\N
54507528,25.53,\N
54507529,27.11,\N
54507530,23.65,\N
54507531,21.67,\N
54507532,20.26,\N
54507533,26.47,\N
54507535,24.54,\N
54507537,23.22,\N
54507928,23.29,\N
54507929,23.60,\N
54507930,27.47,\N
54507931,24.38,\N
54507932,23.84,\N
54507934,24.09,\N
54507933,23.54,\N
54507935,25.39,\N
54507936,19.20,\N
54507937,24.97,\N
54507938,27.32,\N
54508751,28.11,\N
54508752,25.23,\N
54508753,26.22,\N
54508754,22.77,\N
54508755,25.37,\N
54508756,22.47,\N
54508757,24.30,\N
54508758,26.31,\N
54508759,21.76,\N
54508761,24.87,\N
54508760,25.23,\N
54508762,26.58,\N
54509018,24.21,\N
54509019,22.07,\N
54509020,25.43,\N
54509021,21.49,\N
54509022,26.76,\N
54509024,25.64,\N
54509025,20.27,\N
54509026,25.75,\N
54509027,28.10,\N
54509028,22.59,\N
54509029,25.13,\N
54509030,23.82,\N
54509031,24.56,\N
54509032,23.25,\N
54509033,25.05,\N
54509034,23.65,\N
54509089,25.39,\N
54509090,24.90,\N
54509092,20.76,\N
54509091,21.18,\N
54509093,21.90,\N
54509094,21.63,\N
54509095,23.33,\N
54509096,30.56,\N
54509097,25.45,\N
54509098,26.49,\N
54509099,26.30,\N
54509100,25.08,\N
54509101,26.69,\N
54509102,21.03,\N
54509161,24.86,\N
54509162,26.95,\N
54509163,26.14,\N
54509164,27.60,\N
54509165,26.11,\N
54509166,24.54,\N
54509167,22.59,\N
54509168,23.50,\N
54509169,27.77,\N
54509170,18.79,\N
54509616,24.66,\N
54509618,22.55,\N
54509619,26.16,\N
54509620,23.39,\N
54509621,23.93,\N
54509622,23.73,\N
54509623,25.70,\N
54509624,19.04,\N
54509625,27.01,\N
54509626,23.09,\N
54509627,20.65,\N
54509628,26.44,\N
54509629,21.73,\N
54509630,27.98,\N
54509631,27.15,\N
54509632,23.60,\N
54509633,26.27,\N
54509634,24.52,\N
54509635,25.57,\N
54509636,22.08,\N
54509637,21.23,\N
54509638,23.90,\N
54509639,24.45,\N
54509640,20.84,\N
54509641,24.95,\N
54509642,25.50,\N
54509643,22.17,\N
54509644,24.95,\N
54510153,20.05,\N
54510152,26.04,\N
54510154,25.75,\N
54510155,27.00,\N
54510156,21.71,\N
54510157,25.44,\N
54510158,22.53,\N
54510159,24.62,\N
54510160,22.00,\N
54510161,23.77,\N
54510164,24.34,\N
54510165,29.75,\N
54510166,25.91,\N
54510167,25.54,\N
54510168,26.39,\N
54510169,24.55,\N
54510171,25.03,\N
54511075,22.25,\N
54511074,23.21,\N
54511076,20.04,\N
54511078,25.76,\N
54511079,20.93,\N
54511080,24.95,\N
54511081,29.40,\N
54511082,24.82,\N
54511083,25.39,\N
54511084,27.09,\N
54511086,28.21,\N
54511085,25.11,\N
54511087,26.06,\N
54511088,22.66,\N
54511089,24.67,\N
54511090,20.81,\N
54511091,22.09,\N
54511092,21.03,\N
54511093,23.11,\N
54511094,22.40,\N
54511095,22.12,\N
54511096,24.60,\N
54511097,23.82,\N
54511098,27.11,\N
54511099,22.87,\N
54511953,32.15,\N
54511955,26.13,\N
54511954,28.73,\N
54511956,23.68,\N
54511957,28.53,\N
54511958,26.96,\N
54511959,25.38,\N
54511960,27.80,\N
54511961,24.16,\N
54511962,28.78,\N
54511963,27.84,\N
54511964,27.91,\N
54512599,23.68,\N
54512601,21.74,\N
54512602,22.35,\N
54512603,25.66,\N
54512604,26.39,\N
54512606,22.35,\N
54512607,25.74,\N
54512608,27.82,\N
54512610,27.27,\N
54512611,20.41,\N
54512612,26.33,\N
54512613,26.86,\N
54512614,24.86,\N
54512615,25.17,\N
54512616,26.10,\N
54512617,26.75,\N
54513028,26.18,\N
54513029,23.66,\N
54513030,23.68,\N
54513031,23.92,\N
54513033,25.45,\N
54513034,25.81,\N
54513036,23.60,\N
54513037,20.24,\N
54513038,27.33,\N
54513040,26.54,\N
54513042,22.34,\N
54513043,22.85,\N
54513039,19.68,\N
54513044,25.90,\N
54513045,24.53,\N
54513046,27.02,\N
54513048,25.23,\N
54513655,20.49,\N
54513662,20.84,\N
54514031,24.82,\N
54514036,22.29,\N
54514236,23.53,\N
54514239,23.20,\N
54514240,23.41,\N
54514241,21.69,\N
54514247,26.87,\N
54514891,24.00,\N
54514890,26.52,\N
54514892,24.84,\N
54514897,23.52,\N
54516133,20.07,\N
54513041,25.05,\N
54513047,27.13,\N
54513049,29.02,\N
54513653,23.86,\N
54513657,25.74,\N
54513658,25.05,\N
54513660,25.24,\N
54513661,24.27,\N
54513664,25.36,\N
54513663,23.77,\N
54513665,24.59,\N
54514028,24.91,\N
54514029,28.75,\N
54514030,24.48,\N
54514032,23.43,\N
54514034,24.40,\N
54514035,25.72,\N
54514037,20.95,\N
54514038,22.99,\N
54514235,21.49,\N
54514237,21.70,\N
54514238,25.87,\N
54514242,25.08,\N
54514243,26.16,\N
54514244,26.89,\N
54514245,23.61,\N
54514246,22.22,\N
54514248,27.75,\N
54514249,29.49,\N
54514250,28.27,\N
54514251,23.53,\N
54514252,23.92,\N
54514253,22.50,\N
54514673,25.75,\N
54514672,27.94,\N
54514674,22.81,\N
54514675,22.89,\N
54514676,21.94,\N
54514677,24.35,\N
54514888,22.93,\N
54514893,26.85,\N
54514895,23.18,\N
54514896,27.48,\N
54514894,26.09,\N
54514898,22.52,\N
54514899,25.33,\N
54514900,26.76,\N
54514901,24.68,\N
54514902,22.50,\N
54514903,20.62,\N
54514904,23.49,\N
54514905,21.82,\N
54514906,22.75,\N
54515070,26.16,\N
54515071,27.04,\N
54515072,26.36,\N
54515075,26.24,\N
54515076,21.51,\N
54515077,26.88,\N
54515078,23.54,\N
54515306,23.77,\N
54515307,24.34,\N
54515308,25.70,\N
54515309,20.95,\N
54515310,22.20,\N
54515311,23.67,\N
54515312,28.31,\N
54515423,26.17,\N
54515424,20.55,\N
54515425,22.76,\N
54515426,23.26,\N
54515742,25.81,\N
54515743,21.13,\N
54515856,25.43,\N
54515857,24.40,\N
54516006,25.91,\N
54516042,29.24,\N
54516066,19.34,\N
54516067,24.57,\N
54516132,29.75,\N
54516466,24.98,\N
54516838,21.29,\N
54517532,21.11,\N
54516116,23.62,\N
54516117,20.98,\N
54516130,26.73,\N
54516131,27.05,\N
54516179,23.89,\N
54516180,24.75,\N
54516182,20.76,\N
54516181,25.29,\N
54516183,26.20,\N
54516184,24.09,\N
54516185,25.56,\N
54516186,23.27,\N
54516187,26.31,\N
54516188,26.57,\N
54516189,27.43,\N
54516190,26.23,\N
54516260,26.49,\N
54516261,23.64,\N
54516262,26.82,\N
54516263,26.53,\N
54516264,27.74,\N
54516265,25.63,\N
54516457,24.57,\N
54516458,27.89,\N
54516459,27.59,\N
54516460,27.42,\N
54516461,26.79,\N
54516462,29.68,\N
54516463,26.47,\N
54516464,26.43,\N
54516465,25.39,\N
54516468,23.50,\N
54516467,26.29,\N
54516469,28.67,\N
54516840,27.21,\N
54516839,23.59,\N
54516841,23.36,\N
54516842,20.96,\N
54516843,21.58,\N
54516844,22.18,\N
54516845,24.44,\N
54516846,27.68,\N
54516847,24.75,\N
54516848,25.99,\N
54516850,25.64,\N
54516849,24.51,\N
54517084,23.41,\N
54517086,25.12,\N
54517087,24.72,\N
54517088,24.66,\N
54517089,25.31,\N
54517090,25.51,\N
54517092,27.79,\N
54517091,23.46,\N
54517093,26.14,\N
54517095,26.70,\N
54517094,26.82,\N
54517096,21.72,\N
54517097,25.80,\N
54517098,20.41,\N
54517099,19.91,\N
54517101,26.30,\N
54517237,26.02,\N
54517238,23.33,\N
54517239,25.51,\N
54517240,21.01,\N
54517242,27.72,\N
54517327,25.16,\N
54517328,23.72,\N
54517329,24.94,\N
54517330,26.54,\N
54517331,28.15,\N
54517332,25.79,\N
54517335,26.50,\N
54517334,27.31,\N
54517336,25.82,\N
54517337,23.19,\N
54517338,22.61,\N
54517339,23.13,\N
54517340,25.92,\N
54517341,29.27,\N
54517342,24.93,\N
54517526,24.49,\N
54517527,28.51,\N
54517528,28.60,\N
54517529,24.47,\N
54517530,23.49,\N
54517531,27.25,\N
54517535,24.09,\N
54517534,26.86,\N
54517536,20.49,\N
54517533,19.59,\N
54517641,24.68,\N
54517642,28.33,\N
54517643,24.63,\N
54517676,22.65,\N
54517678,22.62,\N
54517677,24.83,\N
54517681,22.56,\N
54517682,27.09,\N
54517680,28.23,\N
54517679,23.43,\N
54517683,31.82,\N
54517684,21.18,\N
54517685,22.96,\N
54517721,24.55,\N
54517722,24.68,\N
54517723,19.82,\N
54517724,29.92,\N
54517725,25.04,\N
54517726,25.39,\N
54517793,22.16,\N
54517794,25.13,\N
54517901,23.02,\N
54518040,24.61,\N
54518671,21.24,\N
54518884,20.98,\N
54519245,19.38,\N
54520796,26.61,\N
54518074,26.14,\N
54518075,24.57,\N
54518076,27.57,\N
54518077,28.45,\N
54518078,27.13,\N
54518083,29.86,\N
54518082,26.58,\N
54518080,27.40,\N
54518081,28.28,\N
54518079,28.25,\N
54518084,22.51,\N
54518085,26.96,\N
54518622,26.03,\N
54518623,26.36,\N
54518624,23.53,\N
54518626,24.43,\N
54518625,25.36,\N
54518627,23.42,\N
54518628,25.79,\N
54518629,24.14,\N
54518630,26.91,\N
54518664,20.59,\N
54518665,26.52,\N
54518666,25.29,\N
54518667,25.44,\N
54518668,27.86,\N
54518669,24.53,\N
54518670,28.18,\N
54518672,22.26,\N
54518673,23.00,\N
54518674,25.72,\N
54518675,24.29,\N
54518676,26.93,\N
54518677,28.21,\N
54518706,27.98,\N
54518707,25.36,\N
54518709,27.75,\N
54518710,26.32,\N
54518708,25.70,\N
54518711,28.72,\N
54518715,26.20,\N
54518714,30.41,\N
54518713,26.99,\N
54518712,25.37,\N
54518716,27.26,\N
54518717,24.23,\N
54518882,23.92,\N
54518883,24.56,\N
54518885,29.36,\N
54518886,26.11,\N
54518888,25.41,\N
54518887,26.71,\N
54518889,25.19,\N
54518915,26.85,\N
54518916,23.78,\N
54518917,23.38,\N
54518919,23.82,\N
54518918,24.34,\N
54518920,21.36,\N
54518921,23.84,\N
54518922,27.91,\N
54518923,24.46,\N
54519236,22.69,\N
54519237,23.50,\N
54519238,23.55,\N
54519239,22.59,\N
54519240,22.48,\N
54519241,23.51,\N
54519242,21.02,\N
54519243,24.74,\N
54519244,28.21,\N
54519247,25.33,\N
54519248,27.03,\N
54519246,27.06,\N
54519249,20.28,\N
54519250,25.99,\N
54519251,23.60,\N
54519252,25.38,\N
54519253,24.97,\N
54519254,23.00,\N
54519255,25.46,\N
54519353,22.98,\N
54519354,24.07,\N
54519355,23.41,\N
54519356,24.75,\N
54519477,25.48,\N
54519649,27.88,\N
54519691,22.55,\N
54519692,21.23,\N
54519878,26.16,\N
54519949,24.13,\N
54521217,29.43,\N
54522521,21.41,\N
54519950,22.04,\N
54519970,23.46,\N
54519969,27.52,\N
54519971,24.10,\N
54519989,23.85,\N
54519990,28.19,\N
54519992,22.55,\N
54519993,27.13,\N
54519994,28.04,\N
54519995,23.43,\N
54519996,26.13,\N
54519997,27.87,\N
54519998,25.47,\N
54519999,26.62,\N
54520035,29.93,\N
54520036,25.01,\N
54520037,24.49,\N
54520038,25.32,\N
54520039,27.88,\N
54520040,26.22,\N
54520041,30.90,\N
54520043,26.35,\N
54520042,26.00,\N
54520091,25.08,\N
54520093,27.09,\N
54520092,25.99,\N
54520159,19.34,\N
54520160,25.04,\N
54520161,24.96,\N
54520162,27.50,\N
54520163,26.42,\N
54520164,25.31,\N
54520165,30.24,\N
54520166,27.79,\N
54520167,24.74,\N
54520168,24.42,\N
54520169,27.10,\N
54520170,27.96,\N
54520172,23.60,\N
54520171,27.37,\N
54520173,30.32,\N
54520174,28.66,\N
54520175,22.76,\N
54520176,21.90,\N
54520177,25.58,\N
54520178,24.53,\N
54520179,24.81,\N
54520180,25.57,\N
54520182,24.91,\N
54520181,22.78,\N
54520183,23.77,\N
54520302,26.81,\N
54520303,19.89,\N
54520304,24.87,\N
54520305,26.42,\N
54520306,25.78,\N
54520307,25.27,\N
54520308,25.37,\N
54520309,27.42,\N
54520310,25.27,\N
54520311,26.67,\N
54520312,24.54,\N
54520315,26.63,\N
54520313,24.25,\N
54520314,28.02,\N
54520316,27.94,\N
54520317,25.75,\N
54520318,24.57,\N
54520319,29.56,\N
54520320,23.29,\N
54520321,27.20,\N
54520322,23.73,\N
54520323,23.40,\N
54520324,28.08,\N
54520325,25.73,\N
54520326,25.18,\N
54520327,24.83,\N
54520329,23.72,\N
54520328,27.10,\N
54520330,22.37,\N
54520331,24.17,\N
54520332,24.50,\N
54520333,25.53,\N
54520336,28.05,\N
54520335,24.81,\N
54520334,25.16,\N
54520337,24.81,\N
54520338,22.37,\N
54520339,25.87,\N
54520340,23.09,\N
54520341,26.10,\N
54520515,24.14,\N
54520516,24.82,\N
54520517,25.25,\N
54520518,25.55,\N
54520519,25.99,\N
54520521,21.60,\N
54520520,24.89,\N
54520523,26.38,\N
54520522,27.93,\N
54520525,21.33,\N
54520524,24.49,\N
54520526,24.77,\N
54520527,26.18,\N
54520528,27.75,\N
54520529,24.98,\N
54520532,25.47,\N
54520530,22.66,\N
54520531,25.74,\N
54520533,19.84,\N
54520534,27.25,\N
54520536,24.49,\N
54520535,27.85,\N
54520538,27.70,\N
54520537,23.20,\N
54520704,28.51,\N
54520705,26.52,\N
54520706,25.08,\N
54520708,25.15,\N
54520710,29.38,\N
54520709,28.00,\N
54520711,25.43,\N
54520712,24.74,\N
54520713,23.28,\N
54520714,25.50,\N
54520716,25.17,\N
54520715,25.47,\N
54520717,23.65,\N
54520718,22.45,\N
54520788,30.17,\N
54520789,23.31,\N
54520790,24.78,\N
54520791,27.38,\N
54520792,27.00,\N
54520793,26.26,\N
54520794,23.90,\N
54520795,24.26,\N
54520798,24.00,\N
54520797,25.03,\N
54520799,24.41,\N
54520800,27.28,\N
54520802,21.83,\N
54520801,23.46,\N
54520803,25.21,\N
54520804,22.15,\N
54520805,23.82,\N
54520806,27.43,\N
54520809,22.61,\N
54520807,27.10,\N
54520808,25.14,\N
54520811,22.38,\N
54520810,22.14,\N
54520813,21.67,\N
54520812,25.12,\N
54520814,24.56,\N
54520815,29.45,\N
54520816,25.76,\N
54520817,22.93,\N
54520818,26.24,\N
54520819,25.06,\N
54520820,22.73,\N
54520917,21.67,\N
54520915,27.46,\N
54520916,27.66,\N
54520918,25.24,\N
54520919,26.95,\N
54520921,28.10,\N
54520920,26.88,\N
54520922,24.25,\N
54520923,25.00,\N
54520924,23.22,\N
54520925,23.70,\N
54520926,24.94,\N
54520927,26.11,\N
54520928,27.50,\N
54521219,26.12,\N
54521220,23.73,\N
54521222,27.15,\N
54521224,25.84,\N
54521223,25.67,\N
54521225,26.95,\N
54521226,23.75,\N
54521227,25.57,\N
54521228,22.77,\N
54521229,26.04,\N
54521230,23.53,\N
54521606,23.90,\N
54521608,26.23,\N
54521609,27.52,\N
54521610,26.40,\N
54521611,28.32,\N
54521612,24.20,\N
54521613,27.23,\N
54521614,23.93,\N
54521615,24.70,\N
54521616,23.01,\N
54521617,24.43,\N
54521618,24.57,\N
54521706,25.39,\N
54521707,20.81,\N
54521708,29.06,\N
54521709,26.33,\N
54521710,26.93,\N
54521711,26.59,\N
54521712,28.82,\N
54521713,27.20,\N
54521714,24.50,\N
54521716,25.69,\N
54521715,26.53,\N
54521717,24.70,\N
54521718,27.54,\N
54521719,24.67,\N
54521722,25.41,\N
54521724,26.43,\N
54521723,24.58,\N
54521725,24.32,\N
54521726,25.90,\N
54521727,25.34,\N
54521728,24.66,\N
54521729,29.14,\N
54521730,20.75,\N
54522093,27.49,\N
54522095,22.62,\N
54522098,21.33,\N
54522100,22.04,\N
54522102,22.55,\N
54522254,18.99,\N
54522255,22.87,\N
54522527,23.82,\N
54522537,20.49,\N
54522536,20.40,\N
54522542,21.24,\N
54522846,25.12,\N
54522923,22.75,\N
54523344,22.03,\N
54523639,28.26,\N
54524048,22.32,\N
54524320,23.40,\N
54524505,18.76,\N
54524533,25.47,\N
54525104,20.58,\N
54602979,22.36,\N
54521720,25.95,\N
54521721,21.65,\N
54521731,24.55,\N
54522094,26.34,\N
54522096,25.99,\N
54522097,23.63,\N
54522099,24.48,\N
54522101,28.54,\N
54522252,29.27,\N
54522253,28.09,\N
54522256,27.26,\N
54522257,23.20,\N
54522258,21.84,\N
54522259,22.57,\N
54522260,24.34,\N
54522261,25.72,\N
54522522,23.81,\N
54522523,27.25,\N
54522525,23.39,\N
54522524,25.22,\N
54522526,26.80,\N
54522528,24.87,\N
54522529,27.27,\N
54522530,26.32,\N
54522531,21.21,\N
54522533,22.48,\N
54522532,25.65,\N
54522535,26.84,\N
54522534,23.62,\N
54522538,24.46,\N
54522539,22.07,\N
54522540,23.91,\N
54522541,23.43,\N
54522546,25.04,\N
54522547,23.97,\N
54522689,22.55,\N
54522690,28.56,\N
54522691,30.76,\N
54522692,26.59,\N
54522693,28.66,\N
54522694,26.59,\N
54522696,24.38,\N
54522695,26.61,\N
54522864,26.79,\N
54522865,24.59,\N
54522866,25.26,\N
54522867,26.36,\N
54522868,25.56,\N
54522869,28.61,\N
54522871,25.61,\N
54522870,27.28,\N
54522918,26.77,\N
54522920,27.68,\N
54522919,27.53,\N
54522921,23.47,\N
54522922,22.55,\N
54523149,26.40,\N
54523430,26.80,\N
54523429,23.57,\N
54523432,22.54,\N
54523433,21.90,\N
54523488,25.75,\N
54523489,22.14,\N
54523490,24.61,\N
54523640,24.01,\N
54523641,21.05,\N
54523821,26.32,\N
54523978,18.05,\N
54524053,18.77,\N
54526265,22.82,\N
54526834,21.65,\N
54523820,22.48,\N
54523832,24.05,\N
54523942,28.75,\N
54523943,23.83,\N
54523944,24.72,\N
54523976,26.60,\N
54523977,27.35,\N
54523979,27.92,\N
54523981,25.09,\N
54523980,26.24,\N
54523983,24.80,\N
54523982,27.65,\N
54523984,23.77,\N
54523985,27.23,\N
54523986,23.36,\N
54523987,25.25,\N
54523988,26.00,\N
54523989,27.16,\N
54524049,22.29,\N
54524050,25.94,\N
54524051,24.00,\N
54524052,26.50,\N
54524054,27.53,\N
54524055,26.12,\N
54524056,26.88,\N
54524057,27.68,\N
54524058,27.30,\N
54524115,25.79,\N
54524116,23.91,\N
54524118,23.29,\N
54524125,26.80,\N
54524120,26.85,\N
54524123,26.95,\N
54524124,26.54,\N
54524121,28.39,\N
54524122,27.49,\N
54524126,25.13,\N
54524127,27.10,\N
54524128,22.01,\N
54524129,24.20,\N
54524131,26.34,\N
54524130,26.84,\N
54524306,25.23,\N
54524307,25.95,\N
54524308,25.74,\N
54524309,27.93,\N
54524310,26.24,\N
54524311,27.72,\N
54524312,26.71,\N
54524313,28.08,\N
54524315,23.32,\N
54524314,23.73,\N
54524316,21.10,\N
54524317,27.40,\N
54524318,24.02,\N
54524319,29.05,\N
54524321,23.69,\N
54524322,24.11,\N
54524323,26.40,\N
54524324,26.57,\N
54524325,20.44,\N
54524326,25.79,\N
54524331,25.27,\N
54524327,28.29,\N
54524332,20.95,\N
54524328,23.98,\N
54524330,23.37,\N
54524329,25.56,\N
54524497,22.68,\N
54524498,21.75,\N
54524499,23.69,\N
54524500,22.74,\N
54524610,22.34,\N
54524506,26.06,\N
54524507,26.88,\N
54524508,20.36,\N
54524510,24.17,\N
54524509,25.32,\N
54524511,23.18,\N
54524513,24.34,\N
54524514,23.79,\N
54524515,25.56,\N
54524516,25.61,\N
54524517,22.83,\N
54524518,23.67,\N
54524519,23.00,\N
54524520,26.05,\N
54524521,25.53,\N
54524522,24.45,\N
54524523,28.60,\N
54524525,20.59,\N
54524524,20.26,\N
54524526,23.14,\N
54524527,24.40,\N
54524532,23.90,\N
54524528,27.47,\N
54524531,25.70,\N
54524529,24.97,\N
54524530,24.98,\N
54524534,27.04,\N
54524627,22.73,\N
54524628,29.40,\N
54524629,30.91,\N
54524630,28.30,\N
54524631,26.32,\N
54524632,26.21,\N
54524633,24.79,\N
54524634,30.73,\N
54524635,24.86,\N
54524637,26.82,\N
54524636,27.07,\N
54524638,25.09,\N
54524639,26.40,\N
54524641,22.38,\N
54524640,26.06,\N
54524643,24.20,\N
54524642,23.40,\N
54524644,24.04,\N
54524645,26.64,\N
54524646,27.28,\N
54524647,28.11,\N
54524721,28.48,\N
54524722,26.71,\N
54524723,22.41,\N
54524961,26.81,\N
54524724,24.23,\N
54524725,25.98,\N
54524727,19.61,\N
54524726,18.89,\N
54524728,20.69,\N
54524972,24.23,\N
54524973,24.87,\N
54524974,26.22,\N
54524975,24.07,\N
54524976,25.09,\N
54524977,23.35,\N
54524981,25.39,\N
54524978,23.75,\N
54524980,25.90,\N
54524979,24.69,\N
54524982,28.78,\N
54524983,26.02,\N
54524984,25.74,\N
54524985,26.93,\N
54524986,21.02,\N
54524988,24.31,\N
54524987,25.23,\N
54525103,28.89,\N
54525105,23.27,\N
54525106,23.41,\N
54525107,24.87,\N
54525109,30.16,\N
54525110,22.82,\N
54525111,25.60,\N
54525112,24.19,\N
54525113,25.52,\N
54525114,24.90,\N
54525115,21.75,\N
54525116,21.80,\N
54525362,23.61,\N
54525363,29.66,\N
54525364,20.83,\N
54525365,24.86,\N
54525366,23.57,\N
54525367,23.17,\N
54525369,25.02,\N
54525370,27.19,\N
54525368,26.23,\N
54525371,25.61,\N
54525372,24.97,\N
54525373,27.65,\N
54525374,24.11,\N
54525375,23.24,\N
54525376,26.50,\N
54525457,26.11,\N
54525458,29.21,\N
54525459,23.73,\N
54525460,26.77,\N
54525461,26.26,\N
54525462,24.23,\N
54525463,25.47,\N
54525464,24.34,\N
54525465,23.21,\N
54525467,24.15,\N
54525466,22.17,\N
54525468,21.44,\N
54525635,26.33,\N
54525637,19.38,\N
54525636,29.35,\N
54525638,25.84,\N
54525641,27.21,\N
54525639,20.95,\N
54525640,24.24,\N
54525642,25.26,\N
54525643,29.27,\N
54525644,24.87,\N
54525645,25.70,\N
54525646,22.61,\N
54525647,25.30,\N
54525738,22.21,\N
54525739,23.50,\N
54525748,25.13,\N
54525750,20.70,\N
54525751,25.74,\N
54525752,27.09,\N
54525754,22.30,\N
54525755,24.49,\N
54525757,26.63,\N
54525758,25.43,\N
54525859,27.39,\N
54525862,22.64,\N
54525863,21.59,\N
54525864,23.61,\N
54525865,27.30,\N
54525866,24.55,\N
54526031,25.65,\N
54526035,21.09,\N
54526041,26.13,\N
54526042,25.22,\N
54526043,22.69,\N
54526044,21.94,\N
54526128,21.34,\N
54526129,21.82,\N
54526266,21.70,\N
54526418,27.43,\N
54526417,26.93,\N
54526419,21.10,\N
54526420,28.64,\N
54526667,26.47,\N
54527070,22.36,\N
54527119,23.76,\N
54527293,23.13,\N
54527379,24.06,\N
54525753,28.72,\N
54525756,24.80,\N
54525860,27.59,\N
54525861,24.70,\N
54526036,24.65,\N
54526037,28.44,\N
54526038,24.98,\N
54526039,29.46,\N
54526040,24.84,\N
54526127,25.23,\N
54526126,25.88,\N
54526130,21.23,\N
54526131,25.85,\N
54526132,28.32,\N
54526264,26.83,\N
54526421,21.24,\N
54526422,24.70,\N
54526423,27.09,\N
54526424,26.83,\N
54526425,28.42,\N
54526426,23.55,\N
54526427,26.76,\N
54526555,23.09,\N
54526556,25.71,\N
54526557,22.83,\N
54526558,21.82,\N
54526559,24.80,\N
54526668,25.50,\N
54526715,25.79,\N
54526716,24.92,\N
54526717,23.44,\N
54526764,20.10,\N
54526794,20.06,\N
54527071,24.27,\N
54527072,26.02,\N
54527079,25.84,\N
54527080,25.54,\N
54527121,29.45,\N
54527149,24.98,\N
54527085,23.06,\N
54527117,27.72,\N
54527116,26.42,\N
54527118,25.35,\N
54527120,27.38,\N
54527123,25.64,\N
54527122,26.62,\N
54527124,30.77,\N
54527125,23.46,\N
54527147,25.88,\N
54527146,22.76,\N
54527148,22.62,\N
54527150,26.83,\N
54527151,29.33,\N
54527152,26.04,\N
54527153,26.40,\N
54527154,26.37,\N
54527177,26.10,\N
54527178,26.52,\N
54527179,27.48,\N
54527180,24.38,\N
54527276,26.67,\N
54527277,27.55,\N
54527278,26.52,\N
54527279,29.12,\N
54527280,25.71,\N
54527281,24.24,\N
54527282,25.07,\N
54527283,25.63,\N
54527284,24.42,\N
54527285,26.27,\N
54527287,27.67,\N
54527286,25.21,\N
54527288,25.35,\N
54527289,23.70,\N
54527290,27.67,\N
54527291,24.69,\N
54527292,25.37,\N
54527294,27.52,\N
54527295,26.89,\N
54527375,25.77,\N
54527376,27.11,\N
54527377,25.34,\N
54527378,24.18,\N
54527380,27.86,\N
54527381,23.31,\N
54527382,25.69,\N
54527383,24.54,\N
54527384,27.30,\N
54527385,21.78,\N
54527386,20.58,\N
54527387,25.05,\N
54527388,25.91,\N
54527391,23.92,\N
54527389,24.83,\N
54527390,24.51,\N
54527392,27.63,\N
54527443,24.28,\N
54527444,21.90,\N
54527446,24.74,\N
54527447,28.83,\N
54527448,23.92,\N
54527449,22.35,\N
54527450,24.36,\N
54527451,24.81,\N
54527452,25.49,\N
54527453,23.17,\N
54527454,24.08,\N
54527456,22.33,\N
54527455,25.24,\N
54527457,28.22,\N
54527592,26.22,\N
54527593,23.34,\N
54527595,24.49,\N
54527594,26.68,\N
54527596,25.39,\N
54527597,23.83,\N
54527598,26.79,\N
54527599,25.10,\N
54527601,23.87,\N
54527600,25.71,\N
54527602,24.85,\N
54527603,23.43,\N
54527604,27.38,\N
54527648,26.19,\N
54527649,27.15,\N
54527650,24.72,\N
54527651,27.64,\N
54527652,26.04,\N
54527653,27.49,\N
54527654,22.34,\N
54527655,24.80,\N
54527656,23.93,\N
54527657,22.56,\N
54527658,24.96,\N
54527659,26.78,\N
54527660,26.52,\N
54527732,24.67,\N
54527733,27.06,\N
54527734,23.60,\N
54527735,25.82,\N
54527736,26.83,\N
54527737,25.67,\N
54527738,22.35,\N
54527739,23.88,\N
54527740,25.92,\N
54527741,25.35,\N
54527742,25.66,\N
54527743,26.64,\N
54527744,25.19,\N
54527890,27.12,\N
54527891,25.93,\N
54527892,20.69,\N
54527895,23.41,\N
54527893,20.07,\N
54527894,22.79,\N
54527896,22.61,\N
54528046,24.73,\N
54528045,23.97,\N
54528047,25.66,\N
54528048,22.80,\N
54528049,24.08,\N
54528050,28.32,\N
54528051,25.48,\N
54528326,26.38,\N
54528327,22.32,\N
54528328,27.34,\N
54528330,23.49,\N
54528331,24.59,\N
54528529,25.47,\N
54528530,28.47,\N
54528532,21.09,\N
54528733,20.76,\N
54528734,22.48,\N
54529102,19.13,\N
54529698,20.18,\N
54532861,20.66,\N
54532944,24.43,\N
54602028,24.54,\N
54528531,28.14,\N
54528735,27.52,\N
54528736,25.33,\N
54528737,28.62,\N
54528916,28.56,\N
54528917,25.80,\N
54528918,26.22,\N
54528919,26.60,\N
54528921,24.17,\N
54528922,25.30,\N
54528920,22.77,\N
54528923,27.00,\N
54528924,25.29,\N
54528925,23.25,\N
54528926,21.85,\N
54528927,19.99,\N
54529103,23.25,\N
54529104,27.40,\N
54529105,25.26,\N
54529106,25.45,\N
54529108,26.48,\N
54529110,25.00,\N
54529112,25.79,\N
54529310,22.08,\N
54529311,26.45,\N
54529312,23.46,\N
54529313,26.62,\N
54529314,24.45,\N
54529315,25.28,\N
54529316,23.61,\N
54529548,26.17,\N
54529549,25.96,\N
54529550,25.13,\N
54529551,25.04,\N
54529552,22.78,\N
54529553,23.22,\N
54529554,26.31,\N
54529697,21.56,\N
54529728,25.92,\N
54529727,25.60,\N
54529811,27.05,\N
54530667,21.53,\N
54531437,18.41,\N
54532400,21.56,\N
54532958,24.29,\N
54533499,23.26,\N
54533908,24.59,\N
54532561,25.94,\N
54532560,24.65,\N
54532848,26.80,\N
54532862,25.81,\N
54532863,23.87,\N
54532864,27.13,\N
54532865,26.65,\N
54532866,27.41,\N
54532867,27.51,\N
54532942,27.57,\N
54532943,26.88,\N
54532945,28.16,\N
54532946,27.06,\N
54532947,25.13,\N
54532948,25.30,\N
54532949,24.98,\N
54532951,24.48,\N
54532950,23.23,\N
54532952,22.27,\N
54532953,22.53,\N
54532954,23.89,\N
54532955,25.45,\N
54532956,23.80,\N
54532957,27.28,\N
54532960,26.31,\N
54532959,26.39,\N
54532961,25.25,\N
54533004,26.01,\N
54533006,22.83,\N
54533007,26.54,\N
54533008,24.77,\N
54533009,22.16,\N
54533011,27.70,\N
54533010,28.68,\N
54533091,24.26,\N
54533092,21.16,\N
54533093,24.31,\N
54533095,24.10,\N
54533096,24.65,\N
54533098,26.72,\N
54533097,27.15,\N
54533099,26.32,\N
54533100,25.21,\N
54533157,25.41,\N
54533158,27.20,\N
54533160,21.97,\N
54533159,26.47,\N
54533161,31.36,\N
54533163,25.09,\N
54533162,24.71,\N
54533164,24.52,\N
54533165,25.25,\N
54533166,24.37,\N
54533315,23.94,\N
54533316,23.14,\N
54533317,25.06,\N
54533318,29.90,\N
54533319,24.84,\N
54533320,25.56,\N
54533321,19.48,\N
54533322,23.33,\N
54533323,21.96,\N
54533324,25.55,\N
54533412,21.09,\N
54533414,24.62,\N
54533413,23.41,\N
54533415,27.61,\N
54533416,28.17,\N
54533417,25.30,\N
54533418,25.03,\N
54533419,25.97,\N
54533420,24.67,\N
54533421,29.26,\N
54533422,28.70,\N
54533500,22.61,\N
54533501,29.77,\N
54533502,26.01,\N
54533503,23.66,\N
54533504,21.09,\N
54533505,25.60,\N
54533600,26.83,\N
54533601,22.25,\N
54533603,24.19,\N
54533602,23.46,\N
54533604,23.90,\N
54533605,25.15,\N
54533745,23.50,\N
54533746,24.32,\N
54533747,24.86,\N
54533825,23.75,\N
54533826,24.11,\N
54533827,26.21,\N
54533828,21.56,\N
54533903,25.81,\N
54533904,27.04,\N
54533905,24.89,\N
54533906,22.71,\N
54533907,25.03,\N
54533999,24.00,\N
54534000,20.68,\N
54534001,20.58,\N
54534154,18.62,\N
54534094,24.31,\N
54534095,25.63,\N
54534097,23.28,\N
54534098,21.31,\N
54534099,20.87,\N
54534226,23.14,\N
54534227,23.08,\N
54534289,23.04,\N
54534333,19.40,\N
54534748,20.78,\N
54534002,26.81,\N
54534093,26.79,\N
54534234,26.04,\N
54534236,25.42,\N
54534235,23.78,\N
54534290,26.54,\N
54534334,26.90,\N
54534335,22.16,\N
54534336,25.64,\N
54534337,28.89,\N
54534345,21.66,\N
54534378,19.38,\N
54534379,24.35,\N
54534380,23.92,\N
54534646,23.53,\N
54534675,24.56,\N
54534705,24.85,\N
54534706,24.93,\N
54534707,20.74,\N
54534708,21.24,\N
54534709,22.52,\N
54534749,23.70,\N
54534779,21.71,\N
54534780,25.19,\N
54534879,27.78,\N
54534883,19.79,\N
54534751,26.34,\N
54534750,29.76,\N
54534775,28.63,\N
54534776,24.14,\N
54534777,24.13,\N
54534778,27.23,\N
54534882,27.96,\N
54534885,24.87,\N
54534886,25.66,\N
54534887,25.79,\N
54535016,24.77,\N
54535017,27.82,\N
54535060,24.91,\N
54535061,25.09,\N
54535062,24.56,\N
54535063,23.55,\N
54535064,24.09,\N
54535065,26.00,\N
54535066,24.33,\N
54535067,26.88,\N
54535068,21.73,\N
54535069,25.75,\N
54535070,24.28,\N
54535071,24.56,\N
54535072,22.71,\N
54535073,24.50,\N
54535074,24.69,\N
54535075,23.55,\N
54535116,22.39,\N
54535117,21.73,\N
54535118,23.60,\N
54535119,20.71,\N
54535120,26.57,\N
54535121,27.57,\N
54535123,20.80,\N
54535122,29.85,\N
54535134,26.23,\N
54535135,28.89,\N
54535136,23.11,\N
54535138,26.80,\N
54535137,24.04,\N
54535139,23.97,\N
54535140,23.04,\N
54535141,23.31,\N
54535142,20.43,\N
54535143,26.59,\N
54535144,23.62,\N
54535145,21.67,\N
54535146,27.17,\N
54535279,25.48,\N
54535280,24.75,\N
54535281,23.94,\N
54536390,24.87,\N
54536655,24.69,\N
54536909,24.41,\N
54536077,20.20,\N
54535692,23.75,\N
54535282,26.26,\N
54535283,23.77,\N
54537389,25.76,\N
54537390,20.90,\N
54537393,26.03,\N
54537394,21.68,\N
54537473,25.05,\N
54537474,25.64,\N
54537475,24.94,\N
54537476,25.15,\N
54537477,19.89,\N
54537478,22.30,\N
54537479,23.32,\N
54537480,24.84,\N
54537500,24.12,\N
54537501,24.37,\N
54537502,23.86,\N
54537503,19.70,\N
54537504,26.14,\N
54537505,21.31,\N
54537506,21.77,\N
54537507,20.52,\N
54537508,26.14,\N
54537539,26.33,\N
54537652,21.63,\N
54537540,21.38,\N
54537541,22.96,\N
54537542,24.84,\N
54537543,27.24,\N
54537544,21.62,\N
54537653,19.64,\N
54537656,22.94,\N
54537655,23.14,\N
54537654,24.11,\N
54537670,29.16,\N
54537672,21.02,\N
54537673,24.28,\N
54537674,20.54,\N
54537675,25.38,\N
54537676,22.05,\N
54537709,23.21,\N
54537710,22.22,\N
54537711,20.17,\N
54537712,26.04,\N
54537804,23.95,\N
54537805,27.51,\N
54537807,21.98,\N
54537809,21.52,\N
54537837,25.70,\N
54537838,24.85,\N
54537841,21.63,\N
54537839,24.45,\N
54537844,21.73,\N
54537872,24.01,\N
54537873,20.52,\N
54537874,27.88,\N
54537875,25.27,\N
54537878,23.07,\N
54537918,22.66,\N
54538021,22.38,\N
54538189,27.68,\N
54539469,24.96,\N
54544433,23.13,\N
54582567,23.22,\N
54582568,21.90,\N
54583292,21.54,\N
54583802,17.34,\N
54602219,25.13,\N
54537806,27.47,\N
54537808,22.80,\N
54537840,27.52,\N
54537842,23.94,\N
54537843,22.66,\N
54537870,23.80,\N
54537871,23.32,\N
54537876,25.65,\N
54537877,24.32,\N
54537919,27.61,\N
54537920,24.49,\N
54537921,20.61,\N
54537922,20.33,\N
54537923,24.52,\N
54537955,24.32,\N
54537956,25.30,\N
54537957,25.07,\N
54537958,24.43,\N
54537959,24.19,\N
54538022,23.39,\N
54538089,22.19,\N
54538186,21.92,\N
54538185,24.16,\N
54538187,30.98,\N
54538188,23.75,\N
54538190,30.17,\N
54538191,30.25,\N
54538192,31.20,\N
54538214,18.88,\N
54538215,23.63,\N
54538216,22.97,\N
54538217,26.71,\N
54538282,19.59,\N
54538283,21.45,\N
54538295,21.96,\N
54538296,22.43,\N
54538336,20.52,\N
54538344,19.11,\N
54538776,19.86,\N
54538954,22.83,\N
54538963,25.07,\N
54539063,20.00,\N
54539335,21.98,\N
54544431,24.30,\N
54544432,24.27,\N
54587576,20.72,\N
54590010,21.54,\N
54602257,25.45,\N
54602240,24.89,\N
54602241,24.25,\N
54602250,25.46,\N
54602252,24.53,\N
54602254,25.89,\N
54604979,13.88,\N
54538297,26.58,\N
54538305,25.99,\N
54538306,27.88,\N
54538307,23.54,\N
54538308,24.09,\N
54538309,26.63,\N
54538310,24.43,\N
54538311,24.20,\N
54538312,21.98,\N
54538313,27.47,\N
54538326,25.06,\N
54538325,25.31,\N
54538327,25.15,\N
54538337,24.25,\N
54538338,21.78,\N
54538339,25.50,\N
54538340,24.93,\N
54538345,29.93,\N
54538346,23.19,\N
54538347,23.86,\N
54538348,24.36,\N
54538372,23.53,\N
54538373,25.16,\N
54538374,26.06,\N
54538375,23.94,\N
54538376,25.61,\N
54538377,23.31,\N
54538385,25.06,\N
54538386,24.93,\N
54538387,23.51,\N
54538388,25.07,\N
54538389,23.97,\N
54538390,22.81,\N
54538391,25.26,\N
54538392,25.03,\N
54538393,25.44,\N
54538395,28.52,\N
54538523,23.33,\N
54538524,26.25,\N
54538525,22.39,\N
54538526,24.48,\N
54538529,22.97,\N
54538656,24.22,\N
54538659,24.56,\N
54538658,22.71,\N
54538657,24.89,\N
54538660,22.30,\N
54538711,29.37,\N
54538712,23.89,\N
54538713,21.86,\N
54538768,24.00,\N
54538770,20.84,\N
54538771,25.85,\N
54538772,26.14,\N
54538773,20.05,\N
54538774,23.97,\N
54538775,24.89,\N
54538777,24.30,\N
54538817,27.09,\N
54538818,25.00,\N
54538819,26.00,\N
54538820,26.70,\N
54538949,27.07,\N
54538950,25.33,\N
54538951,25.08,\N
54538952,26.18,\N
54538953,20.93,\N
54538957,25.20,\N
54538958,26.00,\N
54538956,23.91,\N
54538955,25.14,\N
54538959,26.36,\N
54538960,24.14,\N
54538962,24.77,\N
54538961,26.75,\N
54538964,23.83,\N
54538965,22.93,\N
54538966,24.58,\N
54539061,27.91,\N
54539062,27.89,\N
54539064,21.09,\N
54539065,23.47,\N
54539066,26.71,\N
54539068,24.43,\N
54539069,28.41,\N
54539067,26.19,\N
54539070,26.99,\N
54539071,28.19,\N
54539073,23.05,\N
54539074,24.08,\N
54539329,23.23,\N
54539330,22.59,\N
54539331,24.98,\N
54539332,26.86,\N
54539333,25.31,\N
54539334,27.61,\N
54539336,23.41,\N
54539337,22.24,\N
54539338,25.59,\N
54539339,22.15,\N
54539340,22.88,\N
54539341,24.78,\N
54539342,26.28,\N
54539343,25.12,\N
54539345,27.09,\N
54539344,24.89,\N
54539346,23.27,\N
54539347,22.61,\N
54539348,22.11,\N
54539451,25.58,\N
54539452,23.87,\N
54539453,27.61,\N
54539454,24.42,\N
54539455,28.14,\N
54539457,23.73,\N
54539459,27.90,\N
54539460,25.66,\N
54539461,24.83,\N
54539462,23.68,\N
54539463,23.26,\N
54539464,26.47,\N
54539465,26.67,\N
54539466,23.12,\N
54539467,23.28,\N
54539468,24.76,\N
54539476,17.34,\N
54539477,26.50,\N
54539478,23.95,\N
54539479,22.15,\N
54539480,23.52,\N
54539481,28.61,\N
54539482,23.25,\N
54539483,23.95,\N
54539484,22.96,\N
54539485,25.16,\N
54539486,20.53,\N
54539487,24.69,\N
54539488,25.11,\N
54539489,24.31,\N
54539493,21.91,\N
54539494,21.85,\N
54539564,21.30,\N
54539565,23.85,\N
54539566,22.57,\N
54539567,23.25,\N
54539568,24.06,\N
54539569,23.41,\N
54539573,20.90,\N
54539574,23.66,\N
54539575,22.73,\N
54539576,23.27,\N
54539579,23.12,\N
54539580,21.06,\N
54539690,22.40,\N
54539693,20.43,\N
54539694,24.00,\N
54539697,23.48,\N
54539802,23.12,\N
54539967,27.37,\N
54540049,28.25,\N
54541096,22.78,\N
54541543,20.28,\N
54541711,20.28,\N
54541874,23.35,\N
54543080,22.91,\N
54544434,24.96,\N
54544437,25.23,\N
54544436,25.64,\N
54544866,19.03,\N
54545759,22.86,\N
54546475,20.57,\N
54561684,18.52,\N
54591425,24.16,\N
54592528,19.49,\N
54591884,22.82,\N
54593405,23.02,\N
54602439,23.74,\N
54602344,26.72,\N
54602278,27.50,\N
54602364,26.02,\N
54602436,24.50,\N
54602453,25.63,\N
54602290,26.28,\N
54602298,25.54,\N
54539490,24.86,\N
54539491,23.26,\N
54539492,29.43,\N
54539562,27.43,\N
54539563,23.94,\N
54539570,23.34,\N
54539571,23.61,\N
54539572,24.62,\N
54539578,24.15,\N
54539691,25.81,\N
54539692,22.16,\N
54539695,24.69,\N
54539696,27.70,\N
54539698,25.98,\N
54539699,20.79,\N
54539803,30.46,\N
54539805,22.49,\N
54539804,22.86,\N
54539806,24.14,\N
54539807,23.45,\N
54539809,19.99,\N
54539810,23.45,\N
54539965,22.93,\N
54539966,21.65,\N
54539968,22.25,\N
54539969,22.10,\N
54540033,23.56,\N
54540047,25.70,\N
54540048,24.15,\N
54540087,24.46,\N
54540153,26.85,\N
54540399,27.09,\N
54540400,23.37,\N
54540402,26.55,\N
54540401,31.39,\N
54540403,24.25,\N
54540429,27.71,\N
54540431,26.68,\N
54540430,27.71,\N
54540432,22.13,\N
54540491,25.27,\N
54540493,30.13,\N
54540494,25.91,\N
54540496,27.53,\N
54540495,26.43,\N
54540497,22.91,\N
54540699,26.11,\N
54540700,23.88,\N
54540704,25.25,\N
54540705,22.70,\N
54540706,23.90,\N
54540902,24.83,\N
54540907,23.87,\N
54540906,27.21,\N
54540908,24.59,\N
54540909,23.99,\N
54540910,22.57,\N
54541024,23.48,\N
54541027,26.02,\N
54541025,24.56,\N
54541026,25.30,\N
54541032,25.19,\N
54541033,25.29,\N
54541034,23.12,\N
54541093,26.56,\N
54541097,25.25,\N
54541325,21.06,\N
54542757,26.41,\N
54549107,21.51,\N
54594750,23.27,\N
54595700,19.24,\N
54602484,26.55,\N
54602494,24.84,\N
54540702,26.50,\N
54540701,26.25,\N
54540703,26.35,\N
54540707,27.70,\N
54540903,25.49,\N
54540904,25.48,\N
54540905,26.52,\N
54541007,24.71,\N
54541008,28.28,\N
54541009,24.16,\N
54541011,26.38,\N
54541010,25.66,\N
54541012,23.07,\N
54541013,20.50,\N
54541014,27.33,\N
54541028,25.67,\N
54541029,24.82,\N
54541030,26.91,\N
54541031,19.82,\N
54541091,25.19,\N
54541092,26.44,\N
54541094,26.12,\N
54541095,24.81,\N
54541098,27.13,\N
54541099,27.47,\N
54541100,25.71,\N
54541101,19.23,\N
54541102,24.39,\N
54541103,24.58,\N
54541104,23.19,\N
54541105,26.06,\N
54541107,21.76,\N
54541106,23.76,\N
54541326,23.20,\N
54541328,24.91,\N
54541327,25.39,\N
54541329,24.96,\N
54541330,23.27,\N
54541331,24.17,\N
54541332,24.78,\N
54541333,21.81,\N
54541334,26.92,\N
54541335,26.06,\N
54541336,24.61,\N
54541337,21.17,\N
54541489,22.43,\N
54541490,25.25,\N
54541492,22.90,\N
54541491,25.68,\N
54541494,21.54,\N
54541496,26.06,\N
54541495,23.58,\N
54541497,23.31,\N
54541498,22.42,\N
54541499,28.52,\N
54541500,22.53,\N
54541502,19.17,\N
54541501,25.60,\N
54541504,24.93,\N
54541503,27.59,\N
54541506,28.77,\N
54541505,25.20,\N
54541507,26.94,\N
54541537,24.50,\N
54541538,27.58,\N
54541539,25.17,\N
54541541,22.27,\N
54541540,24.65,\N
54541542,21.98,\N
54541545,28.27,\N
54541544,27.23,\N
54541546,24.26,\N
54541547,27.79,\N
54541548,27.30,\N
54541710,28.58,\N
54541712,18.62,\N
54541713,23.03,\N
54541714,25.09,\N
54541715,25.25,\N
54541716,24.83,\N
54541717,25.64,\N
54541718,25.21,\N
54541719,21.73,\N
54541722,25.86,\N
54541721,24.10,\N
54541720,25.04,\N
54541724,27.74,\N
54541725,25.69,\N
54541723,25.13,\N
54541875,24.10,\N
54541876,23.27,\N
54541877,23.49,\N
54541880,28.51,\N
54541878,27.44,\N
54541879,26.16,\N
54541881,24.01,\N
54541882,20.41,\N
54542163,26.46,\N
54542164,26.34,\N
54542166,21.93,\N
54542165,26.81,\N
54542167,23.21,\N
54542168,24.00,\N
54542169,21.26,\N
54542170,24.82,\N
54542171,24.87,\N
54542172,25.39,\N
54542173,23.11,\N
54542174,23.40,\N
54542175,25.08,\N
54542178,24.29,\N
54542177,24.12,\N
54542176,21.39,\N
54542179,21.31,\N
54542180,26.97,\N
54542326,22.75,\N
54542327,24.84,\N
54542329,19.93,\N
54542328,25.44,\N
54542330,23.35,\N
54542331,29.01,\N
54542332,26.07,\N
54542333,20.15,\N
54542334,24.59,\N
54542335,22.82,\N
54542338,22.47,\N
54542337,24.78,\N
54542339,24.48,\N
54542340,25.27,\N
54542534,25.41,\N
54542533,24.53,\N
54542535,21.96,\N
54542537,22.72,\N
54542536,24.10,\N
54542538,23.69,\N
54542539,26.28,\N
54542541,25.07,\N
54542542,28.16,\N
54542543,26.67,\N
54542544,23.38,\N
54542545,22.43,\N
54542546,25.16,\N
54542547,23.32,\N
54542744,25.39,\N
54542743,24.12,\N
54542745,23.95,\N
54542746,27.48,\N
54542747,21.04,\N
54542748,21.96,\N
54542753,24.23,\N
54542749,21.42,\N
54542751,21.41,\N
54542752,20.70,\N
54542750,22.66,\N
54542755,22.46,\N
54542756,20.12,\N
54542754,26.72,\N
54542758,24.70,\N
54542759,23.77,\N
54542760,23.92,\N
54542761,25.40,\N
54542762,25.64,\N
54542763,24.75,\N
54542764,24.77,\N
54542765,25.90,\N
54542766,23.52,\N
54542767,24.24,\N
54542768,24.89,\N
54543073,23.81,\N
54543072,25.93,\N
54543074,27.50,\N
54543076,24.96,\N
54543075,22.49,\N
54543077,25.51,\N
54543079,24.13,\N
54543078,22.28,\N
54543081,25.60,\N
54543082,22.57,\N
54543083,22.02,\N
54543084,25.62,\N
54543086,23.46,\N
54543088,24.29,\N
54543087,23.31,\N
54543085,21.94,\N
54543089,23.02,\N
54543090,26.78,\N
54543091,24.15,\N
54543092,21.75,\N
54543094,25.42,\N
54543093,26.98,\N
54543333,22.34,\N
54543095,24.81,\N
54543096,25.77,\N
54543097,23.03,\N
54543098,23.94,\N
54543100,25.34,\N
54543099,26.30,\N
54543101,26.98,\N
54543102,25.18,\N
54543103,24.56,\N
54543106,22.22,\N
54543105,20.79,\N
54543104,21.52,\N
54543387,25.57,\N
54543388,25.66,\N
54543390,30.12,\N
54543389,25.66,\N
54543391,21.40,\N
54543393,21.84,\N
54543394,22.54,\N
54543395,23.57,\N
54543396,25.90,\N
54543397,28.35,\N
54543398,24.68,\N
54543399,24.31,\N
54543541,23.56,\N
54543542,26.43,\N
54543544,27.79,\N
54543545,23.84,\N
54543546,23.44,\N
54543548,26.79,\N
54545006,23.58,\N
54545149,25.63,\N
54545166,21.87,\N
54545421,22.84,\N
54545424,21.14,\N
54545760,23.81,\N
54549697,21.66,\N
54549700,22.54,\N
54602541,26.33,\N
54543543,25.54,\N
54543547,26.57,\N
54543549,27.09,\N
54543828,27.08,\N
54543830,26.41,\N
54543829,28.24,\N
54543831,21.85,\N
54543832,24.28,\N
54543833,24.79,\N
54544079,23.28,\N
54544081,24.48,\N
54544083,23.33,\N
54544082,26.43,\N
54544084,25.36,\N
54544085,24.18,\N
54544086,26.78,\N
54544087,21.30,\N
54544088,25.71,\N
54544089,21.55,\N
54544090,24.45,\N
54544283,20.93,\N
54544284,26.57,\N
54544285,25.96,\N
54544428,23.89,\N
54544430,20.99,\N
54544429,21.95,\N
54544435,24.71,\N
54544571,30.50,\N
54544572,30.67,\N
54544624,23.34,\N
54544766,23.74,\N
54544767,27.77,\N
54544794,20.56,\N
54544802,24.58,\N
54544803,21.95,\N
54544865,25.73,\N
54544867,21.18,\N
54544994,26.23,\N
54544995,26.93,\N
54544996,24.38,\N
54544997,24.57,\N
54544998,24.89,\N
54544999,29.84,\N
54545000,26.42,\N
54545001,26.00,\N
54545002,28.09,\N
54545003,24.08,\N
54545004,25.57,\N
54545005,25.87,\N
54545007,26.62,\N
54545147,26.36,\N
54545148,24.28,\N
54545150,26.36,\N
54545152,25.89,\N
54545151,25.56,\N
54545153,25.21,\N
54545154,24.85,\N
54545155,26.04,\N
54545156,24.75,\N
54545158,24.15,\N
54545157,26.29,\N
54545159,22.70,\N
54545160,21.27,\N
54545161,20.13,\N
54545162,23.77,\N
54545163,24.89,\N
54545164,25.11,\N
54545165,29.71,\N
54545167,21.42,\N
54545168,27.18,\N
54545169,26.65,\N
54545413,27.23,\N
54545414,26.57,\N
54545415,23.83,\N
54545416,26.28,\N
54545417,26.36,\N
54545418,26.69,\N
54545419,26.53,\N
54545420,24.23,\N
54545422,28.53,\N
54545423,26.10,\N
54545425,24.21,\N
54545426,22.21,\N
54545428,25.36,\N
54545429,19.29,\N
54545430,24.67,\N
54545432,24.21,\N
54545433,23.40,\N
54545434,24.51,\N
54545435,24.64,\N
54545436,24.54,\N
54545437,20.33,\N
54545438,25.55,\N
54545439,23.36,\N
54545758,25.69,\N
54545762,22.44,\N
54545761,25.67,\N
54545764,21.59,\N
54545765,23.57,\N
54545767,24.65,\N
54545766,27.04,\N
54545768,26.36,\N
54545770,23.70,\N
54545771,28.09,\N
54545772,26.66,\N
54545779,23.83,\N
54545782,22.21,\N
54546122,25.69,\N
54546121,25.07,\N
54546123,25.18,\N
54546127,25.75,\N
54546128,24.28,\N
54546129,24.34,\N
54546131,23.26,\N
54546133,25.84,\N
54546403,23.61,\N
54546405,27.11,\N
54546415,23.58,\N
54546470,23.41,\N
54546839,23.50,\N
54546916,25.20,\N
54547357,22.47,\N
54547726,31.61,\N
54545427,25.36,\N
54545431,26.45,\N
54545440,30.10,\N
54545757,27.46,\N
54545769,27.33,\N
54545773,25.82,\N
54545774,23.27,\N
54545775,24.77,\N
54545777,24.31,\N
54545776,24.89,\N
54545778,24.05,\N
54545780,23.43,\N
54545781,25.46,\N
54545783,25.71,\N
54545784,22.62,\N
54545785,28.44,\N
54545786,23.00,\N
54545787,22.94,\N
54546118,26.71,\N
54546119,26.96,\N
54546120,28.18,\N
54546124,26.22,\N
54546125,26.09,\N
54546126,26.16,\N
54546130,26.28,\N
54546132,19.99,\N
54546134,24.34,\N
54546135,26.93,\N
54546137,25.43,\N
54546136,24.25,\N
54546138,25.57,\N
54546139,23.37,\N
54546140,22.49,\N
54546141,27.37,\N
54546142,23.91,\N
54546143,25.23,\N
54546144,25.94,\N
54546402,28.27,\N
54546404,31.65,\N
54546406,26.46,\N
54546408,26.99,\N
54546407,24.81,\N
54546409,23.85,\N
54546410,25.68,\N
54546411,26.20,\N
54546412,26.57,\N
54546413,23.70,\N
54546414,25.55,\N
54546459,26.61,\N
54546460,28.14,\N
54546461,23.89,\N
54546463,23.94,\N
54546462,24.02,\N
54546464,23.65,\N
54546465,24.14,\N
54546467,23.81,\N
54546466,22.75,\N
54546468,24.68,\N
54546469,21.69,\N
54546471,26.09,\N
54546472,23.43,\N
54546474,25.49,\N
54546473,26.55,\N
54546476,21.44,\N
54546477,27.45,\N
54546479,22.17,\N
54546614,23.32,\N
54546615,27.07,\N
54546618,22.19,\N
54546616,24.57,\N
54546619,28.67,\N
54546617,19.34,\N
54546620,23.54,\N
54546621,23.78,\N
54546622,24.63,\N
54546623,25.64,\N
54546624,24.06,\N
54546840,22.43,\N
54546841,24.39,\N
54546843,26.00,\N
54546842,26.00,\N
54546845,25.94,\N
54546844,21.92,\N
54546846,24.66,\N
54546909,24.98,\N
54546910,25.66,\N
54546912,23.89,\N
54546911,26.35,\N
54546913,29.00,\N
54546914,31.83,\N
54546915,30.06,\N
54546917,21.43,\N
54546918,23.93,\N
54546919,26.05,\N
54546920,21.55,\N
54546921,23.80,\N
54546922,27.31,\N
54547354,24.56,\N
54547356,27.84,\N
54547358,25.48,\N
54547360,28.42,\N
54547359,23.56,\N
54547361,28.86,\N
54547362,22.94,\N
54547363,26.40,\N
54547364,22.73,\N
54547365,24.83,\N
54547368,25.39,\N
54547366,24.36,\N
54547367,27.16,\N
54547369,28.62,\N
54547370,24.08,\N
54547371,20.85,\N
54547372,25.23,\N
54547373,23.73,\N
54547374,23.00,\N
54547375,26.60,\N
54547376,24.09,\N
54547377,20.38,\N
54547378,24.71,\N
54547379,26.02,\N
54547380,30.07,\N
54547381,26.45,\N
54547724,30.86,\N
54547725,23.91,\N
54547727,30.12,\N
54547728,25.65,\N
54547729,22.68,\N
54547730,26.62,\N
54547731,23.50,\N
54547732,25.18,\N
54547733,20.49,\N
54547734,27.90,\N
54547735,26.16,\N
54547736,24.57,\N
54547737,24.36,\N
54547738,23.20,\N
54547739,26.96,\N
54548201,28.17,\N
54548200,28.86,\N
54548202,25.80,\N
54548203,25.37,\N
54548205,21.14,\N
54548204,24.50,\N
54548206,25.27,\N
54548207,25.36,\N
54548208,25.50,\N
54548209,25.34,\N
54548210,21.47,\N
54548498,25.48,\N
54548499,18.26,\N
54548500,25.78,\N
54548502,24.70,\N
54548501,18.91,\N
54548506,28.59,\N
54548503,27.31,\N
54548504,26.25,\N
54548505,27.32,\N
54548507,24.91,\N
54548508,24.26,\N
54548509,24.03,\N
54548707,26.43,\N
54548706,28.43,\N
54548705,27.37,\N
54548708,21.67,\N
54548709,26.68,\N
54548710,25.98,\N
54548711,26.39,\N
54549106,31.32,\N
54549110,26.71,\N
54549111,26.05,\N
54549108,23.66,\N
54549109,26.93,\N
54549112,23.85,\N
54549113,25.40,\N
54549114,26.30,\N
54549115,28.66,\N
54549116,27.27,\N
54549117,24.49,\N
54549118,25.43,\N
54549119,25.29,\N
54549120,26.81,\N
54549121,24.66,\N
54549122,25.87,\N
54549123,24.44,\N
54549124,26.11,\N
54549128,24.59,\N
54549129,24.36,\N
54549127,27.45,\N
54549126,26.02,\N
54549125,26.65,\N
54549130,27.38,\N
54549678,19.53,\N
54549679,26.68,\N
54549680,25.15,\N
54549683,25.63,\N
54549681,26.50,\N
54549685,25.29,\N
54549686,22.74,\N
54549687,26.51,\N
54549688,23.88,\N
54549689,24.44,\N
54549690,26.17,\N
54549692,23.48,\N
54549691,26.00,\N
54549698,20.52,\N
54549699,21.34,\N
54550500,22.46,\N
54550499,26.50,\N
54550504,22.63,\N
54550505,21.62,\N
54550508,23.87,\N
54550510,24.78,\N
54550513,24.03,\N
54550567,21.99,\N
54550579,22.13,\N
54550582,21.96,\N
54550583,20.62,\N
54551094,24.21,\N
54551104,21.74,\N
54552541,24.84,\N
54552551,21.54,\N
54552552,26.55,\N
54552553,21.94,\N
54552591,23.39,\N
54553037,18.83,\N
54553162,19.62,\N
54553575,25.82,\N
54553664,23.06,\N
54564985,22.87,\N
54549677,26.54,\N
54549684,26.54,\N
54549682,27.01,\N
54549694,27.49,\N
54549693,28.43,\N
54549695,31.70,\N
54549696,27.08,\N
54550497,25.68,\N
54550498,25.26,\N
54550501,26.52,\N
54550502,23.44,\N
54550503,23.90,\N
54550506,26.18,\N
54550507,28.05,\N
54550509,29.28,\N
54550511,28.93,\N
54550512,28.50,\N
54550514,27.35,\N
54550515,26.15,\N
54550516,25.71,\N
54550517,23.17,\N
54550518,24.66,\N
54550520,23.89,\N
54550519,24.50,\N
54550521,24.06,\N
54550522,24.72,\N
54550523,25.67,\N
54550524,26.83,\N
54550568,26.19,\N
54550569,24.50,\N
54550571,24.73,\N
54550570,24.92,\N
54550572,25.31,\N
54550573,27.28,\N
54550574,23.49,\N
54550575,27.52,\N
54550577,24.80,\N
54550576,24.85,\N
54550578,24.44,\N
54550580,24.33,\N
54550581,26.52,\N
54550584,26.04,\N
54551093,25.12,\N
54551095,24.56,\N
54551096,22.97,\N
54551097,23.86,\N
54551098,25.49,\N
54551099,26.42,\N
54551100,25.86,\N
54551101,30.55,\N
54551102,23.89,\N
54551103,25.73,\N
54551737,22.84,\N
54551739,25.56,\N
54551740,27.00,\N
54551741,25.00,\N
54551742,25.70,\N
54551743,20.31,\N
54551744,22.71,\N
54552037,21.64,\N
54552542,26.57,\N
54552554,24.10,\N
54552593,26.63,\N
54552592,24.21,\N
54552661,27.34,\N
54552662,25.19,\N
54552663,27.89,\N
54552667,26.22,\N
54552665,26.61,\N
54552666,27.88,\N
54552664,25.99,\N
54552668,26.08,\N
54552670,23.56,\N
54552671,26.44,\N
54552822,25.63,\N
54552823,24.16,\N
54552824,21.67,\N
54553038,21.27,\N
54553039,25.03,\N
54553040,23.09,\N
54553155,24.49,\N
54553156,26.73,\N
54553157,25.63,\N
54553158,25.07,\N
54553159,24.93,\N
54553160,26.41,\N
54553161,25.77,\N
54553163,24.37,\N
54553164,23.78,\N
54553165,23.95,\N
54553166,25.02,\N
54553167,24.63,\N
54553168,24.63,\N
54553169,25.27,\N
54553387,26.27,\N
54553392,28.17,\N
54553393,22.20,\N
54553577,25.37,\N
54553656,19.91,\N
54553935,24.85,\N
54554058,25.38,\N
54554064,24.18,\N
54554171,26.29,\N
54554178,30.04,\N
54554469,31.96,\N
54554710,19.30,\N
54561867,23.42,\N
54553172,27.48,\N
54553171,27.34,\N
54553170,26.65,\N
54553173,24.85,\N
54553174,25.19,\N
54553388,21.49,\N
54553389,27.64,\N
54553390,25.92,\N
54553391,26.83,\N
54553394,25.95,\N
54553562,25.91,\N
54553561,24.06,\N
54553563,28.80,\N
54553564,25.92,\N
54553565,24.62,\N
54553566,28.78,\N
54553567,26.23,\N
54553568,27.21,\N
54553571,25.74,\N
54553569,23.07,\N
54553572,27.07,\N
54553570,26.23,\N
54553573,23.55,\N
54553574,24.03,\N
54553578,28.14,\N
54553657,26.61,\N
54553659,26.77,\N
54553658,29.00,\N
54553660,27.64,\N
54553661,23.46,\N
54553662,25.38,\N
54553663,29.61,\N
54553665,25.37,\N
54553666,26.64,\N
54553667,27.29,\N
54553668,27.75,\N
54553669,26.26,\N
54553670,25.28,\N
54553671,25.56,\N
54553905,26.08,\N
54553906,24.31,\N
54553907,27.69,\N
54553908,23.99,\N
54553909,27.35,\N
54553910,27.23,\N
54553913,24.25,\N
54553912,28.04,\N
54553914,26.97,\N
54553916,27.60,\N
54553917,24.48,\N
54553918,23.66,\N
54553919,25.43,\N
54553920,24.23,\N
54553922,25.39,\N
54553923,26.07,\N
54553925,23.62,\N
54553924,23.39,\N
54553926,26.01,\N
54553927,28.74,\N
54553928,25.30,\N
54553929,26.31,\N
54553931,25.17,\N
54553930,24.94,\N
54553932,28.80,\N
54553933,27.38,\N
54553934,25.04,\N
54553936,25.49,\N
54553937,27.79,\N
54553938,24.66,\N
54553941,22.62,\N
54553939,23.32,\N
54553940,24.87,\N
54553942,28.54,\N
54553943,25.46,\N
54553945,27.26,\N
54553944,27.03,\N
54553946,27.84,\N
54554057,24.83,\N
54554059,24.95,\N
54554060,25.30,\N
54554062,26.36,\N
54554061,22.54,\N
54554063,27.66,\N
54554065,22.91,\N
54554066,28.26,\N
54554077,22.74,\N
54554068,24.72,\N
54554069,20.06,\N
54554067,28.36,\N
54554070,24.99,\N
54554071,23.84,\N
54554072,21.01,\N
54554073,23.53,\N
54554074,19.75,\N
54554075,26.38,\N
54554076,25.65,\N
54554166,23.36,\N
54554167,24.80,\N
54554168,22.94,\N
54554169,30.17,\N
54554170,27.82,\N
54554172,25.71,\N
54554173,23.81,\N
54554175,25.28,\N
54554176,22.59,\N
54554174,24.50,\N
54554177,26.81,\N
54554256,23.84,\N
54554257,28.54,\N
54554258,24.21,\N
54554259,19.85,\N
54554260,28.42,\N
54554261,21.78,\N
54554262,26.16,\N
54554263,23.47,\N
54554264,27.70,\N
54554265,19.91,\N
54554468,27.05,\N
54554467,28.00,\N
54554470,30.20,\N
54554474,26.95,\N
54554473,26.16,\N
54554472,26.41,\N
54554471,27.63,\N
54554475,24.77,\N
54554476,23.09,\N
54554630,25.02,\N
54554631,29.49,\N
54554632,23.95,\N
54554633,25.52,\N
54554703,24.99,\N
54554634,28.35,\N
54554635,27.32,\N
54554636,24.94,\N
54554637,24.75,\N
54554638,22.56,\N
54554639,25.34,\N
54554640,24.08,\N
54554641,22.08,\N
54554642,26.63,\N
54554643,20.97,\N
54554709,24.82,\N
54554707,28.17,\N
54554708,28.29,\N
54554711,22.23,\N
54554713,23.47,\N
54554714,27.82,\N
54554715,25.28,\N
54554716,29.29,\N
54554753,27.26,\N
54554752,28.31,\N
54554756,25.85,\N
54554754,28.14,\N
54554755,23.11,\N
54554758,26.59,\N
54554757,24.41,\N
54554759,27.11,\N
54554760,26.16,\N
54554761,26.68,\N
54554762,27.24,\N
54554901,25.88,\N
54554902,29.97,\N
54554903,23.41,\N
54554904,28.65,\N
54554905,27.12,\N
54554906,29.64,\N
54554907,24.99,\N
54554909,27.76,\N
54554908,25.52,\N
54554910,27.25,\N
54554911,23.93,\N
54554912,23.77,\N
54554913,25.44,\N
54554914,25.67,\N
54554915,18.20,\N
54554916,24.94,\N
54554917,28.46,\N
54554918,25.21,\N
54554919,21.73,\N
54555155,27.09,\N
54555156,26.48,\N
54555157,24.90,\N
54555158,25.58,\N
54555159,29.83,\N
54555160,22.95,\N
54555161,21.08,\N
54555162,28.22,\N
54555163,26.88,\N
54555164,24.43,\N
54555165,24.65,\N
54555166,26.52,\N
54555167,26.07,\N
54555168,23.59,\N
54555169,27.04,\N
54555170,27.86,\N
54555305,22.08,\N
54555306,34.06,\N
54555307,28.44,\N
54555308,27.20,\N
54555309,25.95,\N
54555310,24.12,\N
54555311,25.62,\N
54555312,27.85,\N
54555313,28.29,\N
54555314,27.01,\N
54555526,29.21,\N
54555527,26.04,\N
54555528,27.21,\N
54555529,30.15,\N
54555530,29.76,\N
54555531,30.87,\N
54555532,29.25,\N
54555533,23.70,\N
54555535,27.04,\N
54555534,27.59,\N
54555537,24.54,\N
54555536,24.98,\N
54555539,24.23,\N
54555538,28.11,\N
54555540,24.36,\N
54555541,20.59,\N
54555752,26.67,\N
54555751,21.40,\N
54555754,24.99,\N
54555753,21.13,\N
54555755,25.43,\N
54556384,30.33,\N
54556388,25.62,\N
54556654,24.06,\N
54556655,24.56,\N
54557532,22.94,\N
54558115,22.45,\N
54560221,28.34,\N
54560901,24.09,\N
54561503,31.79,\N
54561504,28.25,\N
54564350,24.24,\N
54555750,25.49,\N
54555756,25.21,\N
54556385,26.46,\N
54556386,27.53,\N
54556387,23.64,\N
54556653,27.07,\N
54560222,27.94,\N
54560902,26.23,\N
54560903,17.58,\N
54560905,25.72,\N
54560904,26.88,\N
54561038,26.24,\N
54561039,25.61,\N
54561040,26.58,\N
54561041,26.67,\N
54561043,27.01,\N
54561042,27.34,\N
54561044,23.57,\N
54561135,28.23,\N
54561136,26.36,\N
54561137,25.55,\N
54561138,27.02,\N
54561139,25.02,\N
54561140,24.68,\N
54561141,22.11,\N
54561142,24.36,\N
54561143,25.83,\N
54561362,27.11,\N
54561363,24.40,\N
54561364,23.32,\N
54561365,26.34,\N
54561366,26.49,\N
54561367,27.40,\N
54561368,20.77,\N
54561369,27.34,\N
54561370,26.77,\N
54561371,24.12,\N
54561372,25.28,\N
54561373,25.35,\N
54561374,19.79,\N
54561376,25.72,\N
54561375,24.27,\N
54561377,28.12,\N
54561378,27.86,\N
54561379,27.03,\N
54561380,22.30,\N
54561382,27.07,\N
54561381,23.29,\N
54561383,25.26,\N
54561385,27.05,\N
54561384,24.68,\N
54561386,25.97,\N
54561387,25.00,\N
54561388,23.40,\N
54561501,26.66,\N
54561502,26.06,\N
54561505,24.31,\N
54561506,27.64,\N
54561508,23.12,\N
54561507,29.93,\N
54561509,28.54,\N
54561514,24.40,\N
54561515,25.43,\N
54561512,25.24,\N
54561513,25.19,\N
54561510,23.72,\N
54561511,24.39,\N
54561595,26.25,\N
54561594,27.67,\N
54561596,24.74,\N
54561597,29.38,\N
54561598,27.24,\N
54561646,27.58,\N
54561648,27.05,\N
54561647,27.34,\N
54561650,28.60,\N
54561651,27.74,\N
54561649,26.95,\N
54561652,26.84,\N
54561653,25.84,\N
54561681,24.54,\N
54561682,25.08,\N
54561683,27.08,\N
54561689,30.32,\N
54561687,25.94,\N
54561685,27.78,\N
54561688,27.99,\N
54561686,29.67,\N
54561690,26.26,\N
54561691,25.06,\N
54561694,24.66,\N
54561692,24.11,\N
54561693,24.96,\N
54561767,26.65,\N
54561768,25.09,\N
54561769,24.14,\N
54561770,24.27,\N
54561771,26.92,\N
54561772,26.74,\N
54561773,26.28,\N
54561774,26.37,\N
54561775,28.29,\N
54561776,24.00,\N
54561777,26.98,\N
54561778,25.85,\N
54561779,25.24,\N
54561781,25.28,\N
54561783,22.22,\N
54561782,25.01,\N
54561784,25.99,\N
54561785,27.79,\N
54561786,25.63,\N
54561787,23.72,\N
54561865,25.40,\N
54561866,27.12,\N
54561868,23.17,\N
54561869,24.30,\N
54561871,28.13,\N
54562090,28.41,\N
54562089,27.65,\N
54562088,23.36,\N
54562094,26.41,\N
54562174,20.38,\N
54562175,22.45,\N
54562177,24.72,\N
54562181,25.75,\N
54562370,26.06,\N
54562542,27.13,\N
54562760,22.98,\N
54563243,23.67,\N
54563255,27.62,\N
54563257,24.58,\N
54563258,24.83,\N
54563259,24.19,\N
54563902,25.26,\N
54564301,22.25,\N
54564651,27.51,\N
54564990,21.80,\N
54565572,27.68,\N
54569385,21.19,\N
54561780,24.90,\N
54561864,23.23,\N
54561870,29.43,\N
54561872,23.76,\N
54562092,22.73,\N
54562091,23.59,\N
54562093,26.51,\N
54562176,23.02,\N
54562178,27.05,\N
54562179,21.95,\N
54562180,20.01,\N
54562543,26.96,\N
54562544,27.44,\N
54562546,26.59,\N
54562545,27.14,\N
54562671,27.09,\N
54562672,24.67,\N
54562674,26.96,\N
54562673,26.21,\N
54562761,24.30,\N
54562762,24.40,\N
54562763,24.50,\N
54562764,28.21,\N
54562765,28.56,\N
54562945,29.56,\N
54562946,25.70,\N
54562947,25.44,\N
54562948,27.11,\N
54562949,25.72,\N
54563242,21.12,\N
54563244,26.12,\N
54563245,25.05,\N
54563246,21.52,\N
54563247,25.72,\N
54563248,26.20,\N
54563249,20.69,\N
54563250,26.53,\N
54563251,26.59,\N
54563253,23.96,\N
54563252,26.30,\N
54563254,24.67,\N
54563256,24.83,\N
54563260,25.77,\N
54563262,29.53,\N
54563261,23.01,\N
54563263,25.63,\N
54563264,25.77,\N
54563265,30.21,\N
54563266,27.76,\N
54563267,28.29,\N
54563268,22.12,\N
54563269,25.64,\N
54563270,27.49,\N
54563271,28.81,\N
54563272,25.95,\N
54563273,28.69,\N
54563274,26.93,\N
54563275,25.39,\N
54563277,25.37,\N
54563276,20.34,\N
54563278,24.47,\N
54563279,24.22,\N
54563280,23.49,\N
54563469,21.06,\N
54563468,24.29,\N
54563470,21.23,\N
54563471,25.23,\N
54563472,27.06,\N
54563473,26.62,\N
54563474,26.73,\N
54563475,24.09,\N
54563476,26.23,\N
54563477,26.98,\N
54563478,21.25,\N
54563479,22.28,\N
54563480,27.53,\N
54563481,28.26,\N
54563482,24.94,\N
54563483,24.38,\N
54563484,23.61,\N
54563485,21.54,\N
54563487,28.23,\N
54563486,24.06,\N
54563903,24.55,\N
54563904,25.95,\N
54563905,20.53,\N
54563906,25.38,\N
54563907,24.40,\N
54563908,27.29,\N
54563909,26.25,\N
54563910,27.14,\N
54563912,27.70,\N
54563913,26.54,\N
54563914,24.96,\N
54563915,22.71,\N
54564106,22.88,\N
54564107,24.47,\N
54564108,26.67,\N
54564109,27.76,\N
54564110,29.77,\N
54564111,24.32,\N
54564112,23.82,\N
54564113,22.84,\N
54564115,22.36,\N
54564114,23.55,\N
54564341,29.28,\N
54564343,28.25,\N
54564342,26.57,\N
54564344,26.43,\N
54564346,24.84,\N
54564345,24.82,\N
54564347,21.75,\N
54564348,21.30,\N
54564349,27.27,\N
54564351,22.86,\N
54564352,28.26,\N
54564353,24.33,\N
54564354,23.93,\N
54564355,26.50,\N
54564358,20.70,\N
54564356,25.85,\N
54564357,27.05,\N
54564359,27.47,\N
54564360,26.67,\N
54564361,27.38,\N
54564362,24.88,\N
54564363,23.52,\N
54564364,24.20,\N
54564365,22.60,\N
54564366,24.00,\N
54564367,22.27,\N
54564368,23.13,\N
54564369,24.16,\N
54564370,28.82,\N
54564371,22.90,\N
54564372,26.04,\N
54564374,24.71,\N
54564373,24.49,\N
54564648,24.20,\N
54564649,26.54,\N
54564650,25.31,\N
54564652,26.39,\N
54564653,25.05,\N
54564654,21.93,\N
54564655,28.86,\N
54564656,26.51,\N
54564657,23.37,\N
54564658,24.64,\N
54564659,27.07,\N
54564660,24.92,\N
54564661,23.95,\N
54564662,21.74,\N
54564663,23.27,\N
54564664,29.44,\N
54564666,24.94,\N
54564665,24.18,\N
54564804,25.74,\N
54564805,24.93,\N
54564806,22.63,\N
54564807,21.59,\N
54564808,25.41,\N
54564809,22.92,\N
54564982,25.43,\N
54564983,22.67,\N
54564986,23.05,\N
54564987,28.75,\N
54564988,28.89,\N
54564989,21.14,\N
54565250,21.19,\N
54565251,27.82,\N
54565252,24.20,\N
54565253,22.35,\N
54565313,20.81,\N
54565695,25.60,\N
54565697,21.49,\N
54565839,29.01,\N
54565943,20.17,\N
54566303,25.65,\N
54566311,23.52,\N
54567805,22.05,\N
54569029,24.31,\N
54569031,23.86,\N
54571065,23.41,\N
54564984,22.34,\N
54564991,25.20,\N
54564992,24.64,\N
54564993,27.60,\N
54565696,20.83,\N
54565698,22.06,\N
54565699,26.45,\N
54565832,21.69,\N
54565833,26.31,\N
54565834,25.35,\N
54565835,25.58,\N
54565836,29.27,\N
54565837,24.14,\N
54565838,27.29,\N
54565841,29.14,\N
54565840,24.84,\N
54565944,23.93,\N
54565945,24.34,\N
54565950,22.97,\N
54565947,23.95,\N
54565948,24.58,\N
54565949,27.34,\N
54565951,21.24,\N
54565953,29.93,\N
54566094,28.84,\N
54566095,27.91,\N
54566096,22.01,\N
54566098,25.64,\N
54566097,27.46,\N
54566099,25.25,\N
54566100,24.25,\N
54566101,24.96,\N
54566102,21.31,\N
54566103,23.93,\N
54566104,27.74,\N
54566105,29.06,\N
54566106,21.85,\N
54566107,21.23,\N
54566108,25.73,\N
54566109,25.78,\N
54566212,25.16,\N
54566213,24.28,\N
54566214,24.07,\N
54566215,25.48,\N
54566216,28.91,\N
54566217,26.73,\N
54566218,25.77,\N
54566220,26.15,\N
54566221,27.11,\N
54566222,27.36,\N
54566224,24.08,\N
54566223,23.72,\N
54566225,23.13,\N
54566227,27.76,\N
54566226,26.36,\N
54566302,25.47,\N
54566304,27.51,\N
54566305,23.59,\N
54566306,23.59,\N
54566307,27.66,\N
54566309,27.74,\N
54566308,23.01,\N
54566310,19.82,\N
54566312,24.82,\N
54566436,26.93,\N
54566437,22.15,\N
54566438,23.95,\N
54566439,19.29,\N
54566440,26.78,\N
54566441,26.22,\N
54566442,27.66,\N
54566443,22.66,\N
54566444,24.00,\N
54566445,25.05,\N
54566446,24.67,\N
54566447,30.09,\N
54566448,25.21,\N
54566449,23.18,\N
54566450,24.05,\N
54566451,29.41,\N
54566452,28.58,\N
54566454,28.85,\N
54566455,22.30,\N
54566456,22.10,\N
54566457,25.90,\N
54566458,22.94,\N
54566722,25.21,\N
54566723,23.00,\N
54566724,22.47,\N
54566728,24.96,\N
54566725,27.62,\N
54566726,30.21,\N
54566727,24.35,\N
54566729,27.30,\N
54566730,26.16,\N
54566731,25.42,\N
54566732,22.76,\N
54566736,22.33,\N
54566734,25.76,\N
54566733,27.69,\N
54566735,26.30,\N
54566737,23.76,\N
54566738,25.74,\N
54566739,24.52,\N
54566740,27.51,\N
54566741,25.16,\N
54566742,21.11,\N
54567021,24.29,\N
54567022,23.38,\N
54567023,24.20,\N
54567024,22.69,\N
54567025,24.16,\N
54567026,24.94,\N
54567027,25.26,\N
54567028,24.16,\N
54567029,23.36,\N
54567030,23.42,\N
54567031,26.00,\N
54567032,24.16,\N
54567033,26.89,\N
54567034,23.74,\N
54567035,23.58,\N
54567036,23.16,\N
54567037,21.84,\N
54567038,23.09,\N
54567255,24.55,\N
54567256,26.97,\N
54567257,23.75,\N
54567259,27.68,\N
54567260,28.77,\N
54567261,29.20,\N
54567263,24.48,\N
54567804,20.37,\N
54567810,24.85,\N
54567811,23.51,\N
54567815,22.41,\N
54568208,24.24,\N
54568220,25.41,\N
54568734,27.04,\N
54569030,23.58,\N
54569573,22.79,\N
54567258,23.36,\N
54567262,26.22,\N
54567800,29.86,\N
54567801,27.81,\N
54567803,24.16,\N
54567802,24.91,\N
54567806,24.82,\N
54567807,24.22,\N
54567808,26.31,\N
54567809,25.91,\N
54567812,27.14,\N
54567813,23.76,\N
54567816,26.16,\N
54567814,26.03,\N
54568209,22.61,\N
54568210,22.48,\N
54568211,23.88,\N
54568212,23.62,\N
54568214,27.10,\N
54568213,25.78,\N
54568215,23.23,\N
54568216,26.65,\N
54568217,25.59,\N
54568218,25.41,\N
54568219,26.60,\N
54568221,24.88,\N
54568222,24.28,\N
54568223,23.16,\N
54568224,29.00,\N
54568417,23.55,\N
54568419,27.08,\N
54568418,23.18,\N
54568420,24.33,\N
54568421,23.57,\N
54568422,28.37,\N
54568423,20.77,\N
54568424,26.16,\N
54568425,25.66,\N
54568426,27.99,\N
54568427,26.03,\N
54568428,25.29,\N
54568429,29.15,\N
54568430,21.18,\N
54568431,24.26,\N
54568433,23.67,\N
54568434,22.25,\N
54568435,22.38,\N
54568436,24.81,\N
54568437,21.14,\N
54568727,23.72,\N
54568728,27.28,\N
54568729,27.60,\N
54568730,25.49,\N
54568731,27.02,\N
54568732,24.50,\N
54568733,25.97,\N
54568735,22.60,\N
54568738,24.88,\N
54568736,24.50,\N
54568737,23.54,\N
54568739,27.11,\N
54568741,29.82,\N
54568740,25.56,\N
54568742,21.93,\N
54568743,27.73,\N
54568745,26.19,\N
54568746,21.15,\N
54568744,24.21,\N
54568747,28.24,\N
54568748,25.90,\N
54569025,26.35,\N
54569026,24.17,\N
54569027,23.06,\N
54569028,28.36,\N
54569032,25.97,\N
54569033,25.02,\N
54569034,24.81,\N
54569036,27.72,\N
54569035,22.86,\N
54569037,22.70,\N
54569038,23.87,\N
54569039,24.32,\N
54569378,26.65,\N
54569377,24.93,\N
54569379,29.56,\N
54569380,30.62,\N
54569382,26.99,\N
54569381,23.04,\N
54569383,25.63,\N
54569386,26.24,\N
54569387,25.22,\N
54569574,24.73,\N
54569575,28.94,\N
54569576,26.04,\N
54569577,24.11,\N
54569578,26.35,\N
54569579,26.10,\N
54569580,26.27,\N
54569581,25.12,\N
54569582,23.84,\N
54569583,25.91,\N
54569584,26.67,\N
54569585,25.41,\N
54569586,21.28,\N
54569587,26.57,\N
54569588,25.70,\N
54569589,26.64,\N
54569590,25.47,\N
54569591,24.53,\N
54569592,24.18,\N
54569593,25.50,\N
54569942,22.69,\N
54569943,25.03,\N
54569944,24.75,\N
54569945,26.01,\N
54569946,26.39,\N
54569947,19.23,\N
54569948,24.72,\N
54570243,26.28,\N
54570244,26.62,\N
54570245,22.89,\N
54570246,19.78,\N
54570432,22.00,\N
54570433,21.08,\N
54570434,24.21,\N
54570435,26.69,\N
54570436,24.44,\N
54570438,24.37,\N
54570437,23.01,\N
54570439,26.18,\N
54570440,27.08,\N
54570441,24.99,\N
54570442,24.77,\N
54570443,22.26,\N
54570877,25.58,\N
54570878,23.08,\N
54570879,23.62,\N
54570880,22.55,\N
54570881,25.85,\N
54570882,23.84,\N
54570883,26.38,\N
54570884,24.32,\N
54570885,24.26,\N
54570886,25.24,\N
54570887,24.97,\N
54571048,23.82,\N
54571049,25.98,\N
54571050,27.42,\N
54571051,22.74,\N
54571052,26.42,\N
54571053,25.56,\N
54571054,21.29,\N
54571055,26.43,\N
54571056,25.80,\N
54571057,25.39,\N
54571058,22.92,\N
54571059,23.25,\N
54571060,26.69,\N
54571061,23.60,\N
54571062,23.31,\N
54571063,28.89,\N
54571064,28.64,\N
54571066,23.20,\N
54571195,25.47,\N
54571196,23.70,\N
54571197,21.86,\N
54571198,20.23,\N
54571199,22.72,\N
54571200,21.93,\N
54571202,21.66,\N
54571201,22.59,\N
54571203,22.95,\N
54571204,23.31,\N
54571205,22.49,\N
54571206,21.41,\N
54571207,22.71,\N
54571208,24.32,\N
54571231,24.88,\N
54571232,24.13,\N
54571233,22.62,\N
54571234,25.76,\N
54571235,28.13,\N
54571236,26.41,\N
54571237,27.59,\N
54571238,18.79,\N
54571239,28.68,\N
54571241,22.31,\N
54571240,23.99,\N
54571301,26.26,\N
54571423,21.22,\N
54571447,25.71,\N
54574419,21.20,\N
54574841,25.39,\N
54575117,24.74,\N
54575246,27.72,\N
54575764,25.30,\N
54575760,22.59,\N
54575758,21.43,\N
54576271,23.48,\N
54576628,22.08,\N
54576637,24.35,\N
54578420,23.38,\N
54574417,22.95,\N
54574838,27.63,\N
54574839,23.77,\N
54574840,24.00,\N
54574843,25.23,\N
54574842,24.79,\N
54574876,25.54,\N
54574877,25.83,\N
54574878,27.21,\N
54574879,23.65,\N
54574880,24.93,\N
54575113,24.91,\N
54575114,25.35,\N
54575115,24.56,\N
54575116,20.53,\N
54575119,23.84,\N
54575120,24.28,\N
54575121,24.56,\N
54575122,28.10,\N
54575123,26.84,\N
54575124,27.14,\N
54575228,26.89,\N
54575229,24.71,\N
54575230,24.75,\N
54575231,24.64,\N
54575232,24.08,\N
54575233,23.59,\N
54575234,24.74,\N
54575235,23.40,\N
54575236,24.00,\N
54575237,26.84,\N
54575238,23.32,\N
54575240,26.84,\N
54575239,24.80,\N
54575241,22.90,\N
54575243,23.02,\N
54575242,23.74,\N
54575244,20.85,\N
54575245,21.14,\N
54575247,22.02,\N
54575248,26.03,\N
54575650,26.28,\N
54575651,23.89,\N
54575652,25.94,\N
54575653,26.26,\N
54575654,29.71,\N
54575655,25.10,\N
54575656,27.49,\N
54575659,21.55,\N
54575660,24.63,\N
54575658,26.61,\N
54575755,25.43,\N
54575759,26.18,\N
54575762,22.01,\N
54575756,26.78,\N
54575757,25.15,\N
54575761,25.61,\N
54575763,23.52,\N
54575765,25.72,\N
54575766,27.95,\N
54575768,26.13,\N
54575767,22.48,\N
54575769,24.25,\N
54575770,27.34,\N
54576077,24.32,\N
54576080,23.53,\N
54576078,23.27,\N
54576079,27.13,\N
54576081,25.25,\N
54576082,25.07,\N
54576083,24.61,\N
54576084,27.55,\N
54576085,25.12,\N
54576268,26.19,\N
54576269,26.02,\N
54576270,25.82,\N
54576272,24.55,\N
54576273,24.13,\N
54576274,27.46,\N
54576275,24.82,\N
54576277,23.62,\N
54576276,27.50,\N
54576278,23.99,\N
54576279,21.96,\N
54576280,23.78,\N
54576281,24.56,\N
54576282,26.09,\N
54576283,23.39,\N
54576284,29.25,\N
54576286,21.15,\N
54576285,24.93,\N
54576288,20.44,\N
54576287,23.84,\N
54576289,23.98,\N
54576453,26.29,\N
54576455,25.18,\N
54576454,29.80,\N
54576456,25.26,\N
54576458,22.98,\N
54576457,23.82,\N
54576459,28.56,\N
54576460,26.76,\N
54576461,27.65,\N
54576462,25.03,\N
54576463,21.69,\N
54576464,21.64,\N
54576465,24.36,\N
54576467,24.98,\N
54576468,20.82,\N
54576469,22.27,\N
54576471,27.77,\N
54576470,26.53,\N
54576472,21.17,\N
54576473,22.24,\N
54576475,25.59,\N
54576477,26.32,\N
54576479,27.84,\N
54576480,24.16,\N
54576623,20.05,\N
54576629,24.08,\N
54576636,23.51,\N
54576638,26.82,\N
54577238,20.53,\N
54577249,19.29,\N
54577396,29.81,\N
54577404,23.23,\N
54577819,17.40,\N
54578432,27.24,\N
54578433,17.55,\N
54579253,29.39,\N
54580654,30.25,\N
54597138,23.39,\N
54597145,25.16,\N
54576466,26.00,\N
54576474,29.69,\N
54576476,26.31,\N
54576478,26.99,\N
54576617,25.96,\N
54576618,25.38,\N
54576619,27.12,\N
54576620,26.25,\N
54576621,25.70,\N
54576622,26.32,\N
54576624,29.76,\N
54576626,26.55,\N
54576625,28.48,\N
54576627,26.16,\N
54576630,26.21,\N
54576631,24.80,\N
54576632,27.04,\N
54576633,28.73,\N
54576634,28.65,\N
54576635,28.09,\N
54576850,28.62,\N
54576851,25.47,\N
54576852,27.52,\N
54576853,27.30,\N
54576854,25.22,\N
54576855,27.45,\N
54576856,23.51,\N
54576857,22.39,\N
54576858,22.70,\N
54576859,19.14,\N
54576860,24.39,\N
54576861,21.48,\N
54576862,26.37,\N
54577084,23.87,\N
54577085,24.39,\N
54577086,26.23,\N
54577087,22.63,\N
54577088,24.83,\N
54577089,25.43,\N
54577090,22.59,\N
54577091,23.01,\N
54577092,24.77,\N
54577093,25.91,\N
54577094,25.98,\N
54577098,26.58,\N
54577096,29.59,\N
54577095,21.05,\N
54577097,25.47,\N
54577099,28.54,\N
54577100,24.56,\N
54577101,28.72,\N
54577102,25.28,\N
54577103,23.12,\N
54577104,25.50,\N
54577105,25.86,\N
54577106,25.41,\N
54577107,24.67,\N
54577108,25.85,\N
54577109,27.87,\N
54577110,27.84,\N
54577111,29.61,\N
54577237,23.09,\N
54577239,26.23,\N
54577240,23.86,\N
54577241,23.89,\N
54577242,23.77,\N
54577243,24.64,\N
54577244,25.22,\N
54577245,24.41,\N
54577246,27.07,\N
54577247,22.21,\N
54577248,28.68,\N
54577250,22.45,\N
54577395,22.96,\N
54577394,25.66,\N
54577397,22.08,\N
54577398,23.00,\N
54577399,26.50,\N
54577400,24.68,\N
54577401,27.44,\N
54577402,24.23,\N
54577403,25.32,\N
54577405,26.14,\N
54577406,23.12,\N
54577818,24.92,\N
54577820,24.30,\N
54578431,25.70,\N
54578434,20.96,\N
54579173,25.89,\N
54579176,23.89,\N
54579177,22.80,\N
54579175,28.32,\N
54579174,20.84,\N
54579178,24.21,\N
54579179,29.77,\N
54579180,28.27,\N
54579248,24.49,\N
54579249,29.29,\N
54579250,25.34,\N
54579251,29.79,\N
54579252,32.00,\N
54579254,27.90,\N
54579255,26.01,\N
54579269,29.01,\N
54579270,30.04,\N
54579271,24.60,\N
54579272,26.93,\N
54579367,27.18,\N
54579460,23.72,\N
54579462,22.67,\N
54579461,26.25,\N
54579463,23.92,\N
54579524,31.03,\N
54579525,20.73,\N
54579526,22.33,\N
54579527,26.55,\N
54579528,23.82,\N
54580263,24.44,\N
54580586,25.93,\N
54580640,20.82,\N
54580733,24.89,\N
54580784,24.92,\N
54580789,27.11,\N
54580790,22.56,\N
54597124,25.32,\N
54597146,23.64,\N
54601984,18.95,\N
54601985,24.12,\N
54601990,25.11,\N
54606450,18.87,\N
54580655,22.20,\N
54580775,27.12,\N
54580776,25.17,\N
54580782,28.52,\N
54580785,24.06,\N
54580786,25.32,\N
54580787,25.23,\N
54580788,25.49,\N
54580791,27.27,\N
54597119,26.43,\N
54597121,22.79,\N
54597120,22.12,\N
54597122,25.54,\N
54597123,22.36,\N
54597126,28.94,\N
54597125,26.36,\N
54597127,27.73,\N
54597128,24.91,\N
54597129,25.64,\N
54597130,25.92,\N
54597131,24.87,\N
54597140,27.79,\N
54597139,27.77,\N
54597141,27.52,\N
54597142,25.60,\N
54597143,28.29,\N
54597144,27.59,\N
54597147,23.77,\N
54597148,25.17,\N
54597149,25.27,\N
54597150,25.06,\N
54597151,25.22,\N
54597152,25.81,\N
54597153,26.64,\N
54597154,27.54,\N
54597155,26.35,\N
54601889,23.93,\N
54601890,26.20,\N
54601891,27.25,\N
54601983,21.30,\N
54601986,31.19,\N
54601987,25.80,\N
54601988,24.61,\N
54601989,22.65,\N
54601991,27.04,\N
54602007,23.76,\N
54602008,24.37,\N
54602549,24.52,\N
54602550,25.11,\N
54602551,27.55,\N
54602552,30.06,\N
54602693,25.66,\N
54602694,30.06,\N
54602695,30.20,\N
54602696,26.93,\N
54602697,25.35,\N
54602698,23.48,\N
54602699,21.36,\N
54602700,25.39,\N
54602701,26.02,\N
54602702,25.41,\N
54602703,22.64,\N
54602704,25.14,\N
54602705,27.68,\N
54602706,22.11,\N
54602707,25.45,\N
54602789,26.15,\N
54602790,27.70,\N
54602791,24.73,\N
54602792,26.09,\N
54602793,24.29,\N
54602794,25.01,\N
54602795,20.94,\N
54602796,25.07,\N
54602797,26.73,\N
54602798,25.47,\N
54602799,23.38,\N
54602800,26.92,\N
54602801,29.87,\N
54602803,29.00,\N
54602802,30.34,\N
54602804,26.78,\N
54602809,23.12,\N
54602810,24.09,\N
54602811,25.58,\N
54602812,26.55,\N
54602847,28.47,\N
54602852,24.32,\N
54602854,20.03,\N
54602970,20.62,\N
54602974,23.44,\N
54602975,27.60,\N
54602977,24.12,\N
54602980,23.50,\N
54603179,19.75,\N
54603181,24.59,\N
54603183,22.80,\N
54604363,29.98,\N
54604543,28.38,\N
54602813,28.09,\N
54602814,28.12,\N
54602815,24.46,\N
54602816,23.31,\N
54602848,24.39,\N
54602850,26.19,\N
54602849,20.93,\N
54602851,27.12,\N
54602853,26.90,\N
54602855,26.20,\N
54602969,25.19,\N
54602971,25.83,\N
54602972,26.43,\N
54602973,27.66,\N
54602976,25.50,\N
54602978,26.59,\N
54603070,21.27,\N
54603071,22.44,\N
54603072,27.85,\N
54603073,26.42,\N
54603074,22.24,\N
54603075,27.48,\N
54603177,26.82,\N
54603178,26.88,\N
54603180,26.41,\N
54603182,26.57,\N
54603184,23.67,\N
54603185,24.43,\N
54603186,27.85,\N
54603187,22.02,\N
54603188,22.36,\N
54603189,26.22,\N
54603190,23.42,\N
54603191,24.86,\N
54603192,25.23,\N
54603193,30.10,\N
54603321,22.55,\N
54603322,23.71,\N
54603654,25.98,\N
54603655,23.86,\N
54603657,25.70,\N
54603658,21.47,\N
54603656,27.10,\N
54603880,30.91,\N
54603881,26.47,\N
54603882,26.43,\N
54603962,28.52,\N
54603963,25.48,\N
54603964,28.71,\N
54603965,27.37,\N
54603966,25.97,\N
54603967,28.39,\N
54603968,27.28,\N
54603969,21.18,\N
54603970,24.31,\N
54603971,26.24,\N
54603972,27.79,\N
54603973,27.78,\N
54603974,24.66,\N
54603975,26.56,\N
54603976,25.39,\N
54603977,25.11,\N
54603978,28.10,\N
54603979,26.16,\N
54603980,24.81,\N
54604121,26.98,\N
54604122,26.74,\N
54604124,27.05,\N
54604123,25.44,\N
54604125,25.32,\N
54604126,26.12,\N
54604127,24.80,\N
54604128,26.41,\N
54604130,26.39,\N
54604129,24.42,\N
54604131,25.07,\N
54604132,23.03,\N
54604133,23.54,\N
54604134,26.76,\N
54604139,27.37,\N
54604135,26.43,\N
54604136,27.17,\N
54604138,23.81,\N
54604137,27.24,\N
54604140,20.58,\N
54604285,25.64,\N
54604286,25.89,\N
54604287,24.27,\N
54604288,26.83,\N
54604289,24.12,\N
54604290,25.73,\N
54604291,24.13,\N
54604292,27.01,\N
54604293,22.43,\N
54604294,22.84,\N
54604295,26.44,\N
54604296,24.77,\N
54604297,25.74,\N
54604298,24.90,\N
54604299,27.18,\N
54604362,22.00,\N
54604360,25.86,\N
54604361,26.61,\N
54604364,26.38,\N
54604365,23.30,\N
54604366,26.16,\N
54604367,25.08,\N
54604368,24.64,\N
54604369,28.15,\N
54604370,23.70,\N
54604371,21.43,\N
54604373,26.05,\N
54604374,25.10,\N
54604375,23.34,\N
54604376,28.81,\N
54604377,22.27,\N
54604378,25.99,\N
54604379,26.00,\N
54604380,27.19,\N
54604381,25.62,\N
54604383,25.32,\N
54604382,29.28,\N
54604384,25.02,\N
54604518,24.84,\N
54604519,24.24,\N
54604520,23.46,\N
54604521,22.09,\N
54604524,25.29,\N
54604523,26.42,\N
54604537,24.19,\N
54604538,19.29,\N
54604540,22.84,\N
54604541,25.00,\N
54604542,23.40,\N
54604544,25.92,\N
54605653,24.05,\N
54605660,24.12,\N
54605661,25.52,\N
54605662,22.25,\N
54605663,20.21,\N
54605665,21.70,\N
54605673,18.95,\N
54605676,19.17,\N
54606185,20.72,\N
54606220,21.93,\N
54606246,23.42,\N
54606252,27.85,\N
54606253,25.91,\N
54606256,26.83,\N
54606364,24.15,\N
54606448,21.80,\N
54606485,28.76,\N
54606486,23.80,\N
54606487,25.77,\N
54606488,25.84,\N
54606489,25.73,\N
54606575,24.94,\N
54604539,23.69,\N
54604566,22.96,\N
54605664,22.79,\N
54605674,25.18,\N
54605675,24.74,\N
54605677,24.34,\N
54605678,25.14,\N
54605712,28.40,\N
54605713,26.50,\N
54605714,26.58,\N
54605715,26.68,\N
54606083,31.52,\N
54606084,21.08,\N
54606085,25.72,\N
54606086,23.98,\N
54606087,24.66,\N
54606088,26.11,\N
54606089,27.72,\N
54606167,23.89,\N
54606169,27.40,\N
54606168,25.73,\N
54606170,24.32,\N
54606171,28.96,\N
54606172,24.41,\N
54606174,25.48,\N
54606173,25.53,\N
54606175,25.71,\N
54606176,26.88,\N
54606177,25.52,\N
54606179,25.26,\N
54606178,26.68,\N
54606180,27.23,\N
54606181,27.35,\N
54606182,27.74,\N
54606184,28.08,\N
54606217,23.15,\N
54606218,24.38,\N
54606219,23.38,\N
54606221,27.07,\N
54606222,27.63,\N
54606241,26.05,\N
54606244,30.11,\N
54606243,27.23,\N
54606242,23.41,\N
54606245,24.65,\N
54606247,28.13,\N
54606248,27.45,\N
54606249,21.41,\N
54606251,22.66,\N
54606250,20.48,\N
54606254,24.10,\N
54606255,25.98,\N
54606257,24.20,\N
54606258,27.30,\N
54606302,23.87,\N
54606303,24.93,\N
54606304,22.62,\N
54606319,26.23,\N
54606320,28.78,\N
54606321,26.56,\N
54606322,24.06,\N
54606323,25.20,\N
54606324,27.92,\N
54606325,26.85,\N
54606326,25.72,\N
54606327,28.26,\N
54606328,27.23,\N
54606329,28.88,\N
54606330,29.84,\N
54606331,29.57,\N
54606332,27.48,\N
54606333,24.20,\N
54606355,26.64,\N
54606356,23.97,\N
54606357,22.59,\N
54606358,23.44,\N
54606359,26.00,\N
54606361,24.61,\N
54606360,24.16,\N
54606363,25.62,\N
54606362,25.53,\N
54606411,21.26,\N
54606410,27.84,\N
54606412,22.18,\N
54606413,25.31,\N
54606414,26.89,\N
54606415,25.92,\N
54606416,25.70,\N
54606417,25.61,\N
54606427,24.48,\N
54606428,29.85,\N
54606430,27.70,\N
54606431,20.90,\N
54606432,20.31,\N
54606435,28.78,\N
54606449,19.72,\N
54606468,29.90,\N
54606476,22.88,\N
54606429,28.79,\N
54606433,26.11,\N
54606434,27.89,\N
54606447,25.74,\N
54606451,27.22,\N
54606452,26.00,\N
54606453,24.31,\N
54606454,28.28,\N
54606455,27.44,\N
54606456,26.71,\N
54606457,26.76,\N
54606466,20.94,\N
54606467,29.26,\N
54606469,26.74,\N
54606470,25.75,\N
54606471,24.41,\N
54606472,25.55,\N
54606473,24.49,\N
54606474,27.65,\N
54606475,27.25,\N
54606477,25.46,\N
54606479,23.87,\N
54606478,26.01,\N
54606480,28.43,\N
54606481,25.71,\N
54606482,27.29,\N
54606483,28.02,\N
54606484,28.67,\N
54606490,28.10,\N
54606491,27.31,\N
54606492,29.53,\N
54606503,29.81,\N
54606504,23.40,\N
54606505,23.49,\N
54606506,25.38,\N
54606507,26.22,\N
54606508,26.50,\N
54606509,23.99,\N
54606510,28.61,\N
54606511,26.91,\N
54606512,24.67,\N
54606513,24.76,\N
54606514,27.56,\N
54606515,26.04,\N
54606516,25.40,\N
54606517,26.74,\N
54606518,27.41,\N
54606519,27.07,\N
54606522,25.73,\N
54606520,23.46,\N
54606521,27.88,\N
54606532,27.08,\N
54606533,28.02,\N
54606534,23.92,\N
54606535,30.26,\N
54606536,23.62,\N
54606537,30.42,\N
54606539,27.17,\N
54606538,24.91,\N
54606540,26.75,\N
54606541,27.88,\N
54606542,25.93,\N
54606543,27.34,\N
54606544,25.64,\N
54606545,24.23,\N
54606546,26.77,\N
54606547,27.63,\N
54606558,28.23,\N
54606559,29.26,\N
54606560,27.45,\N
54606561,25.83,\N
54606563,26.93,\N
54606562,26.60,\N
54606564,26.61,\N
54606565,26.66,\N
54606566,28.16,\N
54606568,25.95,\N
54606567,26.13,\N
54606569,25.41,\N
54606570,26.09,\N
54606571,26.48,\N
54606572,25.45,\N
54606573,27.93,\N
54606574,29.33,\N
54606576,26.75,\N
54606577,30.75,\N
54606578,27.97,\N
54606579,24.78,\N
54606580,23.39,\N
54606671,27.12,\N
54606672,29.46,\N
54606673,27.85,\N
54606674,25.94,\N
54606675,22.85,\N
54606676,26.07,\N
54606677,25.37,\N
54606678,21.99,\N
54606733,26.10,\N
54606734,27.90,\N
54606735,24.64,\N
54606736,27.75,\N
54606737,21.53,\N
54606738,23.97,\N
54606739,28.61,\N
54606826,20.84,\N
54606825,27.55,\N
54606827,26.99,\N
54606828,25.73,\N
54606829,26.63,\N
54606830,25.74,\N
54606831,28.68,\N
54606832,27.29,\N
54606833,25.04,\N
54606834,28.55,\N
54606835,25.80,\N
54606887,24.97,\N
54606888,24.09,\N
54606889,25.92,\N
54606890,30.04,\N
54606891,26.97,\N
54606892,28.68,\N
54606893,26.14,\N
54606894,26.72,\N
54606895,24.58,\N
54606896,25.52,\N
54606897,24.93,\N
54606898,25.89,\N
54606899,25.73,\N
54606900,22.13,\N
54606901,24.72,\N
54606903,26.78,\N
54606902,26.83,\N
54606904,23.75,\N
54606905,27.64,\N
54606907,22.21,\N
54606906,31.33,\N
54606908,22.80,\N
54606909,23.10,\N
54606910,27.30,\N
54606911,27.27,\N
54606912,26.90,\N
54606913,25.22,\N
54606914,22.67,\N
54606915,23.63,\N
54606916,27.82,\N
54606917,22.23,\N
54606918,25.73,\N
54606919,21.25,\N
54606974,25.01,\N
54606975,27.52,\N
54606976,24.96,\N
54606977,22.81,\N
54606978,25.25,\N
54606979,21.66,\N
54606980,23.57,\N
54606981,24.32,\N
54606982,28.67,\N
54606983,24.50,\N
54606984,21.36,\N
54606985,25.80,\N
54606986,21.59,\N
54607044,25.46,\N
54607045,25.58,\N
54607046,26.25,\N
54607047,24.05,\N
54607048,26.94,\N
54607049,21.62,\N
54607050,19.38,\N
54607051,25.86,\N
54607054,27.12,\N
54607053,25.47,\N
54607052,27.47,\N
54607056,22.75,\N
54607055,26.80,\N
54607057,26.93,\N
54607102,27.09,\N
54607103,26.60,\N
54607104,26.99,\N
54607105,25.92,\N
54607106,26.86,\N
54607107,24.85,\N
54607108,25.42,\N
54607235,25.59,\N
54607236,20.71,\N
54607237,24.57,\N
54607238,19.98,\N
54607239,20.43,\N
54607416,21.84,\N
54607417,29.14,\N
54607418,22.03,\N
54607419,25.24,\N
54607421,25.02,\N
54607420,18.62,\N
54607422,26.38,\N
54607424,22.90,\N
54607425,25.96,\N
54607426,27.74,\N
54607427,28.78,\N
54607428,26.43,\N
54607429,27.19,\N
54607445,21.31,\N
54607451,22.28,\N
54607452,28.32,\N
54607462,28.18,\N
54607463,23.98,\N
54607464,23.91,\N
54607472,25.37,\N
54607473,22.62,\N
54607477,25.97,\N
3013075,20.52,\N
1000036,\N,11.0
1000025,\N,4.8
1000504,\N,\N
1000505,\N,\N
1000069,\N,5.2
1000099,\N,4.5
1000068,\N,\N
1000066,\N,\N
1000027,\N,\N
1000144,\N,\N
1000212,\N,\N
1000032,\N,2.0
1000009,\N,\N
1000077,\N,2.6
1000034,\N,2.6
1000016,\N,\N
1000284,\N,\N
1000043,\N,\N
1000100,\N,1.4
1000045,\N,1.6
1000109,\N,1.2
1000095,\N,3.6
1000021,\N,\N
1000012,\N,3.4
1000020,\N,\N
1000394,\N,\N
1003777,\N,\N
1000320,\N,\N
1000081,\N,\N
1000324,\N,\N
1002326,\N,\N
1002327,\N,\N
1002336,\N,\N
1002332,\N,\N
1002334,\N,\N
1002331,\N,\N
1002338,\N,\N
1002335,\N,\N
1002333,\N,\N
1002339,\N,\N
1002340,\N,\N
1002341,\N,\N
1002342,\N,\N
1002343,\N,\N
1002344,\N,\N
1002345,\N,\N
1002346,\N,\N
1002348,\N,\N
1002349,\N,\N
1002350,\N,\N
1002351,\N,\N
1002352,\N,\N
1002353,\N,\N
1002354,\N,\N
1002355,\N,\N
1002356,\N,\N
1002357,\N,\N
1002358,\N,\N
1002359,\N,\N
1002360,\N,\N
1002361,\N,\N
1002363,\N,\N
1002364,\N,\N
1002365,\N,\N
1002366,\N,\N
1002367,\N,\N
1002368,\N,\N
1002369,\N,\N
1002370,\N,\N
1002371,\N,\N
1002372,\N,\N
1002373,\N,\N
1002374,\N,\N
1002375,\N,\N
1002376,\N,\N
1002377,\N,\N
1002378,\N,\N
1002379,\N,\N
1002380,\N,\N
1002381,\N,\N
1002382,\N,\N
1002383,\N,\N
1002384,\N,\N
1002385,\N,\N
1002386,\N,\N
1002387,\N,\N
1002388,\N,\N
1002390,\N,\N
1002391,\N,\N
1002392,\N,\N
1002393,\N,\N
1002395,\N,\N
1002396,\N,\N
1003506,\N,\N
1003864,\N,\N
1003865,\N,\N
1003873,\N,\N
1003874,\N,\N
1003875,\N,\N
1000022,\N,2.8
1003790,\N,\N
1003791,\N,\N
1000004,\N,\N
1000061,\N,6.4
1000041,\N,1.6
1000056,\N,2.0
1000140,\N,26
1000156,\N,\N
1003394,\N,\N
1000152,\N,\N
1000279,\N,\N
1004087,\N,\N
1003881,\N,\N
1000096,\N,\N
1000042,\N,\N
1000525,\N,\N
1001656,\N,\N
1000909,\N,\N
1000136,\N,\N
1000380,\N,\N
1000349,\N,\N
1000400,\N,\N
1000441,\N,\N
1000921,\N,\N
1000339,\N,\N
1000487,\N,\N
1000440,\N,\N
1000345,\N,\N
1000437,\N,\N
1000530,\N,\N
1002424,\N,\N
1000298,\N,\N
1002422,\N,\N
1000154,\N,\N
1002435,\N,\N
1000765,\N,\N
1000750,\N,\N
1002493,\N,\N
1000567,\N,\N
1000448,\N,\N
1003094,\N,\N
1002993,\N,\N
1000508,\N,\N
1001745,\N,\N
1001474,\N,\N
1002073,\N,\N
1003986,\N,\N
1003987,\N,\N
1003026,\N,\N
1003435,\N,\N
1001542,\N,\N
1003263,\N,\N
1003346,\N,\N
1003006,\N,\N
1003292,\N,\N
1003467,\N,\N
1003451,\N,\N
1003925,\N,\N
1003138,\N,\N
1003635,\N,\N
1003654,\N,\N
1004010,\N,\N
1000703,\N,\N
1000705,\N,\N
1000889,\N,\N
1000927,\N,\N
1000954,\N,\N
1000981,\N,\N
1000985,\N,\N
1000024,\N,\N
1001031,\N,\N
1001045,\N,\N
1001109,\N,\N
1000037,\N,\N
1001234,\N,\N
1000129,\N,11.6
1001439,\N,\N
1000271,\N,\N
1000373,\N,13.6
1000362,\N,\N
1001843,\N,\N
1001852,\N,\N
1002004,\N,\N
1001673,\N,\N
1002409,\N,\N
1002480,\N,\N
1003317,\N,\N
1003080,\N,\N
1003099,\N,\N
1003152,\N,\N
1003198,\N,\N
1003369,\N,\N
1003377,\N,\N
1003382,\N,\N
1003429,\N,\N
1003554,\N,\N
1003675,\N,\N
1003672,\N,\N
1003699,\N,\N
1003715,\N,\N
1003716,\N,\N
1003811,\N,\N
1003792,\N,\N
1003909,\N,\N
1003804,\N,\N
1003914,\N,\N
1003954,\N,\N
1004036,\N,\N
